# Export from Prisma3D 2.1.1
mtllib New Project.mtl
o cap_0
v 3.705152E-09 1.838055 -0.042382
v -0.007302999 1.842947 -0.010726
v -0.024599 1.841597 -0.009410002
v 3.705152E-09 1.838055 -0.042382
v -0.024599 1.841597 -0.009410002
v -0.026875 1.840004 -0.024322
v -0.032198 1.839583 0.002824997
v -0.026875 1.840004 -0.024322
v -0.024599 1.841597 -0.009410002
v -0.032198 1.839583 0.002824997
v -0.040181 1.836529 -0.013979
v -0.026875 1.840004 -0.024322
v -0.04416 1.832163 0.020069
v -0.040181 1.836529 -0.013979
v -0.032198 1.839583 0.002824997
v -0.04416 1.832163 0.020069
v -0.053032 1.826626 -0.003431005
v -0.040181 1.836529 -0.013979
v -0.024599 1.841597 -0.009410002
v -0.019754 1.841458 0.007576998
v -0.032198 1.839583 0.002824997
v -0.04416 1.832163 0.020069
v -0.032198 1.839583 0.002824997
v -0.019754 1.841458 0.007576998
v -0.04416 1.832163 0.020069
v -0.019754 1.841458 0.007576998
v -0.027643 1.836404 0.02966
v -0.007522003 1.836203 0.033656
v -0.027643 1.836404 0.02966
v -0.019754 1.841458 0.007576998
v -0.007522003 1.836203 0.033656
v -0.019754 1.841458 0.007576998
v -0.007336001 1.842319 0.01053
v -0.024599 1.841597 -0.009410002
v -0.007302999 1.842947 -0.010726
v -0.007336001 1.842319 0.01053
v -0.024599 1.841597 -0.009410002
v -0.007336001 1.842319 0.01053
v -0.019754 1.841458 0.007576998
v -0.053913 1.820851 0.039049
v -0.053032 1.826626 -0.003431005
v -0.04416 1.832163 0.020069
v -0.053913 1.820851 0.039049
v -0.064491 1.810768 0.008039994
v -0.053032 1.826626 -0.003431005
v -0.060484 1.806152 0.055892
v -0.064491 1.810768 0.008039994
v -0.053913 1.820851 0.039049
v -0.060484 1.806152 0.055892
v -0.071778 1.789878 0.01727899
v -0.064491 1.810768 0.008039994
v -0.04416 1.832163 0.020069
v -0.027643 1.836404 0.02966
v -0.034398 1.826353 0.050211
v -0.04416 1.832163 0.020069
v -0.034398 1.826353 0.050211
v -0.053913 1.820851 0.039049
v -0.053913 1.820851 0.039049
v -0.034398 1.826353 0.050211
v -0.03640001 1.812995 0.068059
v -0.053913 1.820851 0.039049
v -0.03640001 1.812995 0.068059
v -0.060484 1.806152 0.055892
v -0.06503501 1.780883 0.06028699
v -0.071778 1.789878 0.01727899
v -0.060484 1.806152 0.055892
v -0.03640001 1.812995 0.068059
v -0.06503501 1.780883 0.06028699
v -0.060484 1.806152 0.055892
v -0.06503501 1.780883 0.06028699
v -0.07609 1.76565 0.02549199
v -0.071778 1.789878 0.01727899
v -0.03640001 1.812995 0.068059
v -0.03952101 1.793591 0.078522
v -0.06503501 1.780883 0.06028699
v -0.03952101 1.793591 0.078522
v -0.06576001 1.756593 0.06042599
v -0.06503501 1.780883 0.06028699
v -0.07609 1.76565 0.02549199
v -0.06503501 1.780883 0.06028699
v -0.06576001 1.756593 0.06042599
v -0.03952101 1.793591 0.078522
v -0.04331001 1.773215 0.08624899
v -0.06576001 1.756593 0.06042599
v -0.07609 1.76565 0.02549199
v -0.06576001 1.756593 0.06042599
v -0.075434 1.742469 0.02884899
v -0.027643 1.836404 0.02966
v -0.007522003 1.836203 0.033656
v -0.007618004 1.827244 0.053442
v -0.027643 1.836404 0.02966
v -0.007618004 1.827244 0.053442
v -0.034398 1.826353 0.050211
v -0.007336001 1.842319 0.01053
v 0.007350997 1.836203 0.033656
v -0.007522003 1.836203 0.033656
v -0.007336001 1.842319 0.01053
v 0.006998999 1.84232 0.01053
v 0.007350997 1.836203 0.033656
v -0.007302999 1.842947 -0.010726
v 0.006998999 1.84232 0.01053
v -0.007336001 1.842319 0.01053
v -0.007302999 1.842947 -0.010726
v 0.006415001 1.842947 -0.010726
v 0.006998999 1.84232 0.01053
v 0.019754 1.841459 0.007577002
v 0.006998999 1.84232 0.01053
v 0.006415001 1.842947 -0.010726
v 0.019754 1.841459 0.007577002
v 0.007350997 1.836203 0.033656
v 0.006998999 1.84232 0.01053
v 0.019754 1.841459 0.007577002
v 0.006415001 1.842947 -0.010726
v 0.024598 1.841597 -0.009409999
v 0.019754 1.841459 0.007577002
v 0.027643 1.837551 0.029581
v 0.007350997 1.836203 0.033656
v 0.044236 1.833308 0.019991
v 0.027643 1.837551 0.029581
v 0.019754 1.841459 0.007577002
v 0.044236 1.833308 0.019991
v 0.019754 1.841459 0.007577002
v 0.032198 1.839584 0.002825003
v 0.019754 1.841459 0.007577002
v 0.024598 1.841597 -0.009409999
v 0.032198 1.839584 0.002825003
v 0.024598 1.841597 -0.009409999
v 0.040181 1.836566 -0.013982
v 0.032198 1.839584 0.002825003
v 0.024598 1.841597 -0.009409999
v 0.026925 1.840645 -0.024366
v 0.040181 1.836566 -0.013982
v 0.026925 1.840645 -0.024366
v 0.024598 1.841597 -0.009409999
v 0.006415001 1.842947 -0.010726
v 0.032198 1.839584 0.002825003
v 0.040181 1.836566 -0.013982
v 0.053032 1.826664 -0.003432995
v 0.032198 1.839584 0.002825003
v 0.053032 1.826664 -0.003432995
v 0.044236 1.833308 0.019991
v 0.044236 1.833308 0.019991
v 0.053032 1.826664 -0.003432995
v 0.064491 1.811062 0.008020005
v 0.044236 1.833308 0.019991
v 0.064491 1.811062 0.008020005
v 0.05397199 1.823045 0.038898
v 0.05397199 1.823045 0.038898
v 0.064491 1.811062 0.008020005
v 0.071778 1.789858 0.01728
v 0.05397199 1.823045 0.038898
v 0.071778 1.789858 0.01728
v 0.060484 1.806914 0.05584
v 0.044236 1.833308 0.019991
v 0.05397199 1.823045 0.038898
v 0.034399 1.827498 0.050132
v 0.044236 1.833308 0.019991
v 0.034399 1.827498 0.050132
v 0.027643 1.837551 0.029581
v 0.05397199 1.823045 0.038898
v 0.060484 1.806914 0.05584
v 0.03640199 1.813763 0.068006
v 0.05397199 1.823045 0.038898
v 0.03640199 1.813763 0.068006
v 0.034399 1.827498 0.050132
v 0.060484 1.806914 0.05584
v 0.071778 1.789858 0.01728
v 0.07609 1.76565 0.02549201
v 0.060484 1.806914 0.05584
v 0.07609 1.76565 0.02549201
v 0.06503699 1.780884 0.06028701
v 0.03640199 1.813763 0.068006
v 0.060484 1.806914 0.05584
v 0.06503699 1.780884 0.06028701
v 0.03640199 1.813763 0.068006
v 0.06503699 1.780884 0.06028701
v 0.03952299 1.793615 0.078521
v 0.075434 1.742469 0.02884901
v 0.06503699 1.780884 0.06028701
v 0.07609 1.76565 0.02549201
v 0.075434 1.742469 0.02884901
v 0.06556999 1.756552 0.06050701
v 0.06503699 1.780884 0.06028701
v 0.06503699 1.780884 0.06028701
v 0.06556999 1.756552 0.06050701
v 0.04331299 1.773215 0.08625001
v 0.06503699 1.780884 0.06028701
v 0.04331299 1.773215 0.08625001
v 0.03952299 1.793615 0.078521
v 0.007532995 1.827244 0.053442
v 0.027643 1.837551 0.029581
v 0.034399 1.827498 0.050132
v 0.007532995 1.827244 0.053442
v 0.007350997 1.836203 0.033656
v 0.027643 1.837551 0.029581
v -0.007522003 1.836203 0.033656
v 0.007350997 1.836203 0.033656
v 0.007532995 1.827244 0.053442
v -0.007522003 1.836203 0.033656
v 0.007532995 1.827244 0.053442
v -0.007618004 1.827244 0.053442
v -0.034398 1.826353 0.050211
v -0.007618004 1.827244 0.053442
v -0.007714006 1.814965 0.071112
v -0.034398 1.826353 0.050211
v -0.007714006 1.814965 0.071112
v -0.03640001 1.812995 0.068059
v -0.03640001 1.812995 0.068059
v -0.007714006 1.814965 0.071112
v -0.007874007 1.796497 0.084713
v -0.03640001 1.812995 0.068059
v -0.007874007 1.796497 0.084713
v -0.03952101 1.793591 0.078522
v -0.007874007 1.796497 0.084713
v -0.04331001 1.773215 0.08624899
v -0.03952101 1.793591 0.078522
v -0.007874007 1.796497 0.084713
v -0.01419301 1.778026 0.094618
v -0.04331001 1.773215 0.08624899
v -0.007618004 1.827244 0.053442
v 0.007715994 1.81505 0.071107
v -0.007714006 1.814965 0.071112
v -0.007618004 1.827244 0.053442
v 0.007532995 1.827244 0.053442
v 0.007715994 1.81505 0.071107
v -0.007714006 1.814965 0.071112
v 0.007715994 1.81505 0.071107
v 0.008019992 1.796517 0.084712
v -0.007714006 1.814965 0.071112
v 0.008019992 1.796517 0.084712
v -0.007874007 1.796497 0.084713
v 0.007715994 1.81505 0.071107
v 0.007532995 1.827244 0.053442
v 0.034399 1.827498 0.050132
v 0.007715994 1.81505 0.071107
v 0.034399 1.827498 0.050132
v 0.03640199 1.813763 0.068006
v 0.008019992 1.796517 0.084712
v 0.007715994 1.81505 0.071107
v 0.03640199 1.813763 0.068006
v 0.008019992 1.796517 0.084712
v 0.03640199 1.813763 0.068006
v 0.03952299 1.793615 0.078521
v 0.03952299 1.793615 0.078521
v 0.01419399 1.778026 0.094618
v 0.008019992 1.796517 0.084712
v -0.007874007 1.796497 0.084713
v 0.008019992 1.796517 0.084712
v 0.01419399 1.778026 0.094618
v -0.007874007 1.796497 0.084713
v 0.01419399 1.778026 0.094618
v -0.01419301 1.778026 0.094618
v 0.03952299 1.793615 0.078521
v 0.04331299 1.773215 0.08625001
v 0.01419399 1.778026 0.094618
v 0.026925 1.840645 -0.024366
v 0.006415001 1.842947 -0.010726
v 3.705152E-09 1.838055 -0.042382
v 3.705152E-09 1.838055 -0.042382
v 0.006415001 1.842947 -0.010726
v -0.007302999 1.842947 -0.010726
v -0.07175301 1.740806 0.102833
v -0.07249801 1.740689 0.085467
v -0.06012201 1.756775 0.105611
v -0.07249801 1.740689 0.085467
v -0.07175301 1.740806 0.102833
v -0.07374701 1.73591 0.101017
v -0.06862701 1.739123 0.125633
v -0.07374701 1.73591 0.101017
v -0.07175301 1.740806 0.102833
v -0.06744501 1.734613 0.125021
v -0.07374701 1.73591 0.101017
v -0.06862701 1.739123 0.125633
v -0.06744501 1.734613 0.125021
v -0.07341 1.729996 0.09928199
v -0.07374701 1.73591 0.101017
v -0.07341 1.729996 0.09928199
v -0.07443601 1.735944 0.08187499
v -0.07374701 1.73591 0.101017
v -0.07249801 1.740689 0.085467
v -0.07374701 1.73591 0.101017
v -0.07443601 1.735944 0.08187499
v -0.07341 1.729996 0.09928199
v -0.07418401 1.730263 0.07825399
v -0.07443601 1.735944 0.08187499
v -0.07418401 1.730263 0.07825399
v -0.077344 1.736453 0.01339699
v -0.07443601 1.735944 0.08187499
v -0.05562601 1.748172 0.143768
v -0.06744501 1.734613 0.125021
v -0.06862701 1.739123 0.125633
v -0.05562601 1.748172 0.143768
v -0.06862701 1.739123 0.125633
v -0.05694701 1.752522 0.145219
v -0.03669601 1.759836 0.151202
v -0.05562601 1.748172 0.143768
v -0.05694701 1.752522 0.145219
v -0.03669601 1.759836 0.151202
v -0.05694701 1.752522 0.145219
v -0.03734501 1.764501 0.152984
v -0.03669601 1.759836 0.151202
v -0.03734501 1.764501 0.152984
v -0.01545401 1.768305 0.156303
v -0.03669601 1.759836 0.151202
v -0.01545401 1.768305 0.156303
v -0.01556301 1.763724 0.15455
v -0.06862701 1.739123 0.125633
v -0.07175301 1.740806 0.102833
v -0.06634501 1.746103 0.119156
v -0.06634501 1.746103 0.119156
v -0.05694701 1.752522 0.145219
v -0.06862701 1.739123 0.125633
v -0.07443601 1.735944 0.08187499
v -0.077344 1.736453 0.01339699
v -0.075434 1.742469 0.02884899
v -0.07443601 1.735944 0.08187499
v -0.075434 1.742469 0.02884899
v -0.07249801 1.740689 0.085467
v -0.03734501 1.764501 0.152984
v -0.01547301 1.770142 0.146849
v -0.01545401 1.768305 0.156303
v -0.03734501 1.764501 0.152984
v -0.03754601 1.766273 0.143678
v -0.01547301 1.770142 0.146849
v -0.01576401 1.773014 0.126546
v -0.01547301 1.770142 0.146849
v -0.03754601 1.766273 0.143678
v -0.01576401 1.773014 0.126546
v -0.03754601 1.766273 0.143678
v -0.03939801 1.767886 0.121809
v -0.03939801 1.767886 0.121809
v -0.01419301 1.778026 0.094618
v -0.01576401 1.773014 0.126546
v -0.03939801 1.767886 0.121809
v -0.04331001 1.773215 0.08624899
v -0.01419301 1.778026 0.094618
v -0.06012201 1.756775 0.105611
v -0.04331001 1.773215 0.08624899
v -0.03939801 1.767886 0.121809
v -0.06012201 1.756775 0.105611
v -0.07249801 1.740689 0.085467
v -0.075434 1.742469 0.02884899
v -0.06012201 1.756775 0.105611
v -0.06576001 1.756593 0.06042599
v -0.04331001 1.773215 0.08624899
v -0.06012201 1.756775 0.105611
v -0.075434 1.742469 0.02884899
v -0.06576001 1.756593 0.06042599
v -0.03939801 1.767886 0.121809
v -0.03754601 1.766273 0.143678
v -0.05724701 1.754315 0.13496
v -0.03939801 1.767886 0.121809
v -0.05724701 1.754315 0.13496
v -0.06012201 1.756775 0.105611
v -0.05724701 1.754315 0.13496
v -0.03754601 1.766273 0.143678
v -0.03734501 1.764501 0.152984
v -0.05724701 1.754315 0.13496
v -0.03734501 1.764501 0.152984
v -0.05694701 1.752522 0.145219
v -0.06634501 1.746103 0.119156
v -0.05724701 1.754315 0.13496
v -0.05694701 1.752522 0.145219
v -0.01576401 1.773014 0.126546
v -0.01419301 1.778026 0.094618
v 0.01419399 1.778026 0.094618
v -0.01576401 1.773014 0.126546
v 0.01419399 1.778026 0.094618
v 0.01685099 1.773014 0.126546
v -0.01547301 1.770142 0.146849
v -0.01576401 1.773014 0.126546
v 0.01685099 1.773014 0.126546
v 0.01685099 1.773014 0.126546
v 0.01419399 1.778026 0.094618
v 0.04331299 1.773215 0.08625001
v 0.01685099 1.773014 0.126546
v 0.04331299 1.773215 0.08625001
v 0.04048099 1.767886 0.121809
v 0.04048099 1.767886 0.121809
v 0.04331299 1.773215 0.08625001
v 0.06556999 1.756552 0.06050701
v 0.04048099 1.767886 0.121809
v 0.06556999 1.756552 0.06050701
v 0.06119799 1.756774 0.105612
v 0.03863799 1.766273 0.143678
v 0.01685099 1.773014 0.126546
v 0.04048099 1.767886 0.121809
v 0.03863799 1.766273 0.143678
v 0.01655899 1.770142 0.146849
v 0.01685099 1.773014 0.126546
v 0.05832499 1.754325 0.13496
v 0.03863799 1.766273 0.143678
v 0.04048099 1.767886 0.121809
v 0.05832499 1.754325 0.13496
v 0.04048099 1.767886 0.121809
v 0.06119799 1.756774 0.105612
v 0.07283999 1.740782 0.103036
v 0.05832499 1.754325 0.13496
v 0.06119799 1.756774 0.105612
v 0.07283999 1.740782 0.103036
v 0.06725799 1.745432 0.121317
v 0.05832499 1.754325 0.13496
v 0.06971299 1.739086 0.125869
v 0.06725799 1.745432 0.121317
v 0.07283999 1.740782 0.103036
v 0.06971299 1.739086 0.125869
v 0.07283999 1.740782 0.103036
v 0.07483399 1.735903 0.101083
v 0.07449699 1.729997 0.099282
v 0.06971299 1.739086 0.125869
v 0.07483399 1.735903 0.101083
v 0.07449699 1.729997 0.099282
v 0.06853199 1.734671 0.125257
v 0.06971299 1.739086 0.125869
v 0.07516699 1.730264 0.07825501
v 0.07449699 1.729997 0.099282
v 0.07483399 1.735903 0.101083
v 0.07516699 1.730264 0.07825501
v 0.07483399 1.735903 0.101083
v 0.07541899 1.735945 0.08187601
v 0.07541899 1.735945 0.08187601
v 0.077335 1.736482 0.01347201
v 0.07516699 1.730264 0.07825501
v 0.06853199 1.734671 0.125257
v 0.05802499 1.752523 0.145219
v 0.06971299 1.739086 0.125869
v 0.06725799 1.745432 0.121317
v 0.06971299 1.739086 0.125869
v 0.05802499 1.752523 0.145219
v 0.06725799 1.745432 0.121317
v 0.05802499 1.752523 0.145219
v 0.05832499 1.754325 0.13496
v 0.06853199 1.734671 0.125257
v 0.05671199 1.748219 0.143768
v 0.05802499 1.752523 0.145219
v 0.05671199 1.748219 0.143768
v 0.03842698 1.764502 0.152984
v 0.05802499 1.752523 0.145219
v 0.01655899 1.770142 0.146849
v 0.03863799 1.766273 0.143678
v 0.03842698 1.764502 0.152984
v 0.05832499 1.754325 0.13496
v 0.05802499 1.752523 0.145219
v 0.03842698 1.764502 0.152984
v 0.05832499 1.754325 0.13496
v 0.03842698 1.764502 0.152984
v 0.03863799 1.766273 0.143678
v 0.05671199 1.748219 0.143768
v 0.03778198 1.759836 0.151202
v 0.03842698 1.764502 0.152984
v 0.01664899 1.763724 0.15455
v 0.03842698 1.764502 0.152984
v 0.03778198 1.759836 0.151202
v 0.01664899 1.763724 0.15455
v 0.01653899 1.768305 0.156303
v 0.03842698 1.764502 0.152984
v -0.01545401 1.768305 0.156303
v 0.01653899 1.768305 0.156303
v 0.01664899 1.763724 0.15455
v -0.01545401 1.768305 0.156303
v 0.01664899 1.763724 0.15455
v -0.01556301 1.763724 0.15455
v -0.01547301 1.770142 0.146849
v 0.01653899 1.768305 0.156303
v -0.01545401 1.768305 0.156303
v -0.01547301 1.770142 0.146849
v 0.01655899 1.770142 0.146849
v 0.01653899 1.768305 0.156303
v 0.01655899 1.770142 0.146849
v 0.03842698 1.764502 0.152984
v 0.01653899 1.768305 0.156303
v 0.07348099 1.74069 0.08546701
v 0.077335 1.736482 0.01347201
v 0.07541899 1.735945 0.08187601
v 0.07348099 1.74069 0.08546701
v 0.075434 1.742469 0.02884901
v 0.077335 1.736482 0.01347201
v 0.07348099 1.74069 0.08546701
v 0.07541899 1.735945 0.08187601
v 0.07483399 1.735903 0.101083
v 0.07348099 1.74069 0.08546701
v 0.07483399 1.735903 0.101083
v 0.07283999 1.740782 0.103036
v -0.01547301 1.770142 0.146849
v 0.01685099 1.773014 0.126546
v 0.01655899 1.770142 0.146849
v 0.07348099 1.74069 0.08546701
v 0.06556999 1.756552 0.06050701
v 0.075434 1.742469 0.02884901
v 0.07348099 1.74069 0.08546701
v 0.06119799 1.756774 0.105612
v 0.06556999 1.756552 0.06050701
v 0.07348099 1.74069 0.08546701
v 0.07283999 1.740782 0.103036
v 0.06119799 1.756774 0.105612
v -0.07175301 1.740806 0.102833
v -0.06012201 1.756775 0.105611
v -0.05724701 1.754315 0.13496
v -0.07175301 1.740806 0.102833
v -0.05724701 1.754315 0.13496
v -0.06634501 1.746103 0.119156
v -0.06092101 1.746959 0.120182
v -0.06584901 1.744805 0.106983
v -0.07341 1.729996 0.09928199
v -0.06092101 1.746959 0.120182
v -0.07341 1.729996 0.09928199
v -0.06744501 1.734613 0.125021
v -0.06584901 1.744805 0.106983
v -0.06092101 1.746959 0.120182
v -0.05569601 1.748705 0.133441
v -0.06584901 1.744805 0.106983
v -0.05569601 1.748705 0.133441
v -0.05817701 1.751947 0.104435
v -0.05817701 1.751947 0.104435
v -0.05569601 1.748705 0.133441
v -0.03680101 1.759614 0.142955
v -0.05817701 1.751947 0.104435
v -0.03680101 1.759614 0.142955
v -0.03844501 1.763086 0.12012
v -0.05569601 1.748705 0.133441
v -0.03669601 1.759836 0.151202
v -0.03680101 1.759614 0.142955
v -0.05569601 1.748705 0.133441
v -0.05562601 1.748172 0.143768
v -0.03669601 1.759836 0.151202
v -0.06092101 1.746959 0.120182
v -0.06744501 1.734613 0.125021
v -0.05562601 1.748172 0.143768
v -0.06092101 1.746959 0.120182
v -0.05562601 1.748172 0.143768
v -0.05569601 1.748705 0.133441
v -0.06649901 1.741925 0.09164499
v -0.07341 1.729996 0.09928199
v -0.06584901 1.744805 0.106983
v -0.06584901 1.744805 0.106983
v -0.05817701 1.751947 0.104435
v -0.06649901 1.741925 0.09164499
v -0.06649901 1.741925 0.09164499
v -0.07418401 1.730263 0.07825399
v -0.07341 1.729996 0.09928199
v -0.03844501 1.763086 0.12012
v -0.06277801 1.756557 0.055818
v -0.05817701 1.751947 0.104435
v -0.03844501 1.763086 0.12012
v -0.04207001 1.770777 0.080465
v -0.06277801 1.756557 0.055818
v -0.05817701 1.751947 0.104435
v -0.06277801 1.756557 0.055818
v -0.069834 1.747277 0.03657199
v -0.05817701 1.751947 0.104435
v -0.069834 1.747277 0.03657199
v -0.06649901 1.741925 0.09164499
v -0.06649901 1.741925 0.09164499
v -0.069834 1.747277 0.03657199
v -0.077344 1.736453 0.01339699
v -0.06649901 1.741925 0.09164499
v -0.077344 1.736453 0.01339699
v -0.07418401 1.730263 0.07825399
v -0.03680101 1.759614 0.142955
v -0.01594701 1.76803 0.125247
v -0.03844501 1.763086 0.12012
v -0.01594701 1.76803 0.125247
v -0.04207001 1.770777 0.080465
v -0.03844501 1.763086 0.12012
v -0.03680101 1.759614 0.142955
v -0.01564401 1.763726 0.146642
v -0.01594701 1.76803 0.125247
v -0.03669601 1.759836 0.151202
v -0.01564401 1.763726 0.146642
v -0.03680101 1.759614 0.142955
v -0.03669601 1.759836 0.151202
v -0.01556301 1.763724 0.15455
v -0.01564401 1.763726 0.146642
v -0.01594701 1.76803 0.125247
v -0.01957701 1.77519 0.088072
v -0.04207001 1.770777 0.080465
v -0.01564401 1.763726 0.146642
v 0.01703399 1.76803 0.125247
v -0.01594701 1.76803 0.125247
v 0.01703399 1.76803 0.125247
v -0.01957701 1.77519 0.088072
v -0.01594701 1.76803 0.125247
v -0.01564401 1.763726 0.146642
v 0.01672999 1.763726 0.146642
v 0.01703399 1.76803 0.125247
v 0.01664899 1.763724 0.15455
v 0.01672999 1.763726 0.146642
v -0.01564401 1.763726 0.146642
v 0.01664899 1.763724 0.15455
v -0.01564401 1.763726 0.146642
v -0.01556301 1.763724 0.15455
v 0.01703399 1.76803 0.125247
v 0.01957899 1.775191 0.088072
v -0.01957701 1.77519 0.088072
v 0.01703399 1.76803 0.125247
v 0.01672999 1.763726 0.146642
v 0.03788899 1.759614 0.142955
v 0.01703399 1.76803 0.125247
v 0.03788899 1.759614 0.142955
v 0.03953899 1.763102 0.12012
v 0.03953899 1.763102 0.12012
v 0.03788899 1.759614 0.142955
v 0.05678299 1.748816 0.133437
v 0.03953899 1.763102 0.12012
v 0.05678299 1.748816 0.133437
v 0.05926799 1.751912 0.104435
v 0.03788899 1.759614 0.142955
v 0.05671199 1.748219 0.143768
v 0.05678299 1.748816 0.133437
v 0.03788899 1.759614 0.142955
v 0.03778198 1.759836 0.151202
v 0.05671199 1.748219 0.143768
v 0.01672999 1.763726 0.146642
v 0.01664899 1.763724 0.15455
v 0.03778198 1.759836 0.151202
v 0.01672999 1.763726 0.146642
v 0.03778198 1.759836 0.151202
v 0.03788899 1.759614 0.142955
v 0.05678299 1.748816 0.133437
v 0.05671199 1.748219 0.143768
v 0.06853199 1.734671 0.125257
v 0.05678299 1.748816 0.133437
v 0.06853199 1.734671 0.125257
v 0.06200799 1.746532 0.12191
v 0.06693299 1.744729 0.107597
v 0.06200799 1.746532 0.12191
v 0.06853199 1.734671 0.125257
v 0.05678299 1.748816 0.133437
v 0.06200799 1.746532 0.12191
v 0.06693299 1.744729 0.107597
v 0.05678299 1.748816 0.133437
v 0.06693299 1.744729 0.107597
v 0.05926799 1.751912 0.104435
v 0.06693299 1.744729 0.107597
v 0.06853199 1.734671 0.125257
v 0.07449699 1.729997 0.099282
v 0.06693299 1.744729 0.107597
v 0.067605 1.741926 0.09164501
v 0.05926799 1.751912 0.104435
v 0.06693299 1.744729 0.107597
v 0.07449699 1.729997 0.099282
v 0.07516699 1.730264 0.07825501
v 0.06693299 1.744729 0.107597
v 0.07516699 1.730264 0.07825501
v 0.067605 1.741926 0.09164501
v 0.05926799 1.751912 0.104435
v 0.04207199 1.770698 0.080465
v 0.03953899 1.763102 0.12012
v 0.05926799 1.751912 0.104435
v 0.06267999 1.756546 0.055819
v 0.04207199 1.770698 0.080465
v 0.05926799 1.751912 0.104435
v 0.067605 1.741926 0.09164501
v 0.069854 1.747278 0.03657301
v 0.05926799 1.751912 0.104435
v 0.069854 1.747278 0.03657301
v 0.06267999 1.756546 0.055819
v 0.077335 1.736482 0.01347201
v 0.069854 1.747278 0.03657301
v 0.067605 1.741926 0.09164501
v 0.077335 1.736482 0.01347201
v 0.067605 1.741926 0.09164501
v 0.07516699 1.730264 0.07825501
v 0.04207199 1.770698 0.080465
v 0.01703399 1.76803 0.125247
v 0.03953899 1.763102 0.12012
v 0.04207199 1.770698 0.080465
v 0.01957899 1.775191 0.088072
v 0.01703399 1.76803 0.125247
v 0.04271501 1.831806 -0.025335
v 0.055575 1.82268 -0.017573
v 0.053032 1.826664 -0.003432995
v 0.04271501 1.831806 -0.025335
v 0.053032 1.826664 -0.003432995
v 0.040181 1.836566 -0.013982
v 0.055575 1.82268 -0.017573
v 0.064491 1.811062 0.008020005
v 0.053032 1.826664 -0.003432995
v 0.055575 1.82268 -0.017573
v 0.068756 1.805641 -0.01026199
v 0.064491 1.811062 0.008020005
v 0.068756 1.805641 -0.01026199
v 0.071778 1.789858 0.01728
v 0.064491 1.811062 0.008020005
v 0.068756 1.805641 -0.01026199
v 0.078165 1.782876 -0.003703993
v 0.071778 1.789858 0.01728
v 0.030496 1.837297 -0.033944
v 0.04271501 1.831806 -0.025335
v 0.040181 1.836566 -0.013982
v 0.030496 1.837297 -0.033944
v 0.040181 1.836566 -0.013982
v 0.026925 1.840645 -0.024366
v 0.037001 1.83092 -0.043913
v 0.04271501 1.831806 -0.025335
v 0.030496 1.837297 -0.033944
v 0.037001 1.83092 -0.043913
v 0.04520001 1.826435 -0.041783
v 0.04271501 1.831806 -0.025335
v 0.04520001 1.826435 -0.041783
v 0.055575 1.82268 -0.017573
v 0.04271501 1.831806 -0.025335
v 0.04520001 1.826435 -0.041783
v 0.056709 1.817286 -0.039173
v 0.055575 1.82268 -0.017573
v 0.055575 1.82268 -0.017573
v 0.056709 1.817286 -0.039173
v 0.069104 1.799533 -0.03522299
v 0.055575 1.82268 -0.017573
v 0.069104 1.799533 -0.03522299
v 0.068756 1.805641 -0.01026199
v 0.069104 1.799533 -0.03522299
v 0.078165 1.782876 -0.003703993
v 0.068756 1.805641 -0.01026199
v 0.069104 1.799533 -0.03522299
v 0.081072 1.775736 -0.03005899
v 0.078165 1.782876 -0.003703993
v 0.078165 1.782876 -0.003703993
v 0.07609 1.76565 0.02549201
v 0.071778 1.789858 0.01728
v 0.078165 1.782876 -0.003703993
v 0.079855 1.757473 0.000918007
v 0.07609 1.76565 0.02549201
v 0.081072 1.775736 -0.03005899
v 0.079855 1.757473 0.000918007
v 0.078165 1.782876 -0.003703993
v 0.081072 1.775736 -0.03005899
v 0.082017 1.748487 -0.02666399
v 0.079855 1.757473 0.000918007
v 0.079855 1.757473 0.000918007
v 0.082017 1.748487 -0.02666399
v 0.079014 1.721687 -0.02207599
v 0.079855 1.757473 0.000918007
v 0.079014 1.721687 -0.02207599
v 0.078666 1.73281 0.004008007
v 0.079855 1.757473 0.000918007
v 0.078666 1.73281 0.004008007
v 0.077335 1.736482 0.01347201
v 0.008163005 1.835997 -0.052138
v 0.037001 1.83092 -0.043913
v 0.030496 1.837297 -0.033944
v 0.008163005 1.835997 -0.052138
v 0.030496 1.837297 -0.033944
v 0.026925 1.840645 -0.024366
v 0.008163005 1.835997 -0.052138
v 0.02793401 1.826355 -0.060583
v 0.037001 1.83092 -0.043913
v 0.02793401 1.826355 -0.060583
v 0.04520001 1.826435 -0.041783
v 0.037001 1.83092 -0.043913
v 0.02793401 1.826355 -0.060583
v 0.03787101 1.82172 -0.06443
v 0.04520001 1.826435 -0.041783
v 0.03787101 1.82172 -0.06443
v 0.056709 1.817286 -0.039173
v 0.04520001 1.826435 -0.041783
v 0.03787101 1.82172 -0.06443
v 0.04859001 1.812439 -0.06919099
v 0.056709 1.817286 -0.039173
v 0.04859001 1.812439 -0.06919099
v 0.069104 1.799533 -0.03522299
v 0.056709 1.817286 -0.039173
v 0.06066601 1.790282 -0.07300399
v 0.081072 1.775736 -0.03005899
v 0.069104 1.799533 -0.03522299
v 0.04859001 1.812439 -0.06919099
v 0.06066601 1.790282 -0.07300399
v 0.069104 1.799533 -0.03522299
v 0.06066601 1.790282 -0.07300399
v 0.068721 1.764832 -0.07141399
v 0.081072 1.775736 -0.03005899
v 0.068721 1.764832 -0.07141399
v 0.082017 1.748487 -0.02666399
v 0.081072 1.775736 -0.03005899
v 0.068721 1.764832 -0.07141399
v 0.07171901 1.738902 -0.06591799
v 0.082017 1.748487 -0.02666399
v 0.07171901 1.738902 -0.06591799
v 0.079014 1.721687 -0.02207599
v 0.082017 1.748487 -0.02666399
v 0.07171901 1.738902 -0.06591799
v 0.07144201 1.709982 -0.06161399
v 0.079014 1.721687 -0.02207599
v 0.075434 1.742469 0.02884901
v 0.07609 1.76565 0.02549201
v 0.079855 1.757473 0.000918007
v 0.075434 1.742469 0.02884901
v 0.079855 1.757473 0.000918007
v 0.077335 1.736482 0.01347201
v 0.008163005 1.835997 -0.052138
v 0.026925 1.840645 -0.024366
v 4.083168E-09 1.837729 -0.046706
v 3.705152E-09 1.838055 -0.042382
v 4.083168E-09 1.837729 -0.046706
v 0.026925 1.840645 -0.024366
v -0.042576 1.830866 -0.02527
v -0.040181 1.836529 -0.013979
v -0.053032 1.826626 -0.003431005
v -0.042576 1.830866 -0.02527
v -0.053032 1.826626 -0.003431005
v -0.055575 1.82221 -0.01754001
v -0.055575 1.82221 -0.01754001
v -0.053032 1.826626 -0.003431005
v -0.064491 1.810768 0.008039994
v -0.055575 1.82221 -0.01754001
v -0.064491 1.810768 0.008039994
v -0.068756 1.805567 -0.01025701
v -0.068756 1.805567 -0.01025701
v -0.064491 1.810768 0.008039994
v -0.071778 1.789878 0.01727899
v -0.068756 1.805567 -0.01025701
v -0.071778 1.789878 0.01727899
v -0.078165 1.782876 -0.003704007
v -0.03037 1.835889 -0.033847
v -0.040181 1.836529 -0.013979
v -0.042576 1.830866 -0.02527
v -0.03037 1.835889 -0.033847
v -0.026875 1.840004 -0.024322
v -0.040181 1.836529 -0.013979
v -0.036823 1.829486 -0.043814
v -0.03037 1.835889 -0.033847
v -0.042576 1.830866 -0.02527
v -0.036823 1.829486 -0.043814
v -0.042576 1.830866 -0.02527
v -0.044939 1.824379 -0.041642
v -0.044939 1.824379 -0.041642
v -0.042576 1.830866 -0.02527
v -0.055575 1.82221 -0.01754001
v -0.044939 1.824379 -0.041642
v -0.055575 1.82221 -0.01754001
v -0.056538 1.81579 -0.03907
v -0.055575 1.82221 -0.01754001
v -0.068756 1.805567 -0.01025701
v -0.069104 1.799399 -0.03521401
v -0.055575 1.82221 -0.01754001
v -0.069104 1.799399 -0.03521401
v -0.056538 1.81579 -0.03907
v -0.069104 1.799399 -0.03521401
v -0.068756 1.805567 -0.01025701
v -0.078165 1.782876 -0.003704007
v -0.069104 1.799399 -0.03521401
v -0.078165 1.782876 -0.003704007
v -0.081002 1.775736 -0.03005901
v -0.078165 1.782876 -0.003704007
v -0.071778 1.789878 0.01727899
v -0.07609 1.76565 0.02549199
v -0.078165 1.782876 -0.003704007
v -0.07609 1.76565 0.02549199
v -0.079855 1.757475 0.000917993
v -0.081002 1.775736 -0.03005901
v -0.078165 1.782876 -0.003704007
v -0.079855 1.757475 0.000917993
v -0.081002 1.775736 -0.03005901
v -0.079855 1.757475 0.000917993
v -0.081887 1.74852 -0.02663401
v -0.079855 1.757475 0.000917993
v -0.078883 1.721727 -0.02204601
v -0.081887 1.74852 -0.02663401
v -0.079855 1.757475 0.000917993
v -0.078666 1.73281 0.004007993
v -0.078883 1.721727 -0.02204601
v -0.075434 1.742469 0.02884899
v -0.079855 1.757475 0.000917993
v -0.07609 1.76565 0.02549199
v -0.075434 1.742469 0.02884899
v -0.077344 1.736453 0.01339699
v -0.079855 1.757475 0.000917993
v -0.077344 1.736453 0.01339699
v -0.078666 1.73281 0.004007993
v -0.079855 1.757475 0.000917993
v -0.008162996 1.835997 -0.052138
v -0.03037 1.835889 -0.033847
v -0.036823 1.829486 -0.043814
v -0.008162996 1.835997 -0.052138
v -0.036823 1.829486 -0.043814
v -0.02784599 1.825111 -0.060497
v -0.02784599 1.825111 -0.060497
v -0.036823 1.829486 -0.043814
v -0.044939 1.824379 -0.041642
v -0.02784599 1.825111 -0.060497
v -0.044939 1.824379 -0.041642
v -0.03769999 1.819439 -0.064272
v -0.03769999 1.819439 -0.064272
v -0.044939 1.824379 -0.041642
v -0.056538 1.81579 -0.03907
v -0.03769999 1.819439 -0.064272
v -0.056538 1.81579 -0.03907
v -0.04849199 1.809954 -0.06902101
v -0.04849199 1.809954 -0.06902101
v -0.056538 1.81579 -0.03907
v -0.069104 1.799399 -0.03521401
v -0.06083799 1.789768 -0.07297101
v -0.069104 1.799399 -0.03521401
v -0.081002 1.775736 -0.03005901
v -0.04849199 1.809954 -0.06902101
v -0.069104 1.799399 -0.03521401
v -0.06083799 1.789768 -0.07297101
v -0.06083799 1.789768 -0.07297101
v -0.081002 1.775736 -0.03005901
v -0.06871999 1.764827 -0.07141301
v -0.06871999 1.764827 -0.07141301
v -0.081002 1.775736 -0.03005901
v -0.081887 1.74852 -0.02663401
v -0.06871999 1.764827 -0.07141301
v -0.081887 1.74852 -0.02663401
v -0.07116799 1.738906 -0.06570101
v -0.07116799 1.738906 -0.06570101
v -0.081887 1.74852 -0.02663401
v -0.078883 1.721727 -0.02204601
v -0.07116799 1.738906 -0.06570101
v -0.078883 1.721727 -0.02204601
v -0.07228799 1.710363 -0.06212201
v 4.083168E-09 1.837729 -0.046706
v -0.03037 1.835889 -0.033847
v -0.008162996 1.835997 -0.052138
v 4.083168E-09 1.837729 -0.046706
v -0.026875 1.840004 -0.024322
v -0.03037 1.835889 -0.033847
v -0.026875 1.840004 -0.024322
v 4.083168E-09 1.837729 -0.046706
v 3.705152E-09 1.838055 -0.042382
v -0.007453993 1.821814 -0.074194
v -0.008162996 1.835997 -0.052138
v -0.02784599 1.825111 -0.060497
v -0.007453993 1.821814 -0.074194
v -0.02784599 1.825111 -0.060497
v -0.02153799 1.818434 -0.074511
v -0.02594199 1.81345 -0.080891
v -0.007453993 1.821814 -0.074194
v -0.02153799 1.818434 -0.074511
v -0.02594199 1.81345 -0.080891
v -0.02153799 1.818434 -0.074511
v -0.02784599 1.825111 -0.060497
v -0.02594199 1.81345 -0.080891
v -0.007516993 1.811758 -0.08544
v -0.007453993 1.821814 -0.074194
v -0.03305699 1.803312 -0.089393
v -0.007516993 1.811758 -0.08544
v -0.02594199 1.81345 -0.080891
v -0.03305699 1.803312 -0.089393
v -0.007594991 1.799311 -0.095583
v -0.007516993 1.811758 -0.08544
v -0.02594199 1.81345 -0.080891
v -0.02784599 1.825111 -0.060497
v -0.03769999 1.819439 -0.064272
v -0.02594199 1.81345 -0.080891
v -0.03769999 1.819439 -0.064272
v -0.04849199 1.809954 -0.06902101
v -0.02594199 1.81345 -0.080891
v -0.04849199 1.809954 -0.06902101
v -0.03305699 1.803312 -0.089393
v -0.04048899 1.784838 -0.096814
v -0.007594991 1.799311 -0.095583
v -0.03305699 1.803312 -0.089393
v -0.04048899 1.784838 -0.096814
v -0.007667991 1.778821 -0.10512
v -0.007594991 1.799311 -0.095583
v -0.04508499 1.759891 -0.09901201
v -0.007667991 1.778821 -0.10512
v -0.04048899 1.784838 -0.096814
v -0.04508499 1.759891 -0.09901201
v -0.00772599 1.754697 -0.109347
v -0.007667991 1.778821 -0.10512
v -0.03305699 1.803312 -0.089393
v -0.04849199 1.809954 -0.06902101
v -0.06083799 1.789768 -0.07297101
v -0.03305699 1.803312 -0.089393
v -0.06083799 1.789768 -0.07297101
v -0.04048899 1.784838 -0.096814
v -0.04048899 1.784838 -0.096814
v -0.06083799 1.789768 -0.07297101
v -0.06871999 1.764827 -0.07141301
v -0.04048899 1.784838 -0.096814
v -0.06871999 1.764827 -0.07141301
v -0.04508499 1.759891 -0.09901201
v -0.04627599 1.733403 -0.09593401
v -0.00772599 1.754697 -0.109347
v -0.04508499 1.759891 -0.09901201
v -0.04627599 1.733403 -0.09593401
v -0.04508499 1.759891 -0.09901201
v -0.06871999 1.764827 -0.07141301
v -0.04627599 1.733403 -0.09593401
v -0.007773991 1.730275 -0.106642
v -0.00772599 1.754697 -0.109347
v -0.04627599 1.733403 -0.09593401
v -0.06871999 1.764827 -0.07141301
v -0.07116799 1.738906 -0.06570101
v -0.00776899 1.702976 -0.103987
v -0.007773991 1.730275 -0.106642
v -0.04627599 1.733403 -0.09593401
v -0.00776899 1.702976 -0.103987
v -0.04627599 1.733403 -0.09593401
v -0.04378199 1.704378 -0.089347
v -0.04627599 1.733403 -0.09593401
v -0.07116799 1.738906 -0.06570101
v -0.07228799 1.710363 -0.06212201
v -0.04627599 1.733403 -0.09593401
v -0.07228799 1.710363 -0.06212201
v -0.04378199 1.704378 -0.089347
v -0.007594991 1.799311 -0.095583
v -0.007667991 1.778821 -0.10512
v 0.007630009 1.778819 -0.10512
v -0.007594991 1.799311 -0.095583
v 0.007630009 1.778819 -0.10512
v 0.007491008 1.799751 -0.095614
v 0.03307001 1.805064 -0.089514
v 0.007491008 1.799751 -0.095614
v 0.007630009 1.778819 -0.10512
v 0.007342007 1.812286 -0.085476
v 0.007491008 1.799751 -0.095614
v 0.03307001 1.805064 -0.089514
v 0.007342007 1.812286 -0.085476
v 0.03307001 1.805064 -0.089514
v 0.02594301 1.815185 -0.081011
v 0.02153901 1.819704 -0.074598
v 0.007342007 1.812286 -0.085476
v 0.02594301 1.815185 -0.081011
v 0.02153901 1.819704 -0.074598
v 0.007223006 1.821814 -0.074194
v 0.007342007 1.812286 -0.085476
v 0.008163005 1.835997 -0.052138
v 0.007223006 1.821814 -0.074194
v 0.02153901 1.819704 -0.074598
v 0.008163005 1.835997 -0.052138
v 0.02153901 1.819704 -0.074598
v 0.02793401 1.826355 -0.060583
v 0.02153901 1.819704 -0.074598
v 0.02594301 1.815185 -0.081011
v 0.03787101 1.82172 -0.06443
v 0.02153901 1.819704 -0.074598
v 0.03787101 1.82172 -0.06443
v 0.02793401 1.826355 -0.060583
v 0.03307001 1.805064 -0.089514
v 0.03787101 1.82172 -0.06443
v 0.02594301 1.815185 -0.081011
v 0.03307001 1.805064 -0.089514
v 0.04859001 1.812439 -0.06919099
v 0.03787101 1.82172 -0.06443
v 0.03307001 1.805064 -0.089514
v 0.007630009 1.778819 -0.10512
v 0.04049001 1.785166 -0.096837
v 0.04049001 1.785166 -0.096837
v 0.04859001 1.812439 -0.06919099
v 0.03307001 1.805064 -0.089514
v 0.04049001 1.785166 -0.096837
v 0.007630009 1.778819 -0.10512
v 0.00773901 1.754697 -0.109346
v 0.04049001 1.785166 -0.096837
v 0.00773901 1.754697 -0.109346
v 0.04508601 1.759891 -0.09901199
v 0.04049001 1.785166 -0.096837
v 0.06066601 1.790282 -0.07300399
v 0.04859001 1.812439 -0.06919099
v 0.04508601 1.759891 -0.09901199
v 0.06066601 1.790282 -0.07300399
v 0.04049001 1.785166 -0.096837
v 0.04508601 1.759891 -0.09901199
v 0.068721 1.764832 -0.07141399
v 0.06066601 1.790282 -0.07300399
v 0.04508601 1.759891 -0.09901199
v 0.00773901 1.754697 -0.109346
v 0.007832009 1.730275 -0.106642
v 0.04508601 1.759891 -0.09901199
v 0.007832009 1.730275 -0.106642
v 0.04678101 1.733433 -0.09618999
v 0.04508601 1.759891 -0.09901199
v 0.04678101 1.733433 -0.09618999
v 0.07171901 1.738902 -0.06591799
v 0.04508601 1.759891 -0.09901199
v 0.07171901 1.738902 -0.06591799
v 0.068721 1.764832 -0.07141399
v 0.007832009 1.730275 -0.106642
v 0.04378401 1.70438 -0.08934699
v 0.04678101 1.733433 -0.09618999
v 0.007832009 1.730275 -0.106642
v 0.00782201 1.702976 -0.103987
v 0.04378401 1.70438 -0.08934699
v 0.07144201 1.709982 -0.06161399
v 0.07171901 1.738902 -0.06591799
v 0.04678101 1.733433 -0.09618999
v 0.07144201 1.709982 -0.06161399
v 0.04678101 1.733433 -0.09618999
v 0.04378401 1.70438 -0.08934699
v -0.00772599 1.754697 -0.109347
v 0.007832009 1.730275 -0.106642
v 0.00773901 1.754697 -0.109346
v -0.007667991 1.778821 -0.10512
v -0.00772599 1.754697 -0.109347
v 0.00773901 1.754697 -0.109346
v -0.007667991 1.778821 -0.10512
v 0.00773901 1.754697 -0.109346
v 0.007630009 1.778819 -0.10512
v -0.00772599 1.754697 -0.109347
v -0.007773991 1.730275 -0.106642
v 0.007832009 1.730275 -0.106642
v -0.007773991 1.730275 -0.106642
v 0.00782201 1.702976 -0.103987
v 0.007832009 1.730275 -0.106642
v -0.007773991 1.730275 -0.106642
v -0.00776899 1.702976 -0.103987
v 0.00782201 1.702976 -0.103987
v 4.083168E-09 1.837729 -0.046706
v -0.008162996 1.835997 -0.052138
v -0.007453993 1.821814 -0.074194
v 4.083168E-09 1.837729 -0.046706
v -0.007453993 1.821814 -0.074194
v 0.007223006 1.821814 -0.074194
v -0.007453993 1.821814 -0.074194
v 0.007342007 1.812286 -0.085476
v 0.007223006 1.821814 -0.074194
v -0.007453993 1.821814 -0.074194
v -0.007516993 1.811758 -0.08544
v 0.007342007 1.812286 -0.085476
v -0.007516993 1.811758 -0.08544
v 0.007491008 1.799751 -0.095614
v 0.007342007 1.812286 -0.085476
v -0.007516993 1.811758 -0.08544
v -0.007594991 1.799311 -0.095583
v 0.007491008 1.799751 -0.095614
v 0.008163005 1.835997 -0.052138
v 4.083168E-09 1.837729 -0.046706
v 0.007223006 1.821814 -0.074194
v -0.01957701 1.77519 0.088072
v -0.01774001 1.771814 0.079351
v -0.03812901 1.767575 0.072454
v -0.01957701 1.77519 0.088072
v -0.03812901 1.767575 0.072454
v -0.04207001 1.770777 0.080465
v -0.04207001 1.770777 0.080465
v -0.03812901 1.767575 0.072454
v -0.056901 1.755345 0.050116
v -0.04207001 1.770777 0.080465
v -0.056901 1.755345 0.050116
v -0.06277801 1.756557 0.055818
v -0.06277801 1.756557 0.055818
v -0.056901 1.755345 0.050116
v -0.063297 1.746826 0.032669
v -0.06277801 1.756557 0.055818
v -0.063297 1.746826 0.032669
v -0.069834 1.747277 0.03657199
v -0.069834 1.747277 0.03657199
v -0.063297 1.746826 0.032669
v -0.070104 1.737013 0.01166199
v -0.069834 1.747277 0.03657199
v -0.070104 1.737013 0.01166199
v -0.077344 1.736453 0.01339699
v 0.01957899 1.775191 0.088072
v -0.01774001 1.771814 0.079351
v -0.01957701 1.77519 0.088072
v 0.01957899 1.775191 0.088072
v 0.01775399 1.771814 0.079351
v -0.01774001 1.771814 0.079351
v 0.04207199 1.770698 0.080465
v 0.01775399 1.771814 0.079351
v 0.01957899 1.775191 0.088072
v 0.04207199 1.770698 0.080465
v 0.03814299 1.767576 0.072454
v 0.01775399 1.771814 0.079351
v 0.06267999 1.756546 0.055819
v 0.03814299 1.767576 0.072454
v 0.04207199 1.770698 0.080465
v 0.06267999 1.756546 0.055819
v 0.05682399 1.755336 0.050116
v 0.03814299 1.767576 0.072454
v 0.069854 1.747278 0.03657301
v 0.05682399 1.755336 0.050116
v 0.06267999 1.756546 0.055819
v 0.069854 1.747278 0.03657301
v 0.063327 1.746827 0.03267
v 0.05682399 1.755336 0.050116
v 0.077335 1.736482 0.01347201
v 0.063327 1.746827 0.03267
v 0.069854 1.747278 0.03657301
v 0.077335 1.736482 0.01347201
v 0.070109 1.73704 0.01172901
v 0.063327 1.746827 0.03267
v 0.078666 1.73281 0.004008007
v 0.070109 1.73704 0.01172901
v 0.077335 1.736482 0.01347201
v 0.078666 1.73281 0.004008007
v 0.071315 1.733712 0.003151006
v 0.070109 1.73704 0.01172901
v 0.079014 1.721687 -0.02207599
v 0.071315 1.733712 0.003151006
v 0.078666 1.73281 0.004008007
v 0.079014 1.721687 -0.02207599
v 0.072404 1.723705 -0.020493
v 0.071315 1.733712 0.003151006
v 0.07144201 1.709982 -0.06161399
v 0.072404 1.723705 -0.020493
v 0.079014 1.721687 -0.02207599
v 0.07144201 1.709982 -0.06161399
v 0.053944 1.716444 -0.056336
v 0.072404 1.723705 -0.020493
v 0.04378401 1.70438 -0.08934699
v 0.053944 1.716444 -0.056336
v 0.07144201 1.709982 -0.06161399
v 0.04378401 1.70438 -0.08934699
v 0.03969501 1.707625 -0.076228
v 0.053944 1.716444 -0.056336
v 0.00782201 1.702976 -0.103987
v 0.03969501 1.707625 -0.076228
v 0.04378401 1.70438 -0.08934699
v 0.00782201 1.702976 -0.103987
v 0.007097008 1.706352 -0.08971
v 0.03969501 1.707625 -0.076228
v -0.00776899 1.702976 -0.103987
v 0.007097008 1.706352 -0.08971
v 0.00782201 1.702976 -0.103987
v -0.00776899 1.702976 -0.103987
v -0.007035992 1.706352 -0.08971
v 0.007097008 1.706352 -0.08971
v -0.04378199 1.704378 -0.089347
v -0.007035992 1.706352 -0.08971
v -0.00776899 1.702976 -0.103987
v -0.04378199 1.704378 -0.089347
v -0.03968099 1.707624 -0.076228
v -0.007035992 1.706352 -0.08971
v -0.07228799 1.710363 -0.06212201
v -0.03968099 1.707624 -0.076228
v -0.04378199 1.704378 -0.089347
v -0.07228799 1.710363 -0.06212201
v -0.054698 1.71679 -0.056796
v -0.03968099 1.707624 -0.076228
v -0.078883 1.721727 -0.02204601
v -0.054698 1.71679 -0.056796
v -0.07228799 1.710363 -0.06212201
v -0.078883 1.721727 -0.02204601
v -0.072273 1.723742 -0.02046601
v -0.054698 1.71679 -0.056796
v -0.078666 1.73281 0.004007993
v -0.072273 1.723742 -0.02046601
v -0.078883 1.721727 -0.02204601
v -0.078666 1.73281 0.004007993
v -0.071303 1.733712 0.003150994
v -0.072273 1.723742 -0.02046601
v -0.077344 1.736453 0.01339699
v -0.071303 1.733712 0.003150994
v -0.078666 1.73281 0.004007993
v -0.077344 1.736453 0.01339699
v -0.070104 1.737013 0.01166199
v -0.071303 1.733712 0.003150994
vn -0.01745206 0.9922723 -0.1228456
vn -0.03323863 0.998314 -0.04758407
vn -0.1246762 0.9915497 -0.03584642
vn -0.01745206 0.9922723 -0.1228456
vn -0.1246762 0.9915497 -0.03584642
vn -0.2030999 0.9689173 -0.1412432
vn -0.2992394 0.9526418 0.05412332
vn -0.2030999 0.9689173 -0.1412432
vn -0.1246762 0.9915497 -0.03584642
vn -0.2992394 0.9526418 0.05412332
vn -0.5063825 0.854851 -0.1131658
vn -0.2030999 0.9689173 -0.1412432
vn -0.4488969 0.8784911 0.1635384
vn -0.5063825 0.854851 -0.1131658
vn -0.2992394 0.9526418 0.05412332
vn -0.4488969 0.8784911 0.1635384
vn -0.7051972 0.7083595 -0.03039206
vn -0.5063825 0.854851 -0.1131658
vn -0.1246762 0.9915497 -0.03584642
vn -0.1588039 0.9756259 0.1514448
vn -0.2992394 0.9526418 0.05412332
vn -0.4488969 0.8784911 0.1635384
vn -0.2992394 0.9526418 0.05412332
vn -0.1588039 0.9756259 0.1514448
vn -0.4488969 0.8784911 0.1635384
vn -0.1588039 0.9756259 0.1514448
vn -0.1804374 0.9386441 0.293921
vn -0.03879194 0.9439443 0.3278175
vn -0.1804374 0.9386441 0.293921
vn -0.1588039 0.9756259 0.1514448
vn -0.03879194 0.9439443 0.3278175
vn -0.1588039 0.9756259 0.1514448
vn -0.04677948 0.9885816 0.1432416
vn -0.1246762 0.9915497 -0.03584642
vn -0.03323863 0.998314 -0.04758407
vn -0.04677948 0.9885816 0.1432416
vn -0.1246762 0.9915497 -0.03584642
vn -0.04677948 0.9885816 0.1432416
vn -0.1588039 0.9756259 0.1514448
vn -0.633866 0.7261388 0.2663389
vn -0.7051972 0.7083595 -0.03039206
vn -0.4488969 0.8784911 0.1635384
vn -0.633866 0.7261388 0.2663389
vn -0.8541731 0.515924 0.06488983
vn -0.7051972 0.7083595 -0.03039206
vn -0.9183635 0.3686557 0.1438797
vn -0.8541731 0.515924 0.06488983
vn -0.633866 0.7261388 0.2663389
vn -0.9183635 0.3686557 0.1438797
vn -0.9378805 0.3075047 0.1606893
vn -0.8541731 0.515924 0.06488983
vn -0.4488969 0.8784911 0.1635384
vn -0.1804374 0.9386441 0.293921
vn -0.2706408 0.8494958 0.4528911
vn -0.4488969 0.8784911 0.1635384
vn -0.2706408 0.8494958 0.4528911
vn -0.633866 0.7261388 0.2663389
vn -0.633866 0.7261388 0.2663389
vn -0.2706408 0.8494958 0.4528911
vn -0.3815368 0.6051548 0.6987256
vn -0.633866 0.7261388 0.2663389
vn -0.3815368 0.6051548 0.6987256
vn -0.498289 0.5193727 0.6942334
vn -0.9552335 0.2215279 0.1960981
vn -0.9378805 0.3075047 0.1606893
vn -0.9183635 0.3686557 0.1438797
vn -0.3815368 0.6051548 0.6987256
vn -0.7122805 0.1914641 0.6752762
vn -0.498289 0.5193727 0.6942334
vn -0.9552335 0.2215279 0.1960981
vn -0.9720982 0.1012361 0.2116039
vn -0.9378805 0.3075047 0.1606893
vn -0.3815368 0.6051548 0.6987256
vn -0.5244957 0.3528318 0.7748638
vn -0.7122805 0.1914641 0.6752762
vn -0.5244957 0.3528318 0.7748638
vn -0.8656128 0.1049726 0.4895868
vn -0.7122805 0.1914641 0.6752762
vn -0.9720982 0.1012361 0.2116039
vn -0.7122805 0.1914641 0.6752762
vn -0.8656128 0.1049726 0.4895868
vn -0.5244957 0.3528318 0.7748638
vn -0.807161 0.3345432 0.4863867
vn -0.8656128 0.1049726 0.4895868
vn -0.9720982 0.1012361 0.2116039
vn -0.8656128 0.1049726 0.4895868
vn -0.9690974 0.2124991 0.1252773
vn -0.1804374 0.9386441 0.293921
vn -0.03879194 0.9439443 0.3278175
vn -0.04236976 0.8687292 0.4934717
vn -0.1804374 0.9386441 0.293921
vn -0.04236976 0.8687292 0.4934717
vn -0.2706408 0.8494958 0.4528911
vn -0.04677948 0.9885816 0.1432416
vn 0.01962888 0.954668 0.2970248
vn -0.03879194 0.9439443 0.3278175
vn -0.04677948 0.9885816 0.1432416
vn 0.03962536 0.9920155 0.1197299
vn 0.01962888 0.954668 0.2970248
vn -0.03323863 0.998314 -0.04758407
vn 0.03962536 0.9920155 0.1197299
vn -0.04677948 0.9885816 0.1432416
vn -0.03323863 0.998314 -0.04758407
vn 0.03873156 0.9982057 -0.04566263
vn 0.03962536 0.9920155 0.1197299
vn 0.1315533 0.9843635 0.1171424
vn 0.03962536 0.9920155 0.1197299
vn 0.03873156 0.9982057 -0.04566263
vn 0.1315533 0.9843635 0.1171424
vn 0.01962888 0.954668 0.2970248
vn 0.03962536 0.9920155 0.1197299
vn 0.1315533 0.9843635 0.1171424
vn 0.03873156 0.9982057 -0.04566263
vn 0.1856208 0.9826199 -0.001757619
vn 0.1315533 0.9843635 0.1171424
vn 0.1466955 0.94738 0.2845201
vn 0.01962888 0.954668 0.2970248
vn 0.4855191 0.8641139 0.1325832
vn 0.1466955 0.94738 0.2845201
vn 0.1315533 0.9843635 0.1171424
vn 0.4855191 0.8641139 0.1325832
vn 0.1315533 0.9843635 0.1171424
vn 0.3567122 0.9324015 0.0581694
vn 0.1315533 0.9843635 0.1171424
vn 0.1856208 0.9826199 -0.001757619
vn 0.3567122 0.9324015 0.0581694
vn 0.1856208 0.9826199 -0.001757619
vn 0.4692407 0.8794353 -0.08004232
vn 0.3567122 0.9324015 0.0581694
vn 0.1856208 0.9826199 -0.001757619
vn 0.142437 0.9804223 -0.1359547
vn 0.4692407 0.8794353 -0.08004232
vn 0.142437 0.9804223 -0.1359547
vn 0.1856208 0.9826199 -0.001757619
vn 0.03873156 0.9982057 -0.04566263
vn 0.3567122 0.9324015 0.0581694
vn 0.4692407 0.8794353 -0.08004232
vn 0.6661225 0.7456138 -0.01846318
vn 0.3567122 0.9324015 0.0581694
vn 0.6661225 0.7456138 -0.01846318
vn 0.4855191 0.8641139 0.1325832
vn 0.4855191 0.8641139 0.1325832
vn 0.6661225 0.7456138 -0.01846318
vn 0.8331602 0.54992 0.05858501
vn 0.4855191 0.8641139 0.1325832
vn 0.8331602 0.54992 0.05858501
vn 0.6805952 0.6804569 0.2716038
vn 0.6805952 0.6804569 0.2716038
vn 0.8331602 0.54992 0.05858501
vn 0.9270815 0.3458991 0.1444768
vn 0.6805952 0.6804569 0.2716038
vn 0.9270815 0.3458991 0.1444768
vn 0.8685443 0.4230065 0.2582561
vn 0.4855191 0.8641139 0.1325832
vn 0.6805952 0.6804569 0.2716038
vn 0.2435294 0.8543139 0.4591744
vn 0.4855191 0.8641139 0.1325832
vn 0.2435294 0.8543139 0.4591744
vn 0.1466955 0.94738 0.2845201
vn 0.6805952 0.6804569 0.2716038
vn 0.8685443 0.4230065 0.2582561
vn 0.3743032 0.5958129 0.7105661
vn 0.6805952 0.6804569 0.2716038
vn 0.3743032 0.5958129 0.7105661
vn 0.2435294 0.8543139 0.4591744
vn 0.8685443 0.4230065 0.2582561
vn 0.9270815 0.3458991 0.1444768
vn 0.9718326 0.1295999 0.196838
vn 0.8685443 0.4230065 0.2582561
vn 0.9718326 0.1295999 0.196838
vn 0.8200697 0.1950608 0.5379935
vn 0.3743032 0.5958129 0.7105661
vn 0.490081 0.2293916 0.8409519
vn 0.8200697 0.1950608 0.5379935
vn 0.3743032 0.5958129 0.7105661
vn 0.8200697 0.1950608 0.5379935
vn 0.4214913 0.448119 0.7883745
vn 0.9790567 0.120619 0.1640096
vn 0.8200697 0.1950608 0.5379935
vn 0.9718326 0.1295999 0.196838
vn 0.9790567 0.120619 0.1640096
vn 0.9140518 0.2910744 0.2824624
vn 0.8200697 0.1950608 0.5379935
vn 0.8200697 0.1950608 0.5379935
vn 0.9140518 0.2910744 0.2824624
vn 0.600415 0.2705362 0.752537
vn 0.8200697 0.1950608 0.5379935
vn 0.600415 0.2705362 0.752537
vn 0.4214913 0.448119 0.7883745
vn 0.02148147 0.8833398 0.4682407
vn 0.1466955 0.94738 0.2845201
vn 0.2435294 0.8543139 0.4591744
vn 0.02148147 0.8833398 0.4682407
vn 0.01962888 0.954668 0.2970248
vn 0.1466955 0.94738 0.2845201
vn -0.03879194 0.9439443 0.3278175
vn 0.01962888 0.954668 0.2970248
vn 0.02148147 0.8833398 0.4682407
vn -0.03879194 0.9439443 0.3278175
vn 0.02148147 0.8833398 0.4682407
vn -0.04236976 0.8687292 0.4934717
vn -0.2706408 0.8494958 0.4528911
vn -0.04236976 0.8687292 0.4934717
vn -0.05861107 0.7125736 0.6991449
vn -0.2706408 0.8494958 0.4528911
vn -0.05861107 0.7125736 0.6991449
vn -0.3815368 0.6051548 0.6987256
vn -0.3815368 0.6051548 0.6987256
vn -0.05861107 0.7125736 0.6991449
vn -0.1244481 0.509115 0.851654
vn -0.3815368 0.6051548 0.6987256
vn -0.1244481 0.509115 0.851654
vn -0.5244957 0.3528318 0.7748638
vn -0.1244481 0.509115 0.851654
vn -0.2640387 0.4578821 0.8488979
vn -0.5244957 0.3528318 0.7748638
vn -0.1244481 0.509115 0.851654
vn -0.1592105 0.5083079 0.8463303
vn -0.2640387 0.4578821 0.8488979
vn -0.04236976 0.8687292 0.4934717
vn 0.04524786 0.7497382 0.6601858
vn -0.05861107 0.7125736 0.6991449
vn -0.04236976 0.8687292 0.4934717
vn 0.02148147 0.8833398 0.4682407
vn 0.04524786 0.7497382 0.6601858
vn -0.05861107 0.7125736 0.6991449
vn 0.04524786 0.7497382 0.6601858
vn 0.0890708 0.5433581 0.8347624
vn -0.05861107 0.7125736 0.6991449
vn 0.0890708 0.5433581 0.8347624
vn -0.1244481 0.509115 0.851654
vn 0.04524786 0.7497382 0.6601858
vn 0.02148147 0.8833398 0.4682407
vn 0.2435294 0.8543139 0.4591744
vn 0.04524786 0.7497382 0.6601858
vn 0.2435294 0.8543139 0.4591744
vn 0.3743032 0.5958129 0.7105661
vn 0.0890708 0.5433581 0.8347624
vn 0.04524786 0.7497382 0.6601858
vn 0.3743032 0.5958129 0.7105661
vn 0.0890708 0.5433581 0.8347624
vn 0.3743032 0.5958129 0.7105661
vn 0.4214913 0.448119 0.7883745
vn 0.4214913 0.448119 0.7883745
vn 0.132238 0.4666597 0.8744952
vn 0.0890708 0.5433581 0.8347624
vn -0.1244481 0.509115 0.851654
vn 0.0890708 0.5433581 0.8347624
vn 0.132238 0.4666597 0.8744952
vn -0.1244481 0.509115 0.851654
vn 0.132238 0.4666597 0.8744952
vn -0.1592105 0.5083079 0.8463303
vn 0.4214913 0.448119 0.7883745
vn 0.600415 0.2705362 0.752537
vn 0.132238 0.4666597 0.8744952
vn 0.142437 0.9804223 -0.1359547
vn 0.03873156 0.9982057 -0.04566263
vn -0.01745206 0.9922723 -0.1228456
vn -0.01745206 0.9922723 -0.1228456
vn 0.03873156 0.9982057 -0.04566263
vn -0.03323863 0.998314 -0.04758407
vn -0.8505352 0.5202023 0.07732677
vn -0.8948101 0.4441929 0.04480492
vn -0.7492852 0.6539588 0.1044487
vn -0.8948101 0.4441929 0.04480492
vn -0.8505352 0.5202023 0.07732677
vn -0.9868213 0.09965983 0.1274817
vn -0.8972827 0.4082789 0.1679048
vn -0.9868213 0.09965983 0.1274817
vn -0.8505352 0.5202023 0.07732677
vn -0.8933453 -0.2320419 0.3848257
vn -0.9868213 0.09965983 0.1274817
vn -0.7825383 -0.3304622 0.5276632
vn -0.8933453 -0.2320419 0.3848257
vn -0.9904765 -0.08753248 0.1062745
vn -0.9868213 0.09965983 0.1274817
vn -0.9904765 -0.08753248 0.1062745
vn -0.9922204 0.1170266 0.04246592
vn -0.9868213 0.09965983 0.1274817
vn -0.8948101 0.4441929 0.04480492
vn -0.9868213 0.09965983 0.1274817
vn -0.9922204 0.1170266 0.04246592
vn -0.9904765 -0.08753248 0.1062745
vn -0.9968635 -0.06896418 0.0388229
vn -0.9922204 0.1170266 0.04246592
vn -0.9968635 -0.06896418 0.0388229
vn -0.9954764 0.01598421 0.09365559
vn -0.9922204 0.1170266 0.04246592
vn -0.5178818 -0.3611166 0.7754955
vn -0.8933453 -0.2320419 0.3848257
vn -0.7825383 -0.3304622 0.5276632
vn -0.5178818 -0.3611166 0.7754955
vn -0.7825383 -0.3304622 0.5276632
vn -0.3160754 -0.3917528 0.8640753
vn -0.1108242 -0.3607664 0.9260483
vn -0.5178818 -0.3611166 0.7754955
vn -0.3160754 -0.3917528 0.8640753
vn -0.1108242 -0.3607664 0.9260483
vn -0.3160754 -0.3917528 0.8640753
vn -0.1075354 -0.3677945 0.9236684
vn -0.1108242 -0.3607664 0.9260483
vn -0.1075354 -0.3677945 0.9236684
vn -0.03992217 -0.3588898 0.9325258
vn -0.1108242 -0.3607664 0.9260483
vn -0.03992217 -0.3588898 0.9325258
vn -0.04120886 -0.3562369 0.9334865
vn -0.8972827 0.4082789 0.1679048
vn -0.8505352 0.5202023 0.07732677
vn -0.8040282 0.5842234 0.110552
vn -0.8040282 0.5842234 0.110552
vn -0.8246848 0.5412747 0.1640629
vn -0.8972827 0.4082789 0.1679048
vn -0.9922204 0.1170266 0.04246592
vn -0.9954764 0.01598421 0.09365559
vn -0.9690974 0.2124991 0.1252773
vn -0.9922204 0.1170266 0.04246592
vn -0.9690974 0.2124991 0.1252773
vn -0.8948101 0.4441929 0.04480492
vn -0.3243881 0.9279209 0.1836711
vn -0.08352821 0.9820796 0.1689458
vn -0.09831912 0.9768468 0.1900096
vn -0.3243881 0.9279209 0.1836711
vn -0.3523678 0.9251654 0.1410885
vn -0.08352821 0.9820796 0.1689458
vn -0.1099553 0.9843606 0.1376371
vn -0.08352821 0.9820796 0.1689458
vn -0.3523678 0.9251654 0.1410885
vn -0.1099553 0.9843606 0.1376371
vn -0.3523678 0.9251654 0.1410885
vn -0.396112 0.9078565 0.1374474
vn -0.396112 0.9078565 0.1374474
vn -0.2219893 0.9629205 0.1533124
vn -0.1099553 0.9843606 0.1376371
vn -0.396112 0.9078565 0.1374474
vn -0.4878951 0.8605764 0.146173
vn -0.2219893 0.9629205 0.1533124
vn -0.7492852 0.6539588 0.1044487
vn -0.4878951 0.8605764 0.146173
vn -0.396112 0.9078565 0.1374474
vn -0.7492852 0.6539588 0.1044487
vn -0.8948101 0.4441929 0.04480492
vn -0.9690974 0.2124991 0.1252773
vn -0.7492852 0.6539588 0.1044487
vn -0.8068336 0.5825388 0.09832665
vn -0.4878951 0.8605764 0.146173
vn -0.7492852 0.6539588 0.1044487
vn -0.9690974 0.2124991 0.1252773
vn -0.8068336 0.5825388 0.09832665
vn -0.396112 0.9078565 0.1374474
vn -0.3523678 0.9251654 0.1410885
vn -0.6413704 0.7591868 0.1108127
vn -0.396112 0.9078565 0.1374474
vn -0.6413704 0.7591868 0.1108127
vn -0.7492852 0.6539588 0.1044487
vn -0.6413704 0.7591868 0.1108127
vn -0.3523678 0.9251654 0.1410885
vn -0.3243881 0.9279209 0.1836711
vn -0.6413704 0.7591868 0.1108127
vn -0.5598176 0.813312 0.158518
vn -0.5598176 0.813312 0.158518
vn -0.8040282 0.5842234 0.110552
vn -0.6413704 0.7591868 0.1108127
vn -0.8246848 0.5412747 0.1640629
vn -0.1099553 0.9843606 0.1376371
vn -7.719984E-09 0.9879019 0.1550802
vn -5.543475E-09 0.9879019 0.1550802
vn -0.1099553 0.9843606 0.1376371
vn -5.543475E-09 0.9879019 0.1550802
vn 0.1233995 0.9826275 0.138621
vn -0.08352821 0.9820796 0.1689458
vn -0.1099553 0.9843606 0.1376371
vn 0.1233995 0.9826275 0.138621
vn 0.1233995 0.9826275 0.138621
vn 0.1993512 0.9704791 0.1357555
vn 0.2198782 0.9640498 0.1492033
vn 0.1233995 0.9826275 0.138621
vn 0.2198782 0.9640498 0.1492033
vn 0.4699147 0.8749422 0.1168604
vn 0.4699147 0.8749422 0.1168604
vn 0.7033833 0.6926115 0.1598167
vn 0.6075778 0.7875462 0.1030541
vn 0.4699147 0.8749422 0.1168604
vn 0.6075778 0.7875462 0.1030541
vn 0.715443 0.6939041 0.0814757
vn 0.3523621 0.9251589 0.1411454
vn 0.1233995 0.9826275 0.138621
vn 0.4699147 0.8749422 0.1168604
vn 0.3523621 0.9251589 0.1411454
vn 0.1169054 0.9784782 0.1700396
vn 0.1233995 0.9826275 0.138621
vn 0.6612896 0.7394308 0.126246
vn 0.3523621 0.9251589 0.1411454
vn 0.4699147 0.8749422 0.1168604
vn 0.6612896 0.7394308 0.126246
vn 0.4699147 0.8749422 0.1168604
vn 0.715443 0.6939041 0.0814757
vn 0.8622158 0.4979042 0.0931417
vn 0.6612896 0.7394308 0.126246
vn 0.715443 0.6939041 0.0814757
vn 0.8622158 0.4979042 0.0931417
vn 0.8254238 0.5481674 0.1348634
vn 0.6612896 0.7394308 0.126246
vn 0.951894 0.1004165 0.2895067
vn 0.8254238 0.5481674 0.1348634
vn 0.8622158 0.4979042 0.0931417
vn 0.951894 0.1004165 0.2895067
vn 0.8622158 0.4979042 0.0931417
vn 0.9870842 0.136443 0.08395255
vn 0.9723681 -0.1584042 0.1714885
vn 0.951894 0.1004165 0.2895067
vn 0.9870842 0.136443 0.08395255
vn 0.9723681 -0.1584042 0.1714885
vn 0.7702782 -0.3356398 0.5422336
vn 0.951894 0.1004165 0.2895067
vn 0.9975204 -0.06387565 0.02954712
vn 0.9723681 -0.1584042 0.1714885
vn 0.9870842 0.136443 0.08395255
vn 0.9975204 -0.06387565 0.02954712
vn 0.9870842 0.136443 0.08395255
vn 0.9879856 0.1516756 0.02964523
vn 0.9879856 0.1516756 0.02964523
vn 0.9929656 0.08912059 0.07795417
vn 0.9975204 -0.06387565 0.02954712
vn 0.7702782 -0.3356398 0.5422336
vn 0.5107292 -0.3652 0.7783217
vn 0.951894 0.1004165 0.2895067
vn 0.8254238 0.5481674 0.1348634
vn 0.951894 0.1004165 0.2895067
vn 0.8285354 0.536307 0.1609472
vn 0.8254238 0.5481674 0.1348634
vn 0.8285354 0.536307 0.1609472
vn 0.6612896 0.7394308 0.126246
vn 0.7702782 -0.3356398 0.5422336
vn 0.3028828 -0.3917511 0.8687883
vn 0.5107292 -0.3652 0.7783217
vn 0.3028828 -0.3917511 0.8687883
vn 0.110423 -0.3616034 0.9257698
vn 0.5107292 -0.3652 0.7783217
vn 0.1169054 0.9784782 0.1700396
vn 0.3523621 0.9251589 0.1411454
vn 0.4479773 0.8769011 0.1742433
vn 0.6612896 0.7394308 0.126246
vn 0.560033 0.8130318 0.1591933
vn 0.4479773 0.8769011 0.1742433
vn 0.6612896 0.7394308 0.126246
vn 0.4479773 0.8769011 0.1742433
vn 0.3523621 0.9251589 0.1411454
vn 0.3028828 -0.3917511 0.8687883
vn 0.1070119 -0.3675984 0.9238073
vn 0.110423 -0.3616034 0.9257698
vn 0.03988281 -0.3589441 0.9325066
vn 0.110423 -0.3616034 0.9257698
vn 0.1070119 -0.3675984 0.9238073
vn 0.03988281 -0.3589441 0.9325066
vn 0.03986152 -0.3562769 0.9335298
vn 0.110423 -0.3616034 0.9257698
vn -0.03992217 -0.3588898 0.9325258
vn 0.03986152 -0.3562769 0.9335298
vn 0.03988281 -0.3589441 0.9325066
vn -0.03992217 -0.3588898 0.9325258
vn 0.03988281 -0.3589441 0.9325066
vn -0.04120886 -0.3562369 0.9334865
vn -0.08352821 0.9820796 0.1689458
vn 0.06550473 0.9795057 0.1904672
vn -0.09831912 0.9768468 0.1900096
vn -0.08352821 0.9820796 0.1689458
vn 0.1169054 0.9784782 0.1700396
vn 0.06550473 0.9795057 0.1904672
vn 0.1169054 0.9784782 0.1700396
vn 0.1956682 0.9625874 0.1874552
vn 0.06550473 0.9795057 0.1904672
vn 0.9060592 0.4212077 0.04050583
vn 0.9929656 0.08912059 0.07795417
vn 0.9879856 0.1516756 0.02964523
vn 0.9060592 0.4212077 0.04050583
vn 0.9790567 0.120619 0.1640096
vn 0.9929656 0.08912059 0.07795417
vn 0.9060592 0.4212077 0.04050583
vn 0.9879856 0.1516756 0.02964523
vn 0.9870842 0.136443 0.08395255
vn 0.9060592 0.4212077 0.04050583
vn 0.9870842 0.136443 0.08395255
vn 0.8622158 0.4979042 0.0931417
vn -0.08352821 0.9820796 0.1689458
vn 0.1233995 0.9826275 0.138621
vn 0.1169054 0.9784782 0.1700396
vn 0.9060592 0.4212077 0.04050583
vn 0.9140518 0.2910744 0.2824624
vn 0.9790567 0.120619 0.1640096
vn 0.9060592 0.4212077 0.04050583
vn 0.715443 0.6939041 0.0814757
vn 0.9140518 0.2910744 0.2824624
vn 0.9060592 0.4212077 0.04050583
vn 0.8622158 0.4979042 0.0931417
vn 0.715443 0.6939041 0.0814757
vn -0.8505352 0.5202023 0.07732677
vn -0.7492852 0.6539588 0.1044487
vn -0.6413704 0.7591868 0.1108127
vn -0.8505352 0.5202023 0.07732677
vn -0.6413704 0.7591868 0.1108127
vn -0.8040282 0.5842234 0.110552
vn 0.7964758 -0.58314 -0.1599186
vn 0.9080479 -0.4014331 -0.1195844
vn 0.8844452 -0.4564843 -0.09684398
vn 0.7964758 -0.58314 -0.1599186
vn 0.8844452 -0.4564843 -0.09684398
vn 0.8603014 -0.4977571 -0.1100882
vn -0.7754173 -0.5097312 0.3726957
vn -0.7754173 -0.5097312 0.3726957
vn -0.7754173 -0.5097312 0.3726957
vn 0.6781079 -0.7347485 -0.01773191
vn 0.5594983 -0.8252087 -0.07740978
vn 0.6951143 -0.7116599 -0.101766
vn 0.6951143 -0.7116599 -0.101766
vn 0.5594983 -0.8252087 -0.07740978
vn 0.386751 -0.9161472 -0.1053473
vn 0.6951143 -0.7116599 -0.101766
vn 0.386751 -0.9161472 -0.1053473
vn 0.4808705 -0.8589349 -0.1760523
vn 0.5594983 -0.8252087 -0.07740978
vn 0.4118449 -0.9112518 -0.002002921
vn 0.386751 -0.9161472 -0.1053473
vn 0.5594983 -0.8252087 -0.07740978
vn 0.4832567 -0.8741403 -0.0483907
vn 0.4118449 -0.9112518 -0.002002921
vn 0.7964758 -0.58314 -0.1599186
vn 0.8443956 -0.5102173 -0.1633232
vn 0.8443956 -0.5102173 -0.1633232
vn 0.7964758 -0.58314 -0.1599186
vn 0.4832567 -0.8741403 -0.0483907
vn 0.4272657 -0.9027707 -0.04948881
vn 0.8468349 -0.5310904 -0.02852301
vn 0.8844452 -0.4564843 -0.09684398
vn 0.9080479 -0.4014331 -0.1195844
vn 0.6781079 -0.7347485 -0.01773191
vn 0.6951143 -0.7116599 -0.101766
vn 0.8468349 -0.5310904 -0.02852301
vn 0.8468349 -0.5310904 -0.02852301
vn 0.865082 -0.4976499 -0.06306902
vn 0.8844452 -0.4564843 -0.09684398
vn 0.4808705 -0.8589349 -0.1760523
vn 0.7389306 -0.6558388 -0.1544574
vn 0.6951143 -0.7116599 -0.101766
vn 0.4808705 -0.8589349 -0.1760523
vn 0.4170895 -0.8843306 -0.2097516
vn 0.7389306 -0.6558388 -0.1544574
vn 0.6951143 -0.7116599 -0.101766
vn 0.7389306 -0.6558388 -0.1544574
vn 0.8774984 -0.4671624 -0.1084253
vn 0.6951143 -0.7116599 -0.101766
vn 0.8774984 -0.4671624 -0.1084253
vn 0.8468349 -0.5310904 -0.02852301
vn 0.8468349 -0.5310904 -0.02852301
vn 0.8774984 -0.4671624 -0.1084253
vn 0.8889828 -0.4486374 -0.09183736
vn 0.8468349 -0.5310904 -0.02852301
vn 0.8889828 -0.4486374 -0.09183736
vn 0.865082 -0.4976499 -0.06306902
vn 0.386751 -0.9161472 -0.1053473
vn 0.1639378 -0.967133 -0.1943658
vn 0.4808705 -0.8589349 -0.1760523
vn 0.1639378 -0.967133 -0.1943658
vn 0.4170895 -0.8843306 -0.2097516
vn 0.4808705 -0.8589349 -0.1760523
vn 0.386751 -0.9161472 -0.1053473
vn 0.08480913 -0.9930162 -0.08201356
vn 0.1639378 -0.967133 -0.1943658
vn 0.4118449 -0.9112518 -0.002002921
vn 0.08480913 -0.9930162 -0.08201356
vn 0.386751 -0.9161472 -0.1053473
vn 0.1812642 -0.9834322 -0.002108669
vn 0.1812642 -0.9834322 -0.002108669
vn 0.08480913 -0.9930162 -0.08201356
vn 0.1639378 -0.967133 -0.1943658
vn 0.06462847 -0.9934508 0.09422706
vn 0.4170895 -0.8843306 -0.2097516
vn 0.08480913 -0.9930162 -0.08201356
vn -0.1228335 -0.9735548 -0.1926211
vn 0.1639378 -0.967133 -0.1943658
vn -0.1228335 -0.9735548 -0.1926211
vn 0.06462847 -0.9934508 0.09422706
vn 0.1639378 -0.967133 -0.1943658
vn 0.08480913 -0.9930162 -0.08201356
vn -0.1187175 -0.9900965 -0.07493258
vn -0.1228335 -0.9735548 -0.1926211
vn 0 -1 -0.0002562668
vn -0.1187175 -0.9900965 -0.07493258
vn 0.08480913 -0.9930162 -0.08201356
vn 0 -1 -0.0002562668
vn 0.08480913 -0.9930162 -0.08201356
vn 0 -1 -0.0002562668
vn -0.1228335 -0.9735548 -0.1926211
vn -0.06606639 -0.9868799 0.1473202
vn 0.06462847 -0.9934508 0.09422706
vn -0.1228335 -0.9735548 -0.1926211
vn -0.1187175 -0.9900965 -0.07493258
vn -0.3798814 -0.9205382 -0.09110244
vn -0.1228335 -0.9735548 -0.1926211
vn -0.3798814 -0.9205382 -0.09110244
vn -0.4491407 -0.8766465 -0.172521
vn -0.4491407 -0.8766465 -0.172521
vn -0.3798814 -0.9205382 -0.09110244
vn -0.6417173 -0.7562609 -0.1275474
vn -0.4491407 -0.8766465 -0.172521
vn -0.6417173 -0.7562609 -0.1275474
vn -0.705974 -0.7014067 -0.0981284
vn -0.3798814 -0.9205382 -0.09110244
vn -0.5172055 -0.8556645 -0.01835003
vn -0.6417173 -0.7562609 -0.1275474
vn -0.3798814 -0.9205382 -0.09110244
vn -0.3581955 -0.933422 0.02047545
vn -0.5172055 -0.8556645 -0.01835003
vn -0.1187175 -0.9900965 -0.07493258
vn -0.1812642 -0.9834322 -0.002108655
vn -0.1812642 -0.9834322 -0.002108655
vn -0.1187175 -0.9900965 -0.07493258
vn -0.3581955 -0.933422 0.02047545
vn -0.3798814 -0.9205382 -0.09110244
vn -0.6417173 -0.7562609 -0.1275474
vn -0.7802345 -0.6241138 -0.0414277
vn -0.8112884 -0.5574419 -0.1762654
vn -0.6417173 -0.7562609 -0.1275474
vn -0.8112884 -0.5574419 -0.1762654
vn -0.7459477 -0.6371849 -0.1937973
vn -0.7812855 -0.6207343 -0.06543642
vn -0.7459477 -0.6371849 -0.1937973
vn -0.8112884 -0.5574419 -0.1762654
vn -0.6417173 -0.7562609 -0.1275474
vn -0.7459477 -0.6371849 -0.1937973
vn -0.7812855 -0.6207343 -0.06543642
vn -0.6417173 -0.7562609 -0.1275474
vn -0.7812855 -0.6207343 -0.06543642
vn -0.705974 -0.7014067 -0.0981284
vn -0.7812855 -0.6207343 -0.06543642
vn -0.9106538 -0.3890436 -0.1391214
vn -0.9106538 -0.3890436 -0.1391214
vn -0.7812855 -0.6207343 -0.06543642
vn -0.8243098 -0.5659227 -0.01564633
vn -0.705974 -0.7014067 -0.0981284
vn -0.7812855 -0.6207343 -0.06543642
vn -0.8967804 -0.4411542 -0.03417473
vn -0.8519567 -0.5232715 0.01888622
vn -0.7812855 -0.6207343 -0.06543642
vn -0.8519567 -0.5232715 0.01888622
vn -0.8243098 -0.5659227 -0.01564633
vn -0.705974 -0.7014067 -0.0981284
vn -0.3075663 -0.9487806 0.07223829
vn -0.4491407 -0.8766465 -0.172521
vn -0.705974 -0.7014067 -0.0981284
vn -0.7802134 -0.6151497 -0.1133928
vn -0.3075663 -0.9487806 0.07223829
vn -0.705974 -0.7014067 -0.0981284
vn -0.8243098 -0.5659227 -0.01564633
vn -0.8648801 -0.4935451 -0.09162756
vn -0.705974 -0.7014067 -0.0981284
vn -0.8648801 -0.4935451 -0.09162756
vn -0.7802134 -0.6151497 -0.1133928
vn -0.8826749 -0.4635361 -0.07758397
vn -0.8648801 -0.4935451 -0.09162756
vn -0.8243098 -0.5659227 -0.01564633
vn -0.8826749 -0.4635361 -0.07758397
vn -0.8243098 -0.5659227 -0.01564633
vn -0.8739277 -0.4801823 -0.07533599
vn -0.3075663 -0.9487806 0.07223829
vn -0.1228335 -0.9735548 -0.1926211
vn -0.4491407 -0.8766465 -0.172521
vn -0.3075663 -0.9487806 0.07223829
vn -0.06606639 -0.9868799 0.1473202
vn -0.1228335 -0.9735548 -0.1926211
vn 0.581982 0.7946652 -0.1726397
vn 0.7395653 0.6663968 -0.09464972
vn 0.6661225 0.7456138 -0.01846318
vn 0.581982 0.7946652 -0.1726397
vn 0.6661225 0.7456138 -0.01846318
vn 0.4692407 0.8794353 -0.08004232
vn 0.7395653 0.6663968 -0.09464972
vn 0.8331602 0.54992 0.05858501
vn 0.6661225 0.7456138 -0.01846318
vn 0.7395653 0.6663968 -0.09464972
vn 0.8823009 0.4706044 0.008755623
vn 0.8331602 0.54992 0.05858501
vn 0.8823009 0.4706044 0.008755623
vn 0.9270815 0.3458991 0.1444768
vn 0.8331602 0.54992 0.05858501
vn 0.8823009 0.4706044 0.008755623
vn 0.9580197 0.2760076 0.0775755
vn 0.9270815 0.3458991 0.1444768
vn 0.3809774 0.8892724 -0.2530825
vn 0.581982 0.7946652 -0.1726397
vn 0.4692407 0.8794353 -0.08004232
vn 0.3809774 0.8892724 -0.2530825
vn 0.4692407 0.8794353 -0.08004232
vn 0.142437 0.9804223 -0.1359547
vn 0.4205717 0.8433587 -0.3344629
vn 0.581982 0.7946652 -0.1726397
vn 0.3809774 0.8892724 -0.2530825
vn 0.4205717 0.8433587 -0.3344629
vn 0.5475422 0.7906466 -0.2739989
vn 0.581982 0.7946652 -0.1726397
vn 0.5475422 0.7906466 -0.2739989
vn 0.7395653 0.6663968 -0.09464972
vn 0.581982 0.7946652 -0.1726397
vn 0.5475422 0.7906466 -0.2739989
vn 0.7037711 0.6689234 -0.2392652
vn 0.7395653 0.6663968 -0.09464972
vn 0.7395653 0.6663968 -0.09464972
vn 0.7037711 0.6689234 -0.2392652
vn 0.8608841 0.4776708 -0.1752405
vn 0.7395653 0.6663968 -0.09464972
vn 0.8608841 0.4776708 -0.1752405
vn 0.8823009 0.4706044 0.008755623
vn 0.8608841 0.4776708 -0.1752405
vn 0.9580197 0.2760076 0.0775755
vn 0.8823009 0.4706044 0.008755623
vn 0.8608841 0.4776708 -0.1752405
vn 0.9686267 0.2085993 -0.1350873
vn 0.9580197 0.2760076 0.0775755
vn 0.9580197 0.2760076 0.0775755
vn 0.9718326 0.1295999 0.196838
vn 0.9270815 0.3458991 0.1444768
vn 0.9580197 0.2760076 0.0775755
vn 0.9942568 0.0005406244 0.1070191
vn 0.9718326 0.1295999 0.196838
vn 0.9686267 0.2085993 -0.1350873
vn 0.9942568 0.0005406244 0.1070191
vn 0.9580197 0.2760076 0.0775755
vn 0.9686267 0.2085993 -0.1350873
vn 0.9921544 -0.02906182 -0.1215939
vn 0.9942568 0.0005406244 0.1070191
vn 0.9942568 0.0005406244 0.1070191
vn 0.9921544 -0.02906182 -0.1215939
vn 0.9946765 -0.08031008 -0.06456681
vn 0.9942568 0.0005406244 0.1070191
vn 0.9946765 -0.08031008 -0.06456681
vn 0.9951517 -0.03653556 0.09131423
vn 0.9942568 0.0005406244 0.1070191
vn 0.9951517 -0.03653556 0.09131423
vn 0.9929656 0.08912059 0.07795417
vn 0.1309768 0.9025783 -0.4101188
vn 0.4205717 0.8433587 -0.3344629
vn 0.3809774 0.8892724 -0.2530825
vn 0.1309768 0.9025783 -0.4101188
vn 0.3809774 0.8892724 -0.2530825
vn 0.142437 0.9804223 -0.1359547
vn 0.1309768 0.9025783 -0.4101188
vn 0.302694 0.8491352 -0.4328344
vn 0.4205717 0.8433587 -0.3344629
vn 0.302694 0.8491352 -0.4328344
vn 0.5475422 0.7906466 -0.2739989
vn 0.4205717 0.8433587 -0.3344629
vn 0.302694 0.8491352 -0.4328344
vn 0.3870212 0.8110805 -0.438592
vn 0.5475422 0.7906466 -0.2739989
vn 0.3870212 0.8110805 -0.438592
vn 0.7037711 0.6689234 -0.2392652
vn 0.5475422 0.7906466 -0.2739989
vn 0.3870212 0.8110805 -0.438592
vn 0.6573953 0.5912291 -0.467204
vn 0.7037711 0.6689234 -0.2392652
vn 0.6573953 0.5912291 -0.467204
vn 0.8608841 0.4776708 -0.1752405
vn 0.7037711 0.6689234 -0.2392652
vn 0.802023 0.3374059 -0.4928656
vn 0.9686267 0.2085993 -0.1350873
vn 0.8608841 0.4776708 -0.1752405
vn 0.6573953 0.5912291 -0.467204
vn 0.802023 0.3374059 -0.4928656
vn 0.8608841 0.4776708 -0.1752405
vn 0.802023 0.3374059 -0.4928656
vn 0.8874672 0.09423082 -0.4511347
vn 0.9686267 0.2085993 -0.1350873
vn 0.8874672 0.09423082 -0.4511347
vn 0.9921544 -0.02906182 -0.1215939
vn 0.9686267 0.2085993 -0.1350873
vn 0.8874672 0.09423082 -0.4511347
vn 0.8967289 -0.05026812 -0.4397162
vn 0.9921544 -0.02906182 -0.1215939
vn 0.8967289 -0.05026812 -0.4397162
vn 0.9946765 -0.08031008 -0.06456681
vn 0.9921544 -0.02906182 -0.1215939
vn 0.8967289 -0.05026812 -0.4397162
vn 0.8536823 -0.1262484 -0.5052601
vn 0.9946765 -0.08031008 -0.06456681
vn 0.9790567 0.120619 0.1640096
vn 0.9718326 0.1295999 0.196838
vn 0.9942568 0.0005406244 0.1070191
vn 0.9790567 0.120619 0.1640096
vn 0.9942568 0.0005406244 0.1070191
vn 0.9929656 0.08912059 0.07795417
vn 0.1309768 0.9025783 -0.4101188
vn 0.142437 0.9804223 -0.1359547
vn -0.03435415 0.9514248 -0.3059587
vn -0.01745206 0.9922723 -0.1228456
vn -0.03435415 0.9514248 -0.3059587
vn 0.142437 0.9804223 -0.1359547
vn -0.5881953 0.7797564 -0.2144905
vn -0.5063825 0.854851 -0.1131658
vn -0.7051972 0.7083595 -0.03039206
vn -0.5881953 0.7797564 -0.2144905
vn -0.7051972 0.7083595 -0.03039206
vn -0.729619 0.6729815 -0.1214582
vn -0.729619 0.6729815 -0.1214582
vn -0.7051972 0.7083595 -0.03039206
vn -0.8541731 0.515924 0.06488983
vn -0.729619 0.6729815 -0.1214582
vn -0.8541731 0.515924 0.06488983
vn -0.8794687 0.475877 0.008710453
vn -0.8794687 0.475877 0.008710453
vn -0.8541731 0.515924 0.06488983
vn -0.9378805 0.3075047 0.1606893
vn -0.8794687 0.475877 0.008710453
vn -0.9378805 0.3075047 0.1606893
vn -0.9580768 0.2761241 0.07644711
vn -0.3484183 0.8989826 -0.2653954
vn -0.5063825 0.854851 -0.1131658
vn -0.5881953 0.7797564 -0.2144905
vn -0.3484183 0.8989826 -0.2653954
vn -0.2030999 0.9689173 -0.1412432
vn -0.5063825 0.854851 -0.1131658
vn -0.4529667 0.8231005 -0.3425299
vn -0.3484183 0.8989826 -0.2653954
vn -0.5881953 0.7797564 -0.2144905
vn -0.4529667 0.8231005 -0.3425299
vn -0.5881953 0.7797564 -0.2144905
vn -0.5625738 0.770421 -0.2999371
vn -0.5625738 0.770421 -0.2999371
vn -0.5881953 0.7797564 -0.2144905
vn -0.729619 0.6729815 -0.1214582
vn -0.5625738 0.770421 -0.2999371
vn -0.729619 0.6729815 -0.1214582
vn -0.6808929 0.6830764 -0.2641808
vn -0.729619 0.6729815 -0.1214582
vn -0.8794687 0.475877 0.008710453
vn -0.8495706 0.4937928 -0.1854684
vn -0.729619 0.6729815 -0.1214582
vn -0.8495706 0.4937928 -0.1854684
vn -0.6808929 0.6830764 -0.2641808
vn -0.8495706 0.4937928 -0.1854684
vn -0.8794687 0.475877 0.008710453
vn -0.9580768 0.2761241 0.07644711
vn -0.8495706 0.4937928 -0.1854684
vn -0.9580768 0.2761241 0.07644711
vn -0.9687443 0.2075042 -0.135928
vn -0.9580768 0.2761241 0.07644711
vn -0.9378805 0.3075047 0.1606893
vn -0.9720982 0.1012361 0.2116039
vn -0.9580768 0.2761241 0.07644711
vn -0.9720982 0.1012361 0.2116039
vn -0.9944598 -1.130397E-05 0.1051172
vn -0.9687443 0.2075042 -0.135928
vn -0.9580768 0.2761241 0.07644711
vn -0.9944598 -1.130397E-05 0.1051172
vn -0.9687443 0.2075042 -0.135928
vn -0.9944598 -1.130397E-05 0.1051172
vn -0.9913968 -0.03535897 -0.1260246
vn -0.9944598 -1.130397E-05 0.1051172
vn -0.9954707 -0.06757861 -0.06686771
vn -0.9913968 -0.03535897 -0.1260246
vn -0.9944598 -1.130397E-05 0.1051172
vn -0.9953502 -0.03683176 0.08900225
vn -0.9954707 -0.06757861 -0.06686771
vn -0.9690974 0.2124991 0.1252773
vn -0.9944598 -1.130397E-05 0.1051172
vn -0.9720982 0.1012361 0.2116039
vn -0.9690974 0.2124991 0.1252773
vn -0.9954764 0.01598421 0.09365559
vn -0.9944598 -1.130397E-05 0.1051172
vn -0.9954764 0.01598421 0.09365559
vn -0.9953502 -0.03683176 0.08900225
vn -0.9944598 -1.130397E-05 0.1051172
vn -0.1615606 0.9007327 -0.4032105
vn -0.3484183 0.8989826 -0.2653954
vn -0.4529667 0.8231005 -0.3425299
vn -0.1615606 0.9007327 -0.4032105
vn -0.4529667 0.8231005 -0.3425299
vn -0.3138964 0.8291053 -0.4626592
vn -0.3138964 0.8291053 -0.4626592
vn -0.4529667 0.8231005 -0.3425299
vn -0.5625738 0.770421 -0.2999371
vn -0.3138964 0.8291053 -0.4626592
vn -0.5625738 0.770421 -0.2999371
vn -0.4512091 0.79425 -0.4069119
vn -0.4512091 0.79425 -0.4069119
vn -0.5625738 0.770421 -0.2999371
vn -0.6808929 0.6830764 -0.2641808
vn -0.4512091 0.79425 -0.4069119
vn -0.6808929 0.6830764 -0.2641808
vn -0.6063138 0.6538423 -0.4526299
vn -0.6063138 0.6538423 -0.4526299
vn -0.6808929 0.6830764 -0.2641808
vn -0.8495706 0.4937928 -0.1854684
vn -0.773792 0.4048639 -0.4871665
vn -0.8495706 0.4937928 -0.1854684
vn -0.9687443 0.2075042 -0.135928
vn -0.6063138 0.6538423 -0.4526299
vn -0.8495706 0.4937928 -0.1854684
vn -0.773792 0.4048639 -0.4871665
vn -0.773792 0.4048639 -0.4871665
vn -0.9687443 0.2075042 -0.135928
vn -0.8549871 0.08316489 -0.5119381
vn -0.8549871 0.08316489 -0.5119381
vn -0.9687443 0.2075042 -0.135928
vn -0.9913968 -0.03535897 -0.1260246
vn -0.8549871 0.08316489 -0.5119381
vn -0.9913968 -0.03535897 -0.1260246
vn -0.9174269 -0.04352283 -0.395517
vn -0.9174269 -0.04352283 -0.395517
vn -0.9913968 -0.03535897 -0.1260246
vn -0.9954707 -0.06757861 -0.06686771
vn -0.9174269 -0.04352283 -0.395517
vn -0.9954707 -0.06757861 -0.06686771
vn -0.8536295 -0.08534337 -0.5138416
vn -0.03435415 0.9514248 -0.3059587
vn -0.3484183 0.8989826 -0.2653954
vn -0.1615606 0.9007327 -0.4032105
vn -0.03435415 0.9514248 -0.3059587
vn -0.2030999 0.9689173 -0.1412432
vn -0.3484183 0.8989826 -0.2653954
vn -0.2030999 0.9689173 -0.1412432
vn -0.03435415 0.9514248 -0.3059587
vn -0.01745206 0.9922723 -0.1228456
vn -0.07012091 0.8150525 -0.5751282
vn -0.1615606 0.9007327 -0.4032105
vn -0.3138964 0.8291053 -0.4626592
vn -0.07012091 0.8150525 -0.5751282
vn -0.3138964 0.8291053 -0.4626592
vn -0.201562 0.8398737 -0.5039691
vn -0.2468431 0.7786133 -0.5769141
vn -0.07012091 0.8150525 -0.5751282
vn -0.201562 0.8398737 -0.5039691
vn -0.2468431 0.7786133 -0.5769141
vn -0.201562 0.8398737 -0.5039691
vn -0.3138964 0.8291053 -0.4626592
vn -0.2468431 0.7786133 -0.5769141
vn -0.06212611 0.67917 -0.7313471
vn -0.07012091 0.8150525 -0.5751282
vn -0.3418704 0.5997289 -0.7234983
vn -0.06212611 0.67917 -0.7313471
vn -0.2468431 0.7786133 -0.5769141
vn -0.3418704 0.5997289 -0.7234983
vn -0.07134861 0.4934751 -0.8668286
vn -0.06212611 0.67917 -0.7313471
vn -0.2468431 0.7786133 -0.5769141
vn -0.3138964 0.8291053 -0.4626592
vn -0.4512091 0.79425 -0.4069119
vn -0.2468431 0.7786133 -0.5769141
vn -0.4512091 0.79425 -0.4069119
vn -0.6063138 0.6538423 -0.4526299
vn -0.2468431 0.7786133 -0.5769141
vn -0.6063138 0.6538423 -0.4526299
vn -0.3418704 0.5997289 -0.7234983
vn -0.4563689 0.3244084 -0.8285449
vn -0.07134861 0.4934751 -0.8668286
vn -0.3418704 0.5997289 -0.7234983
vn -0.4563689 0.3244084 -0.8285449
vn -0.1035698 0.2499653 -0.9626997
vn -0.07134861 0.4934751 -0.8668286
vn -0.4694943 0.07299557 -0.8799129
vn -0.1035698 0.2499653 -0.9626997
vn -0.4563689 0.3244084 -0.8285449
vn -0.4694943 0.07299557 -0.8799129
vn -0.1345972 -0.01413992 -0.9907995
vn -0.1035698 0.2499653 -0.9626997
vn -0.3418704 0.5997289 -0.7234983
vn -0.6063138 0.6538423 -0.4526299
vn -0.773792 0.4048639 -0.4871665
vn -0.3418704 0.5997289 -0.7234983
vn -0.773792 0.4048639 -0.4871665
vn -0.4563689 0.3244084 -0.8285449
vn -0.4563689 0.3244084 -0.8285449
vn -0.773792 0.4048639 -0.4871665
vn -0.8549871 0.08316489 -0.5119381
vn -0.4563689 0.3244084 -0.8285449
vn -0.8549871 0.08316489 -0.5119381
vn -0.4694943 0.07299557 -0.8799129
vn -0.5488295 -0.1175251 -0.8276316
vn -0.1345972 -0.01413992 -0.9907995
vn -0.4694943 0.07299557 -0.8799129
vn -0.5488295 -0.1175251 -0.8276316
vn -0.4694943 0.07299557 -0.8799129
vn -0.8549871 0.08316489 -0.5119381
vn -0.5488295 -0.1175251 -0.8276316
vn -0.1106613 -0.1013714 -0.9886748
vn -0.1345972 -0.01413992 -0.9907995
vn -0.5488295 -0.1175251 -0.8276316
vn -0.8549871 0.08316489 -0.5119381
vn -0.9174269 -0.04352283 -0.395517
vn -0.2193071 -0.1441357 -0.9649504
vn -0.1106613 -0.1013714 -0.9886748
vn -0.5488295 -0.1175251 -0.8276316
vn -0.2193071 -0.1441357 -0.9649504
vn -0.5488295 -0.1175251 -0.8276316
vn -0.5462058 -0.2297425 -0.8055294
vn -0.5488295 -0.1175251 -0.8276316
vn -0.9174269 -0.04352283 -0.395517
vn -0.8536295 -0.08534337 -0.5138416
vn -0.5488295 -0.1175251 -0.8276316
vn -0.8536295 -0.08534337 -0.5138416
vn -0.5462058 -0.2297425 -0.8055294
vn -0.07134861 0.4934751 -0.8668286
vn -0.1035698 0.2499653 -0.9626997
vn 0.08074076 0.3334953 -0.939288
vn -0.07134861 0.4934751 -0.8668286
vn 0.08074076 0.3334953 -0.939288
vn 0.02550765 0.5477349 -0.8362631
vn 0.2654964 0.5993751 -0.7551565
vn 0.02550765 0.5477349 -0.8362631
vn 0.08074076 0.3334953 -0.939288
vn 0.02561586 0.7212605 -0.6921902
vn 0.02550765 0.5477349 -0.8362631
vn 0.2654964 0.5993751 -0.7551565
vn 0.02561586 0.7212605 -0.6921902
vn 0.2654964 0.5993751 -0.7551565
vn 0.1649053 0.78531 -0.5967364
vn 0.1349279 0.8316213 -0.5387026
vn 0.02561586 0.7212605 -0.6921902
vn 0.1649053 0.78531 -0.5967364
vn 0.1349279 0.8316213 -0.5387026
vn 0.005497685 0.8176086 -0.5757481
vn 0.02561586 0.7212605 -0.6921902
vn 0.1309768 0.9025783 -0.4101188
vn 0.005497685 0.8176086 -0.5757481
vn 0.1349279 0.8316213 -0.5387026
vn 0.1309768 0.9025783 -0.4101188
vn 0.1349279 0.8316213 -0.5387026
vn 0.302694 0.8491352 -0.4328344
vn 0.1349279 0.8316213 -0.5387026
vn 0.1649053 0.78531 -0.5967364
vn 0.3870212 0.8110805 -0.438592
vn 0.1349279 0.8316213 -0.5387026
vn 0.3870212 0.8110805 -0.438592
vn 0.302694 0.8491352 -0.4328344
vn 0.2654964 0.5993751 -0.7551565
vn 0.3870212 0.8110805 -0.438592
vn 0.1649053 0.78531 -0.5967364
vn 0.2654964 0.5993751 -0.7551565
vn 0.6573953 0.5912291 -0.467204
vn 0.3870212 0.8110805 -0.438592
vn 0.2654964 0.5993751 -0.7551565
vn 0.08074076 0.3334953 -0.939288
vn 0.4532841 0.3145017 -0.8340397
vn 0.4532841 0.3145017 -0.8340397
vn 0.6573953 0.5912291 -0.467204
vn 0.2654964 0.5993751 -0.7551565
vn 0.4532841 0.3145017 -0.8340397
vn 0.08074076 0.3334953 -0.939288
vn 0.1247997 0.07247033 -0.9895318
vn 0.4532841 0.3145017 -0.8340397
vn 0.1247997 0.07247033 -0.9895318
vn 0.5686651 0.03752884 -0.8217126
vn 0.4532841 0.3145017 -0.8340397
vn 0.802023 0.3374059 -0.4928656
vn 0.6573953 0.5912291 -0.467204
vn 0.5686651 0.03752884 -0.8217126
vn 0.802023 0.3374059 -0.4928656
vn 0.4532841 0.3145017 -0.8340397
vn 0.5686651 0.03752884 -0.8217126
vn 0.8874672 0.09423082 -0.4511347
vn 0.802023 0.3374059 -0.4928656
vn 0.5686651 0.03752884 -0.8217126
vn 0.1247997 0.07247033 -0.9895318
vn 0.1725615 -0.1221823 -0.9773914
vn 0.5686651 0.03752884 -0.8217126
vn 0.1725615 -0.1221823 -0.9773914
vn 0.5856232 -0.1424691 -0.7979649
vn 0.5686651 0.03752884 -0.8217126
vn 0.5856232 -0.1424691 -0.7979649
vn 0.8967289 -0.05026812 -0.4397162
vn 0.5686651 0.03752884 -0.8217126
vn 0.8967289 -0.05026812 -0.4397162
vn 0.8874672 0.09423082 -0.4511347
vn 0.1725615 -0.1221823 -0.9773914
vn 0.4665872 -0.1943242 -0.8628641
vn 0.5856232 -0.1424691 -0.7979649
vn 0.1725615 -0.1221823 -0.9773914
vn 0.1283171 -0.09604575 -0.9870714
vn 0.4665872 -0.1943242 -0.8628641
vn 0.8536823 -0.1262484 -0.5052601
vn 0.8967289 -0.05026812 -0.4397162
vn 0.5856232 -0.1424691 -0.7979649
vn 0.8536823 -0.1262484 -0.5052601
vn 0.5856232 -0.1424691 -0.7979649
vn 0.4665872 -0.1943242 -0.8628641
vn -0.1345972 -0.01413992 -0.9907995
vn 0.1725615 -0.1221823 -0.9773914
vn 0.1247997 0.07247033 -0.9895318
vn -0.1035698 0.2499653 -0.9626997
vn -0.1345972 -0.01413992 -0.9907995
vn 0.1247997 0.07247033 -0.9895318
vn -0.1035698 0.2499653 -0.9626997
vn 0.1247997 0.07247033 -0.9895318
vn 0.08074076 0.3334953 -0.939288
vn -0.1345972 -0.01413992 -0.9907995
vn -0.1106613 -0.1013714 -0.9886748
vn 0.1725615 -0.1221823 -0.9773914
vn -0.1106613 -0.1013714 -0.9886748
vn 0.1283171 -0.09604575 -0.9870714
vn 0.1725615 -0.1221823 -0.9773914
vn -0.1106613 -0.1013714 -0.9886748
vn -0.2193071 -0.1441357 -0.9649504
vn 0.1283171 -0.09604575 -0.9870714
vn -0.03435415 0.9514248 -0.3059587
vn -0.1615606 0.9007327 -0.4032105
vn -0.07012091 0.8150525 -0.5751282
vn -0.03435415 0.9514248 -0.3059587
vn -0.07012091 0.8150525 -0.5751282
vn 0.005497685 0.8176086 -0.5757481
vn -0.07012091 0.8150525 -0.5751282
vn 0.02561586 0.7212605 -0.6921902
vn 0.005497685 0.8176086 -0.5757481
vn -0.07012091 0.8150525 -0.5751282
vn -0.06212611 0.67917 -0.7313471
vn 0.02561586 0.7212605 -0.6921902
vn -0.06212611 0.67917 -0.7313471
vn 0.02550765 0.5477349 -0.8362631
vn 0.02561586 0.7212605 -0.6921902
vn -0.06212611 0.67917 -0.7313471
vn -0.07134861 0.4934751 -0.8668286
vn 0.02550765 0.5477349 -0.8362631
vn 0.1309768 0.9025783 -0.4101188
vn -0.03435415 0.9514248 -0.3059587
vn 0.005497685 0.8176086 -0.5757481
vn 0.06462847 -0.9934508 0.09422706
vn 0.02218548 -0.9307399 0.3650081
vn 0.07172107 -0.9172573 0.3917844
vn 0.06462847 -0.9934508 0.09422706
vn 0.07172107 -0.9172573 0.3917844
vn 0.1087435 -0.9129058 0.3934183
vn 0.1087435 -0.9129058 0.3934183
vn 0.07172107 -0.9172573 0.3917844
vn 0.1524192 -0.908657 0.3887297
vn 0.1087435 -0.9129058 0.3934183
vn 0.1524192 -0.908657 0.3887297
vn 0.1733239 -0.9095815 0.3776512
vn 0.1733239 -0.9095815 0.3776512
vn 0.1524192 -0.908657 0.3887297
vn 0.1678151 -0.9108039 0.3771926
vn 0.1733239 -0.9095815 0.3776512
vn 0.1678151 -0.9108039 0.3771926
vn 0.1615242 -0.9123957 0.3760905
vn 0.1615242 -0.9123957 0.3760905
vn 0.1678151 -0.9108039 0.3771926
vn 0.1580086 -0.9184479 0.362611
vn 0.1615242 -0.9123957 0.3760905
vn 0.1580086 -0.9184479 0.362611
vn 0.1566909 -0.9210145 0.3566233
vn -0.06606639 -0.9868799 0.1473202
vn 0.02218548 -0.9307399 0.3650081
vn 0.06462847 -0.9934508 0.09422706
vn -0.06606639 -0.9868799 0.1473202
vn -0.03985609 -0.9267403 0.3735823
vn 0.02218548 -0.9307399 0.3650081
vn -0.3075663 -0.9487806 0.07223829
vn -0.03985609 -0.9267403 0.3735823
vn -0.06606639 -0.9868799 0.1473202
vn -0.3075663 -0.9487806 0.07223829
vn -0.1170103 -0.9138654 0.388791
vn -0.03985609 -0.9267403 0.3735823
vn -0.1453966 -0.9097866 0.3887776
vn -0.1170103 -0.9138654 0.388791
vn -0.3075663 -0.9487806 0.07223829
vn -0.1453966 -0.9097866 0.3887776
vn -0.1686832 -0.9123307 0.3730935
vn -0.1170103 -0.9138654 0.388791
vn -0.1704215 -0.91016 0.3775783
vn -0.1686832 -0.9123307 0.3730935
vn -0.1753459 -0.9109779 0.373327
vn -0.1704215 -0.91016 0.3775783
vn -0.1624333 -0.9118472 0.377028
vn -0.1686832 -0.9123307 0.3730935
vn -0.1609026 -0.9131061 0.3746299
vn -0.1624333 -0.9118472 0.377028
vn -0.1609232 -0.9131082 0.3746161
vn -0.1609026 -0.9131061 0.3746299
vn -0.1559048 -0.9234238 0.3506883
vn -0.1624333 -0.9118472 0.377028
vn -0.1533749 -0.9283395 0.3386178
vn -0.1559048 -0.9234238 0.3506883
vn -0.1533698 -0.9283385 0.3386229
vn -0.1533749 -0.9283395 0.3386178
vn -0.1657591 -0.9154381 0.3667384
vn -0.1559048 -0.9234238 0.3506883
vn -0.1718804 -0.9086047 0.3806503
vn -0.1657591 -0.9154381 0.3667384
vn -0.1565242 -0.9092697 0.3856538
vn -0.1718804 -0.9086047 0.3806503
vn -0.2133941 -0.9180513 0.3341329
vn -0.1657591 -0.9154381 0.3667384
vn -0.2262968 -0.9223629 0.3131076
vn -0.2133941 -0.9180513 0.3341329
vn -0.2076421 -0.9264292 0.3140281
vn -0.2262968 -0.9223629 0.3131076
vn -0.0944558 -0.9364933 0.3377253
vn -0.2133941 -0.9180513 0.3341329
vn -0.01677765 -0.9374361 0.347753
vn -0.0944558 -0.9364933 0.3377253
vn -0.2121661 -0.8949991 0.3923801
vn -0.01677765 -0.9374361 0.347753
vn 0.02353452 -0.9684176 0.2482204
vn -0.0944558 -0.9364933 0.3377253
vn -0.05459085 -0.9726924 0.2255867
vn 0.02353452 -0.9684176 0.2482204
vn -0.05323999 -0.9731095 0.2241055
vn -0.05459085 -0.9726924 0.2255867
vn -0.01865367 -0.973205 0.2291813
vn 0.02353452 -0.9684176 0.2482204
vn 3.331052E-09 -0.9731626 0.2301186
vn -0.01865367 -0.973205 0.2291813
vn 6.662104E-09 -0.9731626 0.2301186
vn 3.331052E-09 -0.9731626 0.2301186
vn 0.03633337 -0.9732001 0.2270714
vn -0.01865367 -0.973205 0.2291813
vn 0.05448198 -0.9727338 0.2254346
vn 0.03633337 -0.9732001 0.2270714
vn 0.05447756 -0.9723402 0.2271272
vn 0.05448198 -0.9727338 0.2254346
vn 0.07640097 -0.9413665 0.3286214
vn 0.03633337 -0.9732001 0.2270714
vn 0.08715209 -0.920768 0.380251
vn 0.07640097 -0.9413665 0.3286214
vn 0.01972151 -0.9719594 0.2343206
vn 0.08715209 -0.920768 0.380251
vn 0.2062486 -0.9060441 0.3695208
vn 0.07640097 -0.9413665 0.3286214
vn 0.2311541 -0.9278444 0.2926987
vn 0.2062486 -0.9060441 0.3695208
vn 0.2453039 -0.9213309 0.3016212
vn 0.2311541 -0.9278444 0.2926987
vn 0.185932 -0.9184464 0.3491211
vn 0.2062486 -0.9060441 0.3695208
vn 0.1700489 -0.9087498 0.381126
vn 0.185932 -0.9184464 0.3491211
vn 0.1842269 -0.9050043 0.3834418
vn 0.1700489 -0.9087498 0.381126
vn 0.1540007 -0.9232247 0.352051
vn 0.185932 -0.9184464 0.3491211
vn 0.1531378 -0.9283655 0.3386538
vn 0.1540007 -0.9232247 0.352051
vn 0.1531378 -0.9283655 0.3386538
vn 0.1566909 -0.9210145 0.3566233
vn 0.1580086 -0.9184479 0.362611
vn 0.1540007 -0.9232247 0.352051
vt 0.649422 0.264484
vt 0.630591 0.267118
vt 0.628928 0.273473
vt 0.649422 0.264484
vt 0.628928 0.273473
vt 0.636506 0.276372
vt 0.622478 0.275356
vt 0.636506 0.276372
vt 0.628928 0.273473
vt 0.622478 0.275356
vt 0.629162 0.281095
vt 0.636506 0.276372
vt 0.613398 0.278195
vt 0.629162 0.281095
vt 0.622478 0.275356
vt 0.613398 0.278195
vt 0.620745 0.286507
vt 0.629162 0.281095
vt 0.628928 0.273473
vt 0.62143 0.270564
vt 0.622478 0.275356
vt 0.613398 0.278195
vt 0.622478 0.275356
vt 0.62143 0.270564
vt 0.613398 0.278195
vt 0.62143 0.270564
vt 0.611621 0.271732
vt 0.610789 0.265619
vt 0.611621 0.271732
vt 0.62143 0.270564
vt 0.610789 0.265619
vt 0.62143 0.270564
vt 0.620756 0.266335
vt 0.628928 0.273473
vt 0.630591 0.267118
vt 0.620756 0.266335
vt 0.628928 0.273473
vt 0.620756 0.266335
vt 0.62143 0.270564
vt 0.603759 0.279895
vt 0.620745 0.286507
vt 0.613398 0.278195
vt 0.603759 0.279895
vt 0.610877 0.291405
vt 0.620745 0.286507
vt 0.594309 0.281228
vt 0.610877 0.291405
vt 0.603759 0.279895
vt 0.594309 0.281228
vt 0.600905 0.295283
vt 0.610877 0.291405
vt 0.613398 0.278195
vt 0.611621 0.271732
vt 0.602226 0.27287
vt 0.613398 0.278195
vt 0.602226 0.27287
vt 0.603759 0.279895
vt 0.603759 0.279895
vt 0.602226 0.27287
vt 0.592915 0.273197
vt 0.603759 0.279895
vt 0.592915 0.273197
vt 0.594309 0.281228
vt 0.585218 0.28551
vt 0.600905 0.295283
vt 0.594309 0.281228
vt 0.592915 0.273197
vt 0.585218 0.28551
vt 0.594309 0.281228
vt 0.585218 0.28551
vt 0.589776 0.298907
vt 0.600905 0.295283
vt 0.592915 0.273197
vt 0.583649 0.274964
vt 0.585218 0.28551
vt 0.583649 0.274964
vt 0.57623 0.290352
vt 0.585218 0.28551
vt 0.589776 0.298907
vt 0.585218 0.28551
vt 0.57623 0.290352
vt 0.583649 0.274964
vt 0.572868 0.277521
vt 0.57623 0.290352
vt 0.589776 0.298907
vt 0.57623 0.290352
vt 0.579324 0.303657
vt 0.611621 0.271732
vt 0.610789 0.265619
vt 0.601878 0.265134
vt 0.611621 0.271732
vt 0.601878 0.265134
vt 0.602226 0.27287
vt 0.620756 0.266335
vt 0.610939 0.260831
vt 0.610789 0.265619
vt 0.620756 0.266335
vt 0.620925 0.260929
vt 0.610939 0.260831
vt 0.630591 0.267118
vt 0.620925 0.260929
vt 0.620756 0.266335
vt 0.630591 0.267118
vt 0.630792 0.261094
vt 0.620925 0.260929
vt 0.621855 0.256654
vt 0.620925 0.260929
vt 0.630792 0.261094
vt 0.621855 0.256654
vt 0.610939 0.260831
vt 0.620925 0.260929
vt 0.621855 0.256654
vt 0.630792 0.261094
vt 0.629502 0.254323
vt 0.621855 0.256654
vt 0.61215 0.254748
vt 0.610939 0.260831
vt 0.614326 0.248441
vt 0.61215 0.254748
vt 0.621855 0.256654
vt 0.614326 0.248441
vt 0.621855 0.256654
vt 0.623196 0.251957
vt 0.621855 0.256654
vt 0.629502 0.254323
vt 0.623196 0.251957
vt 0.629502 0.254323
vt 0.63021 0.246866
vt 0.623196 0.251957
vt 0.629502 0.254323
vt 0.63719 0.252064
vt 0.63021 0.246866
vt 0.63719 0.252064
vt 0.629502 0.254323
vt 0.630792 0.261094
vt 0.623196 0.251957
vt 0.63021 0.246866
vt 0.622158 0.240716
vt 0.623196 0.251957
vt 0.622158 0.240716
vt 0.614326 0.248441
vt 0.614326 0.248441
vt 0.622158 0.240716
vt 0.612658 0.235089
vt 0.614326 0.248441
vt 0.612658 0.235089
vt 0.604827 0.246014
vt 0.604827 0.246014
vt 0.612658 0.235089
vt 0.602964 0.230465
vt 0.604827 0.246014
vt 0.602964 0.230465
vt 0.595495 0.243964
vt 0.614326 0.248441
vt 0.604827 0.246014
vt 0.602856 0.252899
vt 0.614326 0.248441
vt 0.602856 0.252899
vt 0.61215 0.254748
vt 0.604827 0.246014
vt 0.595495 0.243964
vt 0.593593 0.251862
vt 0.604827 0.246014
vt 0.593593 0.251862
vt 0.602856 0.252899
vt 0.595495 0.243964
vt 0.602964 0.230465
vt 0.592104 0.226003
vt 0.595495 0.243964
vt 0.592104 0.226003
vt 0.58671 0.239001
vt 0.593593 0.251862
vt 0.595495 0.243964
vt 0.58671 0.239001
vt 0.593593 0.251862
vt 0.58671 0.239001
vt 0.58447 0.249391
vt 0.582025 0.220461
vt 0.58671 0.239001
vt 0.592104 0.226003
vt 0.582025 0.220461
vt 0.578005 0.233523
vt 0.58671 0.239001
vt 0.58671 0.239001
vt 0.578005 0.233523
vt 0.57389 0.246014
vt 0.58671 0.239001
vt 0.57389 0.246014
vt 0.58447 0.249391
vt 0.60202 0.260611
vt 0.61215 0.254748
vt 0.602856 0.252899
vt 0.60202 0.260611
vt 0.610939 0.260831
vt 0.61215 0.254748
vt 0.610789 0.265619
vt 0.610939 0.260831
vt 0.60202 0.260611
vt 0.610789 0.265619
vt 0.60202 0.260611
vt 0.601878 0.265134
vt 0.329814 0.163063
vt 0.331921 0.1855
vt 0.359138 0.185077
vt 0.329814 0.163063
vt 0.359138 0.185077
vt 0.356831 0.160795
vt 0.356831 0.160795
vt 0.359138 0.185077
vt 0.388946 0.183306
vt 0.356831 0.160795
vt 0.388946 0.183306
vt 0.383512 0.154347
vt 0.388946 0.183306
vt 0.414485 0.14539
vt 0.383512 0.154347
vt 0.388946 0.183306
vt 0.420289 0.175205
vt 0.414485 0.14539
vt 0.331921 0.1855
vt 0.35937 0.198591
vt 0.359138 0.185077
vt 0.331921 0.1855
vt 0.332151 0.198664
vt 0.35937 0.198591
vt 0.359138 0.185077
vt 0.35937 0.198591
vt 0.389207 0.199875
vt 0.359138 0.185077
vt 0.389207 0.199875
vt 0.388946 0.183306
vt 0.35937 0.198591
vt 0.332151 0.198664
vt 0.330813 0.221199
vt 0.35937 0.198591
vt 0.330813 0.221199
vt 0.357881 0.2229
vt 0.389207 0.199875
vt 0.35937 0.198591
vt 0.357881 0.2229
vt 0.389207 0.199875
vt 0.357881 0.2229
vt 0.384747 0.228792
vt 0.384747 0.228792
vt 0.420734 0.20723
vt 0.389207 0.199875
vt 0.388946 0.183306
vt 0.389207 0.199875
vt 0.420734 0.20723
vt 0.388946 0.183306
vt 0.420734 0.20723
vt 0.420289 0.175205
vt 0.384747 0.228792
vt 0.415977 0.237106
vt 0.420734 0.20723
vt 0.63719 0.252064
vt 0.630792 0.261094
vt 0.649422 0.264484
vt 0.649422 0.264484
vt 0.630792 0.261094
vt 0.630591 0.267118
vt 0.472489 0.191418
vt 0.464992 0.189529
vt 0.471075 0.199051
vt 0.464992 0.189529
vt 0.472489 0.191418
vt 0.472154 0.189818
vt 0.481484 0.193819
vt 0.472154 0.189818
vt 0.472489 0.191418
vt 0.482851 0.191919
vt 0.472154 0.189818
vt 0.481484 0.193819
vt 0.482851 0.191919
vt 0.472607 0.187356
vt 0.472154 0.189818
vt 0.472607 0.187356
vt 0.463902 0.187797
vt 0.472154 0.189818
vt 0.464992 0.189529
vt 0.472154 0.189818
vt 0.463902 0.187797
vt 0.472607 0.187356
vt 0.463226 0.185138
vt 0.463902 0.187797
vt 0.463226 0.185138
vt 0.425629 0.185328
vt 0.463902 0.187797
vt 0.489056 0.200774
vt 0.482851 0.191919
vt 0.481484 0.193819
vt 0.489056 0.200774
vt 0.481484 0.193819
vt 0.487067 0.202069
vt 0.492195 0.207323
vt 0.489056 0.200774
vt 0.487067 0.202069
vt 0.492195 0.207323
vt 0.487067 0.202069
vt 0.489511 0.208183
vt 0.492195 0.207323
vt 0.489511 0.208183
vt 0.490679 0.213242
vt 0.492195 0.207323
vt 0.490679 0.213242
vt 0.493701 0.21273
vt 0.481484 0.193819
vt 0.472489 0.191418
vt 0.478954 0.194716
vt 0.478954 0.194716
vt 0.487067 0.202069
vt 0.481484 0.193819
vt 0.463902 0.187797
vt 0.425629 0.185328
vt 0.431979 0.188617
vt 0.463902 0.187797
vt 0.431979 0.188617
vt 0.464992 0.189529
vt 0.489511 0.208183
vt 0.486819 0.213253
vt 0.490679 0.213242
vt 0.489511 0.208183
vt 0.485635 0.208149
vt 0.486819 0.213253
vt 0.477827 0.213043
vt 0.486819 0.213253
vt 0.485635 0.208149
vt 0.477827 0.213043
vt 0.485635 0.208149
vt 0.476333 0.207206
vt 0.476333 0.207206
vt 0.456971 0.214198
vt 0.477827 0.213043
vt 0.476333 0.207206
vt 0.45376 0.205846
vt 0.456971 0.214198
vt 0.471075 0.199051
vt 0.45376 0.205846
vt 0.476333 0.207206
vt 0.471075 0.199051
vt 0.464992 0.189529
vt 0.431979 0.188617
vt 0.471075 0.199051
vt 0.443911 0.19676
vt 0.45376 0.205846
vt 0.471075 0.199051
vt 0.431979 0.188617
vt 0.443911 0.19676
vt 0.476333 0.207206
vt 0.485635 0.208149
vt 0.483309 0.20188
vt 0.476333 0.207206
vt 0.483309 0.20188
vt 0.471075 0.199051
vt 0.483309 0.20188
vt 0.485635 0.208149
vt 0.489511 0.208183
vt 0.483309 0.20188
vt 0.489511 0.208183
vt 0.487067 0.202069
vt 0.478954 0.194716
vt 0.483309 0.20188
vt 0.487067 0.202069
vt 0.477827 0.213043
vt 0.456971 0.214198
vt 0.456987 0.222183
vt 0.477827 0.213043
vt 0.456987 0.222183
vt 0.477827 0.223319
vt 0.486819 0.213253
vt 0.477827 0.213043
vt 0.477827 0.223319
vt 0.477827 0.223319
vt 0.456987 0.222183
vt 0.453835 0.2305
vt 0.477827 0.223319
vt 0.453835 0.2305
vt 0.476338 0.229144
vt 0.476338 0.229144
vt 0.453835 0.2305
vt 0.444105 0.239541
vt 0.476338 0.229144
vt 0.444105 0.239541
vt 0.471122 0.237282
vt 0.485827 0.228197
vt 0.477827 0.223319
vt 0.476338 0.229144
vt 0.485827 0.228197
vt 0.486811 0.223114
vt 0.477827 0.223319
vt 0.483747 0.234509
vt 0.485827 0.228197
vt 0.476338 0.229144
vt 0.483747 0.234509
vt 0.476338 0.229144
vt 0.471122 0.237282
vt 0.472519 0.245678
vt 0.483747 0.234509
vt 0.471122 0.237282
vt 0.472519 0.245678
vt 0.480536 0.241691
vt 0.483747 0.234509
vt 0.481559 0.242582
vt 0.480536 0.241691
vt 0.472519 0.245678
vt 0.481559 0.242582
vt 0.472519 0.245678
vt 0.472215 0.246535
vt 0.472619 0.248985
vt 0.481559 0.242582
vt 0.472215 0.246535
vt 0.472619 0.248985
vt 0.482916 0.244473
vt 0.481559 0.242582
vt 0.463286 0.251167
vt 0.472619 0.248985
vt 0.472215 0.246535
vt 0.463286 0.251167
vt 0.472215 0.246535
vt 0.463965 0.248521
vt 0.463965 0.248521
vt 0.425856 0.251013
vt 0.463286 0.251167
vt 0.482916 0.244473
vt 0.487034 0.234323
vt 0.481559 0.242582
vt 0.480536 0.241691
vt 0.481559 0.242582
vt 0.487034 0.234323
vt 0.480536 0.241691
vt 0.487034 0.234323
vt 0.483747 0.234509
vt 0.482916 0.244473
vt 0.489031 0.235619
vt 0.487034 0.234323
vt 0.489031 0.235619
vt 0.489496 0.228192
vt 0.487034 0.234323
vt 0.486811 0.223114
vt 0.485827 0.228197
vt 0.489496 0.228192
vt 0.483747 0.234509
vt 0.487034 0.234323
vt 0.489496 0.228192
vt 0.483747 0.234509
vt 0.489496 0.228192
vt 0.485827 0.228197
vt 0.489031 0.235619
vt 0.492183 0.229055
vt 0.489496 0.228192
vt 0.493697 0.223642
vt 0.489496 0.228192
vt 0.492183 0.229055
vt 0.493697 0.223642
vt 0.490673 0.223128
vt 0.489496 0.228192
vt 0.490679 0.213242
vt 0.490673 0.223128
vt 0.493697 0.223642
vt 0.490679 0.213242
vt 0.493697 0.223642
vt 0.493701 0.21273
vt 0.486819 0.213253
vt 0.490673 0.223128
vt 0.490679 0.213242
vt 0.486819 0.213253
vt 0.486811 0.223114
vt 0.490673 0.223128
vt 0.486811 0.223114
vt 0.489496 0.228192
vt 0.490673 0.223128
vt 0.465056 0.246797
vt 0.425856 0.251013
vt 0.463965 0.248521
vt 0.465056 0.246797
vt 0.432141 0.247737
vt 0.425856 0.251013
vt 0.465056 0.246797
vt 0.463965 0.248521
vt 0.472215 0.246535
vt 0.465056 0.246797
vt 0.472215 0.246535
vt 0.472519 0.245678
vt 0.486819 0.213253
vt 0.477827 0.223319
vt 0.486811 0.223114
vt 0.465056 0.246797
vt 0.444105 0.239541
vt 0.432141 0.247737
vt 0.465056 0.246797
vt 0.471122 0.237282
vt 0.444105 0.239541
vt 0.465056 0.246797
vt 0.472519 0.245678
vt 0.471122 0.237282
vt 0.472489 0.191418
vt 0.471075 0.199051
vt 0.483309 0.20188
vt 0.472489 0.191418
vt 0.483309 0.20188
vt 0.478954 0.194716
vt 0.484182 0.169437
vt 0.474927 0.173023
vt 0.472067 0.178015
vt 0.484182 0.169437
vt 0.472067 0.178015
vt 0.485765 0.172572
vt 0.474927 0.173023
vt 0.484182 0.169437
vt 0.485975 0.166707
vt 0.474927 0.173023
vt 0.485975 0.166707
vt 0.473898 0.168743
vt 0.473898 0.168743
vt 0.485975 0.166707
vt 0.488695 0.160785
vt 0.473898 0.168743
vt 0.488695 0.160785
vt 0.478614 0.161232
vt 0.485975 0.166707
vt 0.491173 0.160683
vt 0.488695 0.160785
vt 0.485975 0.166707
vt 0.489474 0.16648
vt 0.491173 0.160683
vt 0.484182 0.169437
vt 0.485765 0.172572
vt 0.489474 0.16648
vt 0.484182 0.169437
vt 0.489474 0.16648
vt 0.485975 0.166707
vt 0.47 0.173947
vt 0.472067 0.178015
vt 0.474927 0.173023
vt 0.474927 0.173023
vt 0.473898 0.168743
vt 0.47 0.173947
vt 0.47 0.173947
vt 0.466583 0.179049
vt 0.472067 0.178015
vt 0.478614 0.161232
vt 0.446796 0.169641
vt 0.473898 0.168743
vt 0.478614 0.161232
vt 0.455282 0.161987
vt 0.446796 0.169641
vt 0.473898 0.168743
vt 0.446796 0.169641
vt 0.440411 0.174317
vt 0.473898 0.168743
vt 0.440411 0.174317
vt 0.47 0.173947
vt 0.47 0.173947
vt 0.440411 0.174317
vt 0.432933 0.179479
vt 0.47 0.173947
vt 0.432933 0.179479
vt 0.466583 0.179049
vt 0.488695 0.160785
vt 0.480394 0.156362
vt 0.478614 0.161232
vt 0.480394 0.156362
vt 0.455282 0.161987
vt 0.478614 0.161232
vt 0.488695 0.160785
vt 0.489557 0.15621
vt 0.480394 0.156362
vt 0.491173 0.160683
vt 0.489557 0.15621
vt 0.488695 0.160785
vt 0.491173 0.160683
vt 0.491771 0.156151
vt 0.489557 0.15621
vt 0.480394 0.156362
vt 0.458125 0.156329
vt 0.455282 0.161987
vt 0.489557 0.15621
vt 0.480388 0.146758
vt 0.480394 0.156362
vt 0.480388 0.146758
vt 0.458125 0.156329
vt 0.480394 0.156362
vt 0.489557 0.15621
vt 0.489551 0.146904
vt 0.480388 0.146758
vt 0.491765 0.146962
vt 0.489551 0.146904
vt 0.489557 0.15621
vt 0.491765 0.146962
vt 0.489557 0.15621
vt 0.491771 0.156151
vt 0.480388 0.146758
vt 0.458116 0.146806
vt 0.458125 0.156329
vt 0.480388 0.146758
vt 0.489551 0.146904
vt 0.488685 0.14233
vt 0.480388 0.146758
vt 0.488685 0.14233
vt 0.478602 0.141888
vt 0.478602 0.141888
vt 0.488685 0.14233
vt 0.485958 0.136408
vt 0.478602 0.141888
vt 0.485958 0.136408
vt 0.473874 0.134378
vt 0.488685 0.14233
vt 0.489458 0.136633
vt 0.485958 0.136408
vt 0.488685 0.14233
vt 0.491163 0.142431
vt 0.489458 0.136633
vt 0.489551 0.146904
vt 0.491765 0.146962
vt 0.491163 0.142431
vt 0.489551 0.146904
vt 0.491163 0.142431
vt 0.488685 0.14233
vt 0.485958 0.136408
vt 0.489458 0.136633
vt 0.485742 0.130541
vt 0.485958 0.136408
vt 0.485742 0.130541
vt 0.484162 0.133677
vt 0.474898 0.130095
vt 0.484162 0.133677
vt 0.485742 0.130541
vt 0.485958 0.136408
vt 0.484162 0.133677
vt 0.474898 0.130095
vt 0.485958 0.136408
vt 0.474898 0.130095
vt 0.473874 0.134378
vt 0.474898 0.130095
vt 0.485742 0.130541
vt 0.472031 0.125101
vt 0.474898 0.130095
vt 0.469967 0.129173
vt 0.473874 0.134378
vt 0.474898 0.130095
vt 0.472031 0.125101
vt 0.46654 0.12407
vt 0.474898 0.130095
vt 0.46654 0.12407
vt 0.469967 0.129173
vt 0.473874 0.134378
vt 0.455262 0.141149
vt 0.478602 0.141888
vt 0.473874 0.134378
vt 0.446759 0.133501
vt 0.455262 0.141149
vt 0.473874 0.134378
vt 0.469967 0.129173
vt 0.440359 0.12883
vt 0.473874 0.134378
vt 0.440359 0.12883
vt 0.446759 0.133501
vt 0.432939 0.123849
vt 0.440359 0.12883
vt 0.469967 0.129173
vt 0.432939 0.123849
vt 0.469967 0.129173
vt 0.46654 0.12407
vt 0.455262 0.141149
vt 0.480388 0.146758
vt 0.478602 0.141888
vt 0.455262 0.141149
vt 0.458116 0.146806
vt 0.480388 0.146758
vt 0.901978 0.277803
vt 0.894131 0.274527
vt 0.896447 0.268872
vt 0.901978 0.277803
vt 0.896447 0.268872
vt 0.904844 0.273325
vt 0.894131 0.274527
vt 0.886675 0.26466
vt 0.896447 0.268872
vt 0.894131 0.274527
vt 0.884181 0.272088
vt 0.886675 0.26466
vt 0.884181 0.272088
vt 0.876657 0.261755
vt 0.886675 0.26466
vt 0.884181 0.272088
vt 0.874452 0.270437
vt 0.876657 0.261755
vt 0.90795 0.281713
vt 0.901978 0.277803
vt 0.904844 0.273325
vt 0.90795 0.281713
vt 0.904844 0.273325
vt 0.910713 0.278073
vt 0.903658 0.285296
vt 0.901978 0.277803
vt 0.90795 0.281713
vt 0.903658 0.285296
vt 0.899042 0.284126
vt 0.901978 0.277803
vt 0.899042 0.284126
vt 0.894131 0.274527
vt 0.901978 0.277803
vt 0.899042 0.284126
vt 0.892005 0.28276
vt 0.894131 0.274527
vt 0.894131 0.274527
vt 0.892005 0.28276
vt 0.882767 0.281415
vt 0.894131 0.274527
vt 0.882767 0.281415
vt 0.884181 0.272088
vt 0.882767 0.281415
vt 0.874452 0.270437
vt 0.884181 0.272088
vt 0.882767 0.281415
vt 0.872983 0.280694
vt 0.874452 0.270437
vt 0.874452 0.270437
vt 0.865125 0.259551
vt 0.876657 0.261755
vt 0.874452 0.270437
vt 0.863103 0.269781
vt 0.865125 0.259551
vt 0.872983 0.280694
vt 0.863103 0.269781
vt 0.874452 0.270437
vt 0.872983 0.280694
vt 0.861568 0.28056
vt 0.863103 0.269781
vt 0.863103 0.269781
vt 0.861568 0.28056
vt 0.849475 0.28036
vt 0.863103 0.269781
vt 0.849475 0.28036
vt 0.850897 0.269897
vt 0.863103 0.269781
vt 0.850897 0.269897
vt 0.851908 0.265908
vt 0.915394 0.29103
vt 0.903658 0.285296
vt 0.90795 0.281713
vt 0.915394 0.29103
vt 0.90795 0.281713
vt 0.910713 0.278073
vt 0.915394 0.29103
vt 0.906245 0.293253
vt 0.903658 0.285296
vt 0.906245 0.293253
vt 0.899042 0.284126
vt 0.903658 0.285296
vt 0.906245 0.293253
vt 0.90087 0.294128
vt 0.899042 0.284126
vt 0.90087 0.294128
vt 0.892005 0.28276
vt 0.899042 0.284126
vt 0.90087 0.294128
vt 0.893771 0.295499
vt 0.892005 0.28276
vt 0.893771 0.295499
vt 0.882767 0.281415
vt 0.892005 0.28276
vt 0.882622 0.297283
vt 0.872983 0.280694
vt 0.882767 0.281415
vt 0.893771 0.295499
vt 0.882622 0.297283
vt 0.882767 0.281415
vt 0.882622 0.297283
vt 0.871434 0.297713
vt 0.872983 0.280694
vt 0.871434 0.297713
vt 0.861568 0.28056
vt 0.872983 0.280694
vt 0.871434 0.297713
vt 0.860258 0.29708
vt 0.861568 0.28056
vt 0.860258 0.29708
vt 0.849475 0.28036
vt 0.861568 0.28056
vt 0.860258 0.29708
vt 0.848145 0.295222
vt 0.849475 0.28036
vt 0.853554 0.25941
vt 0.865125 0.259551
vt 0.863103 0.269781
vt 0.853554 0.25941
vt 0.863103 0.269781
vt 0.851908 0.265908
vt 0.915394 0.29103
vt 0.910713 0.278073
vt 0.919636 0.289886
vt 0.919793 0.287629
vt 0.919636 0.289886
vt 0.910713 0.278073
vt 0.901978 0.277803
vt 0.904844 0.273325
vt 0.896447 0.268872
vt 0.901978 0.277803
vt 0.896447 0.268872
vt 0.894131 0.274527
vt 0.894131 0.274527
vt 0.896447 0.268872
vt 0.886675 0.26466
vt 0.894131 0.274527
vt 0.886675 0.26466
vt 0.884181 0.272088
vt 0.884181 0.272088
vt 0.886675 0.26466
vt 0.876657 0.261755
vt 0.884181 0.272088
vt 0.876657 0.261755
vt 0.874452 0.270437
vt 0.90795 0.281713
vt 0.904844 0.273325
vt 0.901978 0.277803
vt 0.90795 0.281713
vt 0.910713 0.278073
vt 0.904844 0.273325
vt 0.903658 0.285296
vt 0.90795 0.281713
vt 0.901978 0.277803
vt 0.903658 0.285296
vt 0.901978 0.277803
vt 0.899042 0.284126
vt 0.899042 0.284126
vt 0.901978 0.277803
vt 0.894131 0.274527
vt 0.899042 0.284126
vt 0.894131 0.274527
vt 0.892005 0.28276
vt 0.894131 0.274527
vt 0.884181 0.272088
vt 0.882767 0.281415
vt 0.894131 0.274527
vt 0.882767 0.281415
vt 0.892005 0.28276
vt 0.882767 0.281415
vt 0.884181 0.272088
vt 0.874452 0.270437
vt 0.882767 0.281415
vt 0.874452 0.270437
vt 0.872983 0.280694
vt 0.874452 0.270437
vt 0.876657 0.261755
vt 0.865125 0.259551
vt 0.874452 0.270437
vt 0.865125 0.259551
vt 0.863103 0.269781
vt 0.872983 0.280694
vt 0.874452 0.270437
vt 0.863103 0.269781
vt 0.872983 0.280694
vt 0.863103 0.269781
vt 0.861568 0.28056
vt 0.863103 0.269781
vt 0.849475 0.28036
vt 0.861568 0.28056
vt 0.863103 0.269781
vt 0.850897 0.269897
vt 0.849475 0.28036
vt 0.853554 0.25941
vt 0.863103 0.269781
vt 0.865125 0.259551
vt 0.853554 0.25941
vt 0.851908 0.265908
vt 0.863103 0.269781
vt 0.851908 0.265908
vt 0.850897 0.269897
vt 0.863103 0.269781
vt 0.915394 0.29103
vt 0.90795 0.281713
vt 0.903658 0.285296
vt 0.915394 0.29103
vt 0.903658 0.285296
vt 0.906245 0.293253
vt 0.906245 0.293253
vt 0.903658 0.285296
vt 0.899042 0.284126
vt 0.906245 0.293253
vt 0.899042 0.284126
vt 0.90087 0.294128
vt 0.90087 0.294128
vt 0.899042 0.284126
vt 0.892005 0.28276
vt 0.90087 0.294128
vt 0.892005 0.28276
vt 0.893771 0.295499
vt 0.893771 0.295499
vt 0.892005 0.28276
vt 0.882767 0.281415
vt 0.882622 0.297283
vt 0.882767 0.281415
vt 0.872983 0.280694
vt 0.893771 0.295499
vt 0.882767 0.281415
vt 0.882622 0.297283
vt 0.882622 0.297283
vt 0.872983 0.280694
vt 0.871434 0.297713
vt 0.871434 0.297713
vt 0.872983 0.280694
vt 0.861568 0.28056
vt 0.871434 0.297713
vt 0.861568 0.28056
vt 0.860258 0.29708
vt 0.860258 0.29708
vt 0.861568 0.28056
vt 0.849475 0.28036
vt 0.860258 0.29708
vt 0.849475 0.28036
vt 0.848145 0.295222
vt 0.919636 0.289886
vt 0.90795 0.281713
vt 0.915394 0.29103
vt 0.919636 0.289886
vt 0.910713 0.278073
vt 0.90795 0.281713
vt 0.910713 0.278073
vt 0.919636 0.289886
vt 0.919793 0.287629
vt 0.503917 0.199387
vt 0.493853 0.200297
vt 0.498928 0.207954
vt 0.503917 0.199387
vt 0.498928 0.207954
vt 0.504903 0.204191
vt 0.507995 0.205331
vt 0.503917 0.199387
vt 0.504903 0.204191
vt 0.507995 0.205331
vt 0.504903 0.204191
vt 0.498928 0.207954
vt 0.507995 0.205331
vt 0.509407 0.19924
vt 0.503917 0.199387
vt 0.51299 0.207106
vt 0.509407 0.19924
vt 0.507995 0.205331
vt 0.51299 0.207106
vt 0.515082 0.199093
vt 0.509407 0.19924
vt 0.507995 0.205331
vt 0.498928 0.207954
vt 0.502298 0.211816
vt 0.507995 0.205331
vt 0.502298 0.211816
vt 0.507527 0.215784
vt 0.507995 0.205331
vt 0.507527 0.215784
vt 0.51299 0.207106
vt 0.520075 0.208958
vt 0.515082 0.199093
vt 0.51299 0.207106
vt 0.520075 0.208958
vt 0.522415 0.198941
vt 0.515082 0.199093
vt 0.527938 0.210407
vt 0.522415 0.198941
vt 0.520075 0.208958
vt 0.527938 0.210407
vt 0.52985 0.198902
vt 0.522415 0.198941
vt 0.51299 0.207106
vt 0.507527 0.215784
vt 0.516308 0.220161
vt 0.51299 0.207106
vt 0.516308 0.220161
vt 0.520075 0.208958
vt 0.520075 0.208958
vt 0.516308 0.220161
vt 0.525372 0.22337
vt 0.520075 0.208958
vt 0.525372 0.22337
vt 0.527938 0.210407
vt 0.536245 0.211438
vt 0.52985 0.198902
vt 0.527938 0.210407
vt 0.536245 0.211438
vt 0.527938 0.210407
vt 0.525372 0.22337
vt 0.536245 0.211438
vt 0.537457 0.199085
vt 0.52985 0.198902
vt 0.536245 0.211438
vt 0.525372 0.22337
vt 0.534601 0.225053
vt 0.547543 0.199493
vt 0.537457 0.199085
vt 0.536245 0.211438
vt 0.547543 0.199493
vt 0.536245 0.211438
vt 0.546481 0.212512
vt 0.536245 0.211438
vt 0.534601 0.225053
vt 0.544942 0.226316
vt 0.536245 0.211438
vt 0.544942 0.226316
vt 0.546481 0.212512
vt 0.515082 0.199093
vt 0.522415 0.198941
vt 0.522418 0.193971
vt 0.515082 0.199093
vt 0.522418 0.193971
vt 0.515083 0.193832
vt 0.512996 0.185781
vt 0.515083 0.193832
vt 0.522418 0.193971
vt 0.509406 0.193705
vt 0.515083 0.193832
vt 0.512996 0.185781
vt 0.509406 0.193705
vt 0.512996 0.185781
vt 0.507997 0.187554
vt 0.504903 0.188694
vt 0.509406 0.193705
vt 0.507997 0.187554
vt 0.504903 0.188694
vt 0.503913 0.193579
vt 0.509406 0.193705
vt 0.493786 0.192636
vt 0.503913 0.193579
vt 0.504903 0.188694
vt 0.493786 0.192636
vt 0.504903 0.188694
vt 0.49897 0.184968
vt 0.504903 0.188694
vt 0.507997 0.187554
vt 0.50234 0.181107
vt 0.504903 0.188694
vt 0.50234 0.181107
vt 0.49897 0.184968
vt 0.512996 0.185781
vt 0.50234 0.181107
vt 0.507997 0.187554
vt 0.512996 0.185781
vt 0.507559 0.177155
vt 0.50234 0.181107
vt 0.512996 0.185781
vt 0.522418 0.193971
vt 0.520088 0.183934
vt 0.520088 0.183934
vt 0.507559 0.177155
vt 0.512996 0.185781
vt 0.520088 0.183934
vt 0.522418 0.193971
vt 0.529854 0.194008
vt 0.520088 0.183934
vt 0.529854 0.194008
vt 0.527962 0.182494
vt 0.520088 0.183934
vt 0.516335 0.172803
vt 0.507559 0.177155
vt 0.527962 0.182494
vt 0.516335 0.172803
vt 0.520088 0.183934
vt 0.527962 0.182494
vt 0.525401 0.169558
vt 0.516335 0.172803
vt 0.527962 0.182494
vt 0.529854 0.194008
vt 0.537462 0.193828
vt 0.527962 0.182494
vt 0.537462 0.193828
vt 0.536238 0.181399
vt 0.527962 0.182494
vt 0.536238 0.181399
vt 0.534611 0.167789
vt 0.527962 0.182494
vt 0.534611 0.167789
vt 0.525401 0.169558
vt 0.537462 0.193828
vt 0.546502 0.180429
vt 0.536238 0.181399
vt 0.537462 0.193828
vt 0.547559 0.193442
vt 0.546502 0.180429
vt 0.545009 0.166572
vt 0.534611 0.167789
vt 0.536238 0.181399
vt 0.545009 0.166572
vt 0.536238 0.181399
vt 0.546502 0.180429
vt 0.52985 0.198902
vt 0.537462 0.193828
vt 0.529854 0.194008
vt 0.522415 0.198941
vt 0.52985 0.198902
vt 0.529854 0.194008
vt 0.522415 0.198941
vt 0.529854 0.194008
vt 0.522418 0.193971
vt 0.52985 0.198902
vt 0.537457 0.199085
vt 0.537462 0.193828
vt 0.537457 0.199085
vt 0.547559 0.193442
vt 0.537462 0.193828
vt 0.537457 0.199085
vt 0.547543 0.199493
vt 0.547559 0.193442
vt 0.493819 0.196396
vt 0.493853 0.200297
vt 0.503917 0.199387
vt 0.493819 0.196396
vt 0.503917 0.199387
vt 0.503913 0.193579
vt 0.503917 0.199387
vt 0.509406 0.193705
vt 0.503913 0.193579
vt 0.503917 0.199387
vt 0.509407 0.19924
vt 0.509406 0.193705
vt 0.509407 0.19924
vt 0.515083 0.193832
vt 0.509406 0.193705
vt 0.509407 0.19924
vt 0.515082 0.199093
vt 0.515083 0.193832
vt 0.493786 0.192636
vt 0.493819 0.196396
vt 0.503913 0.193579
vt 0.433326 0.207474
vt 0.433413 0.207905
vt 0.431923 0.208441
vt 0.433326 0.207474
vt 0.431923 0.208441
vt 0.431737 0.208045
vt 0.431737 0.208045
vt 0.431923 0.208441
vt 0.430551 0.210183
vt 0.431737 0.208045
vt 0.430551 0.210183
vt 0.430273 0.209903
vt 0.430273 0.209903
vt 0.430551 0.210183
vt 0.430084 0.211541
vt 0.430273 0.209903
vt 0.430084 0.211541
vt 0.429775 0.211352
vt 0.429775 0.211352
vt 0.430084 0.211541
vt 0.429586 0.213157
vt 0.429775 0.211352
vt 0.429586 0.213157
vt 0.429244 0.213076
vt 0.436094 0.207474
vt 0.433413 0.207905
vt 0.433326 0.207474
vt 0.436094 0.207474
vt 0.436007 0.207905
vt 0.433413 0.207905
vt 0.437683 0.208045
vt 0.436007 0.207905
vt 0.436094 0.207474
vt 0.437683 0.208045
vt 0.437498 0.208441
vt 0.436007 0.207905
vt 0.43914 0.209903
vt 0.437498 0.208441
vt 0.437683 0.208045
vt 0.43914 0.209903
vt 0.438863 0.210183
vt 0.437498 0.208441
vt 0.439647 0.211352
vt 0.438863 0.210183
vt 0.43914 0.209903
vt 0.439647 0.211352
vt 0.439338 0.211541
vt 0.438863 0.210183
vt 0.440175 0.213071
vt 0.439338 0.211541
vt 0.439647 0.211352
vt 0.440175 0.213071
vt 0.439834 0.213152
vt 0.439338 0.211541
vt 0.440269 0.213771
vt 0.439834 0.213152
vt 0.440175 0.213071
vt 0.440269 0.213771
vt 0.439922 0.213809
vt 0.439834 0.213152
vt 0.440354 0.215687
vt 0.439922 0.213809
vt 0.440269 0.213771
vt 0.440354 0.215687
vt 0.440002 0.215605
vt 0.439922 0.213809
vt 0.439759 0.218586
vt 0.440002 0.215605
vt 0.440354 0.215687
vt 0.439759 0.218586
vt 0.439443 0.218322
vt 0.440002 0.215605
vt 0.437804 0.220612
vt 0.439443 0.218322
vt 0.439759 0.218586
vt 0.437804 0.220612
vt 0.437611 0.220222
vt 0.439443 0.218322
vt 0.435263 0.221274
vt 0.437611 0.220222
vt 0.437804 0.220612
vt 0.435263 0.221274
vt 0.435228 0.220842
vt 0.437611 0.220222
vt 0.434161 0.221274
vt 0.435228 0.220842
vt 0.435263 0.221274
vt 0.434161 0.221274
vt 0.434196 0.220842
vt 0.435228 0.220842
vt 0.431616 0.220612
vt 0.434196 0.220842
vt 0.434161 0.221274
vt 0.431616 0.220612
vt 0.43181 0.220222
vt 0.434196 0.220842
vt 0.429601 0.21862
vt 0.43181 0.220222
vt 0.431616 0.220612
vt 0.429601 0.21862
vt 0.429921 0.218355
vt 0.43181 0.220222
vt 0.429075 0.215685
vt 0.429921 0.218355
vt 0.429601 0.21862
vt 0.429075 0.215685
vt 0.429428 0.215603
vt 0.429921 0.218355
vt 0.429151 0.213771
vt 0.429428 0.215603
vt 0.429075 0.215685
vt 0.429151 0.213771
vt 0.429498 0.213809
vt 0.429428 0.215603
vt 0.429244 0.213076
vt 0.429498 0.213809
vt 0.429151 0.213771
vt 0.429244 0.213076
vt 0.429586 0.213157
vt 0.429498 0.213809
usemtl Material
f 3/3/3 2/2/2 1/1/1
f 6/6/6 5/5/5 4/4/4
f 9/9/9 8/8/8 7/7/7
f 12/12/12 11/11/11 10/10/10
f 15/15/15 14/14/14 13/13/13
f 18/18/18 17/17/17 16/16/16
f 21/21/21 20/20/20 19/19/19
f 24/24/24 23/23/23 22/22/22
f 27/27/27 26/26/26 25/25/25
f 30/30/30 29/29/29 28/28/28
f 33/33/33 32/32/32 31/31/31
f 36/36/36 35/35/35 34/34/34
f 39/39/39 38/38/38 37/37/37
f 42/42/42 41/41/41 40/40/40
f 45/45/45 44/44/44 43/43/43
f 48/48/48 47/47/47 46/46/46
f 51/51/51 50/50/50 49/49/49
f 54/54/54 53/53/53 52/52/52
f 57/57/57 56/56/56 55/55/55
f 60/60/60 59/59/59 58/58/58
f 63/63/63 62/62/62 61/61/61
f 66/66/66 65/65/65 64/64/64
f 69/69/69 68/68/68 67/67/67
f 72/72/72 71/71/71 70/70/70
f 75/75/75 74/74/74 73/73/73
f 78/78/78 77/77/77 76/76/76
f 81/81/81 80/80/80 79/79/79
f 84/84/84 83/83/83 82/82/82
f 87/87/87 86/86/86 85/85/85
f 90/90/90 89/89/89 88/88/88
f 93/93/93 92/92/92 91/91/91
f 96/96/96 95/95/95 94/94/94
f 99/99/99 98/98/98 97/97/97
f 102/102/102 101/101/101 100/100/100
f 105/105/105 104/104/104 103/103/103
f 108/108/108 107/107/107 106/106/106
f 111/111/111 110/110/110 109/109/109
f 114/114/114 113/113/113 112/112/112
f 117/117/117 116/116/116 115/115/115
f 120/120/120 119/119/119 118/118/118
f 123/123/123 122/122/122 121/121/121
f 126/126/126 125/125/125 124/124/124
f 129/129/129 128/128/128 127/127/127
f 132/132/132 131/131/131 130/130/130
f 135/135/135 134/134/134 133/133/133
f 138/138/138 137/137/137 136/136/136
f 141/141/141 140/140/140 139/139/139
f 144/144/144 143/143/143 142/142/142
f 147/147/147 146/146/146 145/145/145
f 150/150/150 149/149/149 148/148/148
f 153/153/153 152/152/152 151/151/151
f 156/156/156 155/155/155 154/154/154
f 159/159/159 158/158/158 157/157/157
f 162/162/162 161/161/161 160/160/160
f 165/165/165 164/164/164 163/163/163
f 168/168/168 167/167/167 166/166/166
f 171/171/171 170/170/170 169/169/169
f 174/174/174 173/173/173 172/172/172
f 177/177/177 176/176/176 175/175/175
f 180/180/180 179/179/179 178/178/178
f 183/183/183 182/182/182 181/181/181
f 186/186/186 185/185/185 184/184/184
f 189/189/189 188/188/188 187/187/187
f 192/192/192 191/191/191 190/190/190
f 195/195/195 194/194/194 193/193/193
f 198/198/198 197/197/197 196/196/196
f 201/201/201 200/200/200 199/199/199
f 204/204/204 203/203/203 202/202/202
f 207/207/207 206/206/206 205/205/205
f 210/210/210 209/209/209 208/208/208
f 213/213/213 212/212/212 211/211/211
f 216/216/216 215/215/215 214/214/214
f 219/219/219 218/218/218 217/217/217
f 222/222/222 221/221/221 220/220/220
f 225/225/225 224/224/224 223/223/223
f 228/228/228 227/227/227 226/226/226
f 231/231/231 230/230/230 229/229/229
f 234/234/234 233/233/233 232/232/232
f 237/237/237 236/236/236 235/235/235
f 240/240/240 239/239/239 238/238/238
f 243/243/243 242/242/242 241/241/241
f 246/246/246 245/245/245 244/244/244
f 249/249/249 248/248/248 247/247/247
f 252/252/252 251/251/251 250/250/250
f 255/255/255 254/254/254 253/253/253
f 258/258/258 257/257/257 256/256/256
f 261/261/261 260/260/260 259/259/259
f 264/264/264 263/263/263 262/262/262
f 267/267/267 266/266/266 265/265/265
f 270/270/270 269/269/269 268/268/268
f 273/273/273 272/272/272 271/271/271
f 276/276/276 275/275/275 274/274/274
f 279/279/279 278/278/278 277/277/277
f 282/282/282 281/281/281 280/280/280
f 285/285/285 284/284/284 283/283/283
f 288/288/288 287/287/287 286/286/286
f 291/291/291 290/290/290 289/289/289
f 294/294/294 293/293/293 292/292/292
f 297/297/297 296/296/296 295/295/295
f 300/300/300 299/299/299 298/298/298
f 303/303/303 302/302/302 301/301/301
f 306/306/306 305/305/305 304/304/304
f 309/309/309 308/308/308 307/307/307
f 312/312/312 311/311/311 310/310/310
f 315/315/315 314/314/314 313/313/313
f 318/318/318 317/317/317 316/316/316
f 321/321/321 320/320/320 319/319/319
f 324/324/324 323/323/323 322/322/322
f 327/327/327 326/326/326 325/325/325
f 330/330/330 329/329/329 328/328/328
f 333/333/333 332/332/332 331/331/331
f 336/336/336 335/335/335 334/334/334
f 339/339/339 338/338/338 337/337/337
f 342/342/342 341/341/341 340/340/340
f 345/345/345 344/344/344 343/343/343
f 348/348/348 347/347/347 346/346/346
f 351/351/351 350/350/350 349/349/349
f 354/354/354 353/353/353 352/352/352
f 357/357/357 356/356/356 355/355/355
f 360/360/360 359/359/359 358/358/358
f 363/363/363 362/362/362 361/361/361
f 366/366/366 365/365/365 364/364/364
f 369/369/369 368/368/368 367/367/367
f 372/372/372 371/371/371 370/370/370
f 375/375/375 374/374/374 373/373/373
f 378/378/378 377/377/377 376/376/376
f 381/381/381 380/380/380 379/379/379
f 384/384/384 383/383/383 382/382/382
f 387/387/387 386/386/386 385/385/385
f 390/390/390 389/389/389 388/388/388
f 393/393/393 392/392/392 391/391/391
f 396/396/396 395/395/395 394/394/394
f 399/399/399 398/398/398 397/397/397
f 402/402/402 401/401/401 400/400/400
f 405/405/405 404/404/404 403/403/403
f 408/408/408 407/407/407 406/406/406
f 411/411/411 410/410/410 409/409/409
f 414/414/414 413/413/413 412/412/412
f 417/417/417 416/416/416 415/415/415
f 420/420/420 419/419/419 418/418/418
f 423/423/423 422/422/422 421/421/421
f 426/426/426 425/425/425 424/424/424
f 429/429/429 428/428/428 427/427/427
f 432/432/432 431/431/431 430/430/430
f 435/435/435 434/434/434 433/433/433
f 438/438/438 437/437/437 436/436/436
f 441/441/441 440/440/440 439/439/439
f 444/444/444 443/443/443 442/442/442
f 447/447/447 446/446/446 445/445/445
f 450/450/450 449/449/449 448/448/448
f 453/453/453 452/452/452 451/451/451
f 456/456/456 455/455/455 454/454/454
f 459/459/459 458/458/458 457/457/457
f 462/462/462 461/461/461 460/460/460
f 465/465/465 464/464/464 463/463/463
f 468/468/468 467/467/467 466/466/466
f 471/471/471 470/470/470 469/469/469
f 474/474/474 473/473/473 472/472/472
f 477/477/477 476/476/476 475/475/475
f 480/480/480 479/479/479 478/478/478
f 483/483/483 482/482/482 481/481/481
f 486/486/486 485/485/485 484/484/484
f 489/489/489 488/488/488 487/487/487
f 492/492/492 491/491/491 490/490/490
f 495/495/495 494/494/494 493/493/493
f 498/498/498 497/497/497 496/496/496
f 501/501/501 500/500/500 499/499/499
f 504/504/504 503/503/503 502/502/502
f 507/507/507 506/506/506 505/505/505
f 510/510/510 509/509/509 508/508/508
f 513/513/513 512/512/512 511/511/511
f 516/516/516 515/515/515 514/514/514
f 519/519/519 518/518/518 517/517/517
f 522/522/522 521/521/521 520/520/520
f 525/525/525 524/524/524 523/523/523
f 528/528/528 527/527/527 526/526/526
f 531/531/531 530/530/530 529/529/529
f 534/534/534 533/533/533 532/532/532
f 537/537/537 536/536/536 535/535/535
f 540/540/540 539/539/539 538/538/538
f 543/543/543 542/542/542 541/541/541
f 546/546/546 545/545/545 544/544/544
f 549/549/549 548/548/548 547/547/547
f 552/552/552 551/551/551 550/550/550
f 555/555/555 554/554/554 553/553/553
f 558/558/558 557/557/557 556/556/556
f 561/561/561 560/560/560 559/559/559
f 564/564/564 563/563/563 562/562/562
f 567/567/567 566/566/566 565/565/565
f 570/570/570 569/569/569 568/568/568
f 573/573/573 572/572/572 571/571/571
f 576/576/576 575/575/575 574/574/574
f 579/579/579 578/578/578 577/577/577
f 582/582/582 581/581/581 580/580/580
f 585/585/585 584/584/584 583/583/583
f 588/588/588 587/587/587 586/586/586
f 591/591/591 590/590/590 589/589/589
f 594/594/594 593/593/593 592/592/592
f 597/597/597 596/596/596 595/595/595
f 600/600/600 599/599/599 598/598/598
f 603/603/603 602/602/602 601/601/601
f 606/606/606 605/605/605 604/604/604
f 609/609/609 608/608/608 607/607/607
f 612/612/612 611/611/611 610/610/610
f 615/615/615 614/614/614 613/613/613
f 618/618/618 617/617/617 616/616/616
f 621/621/621 620/620/620 619/619/619
f 624/624/624 623/623/623 622/622/622
f 627/627/627 626/626/626 625/625/625
f 630/630/630 629/629/629 628/628/628
f 633/633/633 632/632/632 631/631/631
f 636/636/636 635/635/635 634/634/634
f 639/639/639 638/638/638 637/637/637
f 642/642/642 641/641/641 640/640/640
f 645/645/645 644/644/644 643/643/643
f 648/648/648 647/647/647 646/646/646
f 651/651/651 650/650/650 649/649/649
f 654/654/654 653/653/653 652/652/652
f 657/657/657 656/656/656 655/655/655
f 660/660/660 659/659/659 658/658/658
f 663/663/663 662/662/662 661/661/661
f 666/666/666 665/665/665 664/664/664
f 669/669/669 668/668/668 667/667/667
f 672/672/672 671/671/671 670/670/670
f 675/675/675 674/674/674 673/673/673
f 678/678/678 677/677/677 676/676/676
f 681/681/681 680/680/680 679/679/679
f 684/684/684 683/683/683 682/682/682
f 687/687/687 686/686/686 685/685/685
f 690/690/690 689/689/689 688/688/688
f 693/693/693 692/692/692 691/691/691
f 696/696/696 695/695/695 694/694/694
f 699/699/699 698/698/698 697/697/697
f 702/702/702 701/701/701 700/700/700
f 705/705/705 704/704/704 703/703/703
f 708/708/708 707/707/707 706/706/706
f 711/711/711 710/710/710 709/709/709
f 714/714/714 713/713/713 712/712/712
f 717/717/717 716/716/716 715/715/715
f 720/720/720 719/719/719 718/718/718
f 723/723/723 722/722/722 721/721/721
f 726/726/726 725/725/725 724/724/724
f 729/729/729 728/728/728 727/727/727
f 732/732/732 731/731/731 730/730/730
f 735/735/735 734/734/734 733/733/733
f 738/738/738 737/737/737 736/736/736
f 741/741/741 740/740/740 739/739/739
f 744/744/744 743/743/743 742/742/742
f 747/747/747 746/746/746 745/745/745
f 750/750/750 749/749/749 748/748/748
f 753/753/753 752/752/752 751/751/751
f 756/756/756 755/755/755 754/754/754
f 759/759/759 758/758/758 757/757/757
f 762/762/762 761/761/761 760/760/760
f 765/765/765 764/764/764 763/763/763
f 768/768/768 767/767/767 766/766/766
f 771/771/771 770/770/770 769/769/769
f 774/774/774 773/773/773 772/772/772
f 777/777/777 776/776/776 775/775/775
f 780/780/780 779/779/779 778/778/778
f 783/783/783 782/782/782 781/781/781
f 786/786/786 785/785/785 784/784/784
f 789/789/789 788/788/788 787/787/787
f 792/792/792 791/791/791 790/790/790
f 795/795/795 794/794/794 793/793/793
f 798/798/798 797/797/797 796/796/796
f 801/801/801 800/800/800 799/799/799
f 804/804/804 803/803/803 802/802/802
f 807/807/807 806/806/806 805/805/805
f 810/810/810 809/809/809 808/808/808
f 813/813/813 812/812/812 811/811/811
f 816/816/816 815/815/815 814/814/814
f 819/819/819 818/818/818 817/817/817
f 822/822/822 821/821/821 820/820/820
f 825/825/825 824/824/824 823/823/823
f 828/828/828 827/827/827 826/826/826
f 831/831/831 830/830/830 829/829/829
f 834/834/834 833/833/833 832/832/832
f 837/837/837 836/836/836 835/835/835
f 840/840/840 839/839/839 838/838/838
f 843/843/843 842/842/842 841/841/841
f 846/846/846 845/845/845 844/844/844
f 849/849/849 848/848/848 847/847/847
f 852/852/852 851/851/851 850/850/850
f 855/855/855 854/854/854 853/853/853
f 858/858/858 857/857/857 856/856/856
f 861/861/861 860/860/860 859/859/859
f 864/864/864 863/863/863 862/862/862
f 867/867/867 866/866/866 865/865/865
f 870/870/870 869/869/869 868/868/868
f 873/873/873 872/872/872 871/871/871
f 876/876/876 875/875/875 874/874/874
f 879/879/879 878/878/878 877/877/877
f 882/882/882 881/881/881 880/880/880
f 885/885/885 884/884/884 883/883/883
f 888/888/888 887/887/887 886/886/886
f 891/891/891 890/890/890 889/889/889
f 894/894/894 893/893/893 892/892/892
f 897/897/897 896/896/896 895/895/895
f 900/900/900 899/899/899 898/898/898
f 903/903/903 902/902/902 901/901/901
f 906/906/906 905/905/905 904/904/904
f 909/909/909 908/908/908 907/907/907
f 912/912/912 911/911/911 910/910/910
f 915/915/915 914/914/914 913/913/913
f 918/918/918 917/917/917 916/916/916
f 921/921/921 920/920/920 919/919/919
f 924/924/924 923/923/923 922/922/922
f 927/927/927 926/926/926 925/925/925
f 930/930/930 929/929/929 928/928/928
f 933/933/933 932/932/932 931/931/931
f 936/936/936 935/935/935 934/934/934
f 939/939/939 938/938/938 937/937/937
f 942/942/942 941/941/941 940/940/940
f 945/945/945 944/944/944 943/943/943
f 948/948/948 947/947/947 946/946/946
f 951/951/951 950/950/950 949/949/949
f 954/954/954 953/953/953 952/952/952
f 957/957/957 956/956/956 955/955/955
f 960/960/960 959/959/959 958/958/958
f 963/963/963 962/962/962 961/961/961
f 966/966/966 965/965/965 964/964/964
f 969/969/969 968/968/968 967/967/967
f 972/972/972 971/971/971 970/970/970
f 975/975/975 974/974/974 973/973/973
f 978/978/978 977/977/977 976/976/976
f 981/981/981 980/980/980 979/979/979
f 984/984/984 983/983/983 982/982/982
f 987/987/987 986/986/986 985/985/985
f 990/990/990 989/989/989 988/988/988
f 993/993/993 992/992/992 991/991/991
f 996/996/996 995/995/995 994/994/994
f 999/999/999 998/998/998 997/997/997
f 1002/1002/1002 1001/1001/1001 1000/1000/1000
f 1005/1005/1005 1004/1004/1004 1003/1003/1003
f 1008/1008/1008 1007/1007/1007 1006/1006/1006
f 1011/1011/1011 1010/1010/1010 1009/1009/1009
f 1014/1014/1014 1013/1013/1013 1012/1012/1012
f 1017/1017/1017 1016/1016/1016 1015/1015/1015
f 1020/1020/1020 1019/1019/1019 1018/1018/1018
f 1023/1023/1023 1022/1022/1022 1021/1021/1021
f 1026/1026/1026 1025/1025/1025 1024/1024/1024
f 1029/1029/1029 1028/1028/1028 1027/1027/1027
f 1032/1032/1032 1031/1031/1031 1030/1030/1030
f 1035/1035/1035 1034/1034/1034 1033/1033/1033
f 1038/1038/1038 1037/1037/1037 1036/1036/1036
f 1041/1041/1041 1040/1040/1040 1039/1039/1039
f 1044/1044/1044 1043/1043/1043 1042/1042/1042
f 1047/1047/1047 1046/1046/1046 1045/1045/1045
f 1050/1050/1050 1049/1049/1049 1048/1048/1048
f 1053/1053/1053 1052/1052/1052 1051/1051/1051
f 1056/1056/1056 1055/1055/1055 1054/1054/1054
f 1059/1059/1059 1058/1058/1058 1057/1057/1057
f 1062/1062/1062 1061/1061/1061 1060/1060/1060
f 1065/1065/1065 1064/1064/1064 1063/1063/1063
f 1068/1068/1068 1067/1067/1067 1066/1066/1066
f 1071/1071/1071 1070/1070/1070 1069/1069/1069
f 1074/1074/1074 1073/1073/1073 1072/1072/1072
f 1077/1077/1077 1076/1076/1076 1075/1075/1075
f 1080/1080/1080 1079/1079/1079 1078/1078/1078
f 1083/1083/1083 1082/1082/1082 1081/1081/1081
f 1086/1086/1086 1085/1085/1085 1084/1084/1084
f 1089/1089/1089 1088/1088/1088 1087/1087/1087
f 1092/1092/1092 1091/1091/1091 1090/1090/1090
f 1095/1095/1095 1094/1094/1094 1093/1093/1093
f 1098/1098/1098 1097/1097/1097 1096/1096/1096
f 1101/1101/1101 1100/1100/1100 1099/1099/1099
f 1104/1104/1104 1103/1103/1103 1102/1102/1102
f 1107/1107/1107 1106/1106/1106 1105/1105/1105
f 1110/1110/1110 1109/1109/1109 1108/1108/1108
f 1113/1113/1113 1112/1112/1112 1111/1111/1111
f 1116/1116/1116 1115/1115/1115 1114/1114/1114
f 1119/1119/1119 1118/1118/1118 1117/1117/1117
f 1122/1122/1122 1121/1121/1121 1120/1120/1120
f 1125/1125/1125 1124/1124/1124 1123/1123/1123
f 1128/1128/1128 1127/1127/1127 1126/1126/1126
f 1131/1131/1131 1130/1130/1130 1129/1129/1129
f 1134/1134/1134 1133/1133/1133 1132/1132/1132
f 1137/1137/1137 1136/1136/1136 1135/1135/1135
f 1140/1140/1140 1139/1139/1139 1138/1138/1138
f 1143/1143/1143 1142/1142/1142 1141/1141/1141
f 1146/1146/1146 1145/1145/1145 1144/1144/1144
f 1149/1149/1149 1148/1148/1148 1147/1147/1147
f 1152/1152/1152 1151/1151/1151 1150/1150/1150
f 1155/1155/1155 1154/1154/1154 1153/1153/1153
f 1158/1158/1158 1157/1157/1157 1156/1156/1156
f 1161/1161/1161 1160/1160/1160 1159/1159/1159
f 1164/1164/1164 1163/1163/1163 1162/1162/1162
f 1167/1167/1167 1166/1166/1166 1165/1165/1165
f 1170/1170/1170 1169/1169/1169 1168/1168/1168
f 1173/1173/1173 1172/1172/1172 1171/1171/1171
f 1176/1176/1176 1175/1175/1175 1174/1174/1174
f 1179/1179/1179 1178/1178/1178 1177/1177/1177
f 1182/1182/1182 1181/1181/1181 1180/1180/1180
f 1185/1185/1185 1184/1184/1184 1183/1183/1183
f 1188/1188/1188 1187/1187/1187 1186/1186/1186
f 1191/1191/1191 1190/1190/1190 1189/1189/1189
f 1194/1194/1194 1193/1193/1193 1192/1192/1192
f 1197/1197/1197 1196/1196/1196 1195/1195/1195
f 1200/1200/1200 1199/1199/1199 1198/1198/1198
f 1203/1203/1203 1202/1202/1202 1201/1201/1201
f 1206/1206/1206 1205/1205/1205 1204/1204/1204
f 1209/1209/1209 1208/1208/1208 1207/1207/1207
f 1212/1212/1212 1211/1211/1211 1210/1210/1210
f 1215/1215/1215 1214/1214/1214 1213/1213/1213
f 1218/1218/1218 1217/1217/1217 1216/1216/1216
f 1221/1221/1221 1220/1220/1220 1219/1219/1219
f 1224/1224/1224 1223/1223/1223 1222/1222/1222
f 1227/1227/1227 1226/1226/1226 1225/1225/1225
f 1230/1230/1230 1229/1229/1229 1228/1228/1228
f 1233/1233/1233 1232/1232/1232 1231/1231/1231
f 1236/1236/1236 1235/1235/1235 1234/1234/1234
f 1239/1239/1239 1238/1238/1238 1237/1237/1237
f 1242/1242/1242 1241/1241/1241 1240/1240/1240
