# Export from Prisma3D 2.1.1
mtllib New Project.mtl
o %s_%u
v 0.7395491 1.483528 -0.004793209
v 0.7422252 1.458087 -0.01301749
v 0.7550814 1.457677 -0.01196225
v 0.7395491 1.483528 -0.004793209
v 0.7550814 1.457677 -0.01196225
v 0.7539899 1.481459 -0.004670701
v 0.7300333 1.48263 0.03424237
v 0.7395491 1.483528 -0.004793209
v 0.7539899 1.481459 -0.004670701
v 0.7550814 1.457677 -0.01196225
v 0.7924163 1.460648 -0.02157559
v 0.7539899 1.481459 -0.004670701
v 0.7550814 1.457677 -0.01196225
v 0.7870734 1.442465 -0.01385004
v 0.7924163 1.460648 -0.02157559
v 0.8191829 1.454468 -0.02147524
v 0.7924163 1.460648 -0.02157559
v 0.7870734 1.442465 -0.01385004
v 0.8191829 1.454468 -0.02147524
v 0.7870734 1.442465 -0.01385004
v 0.8119352 1.440484 -0.01255029
v 0.7924163 1.460648 -0.02157559
v 0.8191829 1.454468 -0.02147524
v 0.8297286 1.461824 -0.005492252
v 0.7924163 1.460648 -0.02157559
v 0.8297286 1.461824 -0.005492252
v 0.7539899 1.481459 -0.004670701
v 0.8119352 1.440484 -0.01255029
v 0.8358909 1.446066 -0.02293455
v 0.8191829 1.454468 -0.02147524
v 0.8119352 1.440484 -0.01255029
v 0.833194 1.437442 -0.01688211
v 0.8358909 1.446066 -0.02293455
v 0.8578863 1.430355 -0.02232309
v 0.8358909 1.446066 -0.02293455
v 0.833194 1.437442 -0.01688211
v 0.8578863 1.430355 -0.02232309
v 0.833194 1.437442 -0.01688211
v 0.8541101 1.422538 -0.01871303
v 0.7300333 1.48263 0.03424237
v 0.7539899 1.481459 -0.004670701
v 0.7448756 1.480342 0.03504607
v 0.7244446 1.457686 0.03863431
v 0.7300333 1.48263 0.03424237
v 0.7448756 1.480342 0.03504607
v 0.8617367 1.43397 -0.01812189
v 0.8358909 1.446066 -0.02293455
v 0.8578863 1.430355 -0.02232309
v 0.8617367 1.43397 -0.01812189
v 0.8452072 1.44983 -0.01678777
v 0.8358909 1.446066 -0.02293455
v 0.8541101 1.422538 -0.01871303
v 0.8762761 1.411004 -0.01991042
v 0.8578863 1.430355 -0.02232309
v 0.8541101 1.422538 -0.01871303
v 0.8726729 1.406545 -0.01806817
v 0.8762761 1.411004 -0.01991042
v 0.8875669 1.392964 -0.01620383
v 0.8762761 1.411004 -0.01991042
v 0.8726729 1.406545 -0.01806817
v 0.7244446 1.457686 0.03863431
v 0.7448756 1.480342 0.03504607
v 0.7373435 1.4594 0.04322099
v 0.7414265 1.447787 0.007606331
v 0.7244446 1.457686 0.03863431
v 0.7373435 1.4594 0.04322099
v 0.8616796 1.433035 -0.01048089
v 0.8452072 1.44983 -0.01678777
v 0.8617367 1.43397 -0.01812189
v 0.8616796 1.433035 -0.01048089
v 0.8474126 1.445858 -0.003235387
v 0.8452072 1.44983 -0.01678777
v 0.8578863 1.430355 -0.02232309
v 0.8796338 1.41444 -0.01634821
v 0.8617367 1.43397 -0.01812189
v 0.8578863 1.430355 -0.02232309
v 0.8762761 1.411004 -0.01991042
v 0.8796338 1.41444 -0.01634821
v 0.8617367 1.43397 -0.01812189
v 0.879547 1.414704 -0.01017015
v 0.8616796 1.433035 -0.01048089
v 0.8617367 1.43397 -0.01812189
v 0.8796338 1.41444 -0.01634821
v 0.879547 1.414704 -0.01017015
v 0.859226 1.424902 -0.004878275
v 0.8474126 1.445858 -0.003235387
v 0.8616796 1.433035 -0.01048089
v 0.859226 1.424902 -0.004878275
v 0.8616796 1.433035 -0.01048089
v 0.879547 1.414704 -0.01017015
v 0.859226 1.424902 -0.004878275
v 0.879547 1.414704 -0.01017015
v 0.8765131 1.410869 -0.006706144
v 0.8915503 1.3957 -0.007012424
v 0.8765131 1.410869 -0.006706144
v 0.879547 1.414704 -0.01017015
v 0.859226 1.424902 -0.004878275
v 0.8464097 1.435713 -0.001115707
v 0.8474126 1.445858 -0.003235387
v 0.8915503 1.3957 -0.007012424
v 0.879547 1.414704 -0.01017015
v 0.8944133 1.397402 -0.009341818
v 0.8944133 1.397402 -0.009341818
v 0.879547 1.414704 -0.01017015
v 0.8796338 1.41444 -0.01634821
v 0.8918975 1.391722 -0.01192448
v 0.8915503 1.3957 -0.007012424
v 0.8944133 1.397402 -0.009341818
v 0.8944133 1.397402 -0.009341818
v 0.8796338 1.41444 -0.01634821
v 0.894661 1.393914 -0.01409839
v 0.8918975 1.391722 -0.01192448
v 0.8944133 1.397402 -0.009341818
v 0.894661 1.393914 -0.01409839
v 0.8762761 1.411004 -0.01991042
v 0.894661 1.393914 -0.01409839
v 0.8796338 1.41444 -0.01634821
v 0.8875669 1.392964 -0.01620383
v 0.8918975 1.391722 -0.01192448
v 0.894661 1.393914 -0.01409839
v 0.8875669 1.392964 -0.01620383
v 0.8905765 1.39495 -0.01791906
v 0.8762761 1.411004 -0.01991042
v 0.8875669 1.392964 -0.01620383
v 0.894661 1.393914 -0.01409839
v 0.8905765 1.39495 -0.01791906
v 0.8762761 1.411004 -0.01991042
v 0.8905765 1.39495 -0.01791906
v 0.894661 1.393914 -0.01409839
v 0.8464097 1.435713 -0.001115707
v 0.8804966 1.433114 0.009125696
v 0.8474126 1.445858 -0.003235387
v 0.8464097 1.435713 -0.001115707
v 0.8744416 1.423921 0.008868058
v 0.8804966 1.433114 0.009125696
v 0.8960986 1.413651 0.01559716
v 0.8804966 1.433114 0.009125696
v 0.8744416 1.423921 0.008868058
v 0.8960986 1.413651 0.01559716
v 0.8744416 1.423921 0.008868058
v 0.8914338 1.408375 0.01583298
v 0.9077071 1.39219 0.02262985
v 0.8960986 1.413651 0.01559716
v 0.8914338 1.408375 0.01583298
v 0.8474126 1.445858 -0.003235387
v 0.8804966 1.433114 0.009125696
v 0.8831342 1.436925 0.01453799
v 0.8960986 1.413651 0.01559716
v 0.8831342 1.436925 0.01453799
v 0.8804966 1.433114 0.009125696
v 0.8474126 1.445858 -0.003235387
v 0.8831342 1.436925 0.01453799
v 0.8445721 1.457938 0.007105484
v 0.8297286 1.461824 -0.005492252
v 0.8474126 1.445858 -0.003235387
v 0.8445721 1.457938 0.007105484
v 0.8297286 1.461824 -0.005492252
v 0.8445721 1.457938 0.007105484
v 0.8350526 1.463772 0.005949087
v 0.8433104 1.454232 0.02128505
v 0.8350526 1.463772 0.005949087
v 0.8445721 1.457938 0.007105484
v 0.8297286 1.461824 -0.005492252
v 0.8350526 1.463772 0.005949087
v 0.7539899 1.481459 -0.004670701
v 0.8445721 1.457938 0.007105484
v 0.8831342 1.436925 0.01453799
v 0.8801077 1.436587 0.0208216
v 0.8445721 1.457938 0.007105484
v 0.8801077 1.436587 0.0208216
v 0.8433104 1.454232 0.02128505
v 0.8433104 1.454232 0.02128505
v 0.8339839 1.46664 0.02021532
v 0.8350526 1.463772 0.005949087
v 0.7539899 1.481459 -0.004670701
v 0.8350526 1.463772 0.005949087
v 0.8339839 1.46664 0.02021532
v 0.9077071 1.39219 0.02262985
v 0.9125997 1.395808 0.02256367
v 0.8960986 1.413651 0.01559716
v 0.9077071 1.39219 0.02262985
v 0.9151003 1.395793 0.02890219
v 0.9125997 1.395808 0.02256367
v 0.8960986 1.413651 0.01559716
v 0.9125997 1.395808 0.02256367
v 0.9151003 1.395793 0.02890219
v 0.9077071 1.39219 0.02262985
v 0.9102585 1.391992 0.02938209
v 0.9151003 1.395793 0.02890219
v 0.8960986 1.413651 0.01559716
v 0.8978258 1.418004 0.02099422
v 0.8831342 1.436925 0.01453799
v 0.8960986 1.413651 0.01559716
v 0.9151003 1.395793 0.02890219
v 0.8978258 1.418004 0.02099422
v 0.9102585 1.391992 0.02938209
v 0.912309 1.40026 0.03330731
v 0.9151003 1.395793 0.02890219
v 0.912309 1.40026 0.03330731
v 0.8978258 1.418004 0.02099422
v 0.9151003 1.395793 0.02890219
v 0.9102585 1.391992 0.02938209
v 0.9073961 1.396924 0.03407772
v 0.912309 1.40026 0.03330731
v 0.8831342 1.436925 0.01453799
v 0.8978258 1.418004 0.02099422
v 0.8954055 1.418788 0.0272525
v 0.912309 1.40026 0.03330731
v 0.8954055 1.418788 0.0272525
v 0.8978258 1.418004 0.02099422
v 0.9073961 1.396924 0.03407772
v 0.8954055 1.418788 0.0272525
v 0.912309 1.40026 0.03330731
v 0.8831342 1.436925 0.01453799
v 0.8954055 1.418788 0.0272525
v 0.8801077 1.436587 0.0208216
v 0.9073961 1.396924 0.03407772
v 0.8907698 1.414481 0.02952491
v 0.8954055 1.418788 0.0272525
v 0.8801077 1.436587 0.0208216
v 0.8954055 1.418788 0.0272525
v 0.8907698 1.414481 0.02952491
v 0.8801077 1.436587 0.0208216
v 0.8907698 1.414481 0.02952491
v 0.8739541 1.427732 0.02514482
v 0.8501342 1.437375 0.02478806
v 0.8801077 1.436587 0.0208216
v 0.8739541 1.427732 0.02514482
v 0.8501342 1.437375 0.02478806
v 0.8433104 1.454232 0.02128505
v 0.8801077 1.436587 0.0208216
v 0.8501342 1.437375 0.02478806
v 0.8764091 1.439305 0.03604088
v 0.8433104 1.454232 0.02128505
v 0.8501342 1.437375 0.02478806
v 0.8708835 1.428999 0.03420291
v 0.8764091 1.439305 0.03604088
v 0.8708835 1.428999 0.03420291
v 0.8986565 1.415204 0.04232983
v 0.8764091 1.439305 0.03604088
v 0.8708835 1.428999 0.03420291
v 0.8917477 1.410699 0.04115479
v 0.8986565 1.415204 0.04232983
v 0.916675 1.40013 0.04925602
v 0.8986565 1.415204 0.04232983
v 0.8917477 1.410699 0.04115479
v 0.916675 1.40013 0.04925602
v 0.8917477 1.410699 0.04115479
v 0.9123887 1.395711 0.04863004
v 0.9146841 1.395334 0.0561419
v 0.916675 1.40013 0.04925602
v 0.9123887 1.395711 0.04863004
v 0.8764091 1.439305 0.03604088
v 0.8986565 1.415204 0.04232983
v 0.9007784 1.419257 0.04969046
v 0.9007784 1.419257 0.04969046
v 0.8986565 1.415204 0.04232983
v 0.916675 1.40013 0.04925602
v 0.8769246 1.443646 0.04297525
v 0.8433104 1.454232 0.02128505
v 0.8764091 1.439305 0.03604088
v 0.8764091 1.439305 0.03604088
v 0.9007784 1.419257 0.04969046
v 0.8769246 1.443646 0.04297525
v 0.9146841 1.395334 0.0561419
v 0.9188823 1.39969 0.05627057
v 0.916675 1.40013 0.04925602
v 0.9007784 1.419257 0.04969046
v 0.916675 1.40013 0.04925602
v 0.9188823 1.39969 0.05627057
v 0.9150858 1.403147 0.06146446
v 0.9188823 1.39969 0.05627057
v 0.9146841 1.395334 0.0561419
v 0.9007784 1.419257 0.04969046
v 0.9188823 1.39969 0.05627057
v 0.9150858 1.403147 0.06146446
v 0.9150858 1.403147 0.06146446
v 0.9146841 1.395334 0.0561419
v 0.9106209 1.399004 0.06153902
v 0.9007784 1.419257 0.04969046
v 0.9150858 1.403147 0.06146446
v 0.8969858 1.418147 0.05653974
v 0.8969858 1.418147 0.05653974
v 0.9150858 1.403147 0.06146446
v 0.9106209 1.399004 0.06153902
v 0.8769246 1.443646 0.04297525
v 0.9007784 1.419257 0.04969046
v 0.8969858 1.418147 0.05653974
v 0.8969858 1.418147 0.05653974
v 0.9106209 1.399004 0.06153902
v 0.8918129 1.413126 0.05783969
v 0.8726077 1.442577 0.0502155
v 0.8969858 1.418147 0.05653974
v 0.8918129 1.413126 0.05783969
v 0.8769246 1.443646 0.04297525
v 0.8969858 1.418147 0.05653974
v 0.8726077 1.442577 0.0502155
v 0.8769246 1.443646 0.04297525
v 0.8726077 1.442577 0.0502155
v 0.8395296 1.453486 0.04997794
v 0.8726077 1.442577 0.0502155
v 0.8918129 1.413126 0.05783969
v 0.8663121 1.432652 0.05272072
v 0.8434116 1.436611 0.05154924
v 0.8726077 1.442577 0.0502155
v 0.8663121 1.432652 0.05272072
v 0.8434116 1.436611 0.05154924
v 0.8395296 1.453486 0.04997794
v 0.8726077 1.442577 0.0502155
v 0.8769246 1.443646 0.04297525
v 0.8444893 1.462722 0.03575883
v 0.8433104 1.454232 0.02128505
v 0.8769246 1.443646 0.04297525
v 0.8395296 1.453486 0.04997794
v 0.8444893 1.462722 0.03575883
v 0.8444893 1.462722 0.03575883
v 0.8339839 1.46664 0.02021532
v 0.8433104 1.454232 0.02128505
v 0.8444893 1.462722 0.03575883
v 0.8330313 1.469196 0.0329305
v 0.8339839 1.46664 0.02021532
v 0.8395296 1.453486 0.04997794
v 0.8330313 1.469196 0.0329305
v 0.8444893 1.462722 0.03575883
v 0.7539899 1.481459 -0.004670701
v 0.8339839 1.46664 0.02021532
v 0.8330313 1.469196 0.0329305
v 0.7539899 1.481459 -0.004670701
v 0.8330313 1.469196 0.0329305
v 0.8289794 1.468124 0.04589139
v 0.8395296 1.453486 0.04997794
v 0.8289794 1.468124 0.04589139
v 0.8330313 1.469196 0.0329305
v 0.8289794 1.468124 0.04589139
v 0.8395296 1.453486 0.04997794
v 0.8314267 1.456884 0.06710669
v 0.7539899 1.481459 -0.004670701
v 0.8289794 1.468124 0.04589139
v 0.7448756 1.480342 0.03504607
v 0.8579615 1.437586 0.06416059
v 0.8395296 1.453486 0.04997794
v 0.8434116 1.436611 0.05154924
v 0.8314267 1.456884 0.06710669
v 0.8395296 1.453486 0.04997794
v 0.8579615 1.437586 0.06416059
v 0.8579615 1.437586 0.06416059
v 0.8434116 1.436611 0.05154924
v 0.8539777 1.426964 0.06103631
v 0.8289794 1.468124 0.04589139
v 0.8216384 1.464139 0.0623393
v 0.7448756 1.480342 0.03504607
v 0.8289794 1.468124 0.04589139
v 0.8314267 1.456884 0.06710669
v 0.8216384 1.464139 0.0623393
v 0.8539777 1.426964 0.06103631
v 0.8766317 1.417411 0.07161136
v 0.8579615 1.437586 0.06416059
v 0.8539777 1.426964 0.06103631
v 0.8715278 1.410847 0.07024018
v 0.8766317 1.417411 0.07161136
v 0.8883669 1.399034 0.07738568
v 0.8766317 1.417411 0.07161136
v 0.8715278 1.410847 0.07024018
v 0.7448756 1.480342 0.03504607
v 0.8216384 1.464139 0.0623393
v 0.7838087 1.454569 0.06529866
v 0.7448756 1.480342 0.03504607
v 0.7838087 1.454569 0.06529866
v 0.7373435 1.4594 0.04322099
v 0.8883669 1.399034 0.07738568
v 0.8924819 1.403082 0.07803646
v 0.8766317 1.417411 0.07161136
v 0.8883669 1.399034 0.07738568
v 0.8935543 1.402364 0.08460611
v 0.8924819 1.403082 0.07803646
v 0.8766317 1.417411 0.07161136
v 0.8924819 1.403082 0.07803646
v 0.8935543 1.402364 0.08460611
v 0.8883669 1.399034 0.07738568
v 0.889357 1.398169 0.0843271
v 0.8935543 1.402364 0.08460611
v 0.8579615 1.437586 0.06416059
v 0.8766317 1.417411 0.07161136
v 0.8774666 1.421568 0.07820995
v 0.8766317 1.417411 0.07161136
v 0.8935543 1.402364 0.08460611
v 0.8774666 1.421568 0.07820995
v 0.889357 1.398169 0.0843271
v 0.8897905 1.40534 0.0890954
v 0.8935543 1.402364 0.08460611
v 0.889357 1.398169 0.0843271
v 0.8854869 1.401403 0.08913289
v 0.8897905 1.40534 0.0890954
v 0.8733475 1.420464 0.0846736
v 0.8935543 1.402364 0.08460611
v 0.8897905 1.40534 0.0890954
v 0.8854869 1.401403 0.08913289
v 0.8733475 1.420464 0.0846736
v 0.8897905 1.40534 0.0890954
v 0.8733475 1.420464 0.0846736
v 0.8774666 1.421568 0.07820995
v 0.8935543 1.402364 0.08460611
v 0.8854869 1.401403 0.08913289
v 0.8677889 1.413968 0.08457128
v 0.8733475 1.420464 0.0846736
v 0.8579615 1.437586 0.06416059
v 0.8774666 1.421568 0.07820995
v 0.8570797 1.441267 0.07129481
v 0.8570797 1.441267 0.07129481
v 0.8774666 1.421568 0.07820995
v 0.8733475 1.420464 0.0846736
v 0.8314267 1.456884 0.06710669
v 0.8579615 1.437586 0.06416059
v 0.8570797 1.441267 0.07129481
v 0.8526258 1.440027 0.07752813
v 0.8733475 1.420464 0.0846736
v 0.8677889 1.413968 0.08457128
v 0.8570797 1.441267 0.07129481
v 0.8733475 1.420464 0.0846736
v 0.8526258 1.440027 0.07752813
v 0.8314267 1.456884 0.06710669
v 0.8570797 1.441267 0.07129481
v 0.8526258 1.440027 0.07752813
v 0.8526258 1.440027 0.07752813
v 0.8677889 1.413968 0.08457128
v 0.8479068 1.429809 0.07758293
v 0.8279081 1.439487 0.07168604
v 0.8526258 1.440027 0.07752813
v 0.8479068 1.429809 0.07758293
v 0.8279081 1.439487 0.07168604
v 0.8314267 1.456884 0.06710669
v 0.8526258 1.440027 0.07752813
v 0.8150687 1.441783 0.06916411
v 0.8314267 1.456884 0.06710669
v 0.8279081 1.439487 0.07168604
v 0.8150687 1.441783 0.06916411
v 0.8216384 1.464139 0.0623393
v 0.8314267 1.456884 0.06710669
v 0.8216384 1.464139 0.0623393
v 0.8150687 1.441783 0.06916411
v 0.7974291 1.439937 0.0677339
v 0.8150687 1.441783 0.06916411
v 0.7994717 1.435546 0.06599617
v 0.7974291 1.439937 0.0677339
v 0.8216384 1.464139 0.0623393
v 0.7974291 1.439937 0.0677339
v 0.7838087 1.454569 0.06529866
v 0.776958 1.42322 0.08060619
v 0.7838087 1.454569 0.06529866
v 0.7974291 1.439937 0.0677339
v 0.776958 1.42322 0.08060619
v 0.7974291 1.439937 0.0677339
v 0.7884095 1.424355 0.07334949
v 0.7531171 1.439969 0.06210973
v 0.7838087 1.454569 0.06529866
v 0.776958 1.42322 0.08060619
v 0.7531171 1.439969 0.06210973
v 0.7373435 1.4594 0.04322099
v 0.7838087 1.454569 0.06529866
v 0.7884095 1.424355 0.07334949
v 0.7944817 1.398894 0.08733192
v 0.776958 1.42322 0.08060619
v 0.7884095 1.424355 0.07334949
v 0.8026395 1.404838 0.08215975
v 0.7944817 1.398894 0.08733192
v 0.7423973 1.442228 0.02867509
v 0.7373435 1.4594 0.04322099
v 0.7531171 1.439969 0.06210973
v 0.7414265 1.447787 0.007606331
v 0.7373435 1.4594 0.04322099
v 0.7423973 1.442228 0.02867509
v 0.8026395 1.404838 0.08215975
v 0.8135825 1.383597 0.08870558
v 0.7944817 1.398894 0.08733192
v 0.8026395 1.404838 0.08215975
v 0.817691 1.386647 0.08637883
v 0.8135825 1.383597 0.08870558
v 0.817691 1.386647 0.08637883
v 0.8115249 1.378814 0.08597504
v 0.8135825 1.383597 0.08870558
v 0.7944817 1.398894 0.08733192
v 0.8135825 1.383597 0.08870558
v 0.8115249 1.378814 0.08597504
v 0.817691 1.386647 0.08637883
v 0.8163611 1.379122 0.08241107
v 0.8115249 1.378814 0.08597504
v 0.7903765 1.393905 0.08422246
v 0.776958 1.42322 0.08060619
v 0.7944817 1.398894 0.08733192
v 0.7944817 1.398894 0.08733192
v 0.8115249 1.378814 0.08597504
v 0.7903765 1.393905 0.08422246
v 0.8163611 1.379122 0.08241107
v 0.809942 1.375724 0.07929054
v 0.8115249 1.378814 0.08597504
v 0.7903765 1.393905 0.08422246
v 0.8115249 1.378814 0.08597504
v 0.809942 1.375724 0.07929054
v 0.8163611 1.379122 0.08241107
v 0.8116053 1.377032 0.07607796
v 0.809942 1.375724 0.07929054
v 0.7531171 1.439969 0.06210973
v 0.776958 1.42322 0.08060619
v 0.7690706 1.415731 0.07590619
v 0.7903765 1.393905 0.08422246
v 0.7690706 1.415731 0.07590619
v 0.776958 1.42322 0.08060619
v 0.7903765 1.393905 0.08422246
v 0.809942 1.375724 0.07929054
v 0.7903977 1.389757 0.07174035
v 0.8116053 1.377032 0.07607796
v 0.7903977 1.389757 0.07174035
v 0.809942 1.375724 0.07929054
v 0.7903765 1.393905 0.08422246
v 0.7724455 1.407207 0.06274397
v 0.7690706 1.415731 0.07590619
v 0.7531171 1.439969 0.06210973
v 0.7690706 1.415731 0.07590619
v 0.7724455 1.407207 0.06274397
v 0.7903765 1.393905 0.08422246
v 0.7903977 1.389757 0.07174035
v 0.7724455 1.407207 0.06274397
v 0.7423973 1.442228 0.02867509
v 0.7531171 1.439969 0.06210973
v 0.7596712 1.426939 0.04652592
v 0.7531171 1.439969 0.06210973
v 0.7724455 1.407207 0.06274397
v 0.7596712 1.426939 0.04652592
v 0.7773017 1.431119 0.02437432
v 0.7423973 1.442228 0.02867509
v 0.7596712 1.426939 0.04652592
v 0.7596712 1.426939 0.04652592
v 0.7724455 1.407207 0.06274397
v 0.7855691 1.412571 0.05750977
v 0.7596712 1.426939 0.04652592
v 0.7855691 1.412571 0.05750977
v 0.7773017 1.431119 0.02437432
v 0.7724455 1.407207 0.06274397
v 0.7903977 1.389757 0.07174035
v 0.7994958 1.396074 0.0657713
v 0.7724455 1.407207 0.06274397
v 0.7994958 1.396074 0.0657713
v 0.7855691 1.412571 0.05750977
v 0.7855691 1.412571 0.05750977
v 0.7994958 1.396074 0.0657713
v 0.8050023 1.404783 0.07527169
v 0.8145872 1.382032 0.07213208
v 0.7994958 1.396074 0.0657713
v 0.7903977 1.389757 0.07174035
v 0.8145872 1.382032 0.07213208
v 0.7903977 1.389757 0.07174035
v 0.8116053 1.377032 0.07607796
v 0.8145872 1.382032 0.07213208
v 0.8050023 1.404783 0.07527169
v 0.7994958 1.396074 0.0657713
v 0.8193331 1.389195 0.0796131
v 0.8145872 1.382032 0.07213208
v 0.8116053 1.377032 0.07607796
v 0.8145872 1.382032 0.07213208
v 0.8193331 1.389195 0.0796131
v 0.8050023 1.404783 0.07527169
v 0.8193331 1.389195 0.0796131
v 0.8116053 1.377032 0.07607796
v 0.8163611 1.379122 0.08241107
v 0.8193331 1.389195 0.0796131
v 0.8163611 1.379122 0.08241107
v 0.817691 1.386647 0.08637883
v 0.8050023 1.404783 0.07527169
v 0.8193331 1.389195 0.0796131
v 0.817691 1.386647 0.08637883
v 0.8050023 1.404783 0.07527169
v 0.817691 1.386647 0.08637883
v 0.8026395 1.404838 0.08215975
v 0.7884095 1.424355 0.07334949
v 0.8050023 1.404783 0.07527169
v 0.8026395 1.404838 0.08215975
v 0.7855691 1.412571 0.05750977
v 0.8050023 1.404783 0.07527169
v 0.7926119 1.422264 0.06730019
v 0.7884095 1.424355 0.07334949
v 0.7926119 1.422264 0.06730019
v 0.8050023 1.404783 0.07527169
v 0.7926119 1.422264 0.06730019
v 0.7773017 1.431119 0.02437432
v 0.7855691 1.412571 0.05750977
v 0.7884095 1.424355 0.07334949
v 0.7994717 1.435546 0.06599617
v 0.7926119 1.422264 0.06730019
v 0.7926119 1.422264 0.06730019
v 0.7994717 1.435546 0.06599617
v 0.7773017 1.431119 0.02437432
v 0.7884095 1.424355 0.07334949
v 0.7974291 1.439937 0.0677339
v 0.7994717 1.435546 0.06599617
v 0.7773017 1.431119 0.02437432
v 0.7994717 1.435546 0.06599617
v 0.800566 1.435569 0.0336642
v 0.8232751 1.435763 0.04474217
v 0.800566 1.435569 0.0336642
v 0.7994717 1.435546 0.06599617
v 0.800566 1.435569 0.0336642
v 0.8232751 1.435763 0.04474217
v 0.8283117 1.438487 0.0231135
v 0.800566 1.435569 0.0336642
v 0.8283117 1.438487 0.0231135
v 0.7993611 1.444555 0.01867963
v 0.7773017 1.431119 0.02437432
v 0.800566 1.435569 0.0336642
v 0.7993611 1.444555 0.01867963
v 0.8232751 1.435763 0.04474217
v 0.7994717 1.435546 0.06599617
v 0.8150687 1.441783 0.06916411
v 0.7773017 1.431119 0.02437432
v 0.7993611 1.444555 0.01867963
v 0.7515861 1.445193 0.007939026
v 0.7773017 1.431119 0.02437432
v 0.7515861 1.445193 0.007939026
v 0.7423973 1.442228 0.02867509
v 0.7414265 1.447787 0.007606331
v 0.7423973 1.442228 0.02867509
v 0.7515861 1.445193 0.007939026
v 0.7422252 1.458087 -0.01301749
v 0.7414265 1.447787 0.007606331
v 0.7515861 1.445193 0.007939026
v 0.7422252 1.458087 -0.01301749
v 0.7515861 1.445193 0.007939026
v 0.7550814 1.457677 -0.01196225
v 0.7515861 1.445193 0.007939026
v 0.7870734 1.442465 -0.01385004
v 0.7550814 1.457677 -0.01196225
v 0.7515861 1.445193 0.007939026
v 0.7993611 1.444555 0.01867963
v 0.7870734 1.442465 -0.01385004
v 0.7870734 1.442465 -0.01385004
v 0.7993611 1.444555 0.01867963
v 0.8283117 1.438487 0.0231135
v 0.7870734 1.442465 -0.01385004
v 0.8283117 1.438487 0.0231135
v 0.8119352 1.440484 -0.01255029
v 0.8150687 1.441783 0.06916411
v 0.8328459 1.432528 0.06127905
v 0.8232751 1.435763 0.04474217
v 0.8150687 1.441783 0.06916411
v 0.8279081 1.439487 0.07168604
v 0.8328459 1.432528 0.06127905
v 0.8464097 1.435713 -0.001115707
v 0.8119352 1.440484 -0.01255029
v 0.8283117 1.438487 0.0231135
v 0.8464097 1.435713 -0.001115707
v 0.833194 1.437442 -0.01688211
v 0.8119352 1.440484 -0.01255029
v 0.8279081 1.439487 0.07168604
v 0.8487905 1.425329 0.06935009
v 0.8328459 1.432528 0.06127905
v 0.8279081 1.439487 0.07168604
v 0.8479068 1.429809 0.07758293
v 0.8487905 1.425329 0.06935009
v 0.8479068 1.429809 0.07758293
v 0.8668448 1.409425 0.07649987
v 0.8487905 1.425329 0.06935009
v 0.8479068 1.429809 0.07758293
v 0.8677889 1.413968 0.08457128
v 0.8668448 1.409425 0.07649987
v 0.8539777 1.426964 0.06103631
v 0.8328459 1.432528 0.06127905
v 0.8487905 1.425329 0.06935009
v 0.8539777 1.426964 0.06103631
v 0.8487905 1.425329 0.06935009
v 0.8668448 1.409425 0.07649987
v 0.8539777 1.426964 0.06103631
v 0.8434116 1.436611 0.05154924
v 0.8328459 1.432528 0.06127905
v 0.8232751 1.435763 0.04474217
v 0.8328459 1.432528 0.06127905
v 0.8434116 1.436611 0.05154924
v 0.8539777 1.426964 0.06103631
v 0.8668448 1.409425 0.07649987
v 0.8715278 1.410847 0.07024018
v 0.8883669 1.399034 0.07738568
v 0.8715278 1.410847 0.07024018
v 0.8668448 1.409425 0.07649987
v 0.8812594 1.398286 0.08198441
v 0.8668448 1.409425 0.07649987
v 0.8677889 1.413968 0.08457128
v 0.8883669 1.399034 0.07738568
v 0.8668448 1.409425 0.07649987
v 0.8812594 1.398286 0.08198441
v 0.8812594 1.398286 0.08198441
v 0.8677889 1.413968 0.08457128
v 0.8854869 1.401403 0.08913289
v 0.8883669 1.399034 0.07738568
v 0.8812594 1.398286 0.08198441
v 0.889357 1.398169 0.0843271
v 0.889357 1.398169 0.0843271
v 0.8812594 1.398286 0.08198441
v 0.8854869 1.401403 0.08913289
v 0.8232751 1.435763 0.04474217
v 0.8434116 1.436611 0.05154924
v 0.8439907 1.433024 0.03768414
v 0.8283117 1.438487 0.0231135
v 0.8232751 1.435763 0.04474217
v 0.8439907 1.433024 0.03768414
v 0.8434116 1.436611 0.05154924
v 0.8651224 1.428073 0.04330472
v 0.8439907 1.433024 0.03768414
v 0.8434116 1.436611 0.05154924
v 0.8663121 1.432652 0.05272072
v 0.8651224 1.428073 0.04330472
v 0.8283117 1.438487 0.0231135
v 0.8439907 1.433024 0.03768414
v 0.8501342 1.437375 0.02478806
v 0.8501342 1.437375 0.02478806
v 0.8439907 1.433024 0.03768414
v 0.8651224 1.428073 0.04330472
v 0.8663121 1.432652 0.05272072
v 0.8893254 1.408199 0.0501741
v 0.8651224 1.428073 0.04330472
v 0.8663121 1.432652 0.05272072
v 0.8918129 1.413126 0.05783969
v 0.8893254 1.408199 0.0501741
v 0.8501342 1.437375 0.02478806
v 0.8651224 1.428073 0.04330472
v 0.8708835 1.428999 0.03420291
v 0.8651224 1.428073 0.04330472
v 0.8917477 1.410699 0.04115479
v 0.8708835 1.428999 0.03420291
v 0.8651224 1.428073 0.04330472
v 0.8893254 1.408199 0.0501741
v 0.8917477 1.410699 0.04115479
v 0.8893254 1.408199 0.0501741
v 0.9123887 1.395711 0.04863004
v 0.8917477 1.410699 0.04115479
v 0.8918129 1.413126 0.05783969
v 0.9048438 1.39504 0.05520748
v 0.8893254 1.408199 0.0501741
v 0.8893254 1.408199 0.0501741
v 0.9048438 1.39504 0.05520748
v 0.9123887 1.395711 0.04863004
v 0.8918129 1.413126 0.05783969
v 0.9106209 1.399004 0.06153902
v 0.9048438 1.39504 0.05520748
v 0.9146841 1.395334 0.0561419
v 0.9123887 1.395711 0.04863004
v 0.9048438 1.39504 0.05520748
v 0.9146841 1.395334 0.0561419
v 0.9048438 1.39504 0.05520748
v 0.9106209 1.399004 0.06153902
v 0.8283117 1.438487 0.0231135
v 0.8501342 1.437375 0.02478806
v 0.8446307 1.434582 0.01350127
v 0.8464097 1.435713 -0.001115707
v 0.8283117 1.438487 0.0231135
v 0.8446307 1.434582 0.01350127
v 0.8501342 1.437375 0.02478806
v 0.8715841 1.423162 0.01725792
v 0.8446307 1.434582 0.01350127
v 0.8501342 1.437375 0.02478806
v 0.8739541 1.427732 0.02514482
v 0.8715841 1.423162 0.01725792
v 0.8446307 1.434582 0.01350127
v 0.8744416 1.423921 0.008868058
v 0.8464097 1.435713 -0.001115707
v 0.8446307 1.434582 0.01350127
v 0.8715841 1.423162 0.01725792
v 0.8744416 1.423921 0.008868058
v 0.8914338 1.408375 0.01583298
v 0.8744416 1.423921 0.008868058
v 0.8715841 1.423162 0.01725792
v 0.887806 1.409468 0.02317207
v 0.8715841 1.423162 0.01725792
v 0.8739541 1.427732 0.02514482
v 0.8914338 1.408375 0.01583298
v 0.8715841 1.423162 0.01725792
v 0.887806 1.409468 0.02317207
v 0.887806 1.409468 0.02317207
v 0.8739541 1.427732 0.02514482
v 0.8907698 1.414481 0.02952491
v 0.9077071 1.39219 0.02262985
v 0.8914338 1.408375 0.01583298
v 0.887806 1.409468 0.02317207
v 0.9014592 1.393206 0.02791625
v 0.887806 1.409468 0.02317207
v 0.8907698 1.414481 0.02952491
v 0.9077071 1.39219 0.02262985
v 0.887806 1.409468 0.02317207
v 0.9014592 1.393206 0.02791625
v 0.9014592 1.393206 0.02791625
v 0.8907698 1.414481 0.02952491
v 0.9073961 1.396924 0.03407772
v 0.9077071 1.39219 0.02262985
v 0.9014592 1.393206 0.02791625
v 0.9102585 1.391992 0.02938209
v 0.9102585 1.391992 0.02938209
v 0.9014592 1.393206 0.02791625
v 0.9073961 1.396924 0.03407772
v 0.8464097 1.435713 -0.001115707
v 0.8376378 1.433998 -0.007898395
v 0.833194 1.437442 -0.01688211
v 0.859226 1.424902 -0.004878275
v 0.8376378 1.433998 -0.007898395
v 0.8464097 1.435713 -0.001115707
v 0.8547053 1.421004 -0.009959504
v 0.833194 1.437442 -0.01688211
v 0.8376378 1.433998 -0.007898395
v 0.859226 1.424902 -0.004878275
v 0.8547053 1.421004 -0.009959504
v 0.8376378 1.433998 -0.007898395
v 0.8547053 1.421004 -0.009959504
v 0.8541101 1.422538 -0.01871303
v 0.833194 1.437442 -0.01688211
v 0.8547053 1.421004 -0.009959504
v 0.8726729 1.406545 -0.01806817
v 0.8541101 1.422538 -0.01871303
v 0.859226 1.424902 -0.004878275
v 0.8722938 1.406564 -0.01064363
v 0.8547053 1.421004 -0.009959504
v 0.8547053 1.421004 -0.009959504
v 0.8722938 1.406564 -0.01064363
v 0.8726729 1.406545 -0.01806817
v 0.859226 1.424902 -0.004878275
v 0.8765131 1.410869 -0.006706144
v 0.8722938 1.406564 -0.01064363
v 0.8875669 1.392964 -0.01620383
v 0.8726729 1.406545 -0.01806817
v 0.8722938 1.406564 -0.01064363
v 0.8849998 1.393172 -0.009466889
v 0.8722938 1.406564 -0.01064363
v 0.8765131 1.410869 -0.006706144
v 0.8875669 1.392964 -0.01620383
v 0.8722938 1.406564 -0.01064363
v 0.8849998 1.393172 -0.009466889
v 0.8849998 1.393172 -0.009466889
v 0.8765131 1.410869 -0.006706144
v 0.8915503 1.3957 -0.007012424
v 0.8875669 1.392964 -0.01620383
v 0.8849998 1.393172 -0.009466889
v 0.8918975 1.391722 -0.01192448
v 0.8918975 1.391722 -0.01192448
v 0.8849998 1.393172 -0.009466889
v 0.8915503 1.3957 -0.007012424
v 0.7244446 1.457686 0.03863431
v 0.7414265 1.447787 0.007606331
v 0.6609462 1.441149 -0.0112171
v 0.7244446 1.457686 0.03863431
v 0.6609462 1.441149 -0.0112171
v 0.6546155 1.454809 0.02308188
v 0.6546155 1.454809 0.02308188
v 0.6609462 1.441149 -0.0112171
v 0.5300426 1.436695 -0.003890876
v 0.5300426 1.436695 -0.003890876
v 0.6609462 1.441149 -0.0112171
v 0.5278646 1.4188 -0.03141093
v 0.4761256 1.443781 -0.01430389
v 0.5300426 1.436695 -0.003890876
v 0.5278646 1.4188 -0.03141093
v 0.4761256 1.443781 -0.01430389
v 0.5278646 1.4188 -0.03141093
v 0.4793101 1.423785 -0.03648519
v 0.4475593 1.426201 -0.03968092
v 0.4761256 1.443781 -0.01430389
v 0.4793101 1.423785 -0.03648519
v 0.6546155 1.454809 0.02308188
v 0.5300426 1.436695 -0.003890876
v 0.5319337 1.46182 0.01085856
v 0.4761256 1.443781 -0.01430389
v 0.5319337 1.46182 0.01085856
v 0.5300426 1.436695 -0.003890876
v 0.4295806 1.458121 -0.008552147
v 0.4761256 1.443781 -0.01430389
v 0.4475593 1.426201 -0.03968092
v 0.4295806 1.458121 -0.008552147
v 0.4475593 1.426201 -0.03968092
v 0.3816434 1.421661 -0.0543748
v 0.4295806 1.458121 -0.008552147
v 0.3816434 1.421661 -0.0543748
v 0.3813545 1.456951 0.0008810185
v 0.4761256 1.443781 -0.01430389
v 0.4713058 1.463741 -0.01394293
v 0.5319337 1.46182 0.01085856
v 0.4295806 1.458121 -0.008552147
v 0.4713058 1.463741 -0.01394293
v 0.4761256 1.443781 -0.01430389
v 0.4325953 1.518424 -0.02645805
v 0.4295806 1.458121 -0.008552147
v 0.3813545 1.456951 0.0008810185
v 0.4713058 1.463741 -0.01394293
v 0.4295806 1.458121 -0.008552147
v 0.4325953 1.518424 -0.02645805
v 0.4325953 1.518424 -0.02645805
v 0.3813545 1.456951 0.0008810185
v 0.3862401 1.516494 -0.02310202
v 0.3862401 1.516494 -0.02310202
v 0.441558 1.516726 -0.07039683
v 0.4325953 1.518424 -0.02645805
v 0.3862401 1.516494 -0.02310202
v 0.379958 1.520473 -0.07828139
v 0.441558 1.516726 -0.07039683
v 0.3700281 1.500316 -0.1030581
v 0.441558 1.516726 -0.07039683
v 0.379958 1.520473 -0.07828139
v 0.5377319 1.496305 0.006999724
v 0.6546155 1.454809 0.02308188
v 0.5319337 1.46182 0.01085856
v 0.4713058 1.463741 -0.01394293
v 0.5377319 1.496305 0.006999724
v 0.5319337 1.46182 0.01085856
v 0.4713058 1.463741 -0.01394293
v 0.4325953 1.518424 -0.02645805
v 0.4693426 1.49311 -0.0232951
v 0.4693426 1.49311 -0.0232951
v 0.4325953 1.518424 -0.02645805
v 0.441558 1.516726 -0.07039683
v 0.4713058 1.463741 -0.01394293
v 0.4693426 1.49311 -0.0232951
v 0.5377319 1.496305 0.006999724
v 0.3700281 1.500316 -0.1030581
v 0.4365369 1.505643 -0.08347505
v 0.441558 1.516726 -0.07039683
v 0.3665574 1.46835 -0.1137323
v 0.4365369 1.505643 -0.08347505
v 0.3700281 1.500316 -0.1030581
v 0.5377319 1.496305 0.006999724
v 0.6550686 1.471864 0.02038622
v 0.6546155 1.454809 0.02308188
v 0.6559481 1.496104 0.006967739
v 0.6550686 1.471864 0.02038622
v 0.5377319 1.496305 0.006999724
v 0.6550686 1.471864 0.02038622
v 0.7244446 1.457686 0.03863431
v 0.6546155 1.454809 0.02308188
v 0.7244446 1.457686 0.03863431
v 0.6550686 1.471864 0.02038622
v 0.6559481 1.496104 0.006967739
v 0.7244446 1.457686 0.03863431
v 0.6559481 1.496104 0.006967739
v 0.7300333 1.48263 0.03424237
v 0.7395491 1.483528 -0.004793209
v 0.7300333 1.48263 0.03424237
v 0.6559481 1.496104 0.006967739
v 0.4693426 1.49311 -0.0232951
v 0.5454126 1.519088 -0.01836622
v 0.5377319 1.496305 0.006999724
v 0.6559481 1.496104 0.006967739
v 0.5377319 1.496305 0.006999724
v 0.5454126 1.519088 -0.01836622
v 0.4693426 1.49311 -0.0232951
v 0.441558 1.516726 -0.07039683
v 0.4720223 1.516926 -0.06119071
v 0.4693426 1.49311 -0.0232951
v 0.4720223 1.516926 -0.06119071
v 0.5454126 1.519088 -0.01836622
v 0.4779123 1.49666 -0.07149005
v 0.4720223 1.516926 -0.06119071
v 0.441558 1.516726 -0.07039683
v 0.4779123 1.49666 -0.07149005
v 0.441558 1.516726 -0.07039683
v 0.4365369 1.505643 -0.08347505
v 0.5454126 1.519088 -0.01836622
v 0.4720223 1.516926 -0.06119071
v 0.4779123 1.49666 -0.07149005
v 0.3665574 1.46835 -0.1137323
v 0.4367412 1.467531 -0.103993
v 0.4365369 1.505643 -0.08347505
v 0.4518979 1.426112 -0.06267661
v 0.4367412 1.467531 -0.103993
v 0.3665574 1.46835 -0.1137323
v 0.4518979 1.426112 -0.06267661
v 0.3665574 1.46835 -0.1137323
v 0.3813428 1.415863 -0.07041641
v 0.3816434 1.421661 -0.0543748
v 0.4518979 1.426112 -0.06267661
v 0.3813428 1.415863 -0.07041641
v 0.3816434 1.421661 -0.0543748
v 0.4475593 1.426201 -0.03968092
v 0.4518979 1.426112 -0.06267661
v 0.4645391 1.476946 -0.09865905
v 0.4365369 1.505643 -0.08347505
v 0.4367412 1.467531 -0.103993
v 0.4645391 1.476946 -0.09865905
v 0.4779123 1.49666 -0.07149005
v 0.4365369 1.505643 -0.08347505
v 0.4645391 1.476946 -0.09865905
v 0.4367412 1.467531 -0.103993
v 0.462375 1.456381 -0.1019604
v 0.4518979 1.426112 -0.06267661
v 0.462375 1.456381 -0.1019604
v 0.4367412 1.467531 -0.103993
v 0.489063 1.428457 -0.06477004
v 0.4518979 1.426112 -0.06267661
v 0.4475593 1.426201 -0.03968092
v 0.489063 1.428457 -0.06477004
v 0.4475593 1.426201 -0.03968092
v 0.4793101 1.423785 -0.03648519
v 0.4779123 1.49666 -0.07149005
v 0.4645391 1.476946 -0.09865905
v 0.4889322 1.48346 -0.1002378
v 0.4889322 1.48346 -0.1002378
v 0.4645391 1.476946 -0.09865905
v 0.462375 1.456381 -0.1019604
v 0.4867537 1.456613 -0.101949
v 0.462375 1.456381 -0.1019604
v 0.4518979 1.426112 -0.06267661
v 0.489063 1.428457 -0.06477004
v 0.4867537 1.456613 -0.101949
v 0.4518979 1.426112 -0.06267661
v 0.4889322 1.48346 -0.1002378
v 0.462375 1.456381 -0.1019604
v 0.4867537 1.456613 -0.101949
v 0.5454126 1.519088 -0.01836622
v 0.4779123 1.49666 -0.07149005
v 0.5083075 1.499374 -0.08141363
v 0.5083075 1.499374 -0.08141363
v 0.4779123 1.49666 -0.07149005
v 0.4889322 1.48346 -0.1002378
v 0.4889322 1.48346 -0.1002378
v 0.4867537 1.456613 -0.101949
v 0.510151 1.466216 -0.09302069
v 0.489063 1.428457 -0.06477004
v 0.510151 1.466216 -0.09302069
v 0.4867537 1.456613 -0.101949
v 0.4889322 1.48346 -0.1002378
v 0.510151 1.466216 -0.09302069
v 0.5083075 1.499374 -0.08141363
v 0.4793101 1.423785 -0.03648519
v 0.5461594 1.445112 -0.07222109
v 0.489063 1.428457 -0.06477004
v 0.5461594 1.445112 -0.07222109
v 0.510151 1.466216 -0.09302069
v 0.489063 1.428457 -0.06477004
v 0.4793101 1.423785 -0.03648519
v 0.5278646 1.4188 -0.03141093
v 0.5461594 1.445112 -0.07222109
v 0.5454126 1.519088 -0.01836622
v 0.5083075 1.499374 -0.08141363
v 0.553899 1.500527 -0.07591817
v 0.553899 1.500527 -0.07591817
v 0.5083075 1.499374 -0.08141363
v 0.510151 1.466216 -0.09302069
v 0.553899 1.500527 -0.07591817
v 0.510151 1.466216 -0.09302069
v 0.5461594 1.445112 -0.07222109
v 0.553899 1.500527 -0.07591817
v 0.6559481 1.496104 0.006967739
v 0.5454126 1.519088 -0.01836622
v 0.553899 1.500527 -0.07591817
v 0.6666811 1.488979 -0.02757747
v 0.6559481 1.496104 0.006967739
v 0.5461594 1.445112 -0.07222109
v 0.6666811 1.488979 -0.02757747
v 0.553899 1.500527 -0.07591817
v 0.7395491 1.483528 -0.004793209
v 0.6559481 1.496104 0.006967739
v 0.6666811 1.488979 -0.02757747
v 0.5278646 1.4188 -0.03141093
v 0.6662239 1.450792 -0.0283883
v 0.5461594 1.445112 -0.07222109
v 0.5461594 1.445112 -0.07222109
v 0.6662239 1.450792 -0.0283883
v 0.6666811 1.488979 -0.02757747
v 0.7395491 1.483528 -0.004793209
v 0.6666811 1.488979 -0.02757747
v 0.6662239 1.450792 -0.0283883
v 0.5278646 1.4188 -0.03141093
v 0.6609462 1.441149 -0.0112171
v 0.6662239 1.450792 -0.0283883
v 0.7395491 1.483528 -0.004793209
v 0.6662239 1.450792 -0.0283883
v 0.7422252 1.458087 -0.01301749
v 0.7414265 1.447787 0.007606331
v 0.6662239 1.450792 -0.0283883
v 0.6609462 1.441149 -0.0112171
v 0.7414265 1.447787 0.007606331
v 0.7422252 1.458087 -0.01301749
v 0.6662239 1.450792 -0.0283883
v -0.7395491 1.483528 -0.004793339
v -0.7550814 1.457677 -0.01196238
v -0.7422252 1.458087 -0.01301762
v -0.7395491 1.483528 -0.004793339
v -0.7539899 1.481459 -0.004670834
v -0.7550814 1.457677 -0.01196238
v -0.7300333 1.48263 0.03424224
v -0.7539899 1.481459 -0.004670834
v -0.7395491 1.483528 -0.004793339
v -0.7550814 1.457677 -0.01196238
v -0.7539899 1.481459 -0.004670834
v -0.7924163 1.460648 -0.02157572
v -0.7550814 1.457677 -0.01196238
v -0.7924163 1.460648 -0.02157572
v -0.7870734 1.442465 -0.01385018
v -0.8191829 1.454468 -0.02147538
v -0.7870734 1.442465 -0.01385018
v -0.7924163 1.460648 -0.02157572
v -0.8191829 1.454468 -0.02147538
v -0.8119352 1.440484 -0.01255043
v -0.7870734 1.442465 -0.01385018
v -0.7924163 1.460648 -0.02157572
v -0.8297286 1.461824 -0.005492397
v -0.8191829 1.454468 -0.02147538
v -0.7924163 1.460648 -0.02157572
v -0.7539899 1.481459 -0.004670834
v -0.8297286 1.461824 -0.005492397
v -0.8119352 1.440484 -0.01255043
v -0.8191829 1.454468 -0.02147538
v -0.8358909 1.446066 -0.02293469
v -0.8119352 1.440484 -0.01255043
v -0.8358909 1.446066 -0.02293469
v -0.833194 1.437442 -0.01688225
v -0.8578863 1.430355 -0.02232324
v -0.833194 1.437442 -0.01688225
v -0.8358909 1.446066 -0.02293469
v -0.8578863 1.430355 -0.02232324
v -0.8541101 1.422538 -0.01871318
v -0.833194 1.437442 -0.01688225
v -0.7300333 1.48263 0.03424224
v -0.7448756 1.480342 0.03504594
v -0.7539899 1.481459 -0.004670834
v -0.7244446 1.457686 0.03863418
v -0.7448756 1.480342 0.03504594
v -0.7300333 1.48263 0.03424224
v -0.8617367 1.43397 -0.01812204
v -0.8578863 1.430355 -0.02232324
v -0.8358909 1.446066 -0.02293469
v -0.8617367 1.43397 -0.01812204
v -0.8358909 1.446066 -0.02293469
v -0.8452072 1.44983 -0.01678791
v -0.8541101 1.422538 -0.01871318
v -0.8578863 1.430355 -0.02232324
v -0.8762761 1.411004 -0.01991058
v -0.8541101 1.422538 -0.01871318
v -0.8762761 1.411004 -0.01991058
v -0.8726729 1.406545 -0.01806832
v -0.8875669 1.392964 -0.01620398
v -0.8726729 1.406545 -0.01806832
v -0.8762761 1.411004 -0.01991058
v -0.7244446 1.457686 0.03863418
v -0.7373435 1.4594 0.04322087
v -0.7448756 1.480342 0.03504594
v -0.7414265 1.447787 0.007606201
v -0.7373435 1.4594 0.04322087
v -0.7244446 1.457686 0.03863418
v -0.8616796 1.433035 -0.01048104
v -0.8617367 1.43397 -0.01812204
v -0.8452072 1.44983 -0.01678791
v -0.8616796 1.433035 -0.01048104
v -0.8452072 1.44983 -0.01678791
v -0.8474126 1.445858 -0.003235535
v -0.8578863 1.430355 -0.02232324
v -0.8617367 1.43397 -0.01812204
v -0.8796338 1.41444 -0.01634836
v -0.8578863 1.430355 -0.02232324
v -0.8796338 1.41444 -0.01634836
v -0.8762761 1.411004 -0.01991058
v -0.8617367 1.43397 -0.01812204
v -0.8616796 1.433035 -0.01048104
v -0.879547 1.414704 -0.01017031
v -0.8617367 1.43397 -0.01812204
v -0.879547 1.414704 -0.01017031
v -0.8796338 1.41444 -0.01634836
v -0.859226 1.424902 -0.004878425
v -0.8616796 1.433035 -0.01048104
v -0.8474126 1.445858 -0.003235535
v -0.859226 1.424902 -0.004878425
v -0.879547 1.414704 -0.01017031
v -0.8616796 1.433035 -0.01048104
v -0.859226 1.424902 -0.004878425
v -0.8765131 1.410869 -0.006706298
v -0.879547 1.414704 -0.01017031
v -0.8915503 1.3957 -0.00701258
v -0.879547 1.414704 -0.01017031
v -0.8765131 1.410869 -0.006706298
v -0.859226 1.424902 -0.004878425
v -0.8474126 1.445858 -0.003235535
v -0.8464097 1.435713 -0.001115855
v -0.8915503 1.3957 -0.00701258
v -0.8944133 1.397402 -0.009341975
v -0.879547 1.414704 -0.01017031
v -0.8944133 1.397402 -0.009341975
v -0.8796338 1.41444 -0.01634836
v -0.879547 1.414704 -0.01017031
v -0.8918975 1.391722 -0.01192463
v -0.8944133 1.397402 -0.009341975
v -0.8915503 1.3957 -0.00701258
v -0.8944133 1.397402 -0.009341975
v -0.894661 1.393914 -0.01409855
v -0.8796338 1.41444 -0.01634836
v -0.8918975 1.391722 -0.01192463
v -0.894661 1.393914 -0.01409855
v -0.8944133 1.397402 -0.009341975
v -0.8762761 1.411004 -0.01991058
v -0.8796338 1.41444 -0.01634836
v -0.894661 1.393914 -0.01409855
v -0.8875669 1.392964 -0.01620398
v -0.894661 1.393914 -0.01409855
v -0.8918975 1.391722 -0.01192463
v -0.8875669 1.392964 -0.01620398
v -0.8762761 1.411004 -0.01991058
v -0.8905765 1.39495 -0.01791922
v -0.8875669 1.392964 -0.01620398
v -0.8905765 1.39495 -0.01791922
v -0.894661 1.393914 -0.01409855
v -0.8762761 1.411004 -0.01991058
v -0.894661 1.393914 -0.01409855
v -0.8905765 1.39495 -0.01791922
v -0.8464097 1.435713 -0.001115855
v -0.8474126 1.445858 -0.003235535
v -0.8804966 1.433114 0.009125542
v -0.8464097 1.435713 -0.001115855
v -0.8804966 1.433114 0.009125542
v -0.8744416 1.423921 0.008867905
v -0.8960986 1.413651 0.015597
v -0.8744416 1.423921 0.008867905
v -0.8804966 1.433114 0.009125542
v -0.8960986 1.413651 0.015597
v -0.8914338 1.408375 0.01583282
v -0.8744416 1.423921 0.008867905
v -0.9077071 1.39219 0.02262969
v -0.8914338 1.408375 0.01583282
v -0.8960986 1.413651 0.015597
v -0.8474126 1.445858 -0.003235535
v -0.8831342 1.436925 0.01453784
v -0.8804966 1.433114 0.009125542
v -0.8960986 1.413651 0.015597
v -0.8804966 1.433114 0.009125542
v -0.8831342 1.436925 0.01453784
v -0.8474126 1.445858 -0.003235535
v -0.8445721 1.457938 0.007105336
v -0.8831342 1.436925 0.01453784
v -0.8297286 1.461824 -0.005492397
v -0.8445721 1.457938 0.007105336
v -0.8474126 1.445858 -0.003235535
v -0.8297286 1.461824 -0.005492397
v -0.8350526 1.463772 0.005948941
v -0.8445721 1.457938 0.007105336
v -0.8433104 1.454232 0.0212849
v -0.8445721 1.457938 0.007105336
v -0.8350526 1.463772 0.005948941
v -0.8297286 1.461824 -0.005492397
v -0.7539899 1.481459 -0.004670834
v -0.8350526 1.463772 0.005948941
v -0.8445721 1.457938 0.007105336
v -0.8801077 1.436587 0.02082145
v -0.8831342 1.436925 0.01453784
v -0.8445721 1.457938 0.007105336
v -0.8433104 1.454232 0.0212849
v -0.8801077 1.436587 0.02082145
v -0.7539899 1.481459 -0.004670834
v -0.8339839 1.46664 0.02021518
v -0.8350526 1.463772 0.005948941
v -0.8433104 1.454232 0.0212849
v -0.8350526 1.463772 0.005948941
v -0.8339839 1.46664 0.02021518
v -0.9077071 1.39219 0.02262969
v -0.8960986 1.413651 0.015597
v -0.9125997 1.395808 0.02256351
v -0.9077071 1.39219 0.02262969
v -0.9125997 1.395808 0.02256351
v -0.9151003 1.395793 0.02890203
v -0.8960986 1.413651 0.015597
v -0.9151003 1.395793 0.02890203
v -0.9125997 1.395808 0.02256351
v -0.9077071 1.39219 0.02262969
v -0.9151003 1.395793 0.02890203
v -0.9102585 1.391992 0.02938193
v -0.8960986 1.413651 0.015597
v -0.8831342 1.436925 0.01453784
v -0.8978258 1.418004 0.02099406
v -0.8960986 1.413651 0.015597
v -0.8978258 1.418004 0.02099406
v -0.9151003 1.395793 0.02890203
v -0.9102585 1.391992 0.02938193
v -0.9151003 1.395793 0.02890203
v -0.912309 1.40026 0.03330715
v -0.912309 1.40026 0.03330715
v -0.9151003 1.395793 0.02890203
v -0.8978258 1.418004 0.02099406
v -0.9102585 1.391992 0.02938193
v -0.912309 1.40026 0.03330715
v -0.9073961 1.396924 0.03407756
v -0.8831342 1.436925 0.01453784
v -0.8954055 1.418788 0.02725234
v -0.8978258 1.418004 0.02099406
v -0.912309 1.40026 0.03330715
v -0.8978258 1.418004 0.02099406
v -0.8954055 1.418788 0.02725234
v -0.9073961 1.396924 0.03407756
v -0.912309 1.40026 0.03330715
v -0.8954055 1.418788 0.02725234
v -0.8831342 1.436925 0.01453784
v -0.8801077 1.436587 0.02082145
v -0.8954055 1.418788 0.02725234
v -0.9073961 1.396924 0.03407756
v -0.8954055 1.418788 0.02725234
v -0.8907698 1.414481 0.02952475
v -0.8801077 1.436587 0.02082145
v -0.8907698 1.414481 0.02952475
v -0.8954055 1.418788 0.02725234
v -0.8801077 1.436587 0.02082145
v -0.8739541 1.427732 0.02514467
v -0.8907698 1.414481 0.02952475
v -0.8501342 1.437375 0.02478791
v -0.8739541 1.427732 0.02514467
v -0.8801077 1.436587 0.02082145
v -0.8501342 1.437375 0.02478791
v -0.8801077 1.436587 0.02082145
v -0.8433104 1.454232 0.0212849
v -0.8501342 1.437375 0.02478791
v -0.8433104 1.454232 0.0212849
v -0.8764091 1.439305 0.03604073
v -0.8501342 1.437375 0.02478791
v -0.8764091 1.439305 0.03604073
v -0.8708835 1.428999 0.03420276
v -0.8708835 1.428999 0.03420276
v -0.8764091 1.439305 0.03604073
v -0.8986565 1.415204 0.04232968
v -0.8708835 1.428999 0.03420276
v -0.8986565 1.415204 0.04232968
v -0.8917477 1.410699 0.04115463
v -0.916675 1.40013 0.04925585
v -0.8917477 1.410699 0.04115463
v -0.8986565 1.415204 0.04232968
v -0.916675 1.40013 0.04925585
v -0.9123887 1.395711 0.04862989
v -0.8917477 1.410699 0.04115463
v -0.9146841 1.395334 0.05614175
v -0.9123887 1.395711 0.04862989
v -0.916675 1.40013 0.04925585
v -0.8764091 1.439305 0.03604073
v -0.9007784 1.419257 0.0496903
v -0.8986565 1.415204 0.04232968
v -0.9007784 1.419257 0.0496903
v -0.916675 1.40013 0.04925585
v -0.8986565 1.415204 0.04232968
v -0.8769246 1.443646 0.04297509
v -0.8764091 1.439305 0.03604073
v -0.8433104 1.454232 0.0212849
v -0.8764091 1.439305 0.03604073
v -0.8769246 1.443646 0.04297509
v -0.9007784 1.419257 0.0496903
v -0.9146841 1.395334 0.05614175
v -0.916675 1.40013 0.04925585
v -0.9188823 1.39969 0.0562704
v -0.9007784 1.419257 0.0496903
v -0.9188823 1.39969 0.0562704
v -0.916675 1.40013 0.04925585
v -0.9150858 1.403147 0.0614643
v -0.9146841 1.395334 0.05614175
v -0.9188823 1.39969 0.0562704
v -0.9007784 1.419257 0.0496903
v -0.9150858 1.403147 0.0614643
v -0.9188823 1.39969 0.0562704
v -0.9150858 1.403147 0.0614643
v -0.9106209 1.399004 0.06153886
v -0.9146841 1.395334 0.05614175
v -0.9007784 1.419257 0.0496903
v -0.8969858 1.418147 0.05653958
v -0.9150858 1.403147 0.0614643
v -0.8969858 1.418147 0.05653958
v -0.9106209 1.399004 0.06153886
v -0.9150858 1.403147 0.0614643
v -0.8769246 1.443646 0.04297509
v -0.8969858 1.418147 0.05653958
v -0.9007784 1.419257 0.0496903
v -0.8969858 1.418147 0.05653958
v -0.8918129 1.413126 0.05783954
v -0.9106209 1.399004 0.06153886
v -0.8726077 1.442577 0.05021535
v -0.8918129 1.413126 0.05783954
v -0.8969858 1.418147 0.05653958
v -0.8769246 1.443646 0.04297509
v -0.8726077 1.442577 0.05021535
v -0.8969858 1.418147 0.05653958
v -0.8769246 1.443646 0.04297509
v -0.8395296 1.453486 0.04997779
v -0.8726077 1.442577 0.05021535
v -0.8726077 1.442577 0.05021535
v -0.8663121 1.432652 0.05272057
v -0.8918129 1.413126 0.05783954
v -0.8434116 1.436611 0.05154909
v -0.8663121 1.432652 0.05272057
v -0.8726077 1.442577 0.05021535
v -0.8434116 1.436611 0.05154909
v -0.8726077 1.442577 0.05021535
v -0.8395296 1.453486 0.04997779
v -0.8769246 1.443646 0.04297509
v -0.8433104 1.454232 0.0212849
v -0.8444893 1.462722 0.03575868
v -0.8769246 1.443646 0.04297509
v -0.8444893 1.462722 0.03575868
v -0.8395296 1.453486 0.04997779
v -0.8444893 1.462722 0.03575868
v -0.8433104 1.454232 0.0212849
v -0.8339839 1.46664 0.02021518
v -0.8444893 1.462722 0.03575868
v -0.8339839 1.46664 0.02021518
v -0.8330313 1.469196 0.03293036
v -0.8395296 1.453486 0.04997779
v -0.8444893 1.462722 0.03575868
v -0.8330313 1.469196 0.03293036
v -0.7539899 1.481459 -0.004670834
v -0.8330313 1.469196 0.03293036
v -0.8339839 1.46664 0.02021518
v -0.7539899 1.481459 -0.004670834
v -0.8289794 1.468124 0.04589125
v -0.8330313 1.469196 0.03293036
v -0.8395296 1.453486 0.04997779
v -0.8330313 1.469196 0.03293036
v -0.8289794 1.468124 0.04589125
v -0.8289794 1.468124 0.04589125
v -0.8314267 1.456884 0.06710654
v -0.8395296 1.453486 0.04997779
v -0.7539899 1.481459 -0.004670834
v -0.7448756 1.480342 0.03504594
v -0.8289794 1.468124 0.04589125
v -0.8579615 1.437586 0.06416044
v -0.8434116 1.436611 0.05154909
v -0.8395296 1.453486 0.04997779
v -0.8314267 1.456884 0.06710654
v -0.8579615 1.437586 0.06416044
v -0.8395296 1.453486 0.04997779
v -0.8579615 1.437586 0.06416044
v -0.8539777 1.426964 0.06103616
v -0.8434116 1.436611 0.05154909
v -0.8289794 1.468124 0.04589125
v -0.7448756 1.480342 0.03504594
v -0.8216384 1.464139 0.06233916
v -0.8289794 1.468124 0.04589125
v -0.8216384 1.464139 0.06233916
v -0.8314267 1.456884 0.06710654
v -0.8539777 1.426964 0.06103616
v -0.8579615 1.437586 0.06416044
v -0.8766317 1.417411 0.07161121
v -0.8539777 1.426964 0.06103616
v -0.8766317 1.417411 0.07161121
v -0.8715278 1.410847 0.07024004
v -0.8883669 1.399034 0.07738553
v -0.8715278 1.410847 0.07024004
v -0.8766317 1.417411 0.07161121
v -0.7448756 1.480342 0.03504594
v -0.7838087 1.454569 0.06529853
v -0.8216384 1.464139 0.06233916
v -0.7448756 1.480342 0.03504594
v -0.7373435 1.4594 0.04322087
v -0.7838087 1.454569 0.06529853
v -0.8883669 1.399034 0.07738553
v -0.8766317 1.417411 0.07161121
v -0.8924819 1.403082 0.07803632
v -0.8883669 1.399034 0.07738553
v -0.8924819 1.403082 0.07803632
v -0.8935543 1.402364 0.08460596
v -0.8766317 1.417411 0.07161121
v -0.8935543 1.402364 0.08460596
v -0.8924819 1.403082 0.07803632
v -0.8883669 1.399034 0.07738553
v -0.8935543 1.402364 0.08460596
v -0.889357 1.398169 0.08432695
v -0.8579615 1.437586 0.06416044
v -0.8774666 1.421568 0.0782098
v -0.8766317 1.417411 0.07161121
v -0.8766317 1.417411 0.07161121
v -0.8774666 1.421568 0.0782098
v -0.8935543 1.402364 0.08460596
v -0.889357 1.398169 0.08432695
v -0.8935543 1.402364 0.08460596
v -0.8897905 1.40534 0.08909525
v -0.889357 1.398169 0.08432695
v -0.8897905 1.40534 0.08909525
v -0.8854869 1.401403 0.08913274
v -0.8733475 1.420464 0.08467345
v -0.8897905 1.40534 0.08909525
v -0.8935543 1.402364 0.08460596
v -0.8854869 1.401403 0.08913274
v -0.8897905 1.40534 0.08909525
v -0.8733475 1.420464 0.08467345
v -0.8733475 1.420464 0.08467345
v -0.8935543 1.402364 0.08460596
v -0.8774666 1.421568 0.0782098
v -0.8854869 1.401403 0.08913274
v -0.8733475 1.420464 0.08467345
v -0.8677889 1.413968 0.08457113
v -0.8579615 1.437586 0.06416044
v -0.8570797 1.441267 0.07129467
v -0.8774666 1.421568 0.0782098
v -0.8570797 1.441267 0.07129467
v -0.8733475 1.420464 0.08467345
v -0.8774666 1.421568 0.0782098
v -0.8314267 1.456884 0.06710654
v -0.8570797 1.441267 0.07129467
v -0.8579615 1.437586 0.06416044
v -0.8526258 1.440027 0.07752798
v -0.8677889 1.413968 0.08457113
v -0.8733475 1.420464 0.08467345
v -0.8570797 1.441267 0.07129467
v -0.8526258 1.440027 0.07752798
v -0.8733475 1.420464 0.08467345
v -0.8314267 1.456884 0.06710654
v -0.8526258 1.440027 0.07752798
v -0.8570797 1.441267 0.07129467
v -0.8526258 1.440027 0.07752798
v -0.8479068 1.429809 0.07758278
v -0.8677889 1.413968 0.08457113
v -0.8279081 1.439487 0.07168589
v -0.8479068 1.429809 0.07758278
v -0.8526258 1.440027 0.07752798
v -0.8279081 1.439487 0.07168589
v -0.8526258 1.440027 0.07752798
v -0.8314267 1.456884 0.06710654
v -0.8150687 1.441783 0.06916396
v -0.8279081 1.439487 0.07168589
v -0.8314267 1.456884 0.06710654
v -0.8150687 1.441783 0.06916396
v -0.8314267 1.456884 0.06710654
v -0.8216384 1.464139 0.06233916
v -0.8216384 1.464139 0.06233916
v -0.7974291 1.439937 0.06773376
v -0.8150687 1.441783 0.06916396
v -0.8150687 1.441783 0.06916396
v -0.7974291 1.439937 0.06773376
v -0.7994717 1.435546 0.06599604
v -0.8216384 1.464139 0.06233916
v -0.7838087 1.454569 0.06529853
v -0.7974291 1.439937 0.06773376
v -0.776958 1.42322 0.08060606
v -0.7974291 1.439937 0.06773376
v -0.7838087 1.454569 0.06529853
v -0.776958 1.42322 0.08060606
v -0.7884095 1.424355 0.07334936
v -0.7974291 1.439937 0.06773376
v -0.7531171 1.439969 0.0621096
v -0.776958 1.42322 0.08060606
v -0.7838087 1.454569 0.06529853
v -0.7531171 1.439969 0.0621096
v -0.7838087 1.454569 0.06529853
v -0.7373435 1.4594 0.04322087
v -0.7884095 1.424355 0.07334936
v -0.776958 1.42322 0.08060606
v -0.7944817 1.398894 0.08733179
v -0.7884095 1.424355 0.07334936
v -0.7944817 1.398894 0.08733179
v -0.8026395 1.404838 0.08215962
v -0.7423973 1.442228 0.02867496
v -0.7531171 1.439969 0.0621096
v -0.7373435 1.4594 0.04322087
v -0.7414265 1.447787 0.007606201
v -0.7423973 1.442228 0.02867496
v -0.7373435 1.4594 0.04322087
v -0.8026395 1.404838 0.08215962
v -0.7944817 1.398894 0.08733179
v -0.8135825 1.383597 0.08870544
v -0.8026395 1.404838 0.08215962
v -0.8135825 1.383597 0.08870544
v -0.817691 1.386647 0.08637868
v -0.817691 1.386647 0.08637868
v -0.8135825 1.383597 0.08870544
v -0.8115249 1.378814 0.08597489
v -0.7944817 1.398894 0.08733179
v -0.8115249 1.378814 0.08597489
v -0.8135825 1.383597 0.08870544
v -0.817691 1.386647 0.08637868
v -0.8115249 1.378814 0.08597489
v -0.8163611 1.379122 0.08241092
v -0.7903765 1.393905 0.08422232
v -0.7944817 1.398894 0.08733179
v -0.776958 1.42322 0.08060606
v -0.7944817 1.398894 0.08733179
v -0.7903765 1.393905 0.08422232
v -0.8115249 1.378814 0.08597489
v -0.8163611 1.379122 0.08241092
v -0.8115249 1.378814 0.08597489
v -0.809942 1.375724 0.07929039
v -0.7903765 1.393905 0.08422232
v -0.809942 1.375724 0.07929039
v -0.8115249 1.378814 0.08597489
v -0.8163611 1.379122 0.08241092
v -0.809942 1.375724 0.07929039
v -0.8116053 1.377032 0.07607781
v -0.7531171 1.439969 0.0621096
v -0.7690706 1.415731 0.07590606
v -0.776958 1.42322 0.08060606
v -0.7903765 1.393905 0.08422232
v -0.776958 1.42322 0.08060606
v -0.7690706 1.415731 0.07590606
v -0.7903765 1.393905 0.08422232
v -0.7903977 1.389757 0.07174022
v -0.809942 1.375724 0.07929039
v -0.8116053 1.377032 0.07607781
v -0.809942 1.375724 0.07929039
v -0.7903977 1.389757 0.07174022
v -0.7903765 1.393905 0.08422232
v -0.7690706 1.415731 0.07590606
v -0.7724455 1.407207 0.06274384
v -0.7531171 1.439969 0.0621096
v -0.7724455 1.407207 0.06274384
v -0.7690706 1.415731 0.07590606
v -0.7903765 1.393905 0.08422232
v -0.7724455 1.407207 0.06274384
v -0.7903977 1.389757 0.07174022
v -0.7423973 1.442228 0.02867496
v -0.7596712 1.426939 0.04652578
v -0.7531171 1.439969 0.0621096
v -0.7531171 1.439969 0.0621096
v -0.7596712 1.426939 0.04652578
v -0.7724455 1.407207 0.06274384
v -0.7773017 1.431119 0.02437419
v -0.7596712 1.426939 0.04652578
v -0.7423973 1.442228 0.02867496
v -0.7596712 1.426939 0.04652578
v -0.7855691 1.412571 0.05750964
v -0.7724455 1.407207 0.06274384
v -0.7596712 1.426939 0.04652578
v -0.7773017 1.431119 0.02437419
v -0.7855691 1.412571 0.05750964
v -0.7724455 1.407207 0.06274384
v -0.7994958 1.396074 0.06577117
v -0.7903977 1.389757 0.07174022
v -0.7724455 1.407207 0.06274384
v -0.7855691 1.412571 0.05750964
v -0.7994958 1.396074 0.06577117
v -0.7855691 1.412571 0.05750964
v -0.8050023 1.404783 0.07527155
v -0.7994958 1.396074 0.06577117
v -0.8145872 1.382032 0.07213193
v -0.7903977 1.389757 0.07174022
v -0.7994958 1.396074 0.06577117
v -0.8145872 1.382032 0.07213193
v -0.8116053 1.377032 0.07607781
v -0.7903977 1.389757 0.07174022
v -0.8145872 1.382032 0.07213193
v -0.7994958 1.396074 0.06577117
v -0.8050023 1.404783 0.07527155
v -0.8193331 1.389195 0.07961296
v -0.8116053 1.377032 0.07607781
v -0.8145872 1.382032 0.07213193
v -0.8145872 1.382032 0.07213193
v -0.8050023 1.404783 0.07527155
v -0.8193331 1.389195 0.07961296
v -0.8193331 1.389195 0.07961296
v -0.8163611 1.379122 0.08241092
v -0.8116053 1.377032 0.07607781
v -0.8193331 1.389195 0.07961296
v -0.817691 1.386647 0.08637868
v -0.8163611 1.379122 0.08241092
v -0.8050023 1.404783 0.07527155
v -0.817691 1.386647 0.08637868
v -0.8193331 1.389195 0.07961296
v -0.8050023 1.404783 0.07527155
v -0.8026395 1.404838 0.08215962
v -0.817691 1.386647 0.08637868
v -0.7884095 1.424355 0.07334936
v -0.8026395 1.404838 0.08215962
v -0.8050023 1.404783 0.07527155
v -0.7855691 1.412571 0.05750964
v -0.7926119 1.422264 0.06730006
v -0.8050023 1.404783 0.07527155
v -0.7884095 1.424355 0.07334936
v -0.8050023 1.404783 0.07527155
v -0.7926119 1.422264 0.06730006
v -0.7926119 1.422264 0.06730006
v -0.7855691 1.412571 0.05750964
v -0.7773017 1.431119 0.02437419
v -0.7884095 1.424355 0.07334936
v -0.7926119 1.422264 0.06730006
v -0.7994717 1.435546 0.06599604
v -0.7926119 1.422264 0.06730006
v -0.7773017 1.431119 0.02437419
v -0.7994717 1.435546 0.06599604
v -0.7884095 1.424355 0.07334936
v -0.7994717 1.435546 0.06599604
v -0.7974291 1.439937 0.06773376
v -0.7773017 1.431119 0.02437419
v -0.800566 1.435569 0.03366406
v -0.7994717 1.435546 0.06599604
v -0.8232751 1.435763 0.04474203
v -0.7994717 1.435546 0.06599604
v -0.800566 1.435569 0.03366406
v -0.800566 1.435569 0.03366406
v -0.8283117 1.438487 0.02311335
v -0.8232751 1.435763 0.04474203
v -0.800566 1.435569 0.03366406
v -0.7993611 1.444555 0.01867949
v -0.8283117 1.438487 0.02311335
v -0.7773017 1.431119 0.02437419
v -0.7993611 1.444555 0.01867949
v -0.800566 1.435569 0.03366406
v -0.8232751 1.435763 0.04474203
v -0.8150687 1.441783 0.06916396
v -0.7994717 1.435546 0.06599604
v -0.7773017 1.431119 0.02437419
v -0.7515861 1.445193 0.007938894
v -0.7993611 1.444555 0.01867949
v -0.7773017 1.431119 0.02437419
v -0.7423973 1.442228 0.02867496
v -0.7515861 1.445193 0.007938894
v -0.7414265 1.447787 0.007606201
v -0.7515861 1.445193 0.007938894
v -0.7423973 1.442228 0.02867496
v -0.7422252 1.458087 -0.01301762
v -0.7515861 1.445193 0.007938894
v -0.7414265 1.447787 0.007606201
v -0.7422252 1.458087 -0.01301762
v -0.7550814 1.457677 -0.01196238
v -0.7515861 1.445193 0.007938894
v -0.7515861 1.445193 0.007938894
v -0.7550814 1.457677 -0.01196238
v -0.7870734 1.442465 -0.01385018
v -0.7515861 1.445193 0.007938894
v -0.7870734 1.442465 -0.01385018
v -0.7993611 1.444555 0.01867949
v -0.7870734 1.442465 -0.01385018
v -0.8283117 1.438487 0.02311335
v -0.7993611 1.444555 0.01867949
v -0.7870734 1.442465 -0.01385018
v -0.8119352 1.440484 -0.01255043
v -0.8283117 1.438487 0.02311335
v -0.8150687 1.441783 0.06916396
v -0.8232751 1.435763 0.04474203
v -0.8328459 1.432528 0.0612789
v -0.8150687 1.441783 0.06916396
v -0.8328459 1.432528 0.0612789
v -0.8279081 1.439487 0.07168589
v -0.8464097 1.435713 -0.001115855
v -0.8283117 1.438487 0.02311335
v -0.8119352 1.440484 -0.01255043
v -0.8464097 1.435713 -0.001115855
v -0.8119352 1.440484 -0.01255043
v -0.833194 1.437442 -0.01688225
v -0.8279081 1.439487 0.07168589
v -0.8328459 1.432528 0.0612789
v -0.8487905 1.425329 0.06934994
v -0.8279081 1.439487 0.07168589
v -0.8487905 1.425329 0.06934994
v -0.8479068 1.429809 0.07758278
v -0.8479068 1.429809 0.07758278
v -0.8487905 1.425329 0.06934994
v -0.8668448 1.409425 0.07649972
v -0.8479068 1.429809 0.07758278
v -0.8668448 1.409425 0.07649972
v -0.8677889 1.413968 0.08457113
v -0.8539777 1.426964 0.06103616
v -0.8487905 1.425329 0.06934994
v -0.8328459 1.432528 0.0612789
v -0.8539777 1.426964 0.06103616
v -0.8668448 1.409425 0.07649972
v -0.8487905 1.425329 0.06934994
v -0.8539777 1.426964 0.06103616
v -0.8328459 1.432528 0.0612789
v -0.8434116 1.436611 0.05154909
v -0.8232751 1.435763 0.04474203
v -0.8434116 1.436611 0.05154909
v -0.8328459 1.432528 0.0612789
v -0.8539777 1.426964 0.06103616
v -0.8715278 1.410847 0.07024004
v -0.8668448 1.409425 0.07649972
v -0.8883669 1.399034 0.07738553
v -0.8668448 1.409425 0.07649972
v -0.8715278 1.410847 0.07024004
v -0.8812594 1.398286 0.08198426
v -0.8677889 1.413968 0.08457113
v -0.8668448 1.409425 0.07649972
v -0.8883669 1.399034 0.07738553
v -0.8812594 1.398286 0.08198426
v -0.8668448 1.409425 0.07649972
v -0.8812594 1.398286 0.08198426
v -0.8854869 1.401403 0.08913274
v -0.8677889 1.413968 0.08457113
v -0.8883669 1.399034 0.07738553
v -0.889357 1.398169 0.08432695
v -0.8812594 1.398286 0.08198426
v -0.889357 1.398169 0.08432695
v -0.8854869 1.401403 0.08913274
v -0.8812594 1.398286 0.08198426
v -0.8232751 1.435763 0.04474203
v -0.8439907 1.433024 0.03768399
v -0.8434116 1.436611 0.05154909
v -0.8283117 1.438487 0.02311335
v -0.8439907 1.433024 0.03768399
v -0.8232751 1.435763 0.04474203
v -0.8434116 1.436611 0.05154909
v -0.8439907 1.433024 0.03768399
v -0.8651224 1.428073 0.04330457
v -0.8434116 1.436611 0.05154909
v -0.8651224 1.428073 0.04330457
v -0.8663121 1.432652 0.05272057
v -0.8283117 1.438487 0.02311335
v -0.8501342 1.437375 0.02478791
v -0.8439907 1.433024 0.03768399
v -0.8501342 1.437375 0.02478791
v -0.8651224 1.428073 0.04330457
v -0.8439907 1.433024 0.03768399
v -0.8663121 1.432652 0.05272057
v -0.8651224 1.428073 0.04330457
v -0.8893254 1.408199 0.05017394
v -0.8663121 1.432652 0.05272057
v -0.8893254 1.408199 0.05017394
v -0.8918129 1.413126 0.05783954
v -0.8501342 1.437375 0.02478791
v -0.8708835 1.428999 0.03420276
v -0.8651224 1.428073 0.04330457
v -0.8651224 1.428073 0.04330457
v -0.8708835 1.428999 0.03420276
v -0.8917477 1.410699 0.04115463
v -0.8651224 1.428073 0.04330457
v -0.8917477 1.410699 0.04115463
v -0.8893254 1.408199 0.05017394
v -0.8893254 1.408199 0.05017394
v -0.8917477 1.410699 0.04115463
v -0.9123887 1.395711 0.04862989
v -0.8918129 1.413126 0.05783954
v -0.8893254 1.408199 0.05017394
v -0.9048438 1.39504 0.05520733
v -0.8893254 1.408199 0.05017394
v -0.9123887 1.395711 0.04862989
v -0.9048438 1.39504 0.05520733
v -0.8918129 1.413126 0.05783954
v -0.9048438 1.39504 0.05520733
v -0.9106209 1.399004 0.06153886
v -0.9146841 1.395334 0.05614175
v -0.9048438 1.39504 0.05520733
v -0.9123887 1.395711 0.04862989
v -0.9146841 1.395334 0.05614175
v -0.9106209 1.399004 0.06153886
v -0.9048438 1.39504 0.05520733
v -0.8283117 1.438487 0.02311335
v -0.8446307 1.434582 0.01350112
v -0.8501342 1.437375 0.02478791
v -0.8464097 1.435713 -0.001115855
v -0.8446307 1.434582 0.01350112
v -0.8283117 1.438487 0.02311335
v -0.8501342 1.437375 0.02478791
v -0.8446307 1.434582 0.01350112
v -0.8715841 1.423162 0.01725777
v -0.8501342 1.437375 0.02478791
v -0.8715841 1.423162 0.01725777
v -0.8739541 1.427732 0.02514467
v -0.8446307 1.434582 0.01350112
v -0.8464097 1.435713 -0.001115855
v -0.8744416 1.423921 0.008867905
v -0.8446307 1.434582 0.01350112
v -0.8744416 1.423921 0.008867905
v -0.8715841 1.423162 0.01725777
v -0.8914338 1.408375 0.01583282
v -0.8715841 1.423162 0.01725777
v -0.8744416 1.423921 0.008867905
v -0.887806 1.409468 0.02317191
v -0.8739541 1.427732 0.02514467
v -0.8715841 1.423162 0.01725777
v -0.8914338 1.408375 0.01583282
v -0.887806 1.409468 0.02317191
v -0.8715841 1.423162 0.01725777
v -0.887806 1.409468 0.02317191
v -0.8907698 1.414481 0.02952475
v -0.8739541 1.427732 0.02514467
v -0.9077071 1.39219 0.02262969
v -0.887806 1.409468 0.02317191
v -0.8914338 1.408375 0.01583282
v -0.9014592 1.393206 0.02791609
v -0.8907698 1.414481 0.02952475
v -0.887806 1.409468 0.02317191
v -0.9077071 1.39219 0.02262969
v -0.9014592 1.393206 0.02791609
v -0.887806 1.409468 0.02317191
v -0.9014592 1.393206 0.02791609
v -0.9073961 1.396924 0.03407756
v -0.8907698 1.414481 0.02952475
v -0.9077071 1.39219 0.02262969
v -0.9102585 1.391992 0.02938193
v -0.9014592 1.393206 0.02791609
v -0.9102585 1.391992 0.02938193
v -0.9073961 1.396924 0.03407756
v -0.9014592 1.393206 0.02791609
v -0.8464097 1.435713 -0.001115855
v -0.833194 1.437442 -0.01688225
v -0.8376378 1.433998 -0.007898542
v -0.859226 1.424902 -0.004878425
v -0.8464097 1.435713 -0.001115855
v -0.8376378 1.433998 -0.007898542
v -0.8547053 1.421004 -0.009959653
v -0.8376378 1.433998 -0.007898542
v -0.833194 1.437442 -0.01688225
v -0.859226 1.424902 -0.004878425
v -0.8376378 1.433998 -0.007898542
v -0.8547053 1.421004 -0.009959653
v -0.8547053 1.421004 -0.009959653
v -0.833194 1.437442 -0.01688225
v -0.8541101 1.422538 -0.01871318
v -0.8547053 1.421004 -0.009959653
v -0.8541101 1.422538 -0.01871318
v -0.8726729 1.406545 -0.01806832
v -0.859226 1.424902 -0.004878425
v -0.8547053 1.421004 -0.009959653
v -0.8722938 1.406564 -0.01064378
v -0.8547053 1.421004 -0.009959653
v -0.8726729 1.406545 -0.01806832
v -0.8722938 1.406564 -0.01064378
v -0.859226 1.424902 -0.004878425
v -0.8722938 1.406564 -0.01064378
v -0.8765131 1.410869 -0.006706298
v -0.8875669 1.392964 -0.01620398
v -0.8722938 1.406564 -0.01064378
v -0.8726729 1.406545 -0.01806832
v -0.8849998 1.393172 -0.009467044
v -0.8765131 1.410869 -0.006706298
v -0.8722938 1.406564 -0.01064378
v -0.8875669 1.392964 -0.01620398
v -0.8849998 1.393172 -0.009467044
v -0.8722938 1.406564 -0.01064378
v -0.8849998 1.393172 -0.009467044
v -0.8915503 1.3957 -0.00701258
v -0.8765131 1.410869 -0.006706298
v -0.8875669 1.392964 -0.01620398
v -0.8918975 1.391722 -0.01192463
v -0.8849998 1.393172 -0.009467044
v -0.8918975 1.391722 -0.01192463
v -0.8915503 1.3957 -0.00701258
v -0.8849998 1.393172 -0.009467044
v -0.7244446 1.457686 0.03863418
v -0.6609462 1.441149 -0.01121722
v -0.7414265 1.447787 0.007606201
v -0.7244446 1.457686 0.03863418
v -0.6546155 1.454809 0.02308176
v -0.6609462 1.441149 -0.01121722
v -0.6546155 1.454809 0.02308176
v -0.5300426 1.436695 -0.003890969
v -0.6609462 1.441149 -0.01121722
v -0.5300426 1.436695 -0.003890969
v -0.5278646 1.4188 -0.03141101
v -0.6609462 1.441149 -0.01121722
v -0.4761256 1.443781 -0.01430398
v -0.5278646 1.4188 -0.03141101
v -0.5300426 1.436695 -0.003890969
v -0.4761256 1.443781 -0.01430398
v -0.4793101 1.423785 -0.03648527
v -0.5278646 1.4188 -0.03141101
v -0.4475593 1.426201 -0.03968101
v -0.4793101 1.423785 -0.03648527
v -0.4761256 1.443781 -0.01430398
v -0.6546155 1.454809 0.02308176
v -0.5319337 1.46182 0.01085846
v -0.5300426 1.436695 -0.003890969
v -0.4761256 1.443781 -0.01430398
v -0.5300426 1.436695 -0.003890969
v -0.5319337 1.46182 0.01085846
v -0.4295806 1.458121 -0.008552222
v -0.4475593 1.426201 -0.03968101
v -0.4761256 1.443781 -0.01430398
v -0.4295806 1.458121 -0.008552222
v -0.3816434 1.421661 -0.05437487
v -0.4475593 1.426201 -0.03968101
v -0.4295806 1.458121 -0.008552222
v -0.3813545 1.456951 0.0008809518
v -0.3816434 1.421661 -0.05437487
v -0.4761256 1.443781 -0.01430398
v -0.5319337 1.46182 0.01085846
v -0.4713058 1.463741 -0.01394301
v -0.4295806 1.458121 -0.008552222
v -0.4761256 1.443781 -0.01430398
v -0.4713058 1.463741 -0.01394301
v -0.4325953 1.518424 -0.02645813
v -0.3813545 1.456951 0.0008809518
v -0.4295806 1.458121 -0.008552222
v -0.4713058 1.463741 -0.01394301
v -0.4325953 1.518424 -0.02645813
v -0.4295806 1.458121 -0.008552222
v -0.4325953 1.518424 -0.02645813
v -0.3862401 1.516494 -0.02310209
v -0.3813545 1.456951 0.0008809518
v -0.3862401 1.516494 -0.02310209
v -0.4325953 1.518424 -0.02645813
v -0.441558 1.516726 -0.0703969
v -0.3862401 1.516494 -0.02310209
v -0.441558 1.516726 -0.0703969
v -0.379958 1.520473 -0.07828145
v -0.3700281 1.500316 -0.1030582
v -0.379958 1.520473 -0.07828145
v -0.441558 1.516726 -0.0703969
v -0.5377319 1.496305 0.00699963
v -0.5319337 1.46182 0.01085846
v -0.6546155 1.454809 0.02308176
v -0.4713058 1.463741 -0.01394301
v -0.5319337 1.46182 0.01085846
v -0.5377319 1.496305 0.00699963
v -0.4713058 1.463741 -0.01394301
v -0.4693426 1.49311 -0.02329518
v -0.4325953 1.518424 -0.02645813
v -0.4693426 1.49311 -0.02329518
v -0.441558 1.516726 -0.0703969
v -0.4325953 1.518424 -0.02645813
v -0.4713058 1.463741 -0.01394301
v -0.5377319 1.496305 0.00699963
v -0.4693426 1.49311 -0.02329518
v -0.3700281 1.500316 -0.1030582
v -0.441558 1.516726 -0.0703969
v -0.4365369 1.505643 -0.08347513
v -0.3665574 1.46835 -0.1137323
v -0.3700281 1.500316 -0.1030582
v -0.4365369 1.505643 -0.08347513
v -0.5377319 1.496305 0.00699963
v -0.6546155 1.454809 0.02308176
v -0.6550686 1.471864 0.0203861
v -0.6559481 1.496104 0.006967624
v -0.5377319 1.496305 0.00699963
v -0.6550686 1.471864 0.0203861
v -0.6550686 1.471864 0.0203861
v -0.6546155 1.454809 0.02308176
v -0.7244446 1.457686 0.03863418
v -0.7244446 1.457686 0.03863418
v -0.6559481 1.496104 0.006967624
v -0.6550686 1.471864 0.0203861
v -0.7244446 1.457686 0.03863418
v -0.7300333 1.48263 0.03424224
v -0.6559481 1.496104 0.006967624
v -0.7395491 1.483528 -0.004793339
v -0.6559481 1.496104 0.006967624
v -0.7300333 1.48263 0.03424224
v -0.4693426 1.49311 -0.02329518
v -0.5377319 1.496305 0.00699963
v -0.5454126 1.519088 -0.01836631
v -0.6559481 1.496104 0.006967624
v -0.5454126 1.519088 -0.01836631
v -0.5377319 1.496305 0.00699963
v -0.4693426 1.49311 -0.02329518
v -0.4720223 1.516926 -0.06119079
v -0.441558 1.516726 -0.0703969
v -0.4693426 1.49311 -0.02329518
v -0.5454126 1.519088 -0.01836631
v -0.4720223 1.516926 -0.06119079
v -0.4779123 1.49666 -0.07149014
v -0.441558 1.516726 -0.0703969
v -0.4720223 1.516926 -0.06119079
v -0.4779123 1.49666 -0.07149014
v -0.4365369 1.505643 -0.08347513
v -0.441558 1.516726 -0.0703969
v -0.5454126 1.519088 -0.01836631
v -0.4779123 1.49666 -0.07149014
v -0.4720223 1.516926 -0.06119079
v -0.3665574 1.46835 -0.1137323
v -0.4365369 1.505643 -0.08347513
v -0.4367412 1.467531 -0.1039931
v -0.4518979 1.426112 -0.06267668
v -0.3665574 1.46835 -0.1137323
v -0.4367412 1.467531 -0.1039931
v -0.4518979 1.426112 -0.06267668
v -0.3813428 1.415863 -0.07041647
v -0.3665574 1.46835 -0.1137323
v -0.3816434 1.421661 -0.05437487
v -0.3813428 1.415863 -0.07041647
v -0.4518979 1.426112 -0.06267668
v -0.3816434 1.421661 -0.05437487
v -0.4518979 1.426112 -0.06267668
v -0.4475593 1.426201 -0.03968101
v -0.4645391 1.476946 -0.09865913
v -0.4367412 1.467531 -0.1039931
v -0.4365369 1.505643 -0.08347513
v -0.4645391 1.476946 -0.09865913
v -0.4365369 1.505643 -0.08347513
v -0.4779123 1.49666 -0.07149014
v -0.4645391 1.476946 -0.09865913
v -0.462375 1.456381 -0.1019605
v -0.4367412 1.467531 -0.1039931
v -0.4518979 1.426112 -0.06267668
v -0.4367412 1.467531 -0.1039931
v -0.462375 1.456381 -0.1019605
v -0.489063 1.428457 -0.06477012
v -0.4475593 1.426201 -0.03968101
v -0.4518979 1.426112 -0.06267668
v -0.489063 1.428457 -0.06477012
v -0.4793101 1.423785 -0.03648527
v -0.4475593 1.426201 -0.03968101
v -0.4779123 1.49666 -0.07149014
v -0.4889322 1.48346 -0.1002379
v -0.4645391 1.476946 -0.09865913
v -0.4889322 1.48346 -0.1002379
v -0.462375 1.456381 -0.1019605
v -0.4645391 1.476946 -0.09865913
v -0.4867537 1.456613 -0.1019491
v -0.4518979 1.426112 -0.06267668
v -0.462375 1.456381 -0.1019605
v -0.489063 1.428457 -0.06477012
v -0.4518979 1.426112 -0.06267668
v -0.4867537 1.456613 -0.1019491
v -0.4889322 1.48346 -0.1002379
v -0.4867537 1.456613 -0.1019491
v -0.462375 1.456381 -0.1019605
v -0.5454126 1.519088 -0.01836631
v -0.5083075 1.499374 -0.08141372
v -0.4779123 1.49666 -0.07149014
v -0.5083075 1.499374 -0.08141372
v -0.4889322 1.48346 -0.1002379
v -0.4779123 1.49666 -0.07149014
v -0.4889322 1.48346 -0.1002379
v -0.510151 1.466216 -0.09302077
v -0.4867537 1.456613 -0.1019491
v -0.489063 1.428457 -0.06477012
v -0.4867537 1.456613 -0.1019491
v -0.510151 1.466216 -0.09302077
v -0.4889322 1.48346 -0.1002379
v -0.5083075 1.499374 -0.08141372
v -0.510151 1.466216 -0.09302077
v -0.4793101 1.423785 -0.03648527
v -0.489063 1.428457 -0.06477012
v -0.5461594 1.445112 -0.07222118
v -0.5461594 1.445112 -0.07222118
v -0.489063 1.428457 -0.06477012
v -0.510151 1.466216 -0.09302077
v -0.4793101 1.423785 -0.03648527
v -0.5461594 1.445112 -0.07222118
v -0.5278646 1.4188 -0.03141101
v -0.5454126 1.519088 -0.01836631
v -0.553899 1.500527 -0.07591826
v -0.5083075 1.499374 -0.08141372
v -0.553899 1.500527 -0.07591826
v -0.510151 1.466216 -0.09302077
v -0.5083075 1.499374 -0.08141372
v -0.553899 1.500527 -0.07591826
v -0.5461594 1.445112 -0.07222118
v -0.510151 1.466216 -0.09302077
v -0.553899 1.500527 -0.07591826
v -0.5454126 1.519088 -0.01836631
v -0.6559481 1.496104 0.006967624
v -0.553899 1.500527 -0.07591826
v -0.6559481 1.496104 0.006967624
v -0.6666811 1.488979 -0.02757758
v -0.5461594 1.445112 -0.07222118
v -0.553899 1.500527 -0.07591826
v -0.6666811 1.488979 -0.02757758
v -0.7395491 1.483528 -0.004793339
v -0.6666811 1.488979 -0.02757758
v -0.6559481 1.496104 0.006967624
v -0.5278646 1.4188 -0.03141101
v -0.5461594 1.445112 -0.07222118
v -0.6662239 1.450792 -0.02838842
v -0.5461594 1.445112 -0.07222118
v -0.6666811 1.488979 -0.02757758
v -0.6662239 1.450792 -0.02838842
v -0.7395491 1.483528 -0.004793339
v -0.6662239 1.450792 -0.02838842
v -0.6666811 1.488979 -0.02757758
v -0.5278646 1.4188 -0.03141101
v -0.6662239 1.450792 -0.02838842
v -0.6609462 1.441149 -0.01121722
v -0.7395491 1.483528 -0.004793339
v -0.7422252 1.458087 -0.01301762
v -0.6662239 1.450792 -0.02838842
v -0.7414265 1.447787 0.007606201
v -0.6609462 1.441149 -0.01121722
v -0.6662239 1.450792 -0.02838842
v -0.7414265 1.447787 0.007606201
v -0.6662239 1.450792 -0.02838842
v -0.7422252 1.458087 -0.01301762
v 0.03240262 1.620136 -0.06860576
v 7.976819E-06 1.616547 -0.0779906
v 7.978113E-06 1.584628 -0.09279977
v 7.976598E-06 1.642534 -0.07546166
v 7.976819E-06 1.616547 -0.0779906
v 0.03240262 1.620136 -0.06860576
v 0.03240262 1.620136 -0.06860576
v 7.978113E-06 1.584628 -0.09279977
v 0.06244245 1.592477 -0.07795694
v 0.03159867 1.559049 -0.1032984
v 0.06244245 1.592477 -0.07795694
v 7.978113E-06 1.584628 -0.09279977
v 0.03159867 1.559049 -0.1032984
v 0.08246345 1.567772 -0.09128104
v 0.06244245 1.592477 -0.07795694
v 0.08246345 1.567772 -0.09128104
v 0.07693508 1.588729 -0.04253896
v 0.06244245 1.592477 -0.07795694
v 0.07693508 1.588729 -0.04253896
v 0.03240262 1.620136 -0.06860576
v 0.06244245 1.592477 -0.07795694
v 0.08246345 1.567772 -0.09128104
v 0.107192 1.568978 -0.04401399
v 0.07693508 1.588729 -0.04253896
v 0.107192 1.568978 -0.04401399
v 0.05971157 1.575063 -0.005338924
v 0.07693508 1.588729 -0.04253896
v 0.107192 1.568978 -0.04401399
v 0.1027768 1.54863 -0.01727083
v 0.05971157 1.575063 -0.005338924
v 0.1027768 1.54863 -0.01727083
v 0.03649299 1.550471 0.02213959
v 0.05971157 1.575063 -0.005338924
v 0.1027768 1.54863 -0.01727083
v 0.08495288 1.526878 0.006246355
v 0.03649299 1.550471 0.02213959
v 0.06145192 1.59775 -0.02323074
v 0.07693508 1.588729 -0.04253896
v 0.05971157 1.575063 -0.005338924
v 0.07693508 1.588729 -0.04253896
v 0.06145192 1.59775 -0.02323074
v 0.03240262 1.620136 -0.06860576
v 0.03240262 1.620136 -0.06860576
v 0.06145192 1.59775 -0.02323074
v 0.05679539 1.647968 -0.02154193
v 0.06145192 1.59775 -0.02323074
v 0.05971157 1.575063 -0.005338924
v 0.04302642 1.616447 0.01943727
v 0.03649299 1.550471 0.02213959
v 0.04302642 1.616447 0.01943727
v 0.05971157 1.575063 -0.005338924
v 0.06145192 1.59775 -0.02323074
v 0.04302642 1.616447 0.01943727
v 0.05679539 1.647968 -0.02154193
v 0.03649299 1.550471 0.02213959
v 0.01844726 1.601671 0.04645973
v 0.04302642 1.616447 0.01943727
v 0.05325107 1.646093 0.04056118
v 0.05679539 1.647968 -0.02154193
v 0.04302642 1.616447 0.01943727
v 0.05325107 1.646093 0.04056118
v 0.04302642 1.616447 0.01943727
v 0.01844726 1.601671 0.04645973
v 0.05325107 1.646093 0.04056118
v 0.06415752 1.663258 0.009177231
v 0.05679539 1.647968 -0.02154193
v 0.05325107 1.646093 0.04056118
v 0.07073329 1.696355 0.002048906
v 0.06415752 1.663258 0.009177231
v 0.08495288 1.526878 0.006246355
v 0.02993049 1.50806 0.03763616
v 0.03649299 1.550471 0.02213959
v 0.08495288 1.526878 0.006246355
v 0.05338368 1.510203 0.03671376
v 0.02993049 1.50806 0.03763616
v 0.05338368 1.510203 0.03671376
v 0.03757191 1.489379 0.06068863
v 0.02993049 1.50806 0.03763616
v 0.03757191 1.489379 0.06068863
v -3.304512E-09 1.504936 0.03779921
v 0.02993049 1.50806 0.03763616
v -3.304512E-09 1.504936 0.03779921
v 0.03649299 1.550471 0.02213959
v 0.02993049 1.50806 0.03763616
v 0.03757191 1.489379 0.06068863
v -7.133083E-09 1.460334 0.08159296
v -3.304512E-09 1.504936 0.03779921
v -0.03757192 1.489379 0.06068862
v -3.304512E-09 1.504936 0.03779921
v -7.133083E-09 1.460334 0.08159296
v -3.304512E-09 1.504936 0.03779921
v 7.966775E-06 1.525185 0.03689169
v 0.03649299 1.550471 0.02213959
v 7.966775E-06 1.525185 0.03689169
v 0.01844726 1.601671 0.04645973
v 0.03649299 1.550471 0.02213959
v -0.03757192 1.489379 0.06068862
v -0.0299259 1.508062 0.03763509
v -3.304512E-09 1.504936 0.03779921
v -0.0299259 1.508062 0.03763509
v 7.966775E-06 1.525185 0.03689169
v -3.304512E-09 1.504936 0.03779921
v -0.0299259 1.508062 0.03763509
v -0.03542229 1.550471 0.02213958
v 7.966775E-06 1.525185 0.03689169
v -0.0299259 1.508062 0.03763509
v -0.03757192 1.489379 0.06068862
v -0.05338369 1.510203 0.03671375
v -0.09360002 1.531524 0.007021342
v -0.0299259 1.508062 0.03763509
v -0.05338369 1.510203 0.03671375
v -0.09360002 1.531524 0.007021342
v -0.03542229 1.550471 0.02213958
v -0.0299259 1.508062 0.03763509
v -0.1027768 1.54863 -0.01727085
v -0.03542229 1.550471 0.02213958
v -0.09360002 1.531524 0.007021342
v 7.966775E-06 1.525185 0.03689169
v 7.965371E-06 1.598089 0.05295278
v 0.01844726 1.601671 0.04645973
v -0.03542229 1.550471 0.02213958
v 7.965371E-06 1.598089 0.05295278
v 7.966775E-06 1.525185 0.03689169
v -0.1027768 1.54863 -0.01727085
v -0.05987171 1.575063 -0.005338935
v -0.03542229 1.550471 0.02213958
v -0.107192 1.576583 -0.04401401
v -0.05987171 1.575063 -0.005338935
v -0.1027768 1.54863 -0.01727085
v -0.107192 1.576583 -0.04401401
v -0.07691921 1.588729 -0.04253897
v -0.05987171 1.575063 -0.005338935
v -0.08244726 1.567772 -0.09128105
v -0.07691921 1.588729 -0.04253897
v -0.107192 1.576583 -0.04401401
v -0.08244726 1.567772 -0.09128105
v -0.06242663 1.592477 -0.07795695
v -0.07691921 1.588729 -0.04253897
v -0.03238673 1.620136 -0.06860576
v -0.07691921 1.588729 -0.04253897
v -0.06242663 1.592477 -0.07795695
v 0.03159867 1.559049 -0.1032984
v -0.06242663 1.592477 -0.07795695
v -0.08244726 1.567772 -0.09128105
v 0.03159867 1.559049 -0.1032984
v 7.978113E-06 1.584628 -0.09279977
v -0.06242663 1.592477 -0.07795695
v -0.03238673 1.620136 -0.06860576
v -0.06242663 1.592477 -0.07795695
v 7.978113E-06 1.584628 -0.09279977
v -0.03238673 1.620136 -0.06860576
v 7.978113E-06 1.584628 -0.09279977
v 7.976819E-06 1.616547 -0.0779906
v 7.976598E-06 1.642534 -0.07546166
v -0.03238673 1.620136 -0.06860576
v 7.976819E-06 1.616547 -0.0779906
v -0.06013576 1.59775 -0.02323075
v -0.05987171 1.575063 -0.005338935
v -0.07691921 1.588729 -0.04253897
v -0.03238673 1.620136 -0.06860576
v -0.06013576 1.59775 -0.02323075
v -0.07691921 1.588729 -0.04253897
v -0.03238673 1.620136 -0.06860576
v -0.05677955 1.647968 -0.02154194
v -0.06013576 1.59775 -0.02323075
v -0.06013576 1.59775 -0.02323075
v -0.04301056 1.616447 0.01943726
v -0.05987171 1.575063 -0.005338935
v -0.04301056 1.616447 0.01943726
v -0.03542229 1.550471 0.02213958
v -0.05987171 1.575063 -0.005338935
v -0.05677955 1.647968 -0.02154194
v -0.04301056 1.616447 0.01943726
v -0.06013576 1.59775 -0.02323075
v -0.05323523 1.646093 0.04056118
v -0.04301056 1.616447 0.01943726
v -0.05677955 1.647968 -0.02154194
v -0.04301056 1.616447 0.01943726
v -0.0184314 1.601671 0.04645973
v -0.03542229 1.550471 0.02213958
v -0.05323523 1.646093 0.04056118
v -0.0184314 1.601671 0.04645973
v -0.04301056 1.616447 0.01943726
v -0.03542229 1.550471 0.02213958
v -0.0184314 1.601671 0.04645973
v 7.965371E-06 1.598089 0.05295278
v -0.04429684 1.638712 -0.05592832
v -0.03238673 1.620136 -0.06860576
v 7.976598E-06 1.642534 -0.07546166
v -0.03238673 1.620136 -0.06860576
v -0.04429684 1.638712 -0.05592832
v -0.05677955 1.647968 -0.02154194
v 7.976598E-06 1.642534 -0.07546166
v -0.04347256 1.665892 -0.05812991
v -0.04429684 1.638712 -0.05592832
v 7.976598E-06 1.642534 -0.07546166
v 7.976859E-06 1.663104 -0.07845081
v -0.04347256 1.665892 -0.05812991
v -0.04347256 1.665892 -0.05812991
v 7.976859E-06 1.663104 -0.07845081
v 7.908453E-06 1.703904 -0.09668542
v -0.0184314 1.601671 0.04645973
v 7.962091E-06 1.605757 0.0904635
v 7.965371E-06 1.598089 0.05295278
v 0.01844726 1.601671 0.04645973
v 7.965371E-06 1.598089 0.05295278
v 7.962091E-06 1.605757 0.0904635
v -0.06593182 1.68556 -0.02540717
v -0.05677955 1.647968 -0.02154194
v -0.04429684 1.638712 -0.05592832
v -0.06593182 1.68556 -0.02540717
v -0.04429684 1.638712 -0.05592832
v -0.04347256 1.665892 -0.05812991
v -0.04347256 1.665892 -0.05812991
v 7.908453E-06 1.703904 -0.09668542
v -0.04127444 1.707232 -0.07550331
v -0.04347256 1.665892 -0.05812991
v -0.04127444 1.707232 -0.07550331
v -0.07154179 1.712605 -0.02901876
v -0.04347256 1.665892 -0.05812991
v -0.07154179 1.712605 -0.02901876
v -0.06593182 1.68556 -0.02540717
v 7.908453E-06 1.703904 -0.09668542
v -0.04071269 1.742515 -0.08384562
v -0.04127444 1.707232 -0.07550331
v -0.07154179 1.712605 -0.02901876
v -0.04127444 1.707232 -0.07550331
v -0.04071269 1.742515 -0.08384562
v 7.908453E-06 1.703904 -0.09668542
v 7.908771E-06 1.744051 -0.1003353
v -0.04071269 1.742515 -0.08384562
v -0.07154179 1.712605 -0.02901876
v -0.04071269 1.742515 -0.08384562
v -0.04291713 1.777978 -0.07368393
v 7.908771E-06 1.744051 -0.1003353
v -0.04291713 1.777978 -0.07368393
v -0.04071269 1.742515 -0.08384562
v -0.07670177 1.693591 -0.0332614
v -0.06593182 1.68556 -0.02540717
v -0.07154179 1.712605 -0.02901876
v 7.908771E-06 1.744051 -0.1003353
v 7.977886E-06 1.784651 -0.09019887
v -0.04291713 1.777978 -0.07368393
v -0.03665828 1.812563 -0.04590588
v -0.04291713 1.777978 -0.07368393
v 7.977886E-06 1.784651 -0.09019887
v -0.03665828 1.812563 -0.04590588
v 7.977886E-06 1.784651 -0.09019887
v 7.974602E-06 1.820067 -0.05264143
v -0.07154179 1.712605 -0.02901876
v -0.04291713 1.777978 -0.07368393
v -0.06666844 1.778956 -0.03228744
v -0.04291713 1.777978 -0.07368393
v -0.03665828 1.812563 -0.04590588
v -0.06666844 1.778956 -0.03228744
v 7.974602E-06 1.820067 -0.05264143
v -0.03775007 1.812685 0.01536407
v -0.03665828 1.812563 -0.04590588
v 7.974602E-06 1.820067 -0.05264143
v 7.900225E-06 1.823651 -0.00256567
v -0.03775007 1.812685 0.01536407
v 7.900225E-06 1.823651 -0.00256567
v 7.966461E-06 1.815922 0.0404887
v -0.03775007 1.812685 0.01536407
v -0.06788354 1.77715 0.007027619
v -0.06666844 1.778956 -0.03228744
v -0.03665828 1.812563 -0.04590588
v -0.07154179 1.712605 -0.02901876
v -0.06666844 1.778956 -0.03228744
v -0.06788354 1.77715 0.007027619
v -0.06788354 1.77715 0.007027619
v -0.03665828 1.812563 -0.04590588
v -0.03775007 1.812685 0.01536407
v -0.07265888 1.718713 -0.005776727
v -0.07154179 1.712605 -0.02901876
v -0.06788354 1.77715 0.007027619
v -0.06174771 1.760708 0.04068432
v -0.07265888 1.718713 -0.005776727
v -0.06788354 1.77715 0.007027619
v -0.03775007 1.812685 0.01536407
v -0.06174771 1.760708 0.04068432
v -0.06788354 1.77715 0.007027619
v 7.966461E-06 1.815922 0.0404887
v -0.02974564 1.781475 0.07490945
v -0.03775007 1.812685 0.01536407
v -0.03775007 1.812685 0.01536407
v -0.02974564 1.781475 0.07490945
v -0.06174771 1.760708 0.04068432
v -0.02974564 1.781475 0.07490945
v 7.966461E-06 1.815922 0.0404887
v 7.962709E-06 1.78474 0.08340311
v -0.01441907 1.741745 0.09324844
v -0.02974564 1.781475 0.07490945
v 7.962709E-06 1.78474 0.08340311
v -0.04899975 1.740427 0.07492435
v -0.06174771 1.760708 0.04068432
v -0.02974564 1.781475 0.07490945
v -0.07265888 1.718713 -0.005776727
v -0.06174771 1.760708 0.04068432
v -0.05795544 1.731634 0.06156116
v -0.05795544 1.731634 0.06156116
v -0.06174771 1.760708 0.04068432
v -0.04899975 1.740427 0.07492435
v -0.05111704 1.720796 0.06530213
v -0.05795544 1.731634 0.06156116
v -0.04899975 1.740427 0.07492435
v -0.05747387 1.713926 0.05648736
v -0.05795544 1.731634 0.06156116
v -0.05111704 1.720796 0.06530213
v -0.07265888 1.718713 -0.005776727
v -0.05795544 1.731634 0.06156116
v -0.05747387 1.713926 0.05648736
v -0.07265888 1.718713 -0.005776727
v -0.05747387 1.713926 0.05648736
v -0.05671688 1.684069 0.05252875
v -0.04434171 1.7105 0.07275982
v -0.05671688 1.684069 0.05252875
v -0.05747387 1.713926 0.05648736
v -0.04434171 1.7105 0.07275982
v -0.05747387 1.713926 0.05648736
v -0.05111704 1.720796 0.06530213
v -0.07265888 1.718713 -0.005776727
v -0.05671688 1.684069 0.05252875
v -0.07071743 1.696355 0.002048894
v -0.02974564 1.781475 0.07490945
v -0.01441907 1.741745 0.09324844
v -0.03211637 1.743446 0.0883098
v -0.04899975 1.740427 0.07492435
v -0.02974564 1.781475 0.07490945
v -0.03211637 1.743446 0.0883098
v -0.03094846 1.73399 0.08457799
v -0.04899975 1.740427 0.07492435
v -0.03211637 1.743446 0.0883098
v -0.01441907 1.741745 0.09324844
v -0.03094846 1.73399 0.08457799
v -0.03211637 1.743446 0.0883098
v -0.05111704 1.720796 0.06530213
v -0.04899975 1.740427 0.07492435
v -0.04477643 1.730708 0.07588626
v -0.03094846 1.73399 0.08457799
v -0.04477643 1.730708 0.07588626
v -0.04899975 1.740427 0.07492435
v -0.03403425 1.724887 0.07410109
v -0.05111704 1.720796 0.06530213
v -0.04477643 1.730708 0.07588626
v -0.03094846 1.73399 0.08457799
v -0.03403425 1.724887 0.07410109
v -0.04477643 1.730708 0.07588626
v -0.01441907 1.741745 0.09324844
v 7.962709E-06 1.78474 0.08340311
v 7.961595E-06 1.741745 0.09614813
v 7.961595E-06 1.741745 0.09614813
v 7.962709E-06 1.78474 0.08340311
v 0.02976153 1.781475 0.07490945
v 0.02976153 1.781475 0.07490945
v 7.962709E-06 1.78474 0.08340311
v 7.966461E-06 1.815922 0.0404887
v 7.966461E-06 1.815922 0.0404887
v 0.0384404 1.813376 0.01582529
v 0.02976153 1.781475 0.07490945
v 0.0384404 1.813376 0.01582529
v 0.06176357 1.760708 0.04068433
v 0.02976153 1.781475 0.07490945
v 7.900225E-06 1.823651 -0.00256567
v 0.0384404 1.813376 0.01582529
v 7.966461E-06 1.815922 0.0404887
v 7.974602E-06 1.820067 -0.05264143
v 0.0384404 1.813376 0.01582529
v 7.900225E-06 1.823651 -0.00256567
v 7.974602E-06 1.820067 -0.05264143
v 0.0377573 1.812191 -0.04564688
v 0.0384404 1.813376 0.01582529
v 0.0377573 1.812191 -0.04564688
v 7.974602E-06 1.820067 -0.05264143
v 7.977886E-06 1.784651 -0.09019887
v 0.0384404 1.813376 0.01582529
v 0.07004896 1.774048 0.001867251
v 0.06176357 1.760708 0.04068433
v 0.07004896 1.774048 0.001867251
v 0.0384404 1.813376 0.01582529
v 0.0377573 1.812191 -0.04564688
v 0.0377573 1.812191 -0.04564688
v 7.977886E-06 1.784651 -0.09019887
v 0.04214223 1.778101 -0.07398817
v 7.908771E-06 1.744051 -0.1003353
v 0.04214223 1.778101 -0.07398817
v 7.977886E-06 1.784651 -0.09019887
v 0.07004896 1.774048 0.001867251
v 0.0377573 1.812191 -0.04564688
v 0.06770145 1.778561 -0.03582162
v 0.04214223 1.778101 -0.07398817
v 0.06770145 1.778561 -0.03582162
v 0.0377573 1.812191 -0.04564688
v 7.908771E-06 1.744051 -0.1003353
v 0.0423158 1.742362 -0.08320288
v 0.04214223 1.778101 -0.07398817
v 7.908453E-06 1.703904 -0.09668542
v 0.0423158 1.742362 -0.08320288
v 7.908771E-06 1.744051 -0.1003353
v 0.07155765 1.712605 -0.02901874
v 0.06770145 1.778561 -0.03582162
v 0.04214223 1.778101 -0.07398817
v 0.06770145 1.778561 -0.03582162
v 0.07155765 1.712605 -0.02901874
v 0.07004896 1.774048 0.001867251
v 0.07155765 1.712605 -0.02901874
v 0.04214223 1.778101 -0.07398817
v 0.0423158 1.742362 -0.08320288
v 0.07004896 1.774048 0.001867251
v 0.07155765 1.712605 -0.02901874
v 0.07267475 1.718713 -0.005776714
v 0.06176357 1.760708 0.04068433
v 0.07004896 1.774048 0.001867251
v 0.07267475 1.718713 -0.005776714
v 0.07155765 1.712605 -0.02901874
v 0.0423158 1.742362 -0.08320288
v 0.04265431 1.707232 -0.0755033
v 7.908453E-06 1.703904 -0.09668542
v 0.04265431 1.707232 -0.0755033
v 0.0423158 1.742362 -0.08320288
v 0.0434885 1.665892 -0.05812991
v 0.04265431 1.707232 -0.0755033
v 7.908453E-06 1.703904 -0.09668542
v 0.0434885 1.665892 -0.05812991
v 0.07155765 1.712605 -0.02901874
v 0.04265431 1.707232 -0.0755033
v 0.0434885 1.665892 -0.05812991
v 7.908453E-06 1.703904 -0.09668542
v 7.976859E-06 1.663104 -0.07845081
v 7.976598E-06 1.642534 -0.07546166
v 0.0434885 1.665892 -0.05812991
v 7.976859E-06 1.663104 -0.07845081
v 7.976598E-06 1.642534 -0.07546166
v 0.04431271 1.638712 -0.05592832
v 0.0434885 1.665892 -0.05812991
v 0.04431271 1.638712 -0.05592832
v 7.976598E-06 1.642534 -0.07546166
v 0.03240262 1.620136 -0.06860576
v 0.03240262 1.620136 -0.06860576
v 0.05679539 1.647968 -0.02154193
v 0.04431271 1.638712 -0.05592832
v 0.06594769 1.68556 -0.02540716
v 0.0434885 1.665892 -0.05812991
v 0.04431271 1.638712 -0.05592832
v 0.06594769 1.68556 -0.02540716
v 0.04431271 1.638712 -0.05592832
v 0.05679539 1.647968 -0.02154193
v 0.0434885 1.665892 -0.05812991
v 0.06594769 1.68556 -0.02540716
v 0.07155765 1.712605 -0.02901874
v 0.05679539 1.647968 -0.02154193
v 0.06600101 1.674118 -0.0002699342
v 0.06594769 1.68556 -0.02540716
v 0.05679539 1.647968 -0.02154193
v 0.06415752 1.663258 0.009177231
v 0.06600101 1.674118 -0.0002699342
v 0.06415752 1.663258 0.009177231
v 0.06784229 1.675521 0.001663476
v 0.06600101 1.674118 -0.0002699342
v 0.07073329 1.696355 0.002048906
v 0.06784229 1.675521 0.001663476
v 0.06415752 1.663258 0.009177231
v 0.06784229 1.675521 0.001663476
v 0.07073329 1.696355 0.002048906
v 0.07543621 1.701197 -0.01726956
v 0.06600101 1.674118 -0.0002699342
v 0.06784229 1.675521 0.001663476
v 0.07517169 1.680954 -0.02029503
v 0.07543621 1.701197 -0.01726956
v 0.07517169 1.680954 -0.02029503
v 0.06784229 1.675521 0.001663476
v 0.06600101 1.674118 -0.0002699342
v 0.0738019 1.680847 -0.02138889
v 0.06594769 1.68556 -0.02540716
v 0.06600101 1.674118 -0.0002699342
v 0.07517169 1.680954 -0.02029503
v 0.0738019 1.680847 -0.02138889
v 0.07671764 1.693591 -0.03326138
v 0.06594769 1.68556 -0.02540716
v 0.0738019 1.680847 -0.02138889
v 0.07671764 1.693591 -0.03326138
v 0.07155765 1.712605 -0.02901874
v 0.06594769 1.68556 -0.02540716
v 0.07945919 1.693793 -0.03230497
v 0.0738019 1.680847 -0.02138889
v 0.07517169 1.680954 -0.02029503
v 0.07543621 1.701197 -0.01726956
v 0.07945919 1.693793 -0.03230497
v 0.07517169 1.680954 -0.02029503
v 0.07945919 1.693793 -0.03230497
v 0.07671764 1.693591 -0.03326138
v 0.0738019 1.680847 -0.02138889
v 0.07671764 1.693591 -0.03326138
v 0.07945919 1.693793 -0.03230497
v 0.08434879 1.7147 -0.03540629
v 0.07543621 1.701197 -0.01726956
v 0.08434879 1.7147 -0.03540629
v 0.07945919 1.693793 -0.03230497
v 0.07671764 1.693591 -0.03326138
v 0.08434879 1.7147 -0.03540629
v 0.08203106 1.71554 -0.03681703
v 0.07155765 1.712605 -0.02901874
v 0.07671764 1.693591 -0.03326138
v 0.08203106 1.71554 -0.03681703
v 0.08203106 1.71554 -0.03681703
v 0.08434879 1.7147 -0.03540629
v 0.08465618 1.724235 -0.02827365
v 0.07543621 1.701197 -0.01726956
v 0.08465618 1.724235 -0.02827365
v 0.08434879 1.7147 -0.03540629
v 0.07155765 1.712605 -0.02901874
v 0.08203106 1.71554 -0.03681703
v 0.08168354 1.725429 -0.02890554
v 0.08203106 1.71554 -0.03681703
v 0.08465618 1.724235 -0.02827365
v 0.08168354 1.725429 -0.02890554
v 0.07543621 1.701197 -0.01726956
v 0.08302746 1.725046 -0.01714134
v 0.08465618 1.724235 -0.02827365
v 0.08168354 1.725429 -0.02890554
v 0.08465618 1.724235 -0.02827365
v 0.08302746 1.725046 -0.01714134
v 0.07843097 1.726568 -0.01722412
v 0.07155765 1.712605 -0.02901874
v 0.08168354 1.725429 -0.02890554
v 0.08168354 1.725429 -0.02890554
v 0.08302746 1.725046 -0.01714134
v 0.07843097 1.726568 -0.01722412
v 0.07843097 1.726568 -0.01722412
v 0.07267475 1.718713 -0.005776714
v 0.07155765 1.712605 -0.02901874
v 0.07543621 1.701197 -0.01726956
v 0.07806827 1.718449 -0.008440903
v 0.08302746 1.725046 -0.01714134
v 0.07843097 1.726568 -0.01722412
v 0.08302746 1.725046 -0.01714134
v 0.07806827 1.718449 -0.008440903
v 0.07843097 1.726568 -0.01722412
v 0.07806827 1.718449 -0.008440903
v 0.07267475 1.718713 -0.005776714
v 0.07543621 1.701197 -0.01726956
v 0.07073329 1.696355 0.002048906
v 0.07806827 1.718449 -0.008440903
v 0.07267475 1.718713 -0.005776714
v 0.07806827 1.718449 -0.008440903
v 0.07073329 1.696355 0.002048906
v 0.07073329 1.696355 0.002048906
v 0.05748973 1.713926 0.05648736
v 0.07267475 1.718713 -0.005776714
v 0.06176357 1.760708 0.04068433
v 0.07267475 1.718713 -0.005776714
v 0.05748973 1.713926 0.05648736
v 0.07073329 1.696355 0.002048906
v 0.05673271 1.684069 0.05252876
v 0.05748973 1.713926 0.05648736
v 0.05325107 1.646093 0.04056118
v 0.05673271 1.684069 0.05252876
v 0.07073329 1.696355 0.002048906
v 0.06176357 1.760708 0.04068433
v 0.05748973 1.713926 0.05648736
v 0.05797131 1.731634 0.06156117
v 0.05748973 1.713926 0.05648736
v 0.05113289 1.720796 0.06530215
v 0.05797131 1.731634 0.06156117
v 0.04901562 1.740427 0.07492436
v 0.06176357 1.760708 0.04068433
v 0.05797131 1.731634 0.06156117
v 0.05113289 1.720796 0.06530215
v 0.04901562 1.740427 0.07492436
v 0.05797131 1.731634 0.06156117
v 0.05748973 1.713926 0.05648736
v 0.05673271 1.684069 0.05252876
v 0.04435756 1.7105 0.07275984
v 0.05748973 1.713926 0.05648736
v 0.04435756 1.7105 0.07275984
v 0.05113289 1.720796 0.06530215
v 0.03213221 1.743446 0.0883098
v 0.06176357 1.760708 0.04068433
v 0.04901562 1.740427 0.07492436
v 0.03213221 1.743446 0.0883098
v 0.02976153 1.781475 0.07490945
v 0.06176357 1.760708 0.04068433
v 0.01443492 1.741745 0.09324844
v 0.02976153 1.781475 0.07490945
v 0.03213221 1.743446 0.0883098
v 7.961595E-06 1.741745 0.09614813
v 0.02976153 1.781475 0.07490945
v 0.01443492 1.741745 0.09324844
v 7.961595E-06 1.741745 0.09614813
v 0.01443492 1.741745 0.09324844
v 0.006736442 1.726572 0.09093616
v 0.0309643 1.73399 0.08457799
v 0.03213221 1.743446 0.0883098
v 0.04901562 1.740427 0.07492436
v 0.01443492 1.741745 0.09324844
v 0.03213221 1.743446 0.0883098
v 0.0309643 1.73399 0.08457799
v 0.05113289 1.720796 0.06530215
v 0.04479228 1.730708 0.07588627
v 0.04901562 1.740427 0.07492436
v 0.0309643 1.73399 0.08457799
v 0.04901562 1.740427 0.07492436
v 0.04479228 1.730708 0.07588627
v 7.961595E-06 1.741745 0.09614813
v 0.006736442 1.726572 0.09093616
v 7.961744E-06 1.727579 0.09444614
v 7.961595E-06 1.741745 0.09614813
v 7.961744E-06 1.727579 0.09444614
v -0.006720628 1.726572 0.09093616
v 7.961595E-06 1.741745 0.09614813
v -0.006720628 1.726572 0.09093616
v -0.01441907 1.741745 0.09324844
v 0.01443492 1.741745 0.09324844
v 0.0309643 1.73399 0.08457799
v 0.01654193 1.731529 0.08456361
v 0.01443492 1.741745 0.09324844
v 0.01057612 1.72376 0.08408429
v 0.006736442 1.726572 0.09093616
v 0.01443492 1.741745 0.09324844
v 0.01654193 1.731529 0.08456361
v 0.01057612 1.72376 0.08408429
v 0.006736442 1.726572 0.09093616
v 0.01057612 1.72376 0.08408429
v 0.009315212 1.714559 0.08529984
v 0.01537714 1.720771 0.07699072
v 0.01057612 1.72376 0.08408429
v 0.01654193 1.731529 0.08456361
v 0.009315212 1.714559 0.08529984
v 0.01057612 1.72376 0.08408429
v 0.01537714 1.720771 0.07699072
v 0.02061014 1.7237 0.07715392
v 0.01654193 1.731529 0.08456361
v 0.0309643 1.73399 0.08457799
v 0.01537714 1.720771 0.07699072
v 0.01654193 1.731529 0.08456361
v 0.02061014 1.7237 0.07715392
v 0.04479228 1.730708 0.07588627
v 0.02713675 1.725613 0.07628973
v 0.0309643 1.73399 0.08457799
v 0.02061014 1.7237 0.07715392
v 0.0309643 1.73399 0.08457799
v 0.02713675 1.725613 0.07628973
v 0.02737594 1.720833 0.0772141
v 0.01537714 1.720771 0.07699072
v 0.02061014 1.7237 0.07715392
v 0.02737594 1.720833 0.0772141
v 0.02061014 1.7237 0.07715392
v 0.02713675 1.725613 0.07628973
v 0.04479228 1.730708 0.07588627
v 0.03405013 1.724887 0.07410108
v 0.02713675 1.725613 0.07628973
v 0.05113289 1.720796 0.06530215
v 0.03405013 1.724887 0.07410108
v 0.04479228 1.730708 0.07588627
v 0.03548137 1.720851 0.07330438
v 0.02713675 1.725613 0.07628973
v 0.03405013 1.724887 0.07410108
v 0.03548137 1.720851 0.07330438
v 0.02737594 1.720833 0.0772141
v 0.02713675 1.725613 0.07628973
v 0.05113289 1.720796 0.06530215
v 0.04019206 1.722844 0.07082087
v 0.03405013 1.724887 0.07410108
v 0.04019206 1.722844 0.07082087
v 0.03548137 1.720851 0.07330438
v 0.03405013 1.724887 0.07410108
v 0.05113289 1.720796 0.06530215
v 0.04041771 1.719155 0.07016657
v 0.04019206 1.722844 0.07082087
v 0.04019206 1.722844 0.07082087
v 0.04041771 1.719155 0.07016657
v 0.03548137 1.720851 0.07330438
v 0.04041771 1.719155 0.07016657
v 0.05113289 1.720796 0.06530215
v 0.04435756 1.7105 0.07275984
v 0.04041771 1.719155 0.07016657
v 0.03448844 1.716768 0.07347818
v 0.03548137 1.720851 0.07330438
v 0.04041771 1.719155 0.07016657
v 0.04435756 1.7105 0.07275984
v 0.03448844 1.716768 0.07347818
v 0.03448844 1.716768 0.07347818
v 0.02737594 1.720833 0.0772141
v 0.03548137 1.720851 0.07330438
v 0.02060545 1.717587 0.07685496
v 0.01537714 1.720771 0.07699072
v 0.02737594 1.720833 0.0772141
v 0.009315212 1.714559 0.08529984
v 0.01537714 1.720771 0.07699072
v 0.02060545 1.717587 0.07685496
v 0.02785079 1.716306 0.07597019
v 0.02060545 1.717587 0.07685496
v 0.02737594 1.720833 0.0772141
v 0.03448844 1.716768 0.07347818
v 0.02785079 1.716306 0.07597019
v 0.02737594 1.720833 0.0772141
v 0.02785079 1.716306 0.07597019
v 0.009315212 1.714559 0.08529984
v 0.02060545 1.717587 0.07685496
v 0.03448844 1.716768 0.07347818
v 0.04435756 1.7105 0.07275984
v 0.02888232 1.709266 0.07913683
v 0.03448844 1.716768 0.07347818
v 0.02888232 1.709266 0.07913683
v 0.02785079 1.716306 0.07597019
v 0.02785079 1.716306 0.07597019
v 0.02888232 1.709266 0.07913683
v 0.009315212 1.714559 0.08529984
v 0.02888232 1.709266 0.07913683
v 0.04435756 1.7105 0.07275984
v 0.05673271 1.684069 0.05252876
v 0.01778331 1.687947 0.08671483
v 0.009315212 1.714559 0.08529984
v 0.02888232 1.709266 0.07913683
v 0.02888232 1.709266 0.07913683
v 0.05673271 1.684069 0.05252876
v 0.01778331 1.687947 0.08671483
v 0.01778331 1.687947 0.08671483
v 0.0144884 1.690957 0.09069569
v 0.009315212 1.714559 0.08529984
v 0.0144884 1.690957 0.09069569
v 0.01778331 1.687947 0.08671483
v 0.01479808 1.674333 0.09312163
v 0.01778331 1.687947 0.08671483
v 0.02733332 1.662199 0.08602382
v 0.01479808 1.674333 0.09312163
v 0.01778331 1.687947 0.08671483
v 0.05673271 1.684069 0.05252876
v 0.02733332 1.662199 0.08602382
v 0.0144884 1.690957 0.09069569
v 0.006736442 1.726572 0.09093616
v 0.009315212 1.714559 0.08529984
v 0.02733332 1.662199 0.08602382
v 0.05673271 1.684069 0.05252876
v 0.05325107 1.646093 0.04056118
v 0.0144884 1.690957 0.09069569
v 0.00655772 1.696934 0.1060832
v 0.006736442 1.726572 0.09093616
v 0.0144884 1.690957 0.09069569
v 0.01479808 1.674333 0.09312163
v 0.01563441 1.677458 0.1003669
v 0.00655772 1.696934 0.1060832
v 0.0144884 1.690957 0.09069569
v 0.01563441 1.677458 0.1003669
v -1.698544E-05 1.674175 0.1010668
v 0.01563441 1.677458 0.1003669
v 0.01479808 1.674333 0.09312163
v 0.00539622 1.684143 0.1141058
v 0.01563441 1.677458 0.1003669
v -1.698544E-05 1.674175 0.1010668
v 0.00655772 1.696934 0.1060832
v 0.01563441 1.677458 0.1003669
v 0.00539622 1.684143 0.1141058
v -1.698978E-05 1.698235 0.1118965
v 0.006736442 1.726572 0.09093616
v 0.00655772 1.696934 0.1060832
v -1.698978E-05 1.698235 0.1118965
v 7.961744E-06 1.727579 0.09444614
v 0.006736442 1.726572 0.09093616
v -1.699047E-05 1.685176 0.1197997
v 0.00655772 1.696934 0.1060832
v 0.00539622 1.684143 0.1141058
v -1.698544E-05 1.674175 0.1010668
v -1.699047E-05 1.685176 0.1197997
v 0.00539622 1.684143 0.1141058
v -1.699047E-05 1.685176 0.1197997
v -1.698978E-05 1.698235 0.1118965
v 0.00655772 1.696934 0.1060832
v -0.006591689 1.696934 0.1060832
v 7.961744E-06 1.727579 0.09444614
v -1.698978E-05 1.698235 0.1118965
v -0.006591689 1.696934 0.1060832
v -0.006720628 1.726572 0.09093616
v 7.961744E-06 1.727579 0.09444614
v -0.006591689 1.696934 0.1060832
v -0.009299357 1.714559 0.08529984
v -0.006720628 1.726572 0.09093616
v -0.005430189 1.684143 0.1141058
v -1.698978E-05 1.698235 0.1118965
v -1.699047E-05 1.685176 0.1197997
v -0.005430189 1.684143 0.1141058
v -0.006591689 1.696934 0.1060832
v -1.698978E-05 1.698235 0.1118965
v -1.698544E-05 1.674175 0.1010668
v -0.005430189 1.684143 0.1141058
v -1.699047E-05 1.685176 0.1197997
v -0.005430189 1.684143 0.1141058
v -0.01561788 1.690957 0.09166571
v -0.006591689 1.696934 0.1060832
v -0.006591689 1.696934 0.1060832
v -0.01561788 1.690957 0.09166571
v -0.009299357 1.714559 0.08529984
v -0.005430189 1.684143 0.1141058
v -0.016542 1.677458 0.09978186
v -0.01561788 1.690957 0.09166571
v -1.698544E-05 1.674175 0.1010668
v -0.016542 1.677458 0.09978186
v -0.005430189 1.684143 0.1141058
v -0.006720628 1.726572 0.09093616
v -0.009299357 1.714559 0.08529984
v -0.01056027 1.72376 0.08408429
v -0.01441907 1.741745 0.09324844
v -0.006720628 1.726572 0.09093616
v -0.01056027 1.72376 0.08408429
v -0.01561788 1.690957 0.09166571
v -0.01781728 1.687947 0.08671483
v -0.009299357 1.714559 0.08529984
v -0.01781728 1.687947 0.08671483
v -0.01561788 1.690957 0.09166571
v -0.016542 1.677458 0.09978186
v -0.01781728 1.687947 0.08671483
v -0.016542 1.677458 0.09978186
v -0.01483205 1.674333 0.09312161
v -0.004350788 1.672594 0.09667991
v -0.016542 1.677458 0.09978186
v -1.698544E-05 1.674175 0.1010668
v -0.004350788 1.672594 0.09667991
v -0.01483205 1.674333 0.09312161
v -0.016542 1.677458 0.09978186
v -0.01441907 1.741745 0.09324844
v -0.01056027 1.72376 0.08408429
v -0.01652616 1.731529 0.08456361
v -0.01441907 1.741745 0.09324844
v -0.01652616 1.731529 0.08456361
v -0.03094846 1.73399 0.08457799
v -0.02059428 1.7237 0.07715392
v -0.01652616 1.731529 0.08456361
v -0.01056027 1.72376 0.08408429
v -0.03094846 1.73399 0.08457799
v -0.01652616 1.731529 0.08456361
v -0.02059428 1.7237 0.07715392
v -0.009299357 1.714559 0.08529984
v -0.0153613 1.720771 0.07699072
v -0.01056027 1.72376 0.08408429
v -0.02059428 1.7237 0.07715392
v -0.01056027 1.72376 0.08408429
v -0.0153613 1.720771 0.07699072
v -0.03094846 1.73399 0.08457799
v -0.02059428 1.7237 0.07715392
v -0.02712087 1.725613 0.07628973
v -0.03094846 1.73399 0.08457799
v -0.02712087 1.725613 0.07628973
v -0.03403425 1.724887 0.07410109
v -0.02736002 1.720833 0.0772141
v -0.02059428 1.7237 0.07715392
v -0.0153613 1.720771 0.07699072
v -0.02736002 1.720833 0.0772141
v -0.02712087 1.725613 0.07628973
v -0.02059428 1.7237 0.07715392
v -0.009299357 1.714559 0.08529984
v -0.0205896 1.717587 0.07685496
v -0.0153613 1.720771 0.07699072
v -0.0205896 1.717587 0.07685496
v -0.02736002 1.720833 0.0772141
v -0.0153613 1.720771 0.07699072
v -0.02886647 1.709266 0.07913683
v -0.009299357 1.714559 0.08529984
v -0.01781728 1.687947 0.08671483
v -0.0205896 1.717587 0.07685496
v -0.009299357 1.714559 0.08529984
v -0.02886647 1.709266 0.07913683
v -0.03546545 1.720851 0.07330438
v -0.03403425 1.724887 0.07410109
v -0.02712087 1.725613 0.07628973
v -0.03546545 1.720851 0.07330438
v -0.02712087 1.725613 0.07628973
v -0.02736002 1.720833 0.0772141
v -0.0278349 1.716306 0.07597019
v -0.02736002 1.720833 0.0772141
v -0.0205896 1.717587 0.07685496
v -0.0205896 1.717587 0.07685496
v -0.02886647 1.709266 0.07913683
v -0.0278349 1.716306 0.07597019
v -0.02886647 1.709266 0.07913683
v -0.01781728 1.687947 0.08671483
v -0.05671688 1.684069 0.05252875
v -0.01483205 1.674333 0.09312161
v -0.05671688 1.684069 0.05252875
v -0.01781728 1.687947 0.08671483
v -0.03447255 1.716768 0.07347818
v -0.02736002 1.720833 0.0772141
v -0.0278349 1.716306 0.07597019
v -0.03447255 1.716768 0.07347818
v -0.03546545 1.720851 0.07330438
v -0.02736002 1.720833 0.0772141
v -0.0278349 1.716306 0.07597019
v -0.02886647 1.709266 0.07913683
v -0.04434171 1.7105 0.07275982
v -0.02886647 1.709266 0.07913683
v -0.05671688 1.684069 0.05252875
v -0.04434171 1.7105 0.07275982
v -0.0278349 1.716306 0.07597019
v -0.04434171 1.7105 0.07275982
v -0.03447255 1.716768 0.07347818
v -0.03447255 1.716768 0.07347818
v -0.04434171 1.7105 0.07275982
v -0.05111704 1.720796 0.06530213
v -0.04017618 1.722844 0.07082088
v -0.03403425 1.724887 0.07410109
v -0.03546545 1.720851 0.07330438
v -0.03403425 1.724887 0.07410109
v -0.04017618 1.722844 0.07082088
v -0.05111704 1.720796 0.06530213
v -0.04040183 1.719155 0.07016657
v -0.03546545 1.720851 0.07330438
v -0.03447255 1.716768 0.07347818
v -0.03546545 1.720851 0.07330438
v -0.04040183 1.719155 0.07016657
v -0.04017618 1.722844 0.07082088
v -0.03447255 1.716768 0.07347818
v -0.05111704 1.720796 0.06530213
v -0.04040183 1.719155 0.07016657
v -0.04040183 1.719155 0.07016657
v -0.05111704 1.720796 0.06530213
v -0.04017618 1.722844 0.07082088
v -0.01483205 1.674333 0.09312161
v -0.02731748 1.662199 0.08602382
v -0.05671688 1.684069 0.05252875
v -0.030891 1.648651 0.08267222
v -0.05671688 1.684069 0.05252875
v -0.02731748 1.662199 0.08602382
v -0.030891 1.648651 0.08267222
v -0.05323523 1.646093 0.04056118
v -0.05671688 1.684069 0.05252875
v -0.05323523 1.646093 0.04056118
v -0.07071743 1.696355 0.002048894
v -0.05671688 1.684069 0.05252875
v -0.02361472 1.653173 0.0904682
v -0.02731748 1.662199 0.08602382
v -0.01483205 1.674333 0.09312161
v -0.02620474 1.650423 0.08752149
v -0.030891 1.648651 0.08267222
v -0.02731748 1.662199 0.08602382
v -0.02620474 1.650423 0.08752149
v -0.02731748 1.662199 0.08602382
v -0.02361472 1.653173 0.0904682
v -0.02361472 1.653173 0.0904682
v -0.01483205 1.674333 0.09312161
v -0.01571531 1.6565 0.09742355
v -0.006759919 1.659506 0.1028681
v -0.01571531 1.6565 0.09742355
v -0.01483205 1.674333 0.09312161
v -0.006759919 1.659506 0.1028681
v -0.01483205 1.674333 0.09312161
v -0.004350788 1.672594 0.09667991
v 1.002122E-05 1.652707 0.1003585
v -0.01571531 1.6565 0.09742355
v -0.006759919 1.659506 0.1028681
v 1.002122E-05 1.652707 0.1003585
v -0.006759919 1.659506 0.1028681
v 7.961112E-06 1.657309 0.1016737
v -1.69886E-05 1.671532 0.09838269
v -0.006759919 1.659506 0.1028681
v -0.004350788 1.672594 0.09667991
v -1.69886E-05 1.671532 0.09838269
v 7.961112E-06 1.657309 0.1016737
v -0.006759919 1.659506 0.1028681
v -1.69886E-05 1.671532 0.09838269
v -0.004350788 1.672594 0.09667991
v -1.698544E-05 1.674175 0.1010668
v -1.698544E-05 1.674175 0.1010668
v 0.004316817 1.672594 0.09667991
v -1.69886E-05 1.671532 0.09838269
v 0.004316817 1.672594 0.09667991
v 7.961112E-06 1.657309 0.1016737
v -1.69886E-05 1.671532 0.09838269
v -1.698544E-05 1.674175 0.1010668
v 0.01479808 1.674333 0.09312163
v 0.004316817 1.672594 0.09667991
v 0.004316817 1.672594 0.09667991
v 0.006772341 1.659506 0.1028681
v 7.961112E-06 1.657309 0.1016737
v 1.002122E-05 1.652707 0.1003585
v 7.961112E-06 1.657309 0.1016737
v 0.006772341 1.659506 0.1028681
v 0.006772341 1.659506 0.1028681
v 0.004316817 1.672594 0.09667991
v 0.01479808 1.674333 0.09312163
v 0.006772341 1.659506 0.1028681
v 0.01479808 1.674333 0.09312163
v 0.01573116 1.6565 0.09742355
v 1.002122E-05 1.652707 0.1003585
v 0.006772341 1.659506 0.1028681
v 0.01573116 1.6565 0.09742355
v 0.02363049 1.653173 0.0904682
v 0.01573116 1.6565 0.09742355
v 0.01479808 1.674333 0.09312163
v 0.02363049 1.653173 0.0904682
v 0.01479808 1.674333 0.09312163
v 0.02733332 1.662199 0.08602382
v -0.02276382 1.651564 0.08942629
v -0.02361472 1.653173 0.0904682
v -0.01571531 1.6565 0.09742355
v 1.002122E-05 1.652707 0.1003585
v -0.0149489 1.652414 0.09642926
v -0.01571531 1.6565 0.09742355
v -0.02276382 1.651564 0.08942629
v -0.01571531 1.6565 0.09742355
v -0.0149489 1.652414 0.09642926
v -0.02363608 1.650944 0.08651309
v -0.02361472 1.653173 0.0904682
v -0.02276382 1.651564 0.08942629
v -0.02363608 1.650944 0.08651309
v -0.02620474 1.650423 0.08752149
v -0.02361472 1.653173 0.0904682
v -0.02276382 1.651564 0.08942629
v -0.0149489 1.652414 0.09642926
v -0.01392881 1.65155 0.09394991
v -0.01392881 1.65155 0.09394991
v -0.0149489 1.652414 0.09642926
v 1.002122E-05 1.652707 0.1003585
v -0.02276382 1.651564 0.08942629
v -0.0222396 1.650854 0.0881372
v -0.02363608 1.650944 0.08651309
v -0.0222396 1.650854 0.0881372
v -0.02620474 1.650423 0.08752149
v -0.02363608 1.650944 0.08651309
v -0.02276382 1.651564 0.08942629
v -0.01392881 1.65155 0.09394991
v -0.0222396 1.650854 0.0881372
v -0.0222396 1.650854 0.0881372
v -0.02258568 1.649819 0.08815253
v -0.02620474 1.650423 0.08752149
v -0.01392881 1.65155 0.09394991
v -0.02258568 1.649819 0.08815253
v -0.0222396 1.650854 0.0881372
v -0.02258568 1.649819 0.08815253
v -0.030891 1.648651 0.08267222
v -0.02620474 1.650423 0.08752149
v 1.002122E-05 1.652707 0.1003585
v 0.01573116 1.6565 0.09742355
v 0.01496251 1.652414 0.09642926
v -0.01392881 1.65155 0.09394991
v 1.002122E-05 1.652707 0.1003585
v 7.521359E-06 1.651041 0.09883869
v 7.521359E-06 1.651041 0.09883869
v 1.002122E-05 1.652707 0.1003585
v 0.01496251 1.652414 0.09642926
v -0.01392881 1.65155 0.09394991
v -0.0136369 1.644782 0.09751505
v -0.02258568 1.649819 0.08815253
v 7.521359E-06 1.651041 0.09883869
v -0.0136369 1.644782 0.09751505
v -0.01392881 1.65155 0.09394991
v -0.02258568 1.649819 0.08815253
v -0.02055829 1.638286 0.0871848
v -0.030891 1.648651 0.08267222
v -0.0136369 1.644782 0.09751505
v -0.02055829 1.638286 0.0871848
v -0.02258568 1.649819 0.08815253
v 0.02277967 1.651564 0.08942629
v 0.01496251 1.652414 0.09642926
v 0.01573116 1.6565 0.09742355
v 0.02277967 1.651564 0.08942629
v 0.01573116 1.6565 0.09742355
v 0.02363049 1.653173 0.0904682
v -0.02574883 1.615467 0.08154383
v -0.030891 1.648651 0.08267222
v -0.02055829 1.638286 0.0871848
v -0.02574883 1.615467 0.08154383
v -0.05323523 1.646093 0.04056118
v -0.030891 1.648651 0.08267222
v 7.521359E-06 1.651041 0.09883869
v 0.01496251 1.652414 0.09642926
v 0.01394535 1.65155 0.09394986
v 0.01394535 1.65155 0.09394986
v 0.01496251 1.652414 0.09642926
v 0.02277967 1.651564 0.08942629
v -0.0136369 1.644782 0.09751505
v -0.008292968 1.635627 0.09372173
v -0.02055829 1.638286 0.0871848
v -0.008292968 1.635627 0.09372173
v -0.02574883 1.615467 0.08154383
v -0.02055829 1.638286 0.0871848
v 0.02365193 1.650944 0.08651309
v 0.02277967 1.651564 0.08942629
v 0.02363049 1.653173 0.0904682
v 0.02365193 1.650944 0.08651309
v 0.02225545 1.650854 0.0881372
v 0.02277967 1.651564 0.08942629
v 0.01394535 1.65155 0.09394986
v 0.02277967 1.651564 0.08942629
v 0.02225545 1.650854 0.0881372
v 0.02365193 1.650944 0.08651309
v 0.02363049 1.653173 0.0904682
v 0.02622058 1.650423 0.08752149
v 0.02225545 1.650854 0.0881372
v 0.02365193 1.650944 0.08651309
v 0.02622058 1.650423 0.08752149
v 0.02622058 1.650423 0.08752149
v 0.02363049 1.653173 0.0904682
v 0.02733332 1.662199 0.08602382
v 0.01394535 1.65155 0.09394986
v 0.02225545 1.650854 0.0881372
v 0.02260147 1.649819 0.08815253
v 0.02225545 1.650854 0.0881372
v 0.02622058 1.650423 0.08752149
v 0.02260147 1.649819 0.08815253
v 0.02622058 1.650423 0.08752149
v 0.02733332 1.662199 0.08602382
v 0.03090686 1.648651 0.08267222
v 0.02260147 1.649819 0.08815253
v 0.02622058 1.650423 0.08752149
v 0.03090686 1.648651 0.08267222
v 0.02733332 1.662199 0.08602382
v 0.05325107 1.646093 0.04056118
v 0.03090686 1.648651 0.08267222
v 7.521359E-06 1.651041 0.09883869
v 0.01394535 1.65155 0.09394986
v 0.01365268 1.644782 0.09751505
v 0.01394535 1.65155 0.09394986
v 0.02260147 1.649819 0.08815253
v 0.01365268 1.644782 0.09751505
v 0.02260147 1.649819 0.08815253
v 0.03090686 1.648651 0.08267222
v 0.02057414 1.638286 0.0871848
v 0.05325107 1.646093 0.04056118
v 0.02057414 1.638286 0.0871848
v 0.03090686 1.648651 0.08267222
v 0.01365268 1.644782 0.09751505
v 0.02260147 1.649819 0.08815253
v 0.02057414 1.638286 0.0871848
v 7.521359E-06 1.651041 0.09883869
v 0.01365268 1.644782 0.09751505
v 7.961129E-06 1.64423 0.1014768
v 7.521359E-06 1.651041 0.09883869
v 7.961129E-06 1.64423 0.1014768
v -0.0136369 1.644782 0.09751505
v 7.961522E-06 1.634812 0.09697557
v -0.0136369 1.644782 0.09751505
v 7.961129E-06 1.64423 0.1014768
v 7.961522E-06 1.634812 0.09697557
v 7.961129E-06 1.64423 0.1014768
v 0.01365268 1.644782 0.09751505
v 7.961522E-06 1.634812 0.09697557
v -0.008292968 1.635627 0.09372173
v -0.0136369 1.644782 0.09751505
v 7.961474E-06 1.614916 0.09752806
v -0.008292968 1.635627 0.09372173
v 7.961522E-06 1.634812 0.09697557
v 7.961522E-06 1.634812 0.09697557
v 0.01365268 1.644782 0.09751505
v 0.008308821 1.635627 0.09372173
v 0.01365268 1.644782 0.09751505
v 0.02057414 1.638286 0.0871848
v 0.008308821 1.635627 0.09372173
v 0.008308821 1.635627 0.09372173
v 7.961474E-06 1.614916 0.09752806
v 7.961522E-06 1.634812 0.09697557
v 0.05325107 1.646093 0.04056118
v 0.02576468 1.615467 0.08154383
v 0.02057414 1.638286 0.0871848
v 0.05325107 1.646093 0.04056118
v 0.01844726 1.601671 0.04645973
v 0.02576468 1.615467 0.08154383
v 0.02057414 1.638286 0.0871848
v 0.01309573 1.614842 0.09434734
v 0.008308821 1.635627 0.09372173
v 0.02057414 1.638286 0.0871848
v 0.02576468 1.615467 0.08154383
v 0.01309573 1.614842 0.09434734
v 0.008308821 1.635627 0.09372173
v 0.01309573 1.614842 0.09434734
v 7.961474E-06 1.614916 0.09752806
v 0.01844726 1.601671 0.04645973
v 0.01298419 1.606158 0.08831546
v 0.02576468 1.615467 0.08154383
v 0.01309573 1.614842 0.09434734
v 0.02576468 1.615467 0.08154383
v 0.01298419 1.606158 0.08831546
v 7.961474E-06 1.614916 0.09752806
v 0.01309573 1.614842 0.09434734
v 0.01298419 1.606158 0.08831546
v 0.01844726 1.601671 0.04645973
v 7.962091E-06 1.605757 0.0904635
v 0.01298419 1.606158 0.08831546
v 7.961474E-06 1.614916 0.09752806
v 0.01298419 1.606158 0.08831546
v 7.962091E-06 1.605757 0.0904635
v 7.961474E-06 1.614916 0.09752806
v -0.01307996 1.614842 0.09434734
v -0.008292968 1.635627 0.09372173
v -0.008292968 1.635627 0.09372173
v -0.01307996 1.614842 0.09434734
v -0.02574883 1.615467 0.08154383
v 7.961474E-06 1.614916 0.09752806
v 7.962091E-06 1.605757 0.0904635
v -0.01296834 1.606158 0.08831546
v 7.961474E-06 1.614916 0.09752806
v -0.01296834 1.606158 0.08831546
v -0.01307996 1.614842 0.09434734
v -0.01307996 1.614842 0.09434734
v -0.01296834 1.606158 0.08831546
v -0.02574883 1.615467 0.08154383
v -0.0184314 1.601671 0.04645973
v -0.01296834 1.606158 0.08831546
v 7.962091E-06 1.605757 0.0904635
v -0.0184314 1.601671 0.04645973
v -0.02574883 1.615467 0.08154383
v -0.01296834 1.606158 0.08831546
v -0.05323523 1.646093 0.04056118
v -0.02574883 1.615467 0.08154383
v -0.0184314 1.601671 0.04645973
v -0.05323523 1.646093 0.04056118
v -0.05677955 1.647968 -0.02154194
v -0.06414165 1.663258 0.00917722
v -0.05323523 1.646093 0.04056118
v -0.06414165 1.663258 0.00917722
v -0.07071743 1.696355 0.002048894
v -0.05677955 1.647968 -0.02154194
v -0.06598507 1.674118 -0.0002699457
v -0.06414165 1.663258 0.00917722
v -0.05677955 1.647968 -0.02154194
v -0.06593182 1.68556 -0.02540717
v -0.06598507 1.674118 -0.0002699457
v -0.07071743 1.696355 0.002048894
v -0.06414165 1.663258 0.00917722
v -0.06782642 1.675521 0.001663464
v -0.06414165 1.663258 0.00917722
v -0.06598507 1.674118 -0.0002699457
v -0.06782642 1.675521 0.001663464
v -0.06782642 1.675521 0.001663464
v -0.07542034 1.701197 -0.01726958
v -0.07071743 1.696355 0.002048894
v -0.06598507 1.674118 -0.0002699457
v -0.06593182 1.68556 -0.02540717
v -0.07378605 1.680847 -0.02138891
v -0.07670177 1.693591 -0.0332614
v -0.07378605 1.680847 -0.02138891
v -0.06593182 1.68556 -0.02540717
v -0.06598507 1.674118 -0.0002699457
v -0.07515591 1.680954 -0.02029505
v -0.06782642 1.675521 0.001663464
v -0.06598507 1.674118 -0.0002699457
v -0.07378605 1.680847 -0.02138891
v -0.07515591 1.680954 -0.02029505
v -0.06782642 1.675521 0.001663464
v -0.07515591 1.680954 -0.02029505
v -0.07542034 1.701197 -0.01726958
v -0.07944332 1.693793 -0.03230499
v -0.07515591 1.680954 -0.02029505
v -0.07378605 1.680847 -0.02138891
v -0.07944332 1.693793 -0.03230499
v -0.07378605 1.680847 -0.02138891
v -0.07670177 1.693591 -0.0332614
v -0.07542034 1.701197 -0.01726958
v -0.07515591 1.680954 -0.02029505
v -0.07944332 1.693793 -0.03230499
v -0.07670177 1.693591 -0.0332614
v -0.08433285 1.7147 -0.03540631
v -0.07944332 1.693793 -0.03230499
v -0.07542034 1.701197 -0.01726958
v -0.07944332 1.693793 -0.03230499
v -0.08433285 1.7147 -0.03540631
v -0.07670177 1.693591 -0.0332614
v -0.08201519 1.71554 -0.03681705
v -0.08433285 1.7147 -0.03540631
v -0.07154179 1.712605 -0.02901876
v -0.08201519 1.71554 -0.03681705
v -0.07670177 1.693591 -0.0332614
v -0.08201519 1.71554 -0.03681705
v -0.08464031 1.724235 -0.02827367
v -0.08433285 1.7147 -0.03540631
v -0.07542034 1.701197 -0.01726958
v -0.08433285 1.7147 -0.03540631
v -0.08464031 1.724235 -0.02827367
v -0.07071743 1.696355 0.002048894
v -0.07542034 1.701197 -0.01726958
v -0.07805241 1.718449 -0.008440916
v -0.07265888 1.718713 -0.005776727
v -0.07071743 1.696355 0.002048894
v -0.07805241 1.718449 -0.008440916
v -0.07154179 1.712605 -0.02901876
v -0.08166767 1.725429 -0.02890556
v -0.08201519 1.71554 -0.03681705
v -0.08201519 1.71554 -0.03681705
v -0.08166767 1.725429 -0.02890556
v -0.08464031 1.724235 -0.02827367
v -0.07542034 1.701197 -0.01726958
v -0.08464031 1.724235 -0.02827367
v -0.08301159 1.725046 -0.01714136
v -0.07542034 1.701197 -0.01726958
v -0.08301159 1.725046 -0.01714136
v -0.07805241 1.718449 -0.008440916
v -0.08166767 1.725429 -0.02890556
v -0.08301159 1.725046 -0.01714136
v -0.08464031 1.724235 -0.02827367
v -0.07841518 1.726568 -0.01722414
v -0.07265888 1.718713 -0.005776727
v -0.07805241 1.718449 -0.008440916
v -0.07841518 1.726568 -0.01722414
v -0.07154179 1.712605 -0.02901876
v -0.07265888 1.718713 -0.005776727
v -0.07841518 1.726568 -0.01722414
v -0.08166767 1.725429 -0.02890556
v -0.07154179 1.712605 -0.02901876
v -0.08166767 1.725429 -0.02890556
v -0.07841518 1.726568 -0.01722414
v -0.08301159 1.725046 -0.01714136
v -0.07841518 1.726568 -0.01722414
v -0.07805241 1.718449 -0.008440916
v -0.08301159 1.725046 -0.01714136
vn 0.06900172 0.3048764 -0.949889
vn 0.1230937 0.3169553 -0.9404187
vn -0.08761107 0.1453633 -0.9854917
vn 0.06900172 0.3048764 -0.949889
vn -0.08761107 0.1453633 -0.9854917
vn -0.1062336 0.2870068 -0.9520197
vn 0.1449359 0.987649 0.05952295
vn 0.1415409 0.9898165 -0.01514432
vn 0.1449359 0.987649 0.05952295
vn -0.08761107 0.1453633 -0.9854917
vn -0.1933454 -0.1491027 -0.969735
vn -0.1062336 0.2870068 -0.9520197
vn -0.08761107 0.1453633 -0.9854917
vn -0.1764547 -0.5158517 -0.8383084
vn -0.1933454 -0.1491027 -0.969735
vn -0.1218817 -0.4432669 -0.8880649
vn -0.1933454 -0.1491027 -0.969735
vn -0.1764547 -0.5158517 -0.8383084
vn -0.1218817 -0.4432669 -0.8880649
vn -0.1764547 -0.5158517 -0.8383084
vn -0.1754114 -0.4888794 -0.8545337
vn 0.2005148 0.8267357 -0.5256443
vn 0.1948931 0.8358079 -0.5132658
vn 0.3622863 0.8124278 -0.4568476
vn 0.2005148 0.8267357 -0.5256443
vn 0.3622863 0.8124278 -0.4568476
vn 0.1959024 0.9659846 -0.1688079
vn -0.1754114 -0.4888794 -0.8545337
vn -0.2803641 -0.4642447 -0.8401623
vn -0.1218817 -0.4432669 -0.8880649
vn -0.1754114 -0.4888794 -0.8545337
vn -0.2824971 -0.4252468 -0.8598608
vn -0.2803641 -0.4642447 -0.8401623
vn -0.2741235 -0.3629478 -0.8905758
vn -0.2803641 -0.4642447 -0.8401623
vn -0.2824971 -0.4252468 -0.8598608
vn -0.2741235 -0.3629478 -0.8905758
vn -0.2824971 -0.4252468 -0.8598608
vn -0.2272775 -0.2852006 -0.9311314
vn 0.1449359 0.987649 0.05952295
vn 0.1449359 0.987649 0.05952295
vn 0.1299887 0.9824849 0.1335157
vn -0.1937742 0.3215292 0.9268605
vn -0.1640502 0.2065909 0.9645764
vn -0.1937742 0.3215292 0.9268605
vn 0.4126134 0.443817 -0.7954727
vn 0.3702605 0.4731117 -0.7994201
vn 0.4380579 0.4426406 -0.7824159
vn 0.4126134 0.443817 -0.7954727
vn 0.3608896 0.4450766 -0.8195521
vn 0.3702605 0.4731117 -0.7994201
vn -0.2272775 -0.2852006 -0.9311314
vn -0.2027998 -0.3020469 -0.9314719
vn -0.2741235 -0.3629478 -0.8905758
vn -0.2272775 -0.2852006 -0.9311314
vn -0.1589815 -0.2645343 -0.9511817
vn -0.2027998 -0.3020469 -0.9314719
vn -0.2067899 -0.3194354 -0.9247696
vn -0.2027998 -0.3020469 -0.9314719
vn -0.1589815 -0.2645343 -0.9511817
vn -0.1937742 0.3215292 0.9268605
vn -0.1937742 0.3215292 0.9268605
vn -0.341158 0.4682606 0.8150726
vn 0.0110617 -0.9508699 0.3093933
vn -0.006792018 -0.9448425 0.3274548
vn 0.01547752 -0.9500991 0.3115642
vn 0.6993132 0.7086916 0.09336545
vn 0.6926745 0.7149929 0.09480118
vn 0.7028885 0.7053828 0.09155843
vn 0.6993132 0.7086916 0.09336545
vn 0.6921069 0.7152514 0.09697164
vn 0.6926745 0.7149929 0.09480118
vn 0.4380579 0.4426406 -0.7824159
vn 0.5026579 0.3475597 -0.7915411
vn 0.4126134 0.443817 -0.7954727
vn 0.4818276 0.3581844 -0.7997164
vn 0.5067545 0.3302954 -0.796307
vn 0.5026579 0.3475597 -0.7915411
vn 0.7028885 0.7053828 0.09155843
vn 0.7375985 0.6749905 0.01833856
vn 0.6993132 0.7086916 0.09336545
vn 0.7379646 0.674588 -0.01841928
vn 0.7680365 0.6271736 -0.1295116
vn 0.7375985 0.6749905 0.01833856
vn 0.4720269 0.3247564 0.8195876
vn 0.5206869 0.2290391 0.8224513
vn 0.6326936 0.3007088 0.7136337
vn 0.4720269 0.3247564 0.8195876
vn 0.4217267 0.4246292 0.801147
vn 0.4202961 0.4084661 0.8102509
vn 0.4720269 0.3247564 0.8195876
vn 0.4202961 0.4084661 0.8102509
vn 0.4185313 0.4036941 0.8135494
vn 0.4218124 0.4015065 0.8129371
vn 0.4185313 0.4036941 0.8135494
vn 0.4202961 0.4084661 0.8102509
vn 0.4720269 0.3247564 0.8195876
vn 0.3933079 0.1506075 0.9069875
vn 0.5206869 0.2290391 0.8224513
vn 0.4218124 0.4015065 0.8129371
vn 0.4202961 0.4084661 0.8102509
vn 0.4222955 0.4017499 0.812566
vn 0.7787585 0.5993713 -0.1851736
vn 0.7375985 0.6749905 0.01833856
vn 0.7680365 0.6271736 -0.1295116
vn 0.7232957 -0.5245767 0.4490684
vn 0.7023138 -0.5281295 0.4773202
vn 0.7023138 -0.5281295 0.4773202
vn 0.7787585 0.5993713 -0.1851736
vn 0.7680365 0.6271736 -0.1295116
vn 0.6707792 0.4600326 -0.5817432
vn 0.7232957 -0.5245767 0.4490684
vn 0.7433729 -0.5203678 0.4202549
vn 0.7433729 -0.5203678 0.4202549
vn 0.5067545 0.3302954 -0.796307
vn 0.6707792 0.4600326 -0.5817432
vn 0.5026579 0.3475597 -0.7915411
vn 0.2594408 -0.8253065 -0.5015573
vn 0.01876284 -0.9549859 -0.2960571
vn 0.2594408 -0.8253065 -0.5015573
vn -0.2067899 -0.3194354 -0.9247696
vn -0.2745909 -0.3554367 -0.8934565
vn -0.2027998 -0.3020469 -0.9314719
vn 0.2594408 -0.8253065 -0.5015573
vn 0.2594408 -0.8253065 -0.5015573
vn 0.2593489 -0.8256054 -0.5011126
vn 0.6524854 0.5119258 -0.558744
vn 0.6524854 0.5119258 -0.558744
vn 0.6707792 0.4600326 -0.5817432
vn 0.2694358 -0.1880174 -0.944486
vn 0.2589805 -0.1686151 -0.951051
vn 0.2649695 -0.222223 -0.9383007
vn 0.2694358 -0.1880174 -0.944486
vn 0.2357574 -0.166355 -0.9574677
vn 0.2589805 -0.1686151 -0.951051
vn 0.1952888 -0.1967096 -0.9608161
vn 0.2589805 -0.1686151 -0.951051
vn 0.2357574 -0.166355 -0.9574677
vn 0.1952888 -0.1967096 -0.9608161
vn 0.2357574 -0.166355 -0.9574677
vn 0.1927979 -0.2132523 -0.9577852
vn 0.1737139 -0.2205463 -0.9597827
vn 0.1952888 -0.1967096 -0.9608161
vn 0.1927979 -0.2132523 -0.9577852
vn 0.5159597 0.6112173 -0.6001657
vn 0.472235 0.5957537 -0.6496705
vn 0.6063293 0.5047885 -0.6144539
vn 0.7245668 0.3773685 -0.5767114
vn 0.6063293 0.5047885 -0.6144539
vn 0.707993 0.3669207 -0.6034195
vn 0.5159597 0.6112173 -0.6001657
vn 0.6063293 0.5047885 -0.6144539
vn 0.5321431 0.8358225 -0.1349981
vn 0.3622863 0.8124278 -0.4568476
vn 0.5159597 0.6112173 -0.6001657
vn 0.5321431 0.8358225 -0.1349981
vn 0.3622863 0.8124278 -0.4568476
vn 0.5321431 0.8358225 -0.1349981
vn 0.4807555 0.8671098 -0.1303636
vn 0.5866824 0.7937264 0.1606303
vn 0.4807555 0.8671098 -0.1303636
vn 0.5321431 0.8358225 -0.1349981
vn 0.3622863 0.8124278 -0.4568476
vn 0.4807555 0.8671098 -0.1303636
vn 0.1959024 0.9659846 -0.1688079
vn 0.5321431 0.8358225 -0.1349981
vn 0.4252611 0.86941 0.2515537
vn 0.50204 0.8144956 0.2907798
vn 0.5321431 0.8358225 -0.1349981
vn 0.50204 0.8144956 0.2907798
vn 0.5866824 0.7937264 0.1606303
vn 0.5866824 0.7937264 0.1606303
vn 0.5347027 0.822501 -0.1938687
vn 0.4807555 0.8671098 -0.1303636
vn 0.1959024 0.9659846 -0.1688079
vn 0.4807555 0.8671098 -0.1303636
vn 0.5347027 0.822501 -0.1938687
vn 0.1737139 -0.2205463 -0.9597827
vn 0.1569642 -0.2298372 -0.960488
vn 0.1952888 -0.1967096 -0.9608161
vn 0.5803297 -0.7793464 -0.2362978
vn 0.5803297 -0.7793464 -0.2362978
vn 0.5767144 -0.7841051 -0.2293026
vn 0.759752 0.4897445 -0.4276999
vn 0.7560736 0.5832441 -0.2969497
vn 0.759752 0.4897445 -0.4276999
vn 0.5803297 -0.7793464 -0.2362978
vn 0.5838958 -0.7745218 -0.243273
vn 0.5803297 -0.7793464 -0.2362978
vn 0.7245668 0.3773685 -0.5767114
vn 0.7931876 0.5470454 -0.2675721
vn 0.6063293 0.5047885 -0.6144539
vn 0.759752 0.4897445 -0.4276999
vn 0.759752 0.4897445 -0.4276999
vn 0.7931876 0.5470454 -0.2675721
vn 0.4429797 -0.4718042 0.762345
vn 0.4429797 -0.4718042 0.762345
vn 0.4457283 -0.4717426 0.7607794
vn 0.7580009 0.6506279 0.04602016
vn 0.7931876 0.5470454 -0.2675721
vn 0.8015583 0.5909088 -0.09127492
vn 0.4429797 -0.4718042 0.762345
vn 0.4402266 -0.471861 0.7639029
vn 0.4429797 -0.4718042 0.762345
vn 0.6943429 0.6641103 0.2772103
vn 0.7379957 0.642948 0.2048909
vn 0.6956722 0.6750233 0.245731
vn 0.7580009 0.6506279 0.04602016
vn 0.6956722 0.6750233 0.245731
vn 0.7931876 0.5470454 -0.2675721
vn 0.04229989 0.3187797 0.9468845
vn 0.05446793 0.3455162 0.9368307
vn -0.03858047 0.2784199 0.9596843
vn 0.6943429 0.6641103 0.2772103
vn 0.6956722 0.6750233 0.245731
vn 0.50204 0.8144956 0.2907798
vn 0.04229989 0.3187797 0.9468845
vn 0.09166523 0.3835333 0.9189667
vn 0.05446793 0.3455162 0.9368307
vn 0.1045392 0.3523715 0.9300032
vn 0.05446793 0.3455162 0.9368307
vn 0.09166523 0.3835333 0.9189667
vn 0.1045392 0.3523715 0.9300032
vn 0.09166523 0.3835333 0.9189667
vn 0.1026608 0.3778967 0.9201385
vn 0.1327828 0.3068005 0.942466
vn 0.1045392 0.3523715 0.9300032
vn 0.1026608 0.3778967 0.9201385
vn 0.1327828 0.3068005 0.942466
vn 0.133452 0.2531356 0.9581821
vn 0.1045392 0.3523715 0.9300032
vn 0.3958454 -0.03982359 -0.9174532
vn 0.3606228 -0.02118113 -0.9324712
vn 0.3954065 -0.03070169 -0.917993
vn 0.3958454 -0.03982359 -0.9174532
vn 0.3065747 -0.04547294 -0.9507597
vn 0.3606228 -0.02118113 -0.9324712
vn 0.3065747 -0.04547294 -0.9507597
vn 0.2582308 -0.07512781 -0.9631576
vn 0.3606228 -0.02118113 -0.9324712
vn 0.3065747 -0.04547294 -0.9507597
vn 0.2486982 -0.1196489 -0.9611625
vn 0.2582308 -0.07512781 -0.9631576
vn 0.2570954 -0.1278569 -0.9578907
vn 0.2582308 -0.07512781 -0.9631576
vn 0.2486982 -0.1196489 -0.9611625
vn 0.2570954 -0.1278569 -0.9578907
vn 0.2486982 -0.1196489 -0.9611625
vn 0.2613859 -0.1178332 -0.958015
vn 0.7056417 -0.6606701 -0.2560951
vn 0.7056417 -0.6606701 -0.2560951
vn 0.7123969 -0.6555238 -0.2505578
vn 0.703976 0.5485331 -0.4511423
vn 0.7010661 0.5197416 -0.4882367
vn 0.726761 0.6108918 -0.3140537
vn 0.726761 0.6108918 -0.3140537
vn 0.6608184 0.5605501 -0.4991018
vn 0.6608184 0.5605501 -0.4991018
vn 0.5895765 0.6681493 -0.4538459
vn 0.609221 0.6575149 -0.4433102
vn 0.5292534 0.7009392 -0.4780953
vn 0.703976 0.5485331 -0.4511423
vn 0.726761 0.6108918 -0.3140537
vn 0.5895765 0.6681493 -0.4538459
vn 0.7056417 -0.6606701 -0.2560951
vn 0.6988141 -0.6657485 -0.2616061
vn 0.7056417 -0.6606701 -0.2560951
vn 0.726761 0.6108918 -0.3140537
vn 0.7517655 0.6292784 -0.1971229
vn 0.7517655 0.6292784 -0.1971229
vn 0.4932458 -0.5069562 0.7068974
vn 0.5019051 -0.5044577 0.7025764
vn 0.4932458 -0.5069562 0.7068974
vn 0.726761 0.6108918 -0.3140537
vn 0.7208379 0.6897739 0.06785772
vn 0.6305978 0.7372568 0.2424846
vn 0.4932458 -0.5069562 0.7068974
vn 0.4932458 -0.5069562 0.7068974
vn 0.2409221 -0.7086118 0.6631936
vn 0.5487672 0.7222887 0.4208962
vn 0.6305978 0.7372568 0.2424846
vn 0.5487672 0.7222887 0.4208962
vn -0.04481094 0.2217297 0.9740781
vn -0.1328537 0.1607819 0.9780077
vn -0.06725766 0.2069872 0.976029
vn 0.4479958 0.7707139 0.4531002
vn 0.5487672 0.7222887 0.4208962
vn 0.5487672 0.7222887 0.4208962
vn -0.04481094 0.2217297 0.9740781
vn -0.06725766 0.2069872 0.976029
vn -0.002024642 0.2500444 0.9682323
vn 0.003487977 0.211821 0.9773023
vn -0.04481094 0.2217297 0.9740781
vn -0.002024642 0.2500444 0.9682323
vn 0.4479958 0.7707139 0.4531002
vn 0.5742153 0.6879034 0.4439209
vn 0.4429413 0.8102867 0.3837167
vn 0.4479958 0.7707139 0.4531002
vn 0.4429413 0.8102867 0.3837167
vn 0.4977016 0.7587867 0.4201618
vn 0.003487977 0.211821 0.9773023
vn -0.002024642 0.2500444 0.9682323
vn -0.005720488 0.2481309 0.9687096
vn 0.009411459 0.1740715 0.984688
vn 0.003487977 0.211821 0.9773023
vn -0.005720488 0.2481309 0.9687096
vn 0.009411459 0.1740715 0.984688
vn 0.02532625 0.09845564 0.9948192
vn 0.003487977 0.211821 0.9773023
vn 0.5895765 0.6681493 -0.4538459
vn 0.6123459 0.7176695 -0.3316365
vn 0.609221 0.6575149 -0.4433102
vn 0.4479958 0.7707139 0.4531002
vn 0.4977016 0.7587867 0.4201618
vn 0.2944963 0.7512559 0.5906661
vn 0.6123459 0.7176695 -0.3316365
vn 0.5347027 0.822501 -0.1938687
vn 0.609221 0.6575149 -0.4433102
vn 0.6123459 0.7176695 -0.3316365
vn 0.2883716 0.9552121 -0.06642078
vn 0.5347027 0.822501 -0.1938687
vn 0.4977016 0.7587867 0.4201618
vn 0.5327772 0.7137511 0.4546512
vn 0.2944963 0.7512559 0.5906661
vn 0.1959024 0.9659846 -0.1688079
vn 0.5347027 0.822501 -0.1938687
vn 0.2883716 0.9552121 -0.06642078
vn 0.1959024 0.9659846 -0.1688079
vn 0.2883716 0.9552121 -0.06642078
vn 0.1134264 0.982085 0.1504776
vn 0.4977016 0.7587867 0.4201618
vn 0.6507992 0.6942585 0.3073527
vn 0.5327772 0.7137511 0.4546512
vn 0.6507992 0.6942585 0.3073527
vn 0.4977016 0.7587867 0.4201618
vn 0.5706268 0.8009935 0.1810922
vn 0.1959024 0.9659846 -0.1688079
vn 0.1134264 0.982085 0.1504776
vn 0.1299887 0.9824849 0.1335157
vn 0.6521427 0.1756029 -0.7374778
vn 0.6498855 0.07911507 -0.7559032
vn 0.6536641 0.02761666 -0.7562807
vn 0.5706268 0.8009935 0.1810922
vn 0.5926065 0.7961386 0.1223965
vn 0.5926065 0.7961386 0.1223965
vn 0.6521427 0.1756029 -0.7374778
vn 0.6536641 0.02761666 -0.7562807
vn 0.5035206 -0.01324049 -0.8638818
vn 0.1134264 0.982085 0.1504776
vn 0.143299 0.8612443 0.4875691
vn 0.1299887 0.9824849 0.1335157
vn 0.6507992 0.6942585 0.3073527
vn 0.5706268 0.8009935 0.1810922
vn 0.143299 0.8612443 0.4875691
vn 0.5035206 -0.01324049 -0.8638818
vn 0.3660114 -0.05368559 -0.9290606
vn 0.6521427 0.1756029 -0.7374778
vn 0.5035206 -0.01324049 -0.8638818
vn 0.3646049 -0.08989928 -0.9268125
vn 0.3660114 -0.05368559 -0.9290606
vn 0.3099409 -0.09918741 -0.9455678
vn 0.3660114 -0.05368559 -0.9290606
vn 0.3646049 -0.08989928 -0.9268125
vn -0.2337181 0.5708337 0.7870989
vn 0.143299 0.8612443 0.4875691
vn -0.1417282 0.463881 0.8744871
vn -0.2337181 0.5708337 0.7870989
vn -0.1417282 0.463881 0.8744871
vn -0.341158 0.4682606 0.8150726
vn 0.3099409 -0.09918741 -0.9455678
vn 0.2736771 -0.1248932 -0.9536784
vn 0.3660114 -0.05368559 -0.9290606
vn 0.7021925 -0.6867883 -0.1877433
vn 0.7021925 -0.6867883 -0.1877433
vn 0.7036109 -0.6848021 -0.1896784
vn 0.7386524 0.6347426 -0.2269238
vn 0.6770139 0.7353523 -0.0301539
vn 0.7386524 0.6347426 -0.2269238
vn 0.7021925 -0.6867883 -0.1877433
vn 0.7007673 -0.688768 -0.1858065
vn 0.7021925 -0.6867883 -0.1877433
vn 0.6521427 0.1756029 -0.7374778
vn 0.737323 0.5256046 -0.4243757
vn 0.7422021 0.5629697 -0.3635947
vn 0.7386524 0.6347426 -0.2269238
vn 0.7386524 0.6347426 -0.2269238
vn 0.7422021 0.5629697 -0.3635947
vn 0.4664316 -0.5091477 0.7233327
vn 0.4664316 -0.5091477 0.7233327
vn 0.4618114 -0.5102984 0.7254832
vn 0.4664316 -0.5091477 0.7233327
vn 0.4710391 -0.5079832 0.7211625
vn 0.4664316 -0.5091477 0.7233327
vn 0.6066795 0.7168243 0.3436611
vn 0.6407607 0.7142774 0.2814845
vn 0.6659014 0.7431486 0.06561682
vn -0.1455092 0.1365682 0.9798858
vn -0.1613696 0.141025 0.976766
vn -0.12723 0.1484019 0.9807086
vn 0.6066795 0.7168243 0.3436611
vn 0.5585724 0.6818272 0.4723436
vn 0.6407607 0.7142774 0.2814845
vn -0.1455092 0.1365682 0.9798858
vn -0.200455 0.1309137 0.9709167
vn -0.1613696 0.141025 0.976766
vn 0.6268348 0.7212892 -0.2946525
vn 0.7422021 0.5629697 -0.3635947
vn 0.6268348 0.7212892 -0.2946525
vn 0.4809118 0.7399069 0.4703845
vn 0.5585724 0.6818272 0.4723436
vn 0.6066795 0.7168243 0.3436611
vn 0.5706268 0.8009935 0.1810922
vn 0.6268348 0.7212892 -0.2946525
vn 0.6268348 0.7212892 -0.2946525
vn -0.2242149 0.1680168 0.9599469
vn -0.1613696 0.141025 0.976766
vn -0.200455 0.1309137 0.9709167
vn 0.4809118 0.7399069 0.4703845
vn 0.4986069 0.7098644 0.4974774
vn 0.4550192 0.7532399 0.4749602
vn 0.5706268 0.8009935 0.1810922
vn 0.4809118 0.7399069 0.4703845
vn 0.4550192 0.7532399 0.4749602
vn -0.2242149 0.1680168 0.9599469
vn -0.200455 0.1309137 0.9709167
vn -0.2375972 0.1149077 0.9645433
vn -0.198881 0.2277506 0.9531925
vn -0.2242149 0.1680168 0.9599469
vn -0.2375972 0.1149077 0.9645433
vn -0.198881 0.2277506 0.9531925
vn -0.1869345 0.3027388 0.9345613
vn -0.2242149 0.1680168 0.9599469
vn -0.1481001 0.3124365 0.9383228
vn -0.1869345 0.3027388 0.9345613
vn -0.198881 0.2277506 0.9531925
vn -0.1481001 0.3124365 0.9383228
vn -0.09333263 0.2847395 0.9540505
vn -0.1869345 0.3027388 0.9345613
vn -0.09333263 0.2847395 0.9540505
vn -0.1481001 0.3124365 0.9383228
vn 0.2259997 0.08191612 0.970677
vn -0.03494354 -0.3817524 0.9236039
vn -0.03494354 -0.3817524 0.9236039
vn 0.2259997 0.08191612 0.970677
vn -0.09333263 0.2847395 0.9540505
vn 0.2259997 0.08191612 0.970677
vn -0.1417282 0.463881 0.8744871
vn 0.4166502 0.3055998 0.8561609
vn -0.1417282 0.463881 0.8744871
vn 0.2259997 0.08191612 0.970677
vn 0.4166502 0.3055998 0.8561609
vn 0.2259997 0.08191612 0.970677
vn 0.4513516 0.253757 0.8555052
vn -0.4125622 0.3660002 0.834168
vn -0.1417282 0.463881 0.8744871
vn -0.4526253 0.2877698 0.8439899
vn -0.4125622 0.3660002 0.834168
vn -0.341158 0.4682606 0.8150726
vn -0.1417282 0.463881 0.8744871
vn 0.4513516 0.253757 0.8555052
vn 0.2866288 0.4776885 0.8304563
vn 0.4166502 0.3055998 0.8561609
vn 0.4513516 0.253757 0.8555052
vn 0.21655 0.4336708 0.8746632
vn 0.2866288 0.4776885 0.8304563
vn -0.8778942 -0.4570628 0.1428124
vn -0.9240323 -0.3658816 0.1108827
vn -0.8101698 -0.5420679 0.2231304
vn -0.9645326 -0.2627876 -0.0248924
vn -0.9240323 -0.3658816 0.1108827
vn -0.8778942 -0.4570628 0.1428124
vn 0.21655 0.4336708 0.8746632
vn 0.2398472 0.3966323 0.8860903
vn 0.2866288 0.4776885 0.8304563
vn 0.21655 0.4336708 0.8746632
vn 0.2186111 0.3884832 0.895148
vn 0.2398472 0.3966323 0.8860903
vn 0.6194948 -0.5181032 0.5897418
vn 0.5324276 -0.6653631 0.5232712
vn 0.6820634 -0.5611337 0.4689547
vn -0.3213662 -0.3326796 0.8865935
vn -0.3430221 -0.3500519 0.8716648
vn -0.3213662 -0.3326796 0.8865935
vn 0.6194948 -0.5181032 0.5897418
vn 0.5443158 -0.4645262 0.698524
vn 0.5324276 -0.6653631 0.5232712
vn -0.4177244 -0.1784913 0.8908688
vn -0.4718099 -0.1080153 0.8750589
vn -0.4998523 -0.1230384 0.8573268
vn -0.3213662 -0.3326796 0.8865935
vn -0.3213662 -0.3326796 0.8865935
vn -0.4177244 -0.1784913 0.8908688
vn 0.4150419 -0.9008631 0.1272241
vn 0.4150419 -0.9008631 0.1272241
vn 0.5324276 -0.6653631 0.5232712
vn -0.640139 -0.7041171 0.3073126
vn -0.5419112 -0.7066055 0.4550176
vn -0.5878862 -0.7282109 0.3522764
vn 0.4150419 -0.9008631 0.1272241
vn 0.5002967 -0.8609999 -0.09155656
vn 0.4150419 -0.9008631 0.1272241
vn -0.4125622 0.3660002 0.834168
vn -0.4526253 0.2877698 0.8439899
vn -0.5104996 -0.001983712 0.8598757
vn -0.4177244 -0.1784913 0.8908688
vn -0.5104996 -0.001983712 0.8598757
vn -0.4718099 -0.1080153 0.8750589
vn -0.640139 -0.7041171 0.3073126
vn -0.5878862 -0.7282109 0.3522764
vn -0.6818193 -0.694546 0.2296266
vn -0.27018 -0.6819414 -0.6796754
vn -0.27018 -0.6819414 -0.6796754
vn -0.3649205 -0.7809429 -0.5069134
vn -0.7386713 -0.6362363 0.2226391
vn -0.802767 -0.576615 0.151922
vn -0.802527 -0.5732155 0.165452
vn -0.858954 -0.5051165 0.08399695
vn -0.802527 -0.5732155 0.165452
vn -0.802767 -0.576615 0.151922
vn -0.640139 -0.7041171 0.3073126
vn -0.6818193 -0.694546 0.2296266
vn -0.802767 -0.576615 0.151922
vn -0.8778942 -0.4570628 0.1428124
vn -0.8101698 -0.5420679 0.2231304
vn -0.8132129 -0.5668144 0.131933
vn -0.858954 -0.5051165 0.08399695
vn -0.802767 -0.576615 0.151922
vn -0.8132129 -0.5668144 0.131933
vn -0.3138363 -0.8557776 -0.4112803
vn -0.2937073 -0.9040759 -0.3104559
vn -0.3219229 -0.8501553 -0.4166554
vn -0.1771985 -0.7790963 -0.6013398
vn -0.03779135 -0.6489967 -0.7598521
vn -0.1605714 -0.7025149 -0.6933178
vn -0.1771985 -0.7790963 -0.6013398
vn -0.1605714 -0.7025149 -0.6933178
vn -0.3138363 -0.8557776 -0.4112803
vn -0.1315498 -0.544856 -0.8281465
vn -0.151152 -0.5551443 -0.8179047
vn -0.1413439 -0.5451236 -0.8263547
vn -0.1315498 -0.544856 -0.8281465
vn -0.1413439 -0.5451236 -0.8263547
vn -0.1605714 -0.7025149 -0.6933178
vn 0.7996195 0.06375293 -0.5971133
vn 0.7062909 0.2681547 -0.6551689
vn 0.6613235 0.2920579 -0.6909077
vn -0.1615934 -0.547641 -0.820961
vn -0.1413439 -0.5451236 -0.8263547
vn -0.151152 -0.5551443 -0.8179047
vn -0.1615934 -0.547641 -0.820961
vn -0.27018 -0.6819414 -0.6796754
vn -0.27018 -0.6819414 -0.6796754
vn 0.626 0.3592589 -0.6921395
vn 0.6613235 0.2920579 -0.6909077
vn 0.626 0.3592589 -0.6921395
vn 0.9083646 -0.3980857 -0.1280681
vn 0.8476666 -0.529645 -0.0306217
vn 0.8476666 -0.529645 -0.0306217
vn 0.6004413 0.3520596 -0.7180002
vn 0.6004413 0.3520596 -0.7180002
vn 0.6613235 0.2920579 -0.6909077
vn 0.9083646 -0.3980857 -0.1280681
vn 0.7977664 -0.3680278 -0.4776236
vn 0.7977664 -0.3680278 -0.4776236
vn 0.9083646 -0.3980857 -0.1280681
vn 0.9594926 -0.2439214 0.140983
vn 0.9594926 -0.2439214 0.140983
vn 0.6974441 0.6538361 0.2933771
vn 0.6144129 0.677501 0.404338
vn 0.6144129 0.677501 0.404338
vn 0.6974441 0.6538361 0.2933771
vn 0.7194093 0.6512445 0.2415181
vn 0.7194093 0.6512445 0.2415181
vn 0.7233232 0.6389303 0.2618617
vn 0.6974441 0.6538361 0.2933771
vn 0.7276664 0.6409008 0.2444338
vn 0.7996195 0.06375293 -0.5971133
vn 0.6613235 0.2920579 -0.6909077
vn 0.8313201 -0.04444569 -0.5540139
vn 0.7233232 0.6389303 0.2618617
vn 0.718744 0.6367513 0.2792042
vn 0.6974441 0.6538361 0.2933771
vn 0.8313201 -0.04444569 -0.5540139
vn 0.8513089 -0.3632585 -0.3785715
vn 0.7996195 0.06375293 -0.5971133
vn 0.7252376 -0.3144276 0.6125077
vn 0.6664232 -0.1840107 0.7225096
vn 0.7252376 -0.3144276 0.6125077
vn 0.8057263 -0.4535332 -0.3809368
vn 0.8057263 -0.4535332 -0.3809368
vn 0.8513089 -0.3632585 -0.3785715
vn 0.4513516 0.253757 0.8555052
vn 0.2259997 0.08191612 0.970677
vn 0.6664232 -0.1840107 0.7225096
vn 0.1047152 -0.8995781 -0.4240212
vn 0.097615 -0.9952208 0.002595599
vn 0.105904 -0.9667396 -0.2328067
vn -0.0249703 -0.9995588 0.01608404
vn 0.105904 -0.9667396 -0.2328067
vn 0.097615 -0.9952208 0.002595599
vn 0.105904 -0.9667396 -0.2328067
vn -0.0249703 -0.9995588 0.01608404
vn -0.1204678 -0.9883433 -0.09308638
vn 0.105904 -0.9667396 -0.2328067
vn -0.1204678 -0.9883433 -0.09308638
vn 0.143426 -0.7752061 -0.6152109
vn 0.1047152 -0.8995781 -0.4240212
vn 0.105904 -0.9667396 -0.2328067
vn 0.143426 -0.7752061 -0.6152109
vn -0.0249703 -0.9995588 0.01608404
vn 0.2947392 -0.9000842 0.3209007
vn 0.2947392 -0.9000842 0.3209007
vn 0.1047152 -0.8995781 -0.4240212
vn 0.143426 -0.7752061 -0.6152109
vn -0.1513676 -0.8979423 -0.4132643
vn 0.1047152 -0.8995781 -0.4240212
vn -0.1513676 -0.8979423 -0.4132643
vn -0.2937073 -0.9040759 -0.3104559
vn -0.09151275 -0.9201896 -0.3806266
vn -0.2937073 -0.9040759 -0.3104559
vn -0.1513676 -0.8979423 -0.4132643
vn -0.09659106 -0.8663877 -0.4899414
vn -0.09151275 -0.9201896 -0.3806266
vn -0.1513676 -0.8979423 -0.4132643
vn -0.09659106 -0.8663877 -0.4899414
vn -0.1513676 -0.8979423 -0.4132643
vn -0.1898435 -0.8163643 -0.5454437
vn -0.1513676 -0.8979423 -0.4132643
vn -0.1764547 -0.5158517 -0.8383084
vn -0.1898435 -0.8163643 -0.5454437
vn -0.1513676 -0.8979423 -0.4132643
vn -0.03027578 -0.9966871 0.07548639
vn -0.1116728 -0.9914266 0.06784116
vn -0.1116728 -0.9914266 0.06784116
vn -0.2244057 -0.963394 0.146677
vn -0.1204678 -0.9883433 -0.09308638
vn -0.1116728 -0.9914266 0.06784116
vn -0.1204678 -0.9883433 -0.09308638
vn -0.1194733 -0.9928371 -0.0007890636
vn -0.4339166 -0.8977854 0.0754845
vn -0.3785119 -0.9162695 0.1310684
vn -0.0249703 -0.9995588 0.01608404
vn -0.2427543 -0.855676 0.4570436
vn -0.3829352 -0.8415173 0.3810633
vn -0.3785119 -0.9162695 0.1310684
vn -0.2319209 -0.9713526 -0.05183352
vn -0.1194733 -0.9928371 -0.0007890636
vn -0.1204678 -0.9883433 -0.09308638
vn -0.2319209 -0.9713526 -0.05183352
vn -0.1399063 -0.990127 0.008653341
vn -0.1194733 -0.9928371 -0.0007890636
vn -0.3829352 -0.8415173 0.3810633
vn -0.5703775 -0.756176 0.3207294
vn -0.3785119 -0.9162695 0.1310684
vn -0.4910798 -0.7861904 0.3751605
vn -0.5977746 -0.7293368 0.3327663
vn -0.5703775 -0.756176 0.3207294
vn -0.5977746 -0.7293368 0.3327663
vn -0.6663749 -0.6402569 0.38212
vn -0.5703775 -0.756176 0.3207294
vn -0.6503172 -0.6269704 0.4289472
vn -0.6495714 -0.6275715 0.4291982
vn -0.6663749 -0.6402569 0.38212
vn -0.3483064 -0.8129246 -0.4667294
vn -0.3785119 -0.9162695 0.1310684
vn -0.2437824 -0.9114606 -0.3313754
vn -0.3483064 -0.8129246 -0.4667294
vn -0.4836054 -0.7510713 -0.4494639
vn -0.4295707 -0.7716839 -0.4690128
vn -0.3483064 -0.8129246 -0.4667294
vn -0.2157021 -0.7944986 -0.5676659
vn -0.04484154 -0.9028541 -0.4276023
vn -0.0249703 -0.9995588 0.01608404
vn -0.04484154 -0.9028541 -0.4276023
vn -0.0675647 -0.9948632 0.07538202
vn -0.3483064 -0.8129246 -0.4667294
vn -0.4295707 -0.7716839 -0.4690128
vn -0.4019258 -0.7809207 -0.4781407
vn -0.2335817 -0.87745 -0.4189526
vn -0.4019258 -0.7809207 -0.4781407
vn -0.4295707 -0.7716839 -0.4690128
vn -0.469908 -0.7187221 0.5124695
vn -0.6663749 -0.6402569 0.38212
vn -0.6495714 -0.6275715 0.4291982
vn -0.2335817 -0.87745 -0.4189526
vn -0.3221622 -0.7197086 -0.615005
vn -0.1587015 -0.9058883 -0.3926578
vn -0.469908 -0.7187221 0.5124695
vn -0.5638399 -0.5811327 0.5868301
vn -0.5638399 -0.5811327 0.5868301
vn -0.2335817 -0.87745 -0.4189526
vn -0.1587015 -0.9058883 -0.3926578
vn -0.06610594 -0.9815432 0.1794515
vn -0.06610594 -0.9815432 0.1794515
vn -0.469908 -0.7187221 0.5124695
vn -0.1478346 -0.8715727 0.4674463
vn -0.0249703 -0.9995588 0.01608404
vn -0.0675647 -0.9948632 0.07538202
vn -0.1351797 -0.987582 -0.08005174
vn -0.1204678 -0.9883433 -0.09308638
vn -0.0249703 -0.9995588 0.01608404
vn -0.1351797 -0.987582 -0.08005174
vn -0.0675647 -0.9948632 0.07538202
vn -0.3976037 -0.916242 -0.04911021
vn -0.1351797 -0.987582 -0.08005174
vn -0.174508 -0.87668 0.4483071
vn -0.4257685 -0.7914234 0.4386004
vn -0.3976037 -0.916242 -0.04911021
vn -0.1204678 -0.9883433 -0.09308638
vn -0.1351797 -0.987582 -0.08005174
vn -0.1339939 -0.9377986 -0.3202804
vn -0.1339939 -0.9377986 -0.3202804
vn -0.1351797 -0.987582 -0.08005174
vn -0.3976037 -0.916242 -0.04911021
vn -0.4257685 -0.7914234 0.4386004
vn -0.6203047 -0.5973963 0.5082715
vn -0.3976037 -0.916242 -0.04911021
vn -0.5694199 -0.5949767 0.5672424
vn -0.6032869 -0.5673656 0.5604831
vn -0.6203047 -0.5973963 0.5082715
vn -0.1339939 -0.9377986 -0.3202804
vn -0.3976037 -0.916242 -0.04911021
vn -0.3965119 -0.8536252 -0.3377904
vn -0.3976037 -0.916242 -0.04911021
vn -0.506166 -0.7784194 -0.371294
vn -0.3965119 -0.8536252 -0.3377904
vn -0.3976037 -0.916242 -0.04911021
vn -0.4977706 -0.7921069 -0.3532579
vn -0.506166 -0.7784194 -0.371294
vn -0.4977706 -0.7921069 -0.3532579
vn -0.3005258 -0.8903567 -0.3419783
vn -0.506166 -0.7784194 -0.371294
vn -0.6032869 -0.5673656 0.5604831
vn -0.4061534 -0.6457828 0.6465323
vn -0.6203047 -0.5973963 0.5082715
vn -0.4235659 -0.7131842 -0.558534
vn -0.4235659 -0.7131842 -0.558534
vn -0.3005258 -0.8903567 -0.3419783
vn -0.491972 -0.4618703 0.7379969
vn -0.491972 -0.4618703 0.7379969
vn -0.4061534 -0.6457828 0.6465323
vn 0.004441696 -0.9664592 0.2567821
vn -0.3005258 -0.8903567 -0.3419783
vn 0.03553274 -0.9975124 -0.06088045
vn 0.004441696 -0.9664592 0.2567821
vn -0.4061534 -0.6457828 0.6465323
vn 0.2409221 -0.7086118 0.6631936
vn -0.1204678 -0.9883433 -0.09308638
vn -0.2414706 -0.9079915 0.3424081
vn -0.3062494 -0.9505949 0.05080003
vn -0.2319209 -0.9713526 -0.05183352
vn -0.1204678 -0.9883433 -0.09308638
vn -0.3062494 -0.9505949 0.05080003
vn -0.2414706 -0.9079915 0.3424081
vn -0.5298374 -0.8352492 0.1470747
vn -0.3062494 -0.9505949 0.05080003
vn -0.3215599 -0.7741585 0.5452319
vn -0.49812 -0.6768978 0.5419279
vn -0.5298374 -0.8352492 0.1470747
vn -0.3062494 -0.9505949 0.05080003
vn -0.4366487 -0.8775448 -0.1981239
vn -0.2319209 -0.9713526 -0.05183352
vn -0.3062494 -0.9505949 0.05080003
vn -0.5298374 -0.8352492 0.1470747
vn -0.4366487 -0.8775448 -0.1981239
vn -0.6101233 -0.7614457 -0.2189749
vn -0.4366487 -0.8775448 -0.1981239
vn -0.5298374 -0.8352492 0.1470747
vn -0.6360613 -0.4824315 0.6022339
vn -0.5298374 -0.8352492 0.1470747
vn -0.49812 -0.6768978 0.5419279
vn -0.6101233 -0.7614457 -0.2189749
vn -0.5298374 -0.8352492 0.1470747
vn -0.6206411 -0.7598144 -0.193615
vn -0.6360613 -0.4824315 0.6022339
vn -0.5645863 -0.4991824 0.6573121
vn -0.6238449 -0.4451936 0.6423552
vn -0.6120141 -0.6929556 -0.3811185
vn -0.6101233 -0.7614457 -0.2189749
vn -0.6206411 -0.7598144 -0.193615
vn -0.5035158 -0.5073253 0.6993518
vn -0.6360613 -0.4824315 0.6022339
vn -0.6238449 -0.4451936 0.6423552
vn -0.6120141 -0.6929556 -0.3811185
vn -0.5597669 -0.6277633 -0.5409012
vn -0.5597669 -0.6277633 -0.5409012
vn -0.5035158 -0.5073253 0.6993518
vn -0.5656874 -0.34099 0.7508153
vn -0.5656874 -0.34099 0.7508153
vn -0.1405441 -0.9897794 0.024168
vn -0.1405441 -0.9897794 0.024168
vn -0.1855514 -0.9161479 0.3553076
vn -0.1855514 -0.9161479 0.3553076
vn -0.5035158 -0.5073253 0.6993518
vn -0.2088306 -0.735235 0.6448405
vn -0.5323984 0.6682741 0.5195783
vn -0.5323984 0.6682741 0.5195783
vn -0.5323984 0.6682741 0.5195783
vn -0.3726532 -0.5877646 0.7180963
vn -0.3587449 -0.6196579 0.6980876
vn -0.3709465 -0.6652711 0.6479298
vn -0.6135005 -0.7870036 -0.06513274
vn -0.5954102 -0.8016447 -0.05340939
vn -0.6061381 -0.795343 -0.00510903
vn -0.3726532 -0.5877646 0.7180963
vn -0.3719788 -0.5465745 0.7502586
vn -0.3587449 -0.6196579 0.6980876
vn -0.6135005 -0.7870036 -0.06513274
vn -0.6163268 -0.7817296 -0.09507942
vn -0.5954102 -0.8016447 -0.05340939
vn -0.6135005 -0.7870036 -0.06513274
vn -0.6518778 -0.7566466 -0.05041128
vn -0.6163268 -0.7817296 -0.09507942
vn -0.3726532 -0.5877646 0.7180963
vn -0.3778521 -0.4461187 0.811299
vn -0.3719788 -0.5465745 0.7502586
vn -0.6349301 -0.7719715 -0.03039816
vn -0.6532665 -0.7564776 -0.03137497
vn -0.6518778 -0.7566466 -0.05041128
vn -0.2947957 -0.4714093 0.8311852
vn -0.3661 -0.4067886 0.8369551
vn -0.3778521 -0.4461187 0.811299
vn -0.5495023 -0.8276168 -0.1144454
vn -0.6518778 -0.7566466 -0.05041128
vn -0.6532665 -0.7564776 -0.03137497
vn -0.2185572 -0.4856567 0.8463866
vn -0.3778521 -0.4461187 0.811299
vn -0.3661 -0.4067886 0.8369551
vn -0.5495023 -0.8276168 -0.1144454
vn -0.6929444 -0.6787757 -0.2430878
vn -0.4795007 -0.8635553 -0.1560495
vn -0.2185572 -0.4856567 0.8463866
vn -0.2473871 -0.2640711 0.9322371
vn -0.2473871 -0.2640711 0.9322371
vn -0.5495023 -0.8276168 -0.1144454
vn -0.4795007 -0.8635553 -0.1560495
vn 0.01876284 -0.9549859 -0.2960571
vn 0.06218268 -0.7734821 0.6307604
vn -0.2185572 -0.4856567 0.8463866
vn 0.06218268 -0.7734821 0.6307604
vn -0.006792018 -0.9448425 0.3274548
vn 0.0110617 -0.9508699 0.3093933
vn 0.01899813 -0.9165587 0.3994486
vn -0.006792018 -0.9448425 0.3274548
vn 0.01899813 -0.9165587 0.3994486
vn -0.03652883 -0.8260399 0.5624267
vn -0.03652883 -0.8260399 0.5624267
vn 0.01899813 -0.9165587 0.3994486
vn -0.09228285 -0.7427806 0.6631446
vn -0.09228285 -0.7427806 0.6631446
vn 0.01899813 -0.9165587 0.3994486
vn -0.1000559 -0.805629 0.5839099
vn -0.213822 -0.6307604 0.7459366
vn -0.09228285 -0.7427806 0.6631446
vn -0.1000559 -0.805629 0.5839099
vn -0.213822 -0.6307604 0.7459366
vn -0.1000559 -0.805629 0.5839099
vn -0.1336065 -0.7455506 0.6529194
vn -0.1226295 -0.7336396 0.6683823
vn -0.213822 -0.6307604 0.7459366
vn -0.1336065 -0.7455506 0.6529194
vn -0.03652883 -0.8260399 0.5624267
vn -0.09228285 -0.7427806 0.6631446
vn -0.2486396 -0.1674146 0.9540182
vn -0.213822 -0.6307604 0.7459366
vn -0.2486396 -0.1674146 0.9540182
vn -0.09228285 -0.7427806 0.6631446
vn -0.04052831 -0.771599 0.6348169
vn -0.213822 -0.6307604 0.7459366
vn -0.1226295 -0.7336396 0.6683823
vn -0.04052831 -0.771599 0.6348169
vn -0.1226295 -0.7336396 0.6683823
vn 0.04868656 -0.9110437 0.4094253
vn -0.04052831 -0.771599 0.6348169
vn 0.04868656 -0.9110437 0.4094253
vn 0.1248369 -0.8358958 0.5345036
vn -0.213822 -0.6307604 0.7459366
vn -0.1405681 0.1587975 0.9772532
vn -0.2486396 -0.1674146 0.9540182
vn 0.1264528 0.01259736 0.9918926
vn -0.1405681 0.1587975 0.9772532
vn 0.1264528 0.01259736 0.9918926
vn 0.1121308 0.3080311 0.9447452
vn 0.1322698 0.2760648 0.9519942
vn 0.1154545 0.3217086 0.9397733
vn -0.1405681 0.1587975 0.9772532
vn 0.1322698 0.2760648 0.9519942
vn 0.1121308 0.3080311 0.9447452
vn 0.1121308 0.3080311 0.9447452
vn 0.1154545 0.3217086 0.9397733
vn 0.05178626 0.3694558 0.9278042
vn 0.003589984 0.999952 0.009121401
vn 0.1973438 0.9797093 0.03500421
vn 0.2722316 0.9620566 0.01836206
vn 0.003589984 0.999952 0.009121401
vn 0.05216861 0.99646 0.0659237
vn 0.1973438 0.9797093 0.03500421
vn 0.1786558 0.6043122 -0.7764592
vn 0.2033358 0.7111347 -0.6730096
vn 0.129227 0.7432188 -0.6564497
vn -0.187126 0.406765 0.8941622
vn -0.1308039 0.1475159 0.9803721
vn -0.2486396 -0.1674146 0.9540182
vn -0.1405681 0.1587975 0.9772532
vn -0.187126 0.406765 0.8941622
vn -0.2486396 -0.1674146 0.9540182
vn -0.1405681 0.1587975 0.9772532
vn 0.1121308 0.3080311 0.9447452
vn -0.2017386 0.4694134 0.8596236
vn 0.5605363 0.8240098 0.08250438
vn 0.2722316 0.9620566 0.01836206
vn 0.1973438 0.9797093 0.03500421
vn -0.1405681 0.1587975 0.9772532
vn -0.2017386 0.4694134 0.8596236
vn -0.187126 0.406765 0.8941622
vn 0.1786558 0.6043122 -0.7764592
vn 0.2051527 0.5612479 -0.8018187
vn 0.2033358 0.7111347 -0.6730096
vn 0.1896628 0.3789791 -0.9057609
vn 0.2051527 0.5612479 -0.8018187
vn 0.1786558 0.6043122 -0.7764592
vn -0.187126 0.406765 0.8941622
vn -0.108982 0.3268533 0.9387704
vn -0.1308039 0.1475159 0.9803721
vn -0.1095637 0.5001615 0.8589728
vn -0.108982 0.3268533 0.9387704
vn -0.187126 0.406765 0.8941622
vn -0.108982 0.3268533 0.9387704
vn -0.2191165 0.2944824 0.9301979
vn -0.1308039 0.1475159 0.9803721
vn -0.2191165 0.2944824 0.9301979
vn -0.108982 0.3268533 0.9387704
vn -0.1095637 0.5001615 0.8589728
vn -0.2191165 0.2944824 0.9301979
vn -0.1095637 0.5001615 0.8589728
vn -0.1640502 0.2065909 0.9645764
vn 0.1415409 0.9898165 -0.01514432
vn 0.1568554 0.9857402 0.06093164
vn 0.1568554 0.9857402 0.06093164
vn -0.2017386 0.4694134 0.8596236
vn -0.2040669 0.7812306 0.5899453
vn -0.187126 0.406765 0.8941622
vn -0.1095637 0.5001615 0.8589728
vn -0.187126 0.406765 0.8941622
vn -0.2040669 0.7812306 0.5899453
vn -0.2365326 0.8300978 0.5049653
vn -0.1617061 0.8406437 0.5168843
vn -0.2365326 0.8300978 0.5049653
vn -0.2365326 0.8300978 0.5049653
vn -0.2365326 0.8300978 0.5049653
vn -0.2040669 0.7812306 0.5899453
vn 0.3393622 0.5859762 -0.7358432
vn 0.3376413 0.5025954 -0.795862
vn 0.2483316 0.4952572 -0.8324973
vn 0.3393622 0.5859762 -0.7358432
vn 0.2033358 0.7111347 -0.6730096
vn 0.2051527 0.5612479 -0.8018187
vn 0.4237866 0.5052231 -0.7517676
vn 0.3376413 0.5025954 -0.795862
vn 0.3393622 0.5859762 -0.7358432
vn 0.1896628 0.3789791 -0.9057609
vn 0.09299902 0.3680262 -0.925153
vn 0.2051527 0.5612479 -0.8018187
vn 0.001579591 -0.7145931 -0.6995385
vn -0.08872341 -0.7195314 -0.688769
vn 0.1327104 -0.6432959 -0.7540281
vn 0.001579591 -0.7145931 -0.6995385
vn 0.1327104 -0.6432959 -0.7540281
vn 0.1726933 -0.5975499 -0.7830142
vn 0.04868656 -0.9110437 0.4094253
vn 0.0769513 -0.9892434 0.1244025
vn 0.09909727 -0.9364223 0.3365903
vn 0.04868656 -0.9110437 0.4094253
vn 0.06448866 -0.9977892 0.01606206
vn 0.0769513 -0.9892434 0.1244025
vn 0.02639227 0.5001328 -0.8655464
vn 0.2051527 0.5612479 -0.8018187
vn 0.09299902 0.3680262 -0.925153
vn 0.02639227 0.5001328 -0.8655464
vn 0.3393622 0.5859762 -0.7358432
vn 0.2051527 0.5612479 -0.8018187
vn 0.02639227 0.5001328 -0.8655464
vn 0.09299902 0.3680262 -0.925153
vn 0.01575539 0.1568692 -0.9874937
vn 0.001579591 -0.7145931 -0.6995385
vn -0.1306235 -0.768195 -0.6267487
vn -0.08872341 -0.7195314 -0.688769
vn 0.1556826 -0.9082451 -0.388399
vn 0.0769513 -0.9892434 0.1244025
vn 0.06448866 -0.9977892 0.01606206
vn 0.1556826 -0.9082451 -0.388399
vn -0.05643029 -0.9817525 -0.1815974
vn 0.109273 -0.9860982 -0.1251789
vn -0.2433696 0.8427057 -0.4802274
vn 0.02639227 0.5001328 -0.8655464
vn -0.2433696 0.8427057 -0.4802274
vn 0.197634 0.1492409 -0.9688488
vn 0.02639227 0.5001328 -0.8655464
vn 0.01575539 0.1568692 -0.9874937
vn 0.1754541 -0.7782276 -0.6029741
vn -0.1306235 -0.768195 -0.6267487
vn 0.001579591 -0.7145931 -0.6995385
vn 0.1556826 -0.9082451 -0.388399
vn 0.1754541 -0.7782276 -0.6029741
vn 0.0162234 -0.7965959 -0.6042945
vn 0.197634 0.1492409 -0.9688488
vn -0.0001384695 0.06361959 -0.9979742
vn 0.1751184 0.04846631 -0.9833537
vn 0.03775205 0.9639197 -0.2635025
vn -0.1549475 0.9652116 -0.210613
vn -0.126253 0.9335314 -0.3355285
vn -0.126253 0.9335314 -0.3355285
vn -0.2433696 0.8427057 -0.4802274
vn -0.2433696 0.8427057 -0.4802274
vn 0.197634 0.1492409 -0.9688488
vn 0.1751184 0.04846631 -0.9833537
vn 0.332221 0.2305129 -0.9146
vn 0.1556826 -0.9082451 -0.388399
vn 0.3587967 -0.5064842 -0.7840527
vn 0.1754541 -0.7782276 -0.6029741
vn 0.197634 0.1492409 -0.9688488
vn 0.332221 0.2305129 -0.9146
vn 0.3205484 0.3287833 -0.8883413
vn 0.109273 -0.9860982 -0.1251789
vn 0.1560513 -0.9153439 -0.3712054
vn 0.1556826 -0.9082451 -0.388399
vn 0.3155778 -0.3003184 -0.9001219
vn 0.3587967 -0.5064842 -0.7840527
vn 0.1556826 -0.9082451 -0.388399
vn -0.02812521 -0.8343391 -0.5505337
vn 0.09137376 -0.8550997 -0.5103483
vn 0.1560513 -0.9153439 -0.3712054
vn 0.03775205 0.9639197 -0.2635025
vn -0.126253 0.9335314 -0.3355285
vn 0.144606 0.9596608 -0.2411229
vn 0.3203988 0.03389832 -0.946676
vn 0.3205484 0.3287833 -0.8883413
vn 0.332221 0.2305129 -0.9146
vn 0.3203988 0.03389832 -0.946676
vn 0.3587967 -0.5064842 -0.7840527
vn 0.3155778 -0.3003184 -0.9001219
vn 0.144606 0.9596608 -0.2411229
vn 0.181274 0.9643837 -0.1926234
vn 0.03775205 0.9639197 -0.2635025
vn 0.144606 0.9596608 -0.2411229
vn 0.1442415 0.9770542 -0.1567145
vn 0.181274 0.9643837 -0.1926234
vn 0.3155778 -0.3003184 -0.9001219
vn 0.3419476 -0.0273879 -0.9393198
vn 0.3203988 0.03389832 -0.946676
vn 0.1415409 0.9898165 -0.01514432
vn 0.181274 0.9643837 -0.1926234
vn 0.1442415 0.9770542 -0.1567145
vn 0.09137376 -0.8550997 -0.5103483
vn 0.1926172 -0.8763962 -0.4413935
vn 0.1560513 -0.9153439 -0.3712054
vn 0.3422333 0.01585076 -0.9394813
vn 0.270336 0.1186801 -0.9554232
vn 0.3419476 -0.0273879 -0.9393198
vn 0.2322243 0.1701023 -0.9576727
vn 0.3419476 -0.0273879 -0.9393198
vn 0.270336 0.1186801 -0.9554232
vn 0.2124646 -0.878428 -0.4280456
vn 0.2124646 -0.878428 -0.4280456
vn 0.1926172 -0.8763962 -0.4413935
vn 0.2322243 0.1701023 -0.9576727
vn 0.270336 0.1186801 -0.9554232
vn 0.1230937 0.3169553 -0.9404187
vn 0.1756485 -0.8804137 -0.4404764
vn 0.1926172 -0.8763962 -0.4413935
vn 0.1756485 -0.8804137 -0.4404764
vn -0.09151275 -0.9201896 -0.3806266
vn 0.1727549 -0.8838422 -0.434717
vn 0.1926172 -0.8763962 -0.4413935
vn -0.09889896 0.3097944 -0.945646
vn 0.08761122 0.1453633 -0.9854916
vn -0.1230936 0.3169552 -0.9404187
vn -0.09889896 0.3097944 -0.945646
vn 0.1062338 0.2870068 -0.9520197
vn 0.08761122 0.1453633 -0.9854916
vn -0.1489115 0.987029 0.0599935
vn -0.1419783 0.9880883 0.05936022
vn -0.1415409 0.9898165 -0.01514432
vn 0.08761122 0.1453633 -0.9854916
vn 0.1062338 0.2870068 -0.9520197
vn 0.1933456 -0.1491027 -0.969735
vn 0.08761122 0.1453633 -0.9854916
vn 0.1933456 -0.1491027 -0.969735
vn 0.1764548 -0.5158516 -0.8383083
vn 0.1218818 -0.4432668 -0.8880649
vn 0.1764548 -0.5158516 -0.8383083
vn 0.1933456 -0.1491027 -0.969735
vn 0.1218818 -0.4432668 -0.8880649
vn 0.1754115 -0.4888794 -0.8545337
vn 0.1764548 -0.5158516 -0.8383083
vn -0.1948931 0.8358079 -0.5132659
vn -0.3622863 0.8124279 -0.4568476
vn -0.1948931 0.8358079 -0.5132659
vn -0.2060829 0.8174426 -0.5378824
vn -0.2068269 0.9545994 -0.2143885
vn -0.3622863 0.8124279 -0.4568476
vn 0.1754115 -0.4888794 -0.8545337
vn 0.1218818 -0.4432668 -0.8880649
vn 0.2803642 -0.4642447 -0.8401623
vn 0.1754115 -0.4888794 -0.8545337
vn 0.2803642 -0.4642447 -0.8401623
vn 0.2824973 -0.4252467 -0.8598608
vn 0.2741237 -0.3629477 -0.8905758
vn 0.2824973 -0.4252467 -0.8598608
vn 0.2803642 -0.4642447 -0.8401623
vn 0.2741237 -0.3629477 -0.8905758
vn 0.2272776 -0.2852005 -0.9311314
vn 0.2824973 -0.4252467 -0.8598608
vn -0.1489115 0.987029 0.0599935
vn -0.07201766 0.9522957 0.2965576
vn -0.1419783 0.9880883 0.05936022
vn 0.2299987 0.2911419 0.9286209
vn 0.2466695 0.3659324 0.897356
vn 0.1640502 0.2065909 0.9645765
vn -0.4126132 0.4438169 -0.7954727
vn -0.4531525 0.4148559 -0.7890168
vn -0.3702604 0.4731117 -0.7994201
vn -0.4126132 0.4438169 -0.7954727
vn -0.3702604 0.4731117 -0.7994201
vn -0.3608894 0.4450764 -0.8195522
vn 0.2272776 -0.2852005 -0.9311314
vn 0.2741237 -0.3629477 -0.8905758
vn 0.2027999 -0.3020468 -0.9314719
vn 0.2272776 -0.2852005 -0.9311314
vn 0.2027999 -0.3020468 -0.9314719
vn 0.1589816 -0.2645342 -0.9511817
vn 0.2067901 -0.3194353 -0.9247696
vn 0.1589816 -0.2645342 -0.9511817
vn 0.2027999 -0.3020468 -0.9314719
vn 0.2299987 0.2911419 0.9286209
vn 0.341158 0.4682605 0.8150726
vn 0.2466695 0.3659324 0.897356
vn -0.01106176 -0.9508699 0.3093933
vn -0.01547756 -0.9500991 0.3115641
vn 0.006791964 -0.9448425 0.3274548
vn -0.6993132 0.7086917 0.09336546
vn -0.7157173 0.6962224 0.05498425
vn -0.6926744 0.7149929 0.09480119
vn -0.6993132 0.7086917 0.09336546
vn -0.6926744 0.7149929 0.09480119
vn -0.6921069 0.7152514 0.09697164
vn -0.4531525 0.4148559 -0.7890168
vn -0.4126132 0.4438169 -0.7954727
vn -0.4879583 0.3699966 -0.7905689
vn -0.4531525 0.4148559 -0.7890168
vn -0.4879583 0.3699966 -0.7905689
vn -0.5623131 0.3957652 -0.7260674
vn -0.7157173 0.6962224 0.05498425
vn -0.6993132 0.7086917 0.09336546
vn -0.7263657 0.6863605 0.03608387
vn -0.7157173 0.6962224 0.05498425
vn -0.7263657 0.6863605 0.03608387
vn -0.7680365 0.6271736 -0.1295116
vn -0.472027 0.3247564 0.8195875
vn -0.5317172 0.3657693 0.7638649
vn -0.520687 0.2290391 0.8224512
vn -0.472027 0.3247564 0.8195875
vn -0.4202963 0.408466 0.8102509
vn -0.5317172 0.3657693 0.7638649
vn -0.472027 0.3247564 0.8195875
vn -0.4185314 0.4036941 0.8135493
vn -0.4202963 0.408466 0.8102509
vn -0.4218126 0.4015065 0.8129371
vn -0.4202963 0.408466 0.8102509
vn -0.4185314 0.4036941 0.8135493
vn -0.472027 0.3247564 0.8195875
vn -0.520687 0.2290391 0.8224512
vn -0.393308 0.1506074 0.9069875
vn -0.4218126 0.4015065 0.8129371
vn -0.4222957 0.40175 0.8125659
vn -0.4202963 0.408466 0.8102509
vn -0.7787585 0.5993713 -0.1851736
vn -0.7680365 0.6271736 -0.1295116
vn -0.7587686 0.6511353 -0.01712581
vn -0.7232958 -0.5245767 0.4490683
vn -0.7232958 -0.5245767 0.4490683
vn -0.7023139 -0.5281295 0.4773201
vn -0.7787585 0.5993713 -0.1851736
vn -0.6793566 0.4323776 -0.5928949
vn -0.7680365 0.6271736 -0.1295116
vn -0.7232958 -0.5245767 0.4490683
vn -0.7433729 -0.5203678 0.4202549
vn -0.7232958 -0.5245767 0.4490683
vn -0.5623131 0.3957652 -0.7260674
vn -0.5309664 0.3019406 -0.7917743
vn -0.6793566 0.4323776 -0.5928949
vn -0.1035991 -0.9223765 -0.372141
vn -0.2594408 -0.8253065 -0.5015573
vn -0.01876282 -0.9549859 -0.2960571
vn 0.2067901 -0.3194353 -0.9247696
vn 0.2027999 -0.3020468 -0.9314719
vn 0.2745911 -0.3554366 -0.8934565
vn -0.1035991 -0.9223765 -0.372141
vn -0.2593489 -0.8256054 -0.5011126
vn -0.2594408 -0.8253065 -0.5015573
vn -0.5623131 0.3957652 -0.7260674
vn -0.6524854 0.5119259 -0.5587438
vn -0.6524854 0.5119259 -0.5587438
vn -0.2694356 -0.1880174 -0.944486
vn -0.2649693 -0.222223 -0.9383007
vn -0.2589804 -0.1686151 -0.9510511
vn -0.2694356 -0.1880174 -0.944486
vn -0.2589804 -0.1686151 -0.9510511
vn -0.2357573 -0.166355 -0.9574677
vn -0.1952887 -0.1967095 -0.9608161
vn -0.2357573 -0.166355 -0.9574677
vn -0.2589804 -0.1686151 -0.9510511
vn -0.1952887 -0.1967095 -0.9608161
vn -0.1927978 -0.2132522 -0.9577852
vn -0.2357573 -0.166355 -0.9574677
vn -0.1737139 -0.2205462 -0.9597827
vn -0.1927978 -0.2132522 -0.9577852
vn -0.1952887 -0.1967095 -0.9608161
vn -0.5159596 0.6112174 -0.6001657
vn -0.6063291 0.5047886 -0.6144538
vn -0.5984059 0.4881008 -0.6353488
vn -0.7310798 0.3794947 -0.5670151
vn -0.5984059 0.4881008 -0.6353488
vn -0.6063291 0.5047886 -0.6144538
vn -0.5159596 0.6112174 -0.6001657
vn -0.5343407 0.6737927 -0.5103758
vn -0.6063291 0.5047886 -0.6144538
vn -0.3622863 0.8124279 -0.4568476
vn -0.5343407 0.6737927 -0.5103758
vn -0.5159596 0.6112174 -0.6001657
vn -0.3622863 0.8124279 -0.4568476
vn -0.4807554 0.8671098 -0.1303635
vn -0.5343407 0.6737927 -0.5103758
vn -0.6544541 0.7557226 0.02394377
vn -0.4506756 0.8530613 0.2630169
vn -0.4807554 0.8671098 -0.1303635
vn -0.3622863 0.8124279 -0.4568476
vn -0.2068269 0.9545994 -0.2143885
vn -0.4807554 0.8671098 -0.1303635
vn -0.4252612 0.86941 0.2515536
vn -0.50204 0.8144956 0.2907798
vn -0.5417081 0.7840358 0.3030514
vn -0.4506756 0.8530613 0.2630169
vn -0.6544541 0.7557226 0.02394377
vn -0.50204 0.8144956 0.2907798
vn -0.2068269 0.9545994 -0.2143885
vn -0.5347027 0.8225011 -0.1938687
vn -0.4807554 0.8671098 -0.1303635
vn -0.6544541 0.7557226 0.02394377
vn -0.4807554 0.8671098 -0.1303635
vn -0.5347027 0.8225011 -0.1938687
vn -0.1737139 -0.2205462 -0.9597827
vn -0.1952887 -0.1967095 -0.9608161
vn -0.1569641 -0.2298371 -0.960488
vn -0.5803297 -0.7793464 -0.2362978
vn -0.5767144 -0.7841052 -0.2293027
vn -0.5803297 -0.7793464 -0.2362978
vn -0.7560735 0.5832442 -0.2969496
vn -0.7848482 0.5312314 -0.3190716
vn -0.7560735 0.5832442 -0.2969496
vn -0.5803297 -0.7793464 -0.2362978
vn -0.5803297 -0.7793464 -0.2362978
vn -0.5838958 -0.7745218 -0.243273
vn -0.7310798 0.3794947 -0.5670151
vn -0.6063291 0.5047886 -0.6144538
vn -0.7973257 0.5786155 -0.1716856
vn -0.7310798 0.3794947 -0.5670151
vn -0.7973257 0.5786155 -0.1716856
vn -0.7848482 0.5312314 -0.3190716
vn -0.4429798 -0.4718045 0.7623447
vn -0.4457285 -0.4717429 0.7607791
vn -0.4429798 -0.4718045 0.7623447
vn -0.7580009 0.6506279 0.0460202
vn -0.7848482 0.5312314 -0.3190716
vn -0.7973257 0.5786155 -0.1716856
vn -0.4429798 -0.4718045 0.7623447
vn -0.4429798 -0.4718045 0.7623447
vn -0.4402268 -0.4718614 0.7639027
vn -0.7379958 0.6429479 0.2048909
vn -0.6956723 0.6750233 0.245731
vn -0.7973257 0.5786155 -0.1716856
vn -0.7580009 0.6506279 0.0460202
vn -0.7973257 0.5786155 -0.1716856
vn -0.6956723 0.6750233 0.245731
vn -0.04229989 0.3187797 0.9468845
vn 0.03858047 0.2784199 0.9596843
vn -0.04229989 0.3187797 0.9468845
vn -0.5417081 0.7840358 0.3030514
vn -0.50204 0.8144956 0.2907798
vn -0.6956723 0.6750233 0.245731
vn -0.04229989 0.3187797 0.9468845
vn -0.04229989 0.3187797 0.9468845
vn -0.09166531 0.3835331 0.9189667
vn -0.09463014 0.3845681 0.9182333
vn -0.09166531 0.3835331 0.9189667
vn -0.0785462 0.3977734 0.9141154
vn -0.09463014 0.3845681 0.9182333
vn -0.1026609 0.3778966 0.9201385
vn -0.09166531 0.3835331 0.9189667
vn -0.132783 0.3068005 0.942466
vn -0.1026609 0.3778966 0.9201385
vn -0.09463014 0.3845681 0.9182333
vn -0.132783 0.3068005 0.942466
vn -0.1334521 0.2531357 0.9581821
vn -0.1334521 0.2531357 0.9581821
vn -0.3958453 -0.03982391 -0.9174533
vn -0.3954063 -0.03070181 -0.9179931
vn -0.3606226 -0.02118149 -0.9324713
vn -0.3958453 -0.03982391 -0.9174533
vn -0.3606226 -0.02118149 -0.9324713
vn -0.3065745 -0.04547318 -0.9507598
vn -0.3065745 -0.04547318 -0.9507598
vn -0.3606226 -0.02118149 -0.9324713
vn -0.2582306 -0.0751278 -0.9631577
vn -0.3065745 -0.04547318 -0.9507598
vn -0.2582306 -0.0751278 -0.9631577
vn -0.2486979 -0.1196491 -0.9611626
vn -0.257095 -0.1278572 -0.9578907
vn -0.2486979 -0.1196491 -0.9611626
vn -0.2582306 -0.0751278 -0.9631577
vn -0.257095 -0.1278572 -0.9578907
vn -0.2613853 -0.1178341 -0.9580151
vn -0.2486979 -0.1196491 -0.9611626
vn -0.7056416 -0.6606704 -0.2560951
vn -0.7123967 -0.655524 -0.2505578
vn -0.7056416 -0.6606704 -0.2560951
vn -0.7010661 0.5197415 -0.4882367
vn -0.7197498 0.6859462 -0.1069481
vn -0.681232 0.5403758 -0.4938794
vn -0.7197498 0.6859462 -0.1069481
vn -0.7156738 0.6028168 -0.3527364
vn -0.681232 0.5403758 -0.4938794
vn -0.5895765 0.6681494 -0.4538459
vn -0.6212494 0.6426197 -0.4484297
vn -0.5265014 0.7082833 -0.4702459
vn -0.6212494 0.6426197 -0.4484297
vn -0.5895765 0.6681494 -0.4538459
vn -0.7197498 0.6859462 -0.1069481
vn -0.7056416 -0.6606704 -0.2560951
vn -0.7056416 -0.6606704 -0.2560951
vn -0.6988139 -0.6657488 -0.261606
vn -0.7197498 0.6859462 -0.1069481
vn -0.7432871 0.6657831 -0.06524576
vn -0.7156738 0.6028168 -0.3527364
vn -0.4932463 -0.5069561 0.7068971
vn -0.3352017 -0.6463646 0.685458
vn -0.5019062 -0.5044575 0.7025759
vn -0.7197498 0.6859462 -0.1069481
vn -0.6305979 0.7372568 0.2424846
vn -0.7432871 0.6657831 -0.06524576
vn -0.4932463 -0.5069561 0.7068971
vn -0.4845372 -0.5094041 0.7111478
vn -0.3352017 -0.6463646 0.685458
vn -0.7197498 0.6859462 -0.1069481
vn -0.557403 0.7110043 0.4286896
vn -0.6305979 0.7372568 0.2424846
vn 0.04481088 0.2217296 0.9740781
vn 0.06725766 0.2069872 0.976029
vn 0.1328537 0.1607819 0.9780077
vn -0.4917521 0.7722842 0.4021903
vn -0.557403 0.7110043 0.4286896
vn -0.7197498 0.6859462 -0.1069481
vn 0.04481088 0.2217296 0.9740781
vn 0.002024518 0.2500443 0.9682323
vn 0.06725766 0.2069872 0.976029
vn 0.003801917 0.2489682 0.9685042
vn 0.002024518 0.2500443 0.9682323
vn 0.04481088 0.2217296 0.9740781
vn -0.4917521 0.7722842 0.4021903
vn -0.4429415 0.8102868 0.3837165
vn -0.557403 0.7110043 0.4286896
vn -0.4917521 0.7722842 0.4021903
vn -0.5177984 0.7707275 0.3713003
vn -0.4429415 0.8102868 0.3837165
vn 0.003801917 0.2489682 0.9685042
vn 0.005720385 0.2481308 0.9687096
vn 0.002024518 0.2500443 0.9682323
vn -0.009411459 0.1740715 0.984688
vn 0.005720385 0.2481308 0.9687096
vn 0.003801917 0.2489682 0.9685042
vn -0.009411459 0.1740715 0.984688
vn -0.02532625 0.09845564 0.9948192
vn -0.02532625 0.09845564 0.9948192
vn -0.5895765 0.6681494 -0.4538459
vn -0.5265014 0.7082833 -0.4702459
vn -0.6123459 0.7176696 -0.3316366
vn -0.3069665 0.7456737 0.5913902
vn -0.3069665 0.7456737 0.5913902
vn -0.5177984 0.7707275 0.3713003
vn -0.6123459 0.7176696 -0.3316366
vn -0.6544541 0.7557226 0.02394377
vn -0.5347027 0.8225011 -0.1938687
vn -0.6123459 0.7176696 -0.3316366
vn -0.5347027 0.8225011 -0.1938687
vn -0.4213623 0.9065937 0.02327446
vn -0.5177984 0.7707275 0.3713003
vn -0.2819711 0.7566974 0.5898317
vn -0.2819711 0.7566974 0.5898317
vn -0.2068269 0.9545994 -0.2143885
vn -0.4213623 0.9065937 0.02327446
vn -0.5347027 0.8225011 -0.1938687
vn -0.2068269 0.9545994 -0.2143885
vn -0.1936196 0.957624 0.2132318
vn -0.4213623 0.9065937 0.02327446
vn -0.5177984 0.7707275 0.3713003
vn -0.4213623 0.9065937 0.02327446
vn -0.7477717 0.6113058 0.2591191
vn -0.7477717 0.6113058 0.2591191
vn -0.6036801 0.7899605 0.1073905
vn -0.5177984 0.7707275 0.3713003
vn -0.1419783 0.9880883 0.05936022
vn -0.07201766 0.9522957 0.2965576
vn -0.1936196 0.957624 0.2132318
vn -0.5906218 0.0491635 -0.8054494
vn -0.6536641 0.02761666 -0.7562807
vn -0.6498855 0.07911507 -0.7559032
vn -0.6036801 0.7899605 0.1073905
vn -0.5765854 0.8095933 -0.1100363
vn -0.5177984 0.7707275 0.3713003
vn -0.5906218 0.0491635 -0.8054494
vn -0.5035206 -0.01324049 -0.8638818
vn -0.6536641 0.02761666 -0.7562807
vn -0.1936196 0.957624 0.2132318
vn -0.07201766 0.9522957 0.2965576
vn -0.1432991 0.8612443 0.4875692
vn -0.1936196 0.957624 0.2132318
vn -0.1432991 0.8612443 0.4875692
vn -0.6036801 0.7899605 0.1073905
vn -0.5035206 -0.01324049 -0.8638818
vn -0.5906218 0.0491635 -0.8054494
vn -0.3660114 -0.05368559 -0.9290606
vn -0.5035206 -0.01324049 -0.8638818
vn -0.3660114 -0.05368559 -0.9290606
vn -0.3646048 -0.08989928 -0.9268125
vn -0.3099408 -0.09918741 -0.9455678
vn -0.3646048 -0.08989928 -0.9268125
vn -0.3660114 -0.05368559 -0.9290606
vn -0.07201766 0.9522957 0.2965576
vn 0.1417281 0.463881 0.8744871
vn -0.1432991 0.8612443 0.4875692
vn 0.2466695 0.3659324 0.897356
vn 0.341158 0.4682605 0.8150726
vn 0.1417281 0.463881 0.8744871
vn -0.3099408 -0.09918741 -0.9455678
vn -0.3660114 -0.05368559 -0.9290606
vn -0.2736771 -0.1248932 -0.9536784
vn -0.7021925 -0.6867883 -0.1877433
vn -0.7036109 -0.6848021 -0.1896784
vn -0.7021925 -0.6867883 -0.1877433
vn -0.6770139 0.7353523 -0.0301539
vn -0.7386524 0.6347426 -0.2269238
vn -0.6770139 0.7353523 -0.0301539
vn -0.7021925 -0.6867883 -0.1877433
vn -0.7021925 -0.6867883 -0.1877433
vn -0.7007673 -0.688768 -0.1858065
vn -0.7307008 0.5928856 -0.3384715
vn -0.742202 0.5629697 -0.3635947
vn -0.7494929 0.5132496 -0.4181331
vn -0.7494929 0.5132496 -0.4181331
vn -0.742202 0.5629697 -0.3635947
vn -0.7386524 0.6347426 -0.2269238
vn -0.4664316 -0.5091477 0.7233328
vn -0.4618114 -0.5102983 0.7254832
vn -0.4664316 -0.5091477 0.7233328
vn -0.4664316 -0.5091477 0.7233328
vn -0.4664316 -0.5091477 0.7233328
vn -0.4710391 -0.5079832 0.7211625
vn -0.5811834 0.717466 0.3840161
vn -0.6659014 0.7431486 0.06561682
vn -0.6659014 0.7431486 0.06561682
vn 0.1455093 0.1365682 0.9798858
vn 0.12723 0.1484019 0.9807087
vn 0.1613696 0.141025 0.976766
vn -0.5811834 0.717466 0.3840161
vn -0.5848222 0.6510749 0.4838227
vn -0.5848222 0.6510749 0.4838227
vn 0.1455093 0.1365682 0.9798858
vn 0.1613696 0.141025 0.976766
vn 0.200455 0.1309137 0.9709167
vn -0.7307008 0.5928856 -0.3384715
vn -0.6268348 0.7212892 -0.2946525
vn -0.742202 0.5629697 -0.3635947
vn -0.5151308 0.7108398 0.478902
vn -0.5811834 0.717466 0.3840161
vn -0.5313358 0.7113752 0.46003
vn -0.6036801 0.7899605 0.1073905
vn -0.6268348 0.7212892 -0.2946525
vn -0.5765854 0.8095933 -0.1100363
vn 0.2227936 0.1265901 0.9666116
vn 0.200455 0.1309137 0.9709167
vn 0.1613696 0.141025 0.976766
vn -0.5151308 0.7108398 0.478902
vn -0.4550192 0.7532399 0.4749602
vn -0.5811834 0.717466 0.3840161
vn -0.4094803 0.7933853 0.4504062
vn -0.4550192 0.7532399 0.4749602
vn -0.4094803 0.7933853 0.4504062
vn 0.2227936 0.1265901 0.9666116
vn 0.2375972 0.1149077 0.9645433
vn 0.200455 0.1309137 0.9709167
vn 0.198881 0.2277506 0.9531925
vn 0.2375972 0.1149077 0.9645433
vn 0.2227936 0.1265901 0.9666116
vn 0.198881 0.2277506 0.9531925
vn 0.226101 0.2904691 0.9297882
vn 0.1817694 0.2845275 0.9412779
vn 0.1480997 0.3124362 0.938323
vn 0.198881 0.2277506 0.9531925
vn 0.1817694 0.2845275 0.9412779
vn 0.1480997 0.3124362 0.938323
vn 0.1970273 0.3387564 0.9200132
vn 0.1535489 0.3295113 0.931582
vn 0.1535489 0.3295113 0.931582
vn -0.2730705 0.1771121 0.9455495
vn 0.1480997 0.3124362 0.938323
vn 0.0349428 -0.381752 0.923604
vn 0.0349428 -0.381752 0.923604
vn 0.0349428 -0.381752 0.923604
vn -0.02869436 0.1900416 0.9813566
vn 0.1417281 0.463881 0.8744871
vn -0.2730705 0.1771121 0.9455495
vn -0.4166502 0.3055998 0.8561609
vn -0.2730705 0.1771121 0.9455495
vn 0.1417281 0.463881 0.8744871
vn -0.4166502 0.3055998 0.8561609
vn -0.3927773 0.3521606 0.8495346
vn -0.2730705 0.1771121 0.9455495
vn 0.4125622 0.3660002 0.834168
vn 0.457013 0.1612428 0.8747228
vn 0.1417281 0.463881 0.8744871
vn 0.4125622 0.3660002 0.834168
vn 0.1417281 0.463881 0.8744871
vn 0.341158 0.4682605 0.8150726
vn -0.3927773 0.3521606 0.8495346
vn -0.4166502 0.3055998 0.8561609
vn -0.2866289 0.4776883 0.8304564
vn -0.3927773 0.3521606 0.8495346
vn -0.2866289 0.4776883 0.8304564
vn -0.2165502 0.4336705 0.8746632
vn 0.8778942 -0.4570628 0.1428124
vn 0.8296553 -0.5318695 0.1696668
vn 0.8551611 -0.4577417 0.2432533
vn 0.9645326 -0.2627876 -0.0248924
vn 0.8778942 -0.4570628 0.1428124
vn 0.9645326 -0.2627876 -0.0248924
vn -0.2165502 0.4336705 0.8746632
vn -0.2866289 0.4776883 0.8304564
vn -0.2398476 0.3966319 0.8860905
vn -0.2165502 0.4336705 0.8746632
vn -0.2398476 0.3966319 0.8860905
vn -0.2186115 0.3884827 0.8951482
vn -0.7679449 -0.4460318 0.4596914
vn -0.6820634 -0.5611337 0.4689547
vn -0.5324277 -0.6653631 0.5232711
vn 0.3430217 -0.3500522 0.8716649
vn 0.412454 -0.4776875 0.7756909
vn 0.3430217 -0.3500522 0.8716649
vn -0.7679449 -0.4460318 0.4596914
vn -0.5324277 -0.6653631 0.5232711
vn -0.489166 -0.8021405 0.3424724
vn 0.4177243 -0.1784914 0.8908688
vn 0.4036221 -0.2212003 0.8877836
vn 0.4998523 -0.1230384 0.8573268
vn 0.4036221 -0.2212003 0.8877836
vn 0.4177243 -0.1784914 0.8908688
vn 0.412454 -0.4776875 0.7756909
vn -0.489166 -0.8021405 0.3424724
vn -0.5324277 -0.6653631 0.5232711
vn -0.415042 -0.9008631 0.1272241
vn 0.5878861 -0.728211 0.3522764
vn 0.5878861 -0.728211 0.3522764
vn 0.412454 -0.4776875 0.7756909
vn -0.489166 -0.8021405 0.3424724
vn -0.415042 -0.9008631 0.1272241
vn -0.5002967 -0.8609999 -0.09155656
vn 0.4125622 0.3660002 0.834168
vn 0.5104996 -0.001983712 0.8598757
vn 0.457013 0.1612428 0.8747228
vn 0.4177243 -0.1784914 0.8908688
vn 0.457013 0.1612428 0.8747228
vn 0.5104996 -0.001983712 0.8598757
vn 0.5878861 -0.728211 0.3522764
vn 0.6818191 -0.6945461 0.2296266
vn 0.5878861 -0.728211 0.3522764
vn 0.2701803 -0.6819412 -0.6796755
vn 0.3649207 -0.7809428 -0.5069134
vn 0.3649207 -0.7809428 -0.5069134
vn 0.7362546 -0.6406712 0.217875
vn 0.7386713 -0.6362363 0.2226391
vn 0.802767 -0.576615 0.151922
vn 0.8572985 -0.5037063 0.1063921
vn 0.802767 -0.576615 0.151922
vn 0.8572985 -0.5037063 0.1063921
vn 0.7362546 -0.6406712 0.217875
vn 0.802767 -0.576615 0.151922
vn 0.6818191 -0.6945461 0.2296266
vn 0.8778942 -0.4570628 0.1428124
vn 0.8132129 -0.5668143 0.131933
vn 0.8296553 -0.5318695 0.1696668
vn 0.8296553 -0.5318695 0.1696668
vn 0.8132129 -0.5668143 0.131933
vn 0.802767 -0.576615 0.151922
vn 0.3173766 -0.874879 -0.3658673
vn 0.3138364 -0.8557776 -0.4112803
vn 0.322998 -0.8810606 -0.3455496
vn 0.03779135 -0.6489967 -0.759852
vn 0.1605714 -0.702515 -0.6933178
vn 0.07999772 -0.5889853 -0.8041745
vn 0.3138364 -0.8557776 -0.4112803
vn 0.3173766 -0.874879 -0.3658673
vn 0.1605714 -0.702515 -0.6933178
vn 0.1413891 -0.5646758 -0.8131115
vn 0.1413441 -0.5451235 -0.8263547
vn 0.1548719 -0.5533658 -0.8184137
vn 0.07999772 -0.5889853 -0.8041745
vn 0.1605714 -0.702515 -0.6933178
vn 0.1413441 -0.5451235 -0.8263547
vn -0.7050173 0.2264232 -0.6720737
vn -0.6613234 0.2920581 -0.6909077
vn -0.6674911 0.3143407 -0.6750152
vn 0.1615938 -0.5476407 -0.8209611
vn 0.1548719 -0.5533658 -0.8184137
vn 0.1413441 -0.5451235 -0.8263547
vn 0.1615938 -0.5476407 -0.8209611
vn 0.2701803 -0.6819412 -0.6796755
vn 0.1548719 -0.5533658 -0.8184137
vn -0.6133256 0.3557207 -0.7051911
vn -0.6674911 0.3143407 -0.6750152
vn -0.6613234 0.2920581 -0.6909077
vn -0.9083646 -0.3980857 -0.1280682
vn -0.8472636 -0.4622282 -0.2617048
vn -0.8476666 -0.529645 -0.0306217
vn -0.6133256 0.3557207 -0.7051911
vn -0.6613234 0.2920581 -0.6909077
vn -0.6004409 0.3520599 -0.7180004
vn -0.9083646 -0.3980857 -0.1280682
vn -0.9292897 -0.3236165 -0.1780253
vn -0.8472636 -0.4622282 -0.2617048
vn -0.9083646 -0.3980857 -0.1280682
vn -0.7679449 -0.4460318 0.4596914
vn -0.9292897 -0.3236165 -0.1780253
vn -0.6901657 0.6594175 0.29806
vn -0.6701208 0.6675698 0.3244821
vn -0.6144131 0.6775008 0.404338
vn -0.6901657 0.6594175 0.29806
vn -0.7235546 0.6460873 0.2429815
vn -0.6701208 0.6675698 0.3244821
vn -0.7233232 0.6389303 0.2618617
vn -0.7235546 0.6460873 0.2429815
vn -0.6901657 0.6594175 0.29806
vn -0.7050173 0.2264232 -0.6720737
vn -0.8415267 -0.189139 -0.506023
vn -0.6613234 0.2920581 -0.6909077
vn -0.7233232 0.6389303 0.2618617
vn -0.718744 0.6367512 0.2792042
vn -0.718744 0.6367512 0.2792042
vn -0.8415267 -0.189139 -0.506023
vn -0.8881803 -0.2692666 -0.3723323
vn -0.8513089 -0.3632585 -0.3785715
vn -0.6664232 -0.1840107 0.7225096
vn -0.7252376 -0.3144276 0.6125077
vn -0.6664232 -0.1840107 0.7225096
vn -0.8415267 -0.189139 -0.506023
vn -0.8513089 -0.3632585 -0.3785715
vn -0.8057263 -0.4535332 -0.3809368
vn -0.6664232 -0.1840107 0.7225096
vn -0.6664232 -0.1840107 0.7225096
vn -0.2730705 0.1771121 0.9455495
vn -0.1857077 -0.9825891 0.005586099
vn -0.105904 -0.9667395 -0.2328067
vn -0.1662813 -0.9798298 0.1108342
vn 0.02497028 -0.9995589 0.01608405
vn -0.1662813 -0.9798298 0.1108342
vn -0.105904 -0.9667395 -0.2328067
vn -0.105904 -0.9667395 -0.2328067
vn 0.1204678 -0.9883433 -0.09308635
vn 0.02497028 -0.9995589 0.01608405
vn -0.105904 -0.9667395 -0.2328067
vn -0.1434258 -0.7752061 -0.6152109
vn 0.1204678 -0.9883433 -0.09308635
vn -0.2641743 -0.7102726 -0.652476
vn -0.1434258 -0.7752061 -0.6152109
vn -0.105904 -0.9667395 -0.2328067
vn 0.02497028 -0.9995589 0.01608405
vn -0.2947394 -0.9000841 0.3209009
vn -0.1662813 -0.9798298 0.1108342
vn -0.2641743 -0.7102726 -0.652476
vn -0.1670524 -0.6044219 -0.778953
vn -0.1434258 -0.7752061 -0.6152109
vn 0.3173766 -0.874879 -0.3658673
vn 0.322998 -0.8810606 -0.3455496
vn 0.2015931 -0.919794 -0.3366589
vn 0.2218935 -0.912823 -0.3428083
vn 0.2015931 -0.919794 -0.3366589
vn 0.2330027 -0.9428904 -0.2380491
vn 0.006423783 -0.8797031 -0.47548
vn 0.2015931 -0.919794 -0.3366589
vn 0.2218935 -0.912823 -0.3428083
vn 0.006423783 -0.8797031 -0.47548
vn -0.01635183 -0.8483007 -0.5292622
vn 0.2015931 -0.919794 -0.3366589
vn 0.2015931 -0.919794 -0.3366589
vn 0.3877242 -0.7486725 -0.5377355
vn 0.1764548 -0.5158516 -0.8383083
vn 0.2015931 -0.919794 -0.3366589
vn 0.1280447 -0.9854586 0.1116958
vn 0.1280447 -0.9854586 0.1116958
vn 0.1280447 -0.9854586 0.1116958
vn 0.1204678 -0.9883433 -0.09308635
vn 0.1280447 -0.9854586 0.1116958
vn 0.07836913 -0.996727 -0.01983546
vn 0.1092277 -0.9940014 -0.005512863
vn 0.1204678 -0.9883433 -0.09308635
vn 0.346392 -0.8976076 0.2726044
vn 0.02497028 -0.9995589 0.01608405
vn 0.4045762 -0.8701148 0.2814573
vn 0.346392 -0.8976076 0.2726044
vn 0.4045762 -0.8701148 0.2814573
vn 0.4199877 -0.8242777 0.3797059
vn 0.2319209 -0.9713526 -0.05183351
vn 0.1204678 -0.9883433 -0.09308635
vn 0.1092277 -0.9940014 -0.005512863
vn 0.2319209 -0.9713526 -0.05183351
vn 0.1399063 -0.990127 0.008653331
vn 0.1399063 -0.990127 0.008653331
vn 0.4199877 -0.8242777 0.3797059
vn 0.4045762 -0.8701148 0.2814573
vn 0.5703775 -0.756176 0.3207294
vn 0.4199877 -0.8242777 0.3797059
vn 0.5703775 -0.756176 0.3207294
vn 0.616933 -0.6967751 0.365921
vn 0.616933 -0.6967751 0.365921
vn 0.5703775 -0.756176 0.3207294
vn 0.6663749 -0.6402569 0.3821199
vn 0.616933 -0.6967751 0.365921
vn 0.6663749 -0.6402569 0.3821199
vn 0.6233782 -0.6144418 0.4835917
vn 0.3189158 -0.8308709 -0.4560113
vn 0.3681943 -0.8415521 -0.3952507
vn 0.2317881 -0.8605757 -0.4535238
vn 0.3189158 -0.8308709 -0.4560113
vn 0.4040366 -0.761218 -0.5072491
vn 0.3681943 -0.8415521 -0.3952507
vn 0.3189158 -0.8308709 -0.4560113
vn 0.2317881 -0.8605757 -0.4535238
vn 0.1279398 -0.991554 0.02126081
vn 0.02497028 -0.9995589 0.01608405
vn 0.1279398 -0.991554 0.02126081
vn -0.1287341 -0.9565399 -0.2616466
vn 0.4325635 -0.7536554 -0.494866
vn 0.4325635 -0.7536554 -0.494866
vn 0.4040366 -0.761218 -0.5072491
vn 0.3478023 -0.7664239 -0.5400259
vn 0.4040366 -0.761218 -0.5072491
vn 0.3704994 -0.8066541 -0.4604774
vn 0.6089414 -0.6072541 0.510326
vn 0.6233782 -0.6144418 0.4835917
vn 0.6663749 -0.6402569 0.3821199
vn 0.3478023 -0.7664239 -0.5400259
vn 0.1587015 -0.9058883 -0.3926578
vn 0.4040366 -0.761218 -0.5072491
vn 0.6089414 -0.6072541 0.510326
vn 0.3685735 -0.7523505 0.5460058
vn 0.6233782 -0.6144418 0.4835917
vn -0.02234663 -0.9916771 -0.1267961
vn -0.02234663 -0.9916771 -0.1267961
vn 0.1587015 -0.9058883 -0.3926578
vn 0.1478346 -0.8715727 0.4674463
vn 0.3685735 -0.7523505 0.5460058
vn 0.1478346 -0.8715727 0.4674463
vn 0.02497028 -0.9995589 0.01608405
vn 0.1351797 -0.987582 -0.08005174
vn 0.1279398 -0.991554 0.02126081
vn 0.1204678 -0.9883433 -0.09308635
vn 0.1351797 -0.987582 -0.08005174
vn 0.02497028 -0.9995589 0.01608405
vn 0.1279398 -0.991554 0.02126081
vn 0.1351797 -0.987582 -0.08005174
vn 0.3794678 -0.8476527 0.370795
vn 0.1279398 -0.991554 0.02126081
vn 0.3794678 -0.8476527 0.370795
vn 0.4789015 -0.7306158 0.4866765
vn 0.1204678 -0.9883433 -0.09308635
vn 0.2176389 -0.9748625 0.04771057
vn 0.1351797 -0.987582 -0.08005174
vn 0.2176389 -0.9748625 0.04771057
vn 0.3649771 -0.8609055 -0.354448
vn 0.1351797 -0.987582 -0.08005174
vn 0.4789015 -0.7306158 0.4866765
vn 0.3794678 -0.8476527 0.370795
vn 0.6203046 -0.5973963 0.5082715
vn 0.4789015 -0.7306158 0.4866765
vn 0.6203046 -0.5973963 0.5082715
vn 0.5696527 -0.5354629 0.6235185
vn 0.2176389 -0.9748625 0.04771057
vn 0.258551 -0.9308188 -0.2583174
vn 0.3649771 -0.8609055 -0.354448
vn 0.3649771 -0.8609055 -0.354448
vn 0.5220588 -0.7497063 -0.4066881
vn 0.5265859 -0.759776 -0.3813761
vn 0.3649771 -0.8609055 -0.354448
vn 0.5265859 -0.759776 -0.3813761
vn 0.4758804 -0.7704119 -0.424268
vn 0.4758804 -0.7704119 -0.424268
vn 0.4640269 -0.8136696 -0.3501728
vn 0.4468877 -0.7687446 -0.4575182
vn 0.5696527 -0.5354629 0.6235185
vn 0.6203046 -0.5973963 0.5082715
vn 0.5683228 -0.5041161 0.6502893
vn 0.4758804 -0.7704119 -0.424268
vn 0.4468877 -0.7687446 -0.4575182
vn 0.4235658 -0.7131842 -0.558534
vn 0.5696527 -0.5354629 0.6235185
vn 0.5683228 -0.5041161 0.6502893
vn 0.2732811 -0.6833028 0.6770634
vn -0.03553273 -0.9975124 -0.06088044
vn -0.004441694 -0.9664592 0.2567821
vn -0.03553273 -0.9975124 -0.06088044
vn -0.3352017 -0.6463646 0.685458
vn 0.2732811 -0.6833028 0.6770634
vn -0.004441694 -0.9664592 0.2567821
vn 0.1204678 -0.9883433 -0.09308635
vn 0.3062494 -0.9505949 0.05080006
vn 0.2176389 -0.9748625 0.04771057
vn 0.2319209 -0.9713526 -0.05183351
vn 0.3062494 -0.9505949 0.05080006
vn 0.1204678 -0.9883433 -0.09308635
vn 0.2176389 -0.9748625 0.04771057
vn 0.3062494 -0.9505949 0.05080006
vn 0.4690216 -0.7301139 0.4969431
vn 0.2176389 -0.9748625 0.04771057
vn 0.4690216 -0.7301139 0.4969431
vn 0.5234753 -0.620277 0.5841489
vn 0.3062494 -0.9505949 0.05080006
vn 0.2319209 -0.9713526 -0.05183351
vn 0.3543293 -0.9214134 -0.1595245
vn 0.3062494 -0.9505949 0.05080006
vn 0.3543293 -0.9214134 -0.1595245
vn 0.5184916 -0.8265334 -0.2191096
vn 0.5925394 -0.7738182 -0.2238357
vn 0.5184916 -0.8265334 -0.2191096
vn 0.5877188 -0.7629795 -0.2691633
vn 0.6360613 -0.4824316 0.602234
vn 0.5234753 -0.620277 0.5841489
vn 0.4690216 -0.7301139 0.4969431
vn 0.5925394 -0.7738182 -0.2238357
vn 0.6100275 -0.727327 -0.3144234
vn 0.5184916 -0.8265334 -0.2191096
vn 0.6360613 -0.4824316 0.602234
vn 0.6061718 -0.4115742 0.6805603
vn 0.5234753 -0.620277 0.5841489
vn 0.6120142 -0.6929556 -0.3811184
vn 0.6100275 -0.727327 -0.3144234
vn 0.6443645 -0.7356197 -0.2089455
vn 0.6247756 -0.3660552 0.6896805
vn 0.6061718 -0.4115742 0.6805603
vn 0.6360613 -0.4824316 0.602234
vn 0.6120142 -0.6929556 -0.3811184
vn 0.5597671 -0.6277634 -0.540901
vn 0.6100275 -0.727327 -0.3144234
vn 0.6247756 -0.3660552 0.6896805
vn 0.4023269 -0.5590503 0.7249799
vn 0.6061718 -0.4115742 0.6805603
vn 0.1405441 -0.9897795 0.02416799
vn 0.1405441 -0.9897795 0.02416799
vn 0.1855513 -0.9161481 0.3553075
vn 0.2088303 -0.7352353 0.6448404
vn 0.4023269 -0.5590503 0.7249799
vn 0.1855513 -0.9161481 0.3553075
vn 0.5323984 0.6682741 0.5195785
vn 0.5323984 0.6682741 0.5195785
vn 0.5323984 0.6682741 0.5195785
vn 0.354221 -0.5603128 0.7487169
vn 0.3709464 -0.6652711 0.6479299
vn 0.3709464 -0.6652711 0.6479299
vn 0.6189738 -0.7833804 -0.05644929
vn 0.6061381 -0.795343 -0.005109045
vn 0.6061381 -0.795343 -0.005109045
vn 0.354221 -0.5603128 0.7487169
vn 0.3448408 -0.5711042 0.7449328
vn 0.3719787 -0.5465745 0.7502587
vn 0.6189738 -0.7833804 -0.05644929
vn 0.583201 -0.8059521 -0.1015769
vn 0.583201 -0.8059521 -0.1015769
vn 0.6189738 -0.7833804 -0.05644929
vn 0.6483887 -0.7561578 -0.08841784
vn 0.6419641 -0.7644275 -0.05943621
vn 0.354221 -0.5603128 0.7487169
vn 0.3719787 -0.5465745 0.7502587
vn 0.377852 -0.4461187 0.811299
vn 0.6189738 -0.7833804 -0.05644929
vn 0.6419641 -0.7644275 -0.05943621
vn 0.6704128 -0.7348663 -0.1025588
vn 0.354221 -0.5603128 0.7487169
vn 0.377852 -0.4461187 0.811299
vn 0.3279991 -0.3608208 0.8730549
vn 0.6862761 -0.7140218 -0.1385568
vn 0.6704128 -0.7348663 -0.1025588
vn 0.671226 -0.7405472 -0.03233367
vn 0.3428358 -0.3031227 0.8891458
vn 0.3279991 -0.3608208 0.8730549
vn 0.377852 -0.4461187 0.811299
vn 0.6862761 -0.7140218 -0.1385568
vn 0.4795007 -0.8635553 -0.1560494
vn 0.6704128 -0.7348663 -0.1025588
vn 0.3428358 -0.3031227 0.8891458
vn 0.09824389 -0.5503833 0.8291118
vn 0.3279991 -0.3608208 0.8730549
vn -0.1035991 -0.9223765 -0.372141
vn -0.01876282 -0.9549859 -0.2960571
vn 0.4795007 -0.8635553 -0.1560494
vn -0.06218284 -0.7734822 0.6307604
vn 0.09824389 -0.5503833 0.8291118
vn -0.06218284 -0.7734822 0.6307604
vn 0.006791964 -0.9448425 0.3274548
vn -0.0189982 -0.9165587 0.3994487
vn -0.01106176 -0.9508699 0.3093933
vn 0.006791964 -0.9448425 0.3274548
vn -0.005060336 -0.9286905 0.3708212
vn -0.0189982 -0.9165587 0.3994487
vn -0.005060336 -0.9286905 0.3708212
vn 0.09228274 -0.7427806 0.6631448
vn -0.0189982 -0.9165587 0.3994487
vn 0.09228274 -0.7427806 0.6631448
vn 0.1000558 -0.8056289 0.58391
vn -0.0189982 -0.9165587 0.3994487
vn 0.2138219 -0.6307604 0.7459366
vn 0.1000558 -0.8056289 0.58391
vn 0.09228274 -0.7427806 0.6631448
vn 0.2138219 -0.6307604 0.7459366
vn 0.1336064 -0.7455505 0.6529194
vn 0.1000558 -0.8056289 0.58391
vn 0.1226294 -0.7336397 0.6683823
vn 0.1336064 -0.7455505 0.6529194
vn 0.2138219 -0.6307604 0.7459366
vn 0.09975458 -0.07460468 0.9922112
vn 0.2486394 -0.1674146 0.9540182
vn 0.09228274 -0.7427806 0.6631448
vn 0.2138219 -0.6307604 0.7459366
vn 0.09228274 -0.7427806 0.6631448
vn 0.2486394 -0.1674146 0.9540182
vn 0.04052817 -0.7715991 0.6348168
vn 0.1226294 -0.7336397 0.6683823
vn 0.2138219 -0.6307604 0.7459366
vn 0.04052817 -0.7715991 0.6348168
vn -0.04868665 -0.9110437 0.4094253
vn 0.1226294 -0.7336397 0.6683823
vn 0.04052817 -0.7715991 0.6348168
vn -0.124837 -0.8358957 0.5345036
vn -0.04868665 -0.9110437 0.4094253
vn 0.2138219 -0.6307604 0.7459366
vn 0.2486394 -0.1674146 0.9540182
vn 0.140568 0.1587975 0.9772533
vn -0.1071636 0.1474983 0.9832397
vn -0.126453 0.01259732 0.9918926
vn 0.140568 0.1587975 0.9772533
vn -0.112131 0.3080311 0.9447452
vn -0.1154547 0.3217086 0.9397733
vn -0.1783751 0.2718778 0.9456558
vn 0.140568 0.1587975 0.9772533
vn -0.112131 0.3080311 0.9447452
vn -0.1071636 0.1474983 0.9832397
vn -0.112131 0.3080311 0.9447452
vn -0.05178642 0.3694558 0.9278042
vn -0.1154547 0.3217086 0.9397733
vn -0.00358999 0.999952 0.009121409
vn 0.04500875 0.9978456 -0.04773197
vn -0.1087613 0.9802036 0.1654445
vn -0.00358999 0.999952 0.009121409
vn -0.1087613 0.9802036 0.1654445
vn -0.05216863 0.99646 0.06592371
vn -0.1786556 0.6043122 -0.7764592
vn -0.1292269 0.7432188 -0.6564497
vn -0.1341983 0.7358989 -0.6636593
vn 0.1871258 0.406765 0.8941623
vn 0.2486394 -0.1674146 0.9540182
vn 0.09975458 -0.07460468 0.9922112
vn 0.140568 0.1587975 0.9772533
vn 0.2486394 -0.1674146 0.9540182
vn 0.1871258 0.406765 0.8941623
vn 0.140568 0.1587975 0.9772533
vn 0.2364103 0.5753214 0.7830169
vn -0.112131 0.3080311 0.9447452
vn -0.5605363 0.8240097 0.08250437
vn -0.1087613 0.9802036 0.1654445
vn -0.5605363 0.8240097 0.08250437
vn 0.140568 0.1587975 0.9772533
vn 0.1871258 0.406765 0.8941623
vn 0.2364103 0.5753214 0.7830169
vn -0.1786556 0.6043122 -0.7764592
vn -0.1341983 0.7358989 -0.6636593
vn -0.2051525 0.561248 -0.8018187
vn -0.1896626 0.3789792 -0.9057609
vn -0.1786556 0.6043122 -0.7764592
vn -0.2051525 0.561248 -0.8018187
vn 0.1871258 0.406765 0.8941623
vn 0.09975458 -0.07460468 0.9922112
vn 0.1089819 0.3268533 0.9387704
vn 0.1095636 0.5001614 0.8589728
vn 0.1871258 0.406765 0.8941623
vn 0.1089819 0.3268533 0.9387704
vn 0.1089819 0.3268533 0.9387704
vn 0.2208599 0.1579922 0.9624237
vn 0.1776087 0.3260104 0.9285324
vn 0.1776087 0.3260104 0.9285324
vn 0.1095636 0.5001614 0.8589728
vn 0.1089819 0.3268533 0.9387704
vn 0.2299987 0.2911419 0.9286209
vn 0.1640502 0.2065909 0.9645765
vn 0.1095636 0.5001614 0.8589728
vn -0.1415409 0.9898165 -0.01514432
vn -0.1414691 0.9886022 -0.05149968
vn -0.1489115 0.987029 0.0599935
vn 0.2364103 0.5753214 0.7830169
vn 0.1871258 0.406765 0.8941623
vn 0.2040668 0.7812306 0.5899453
vn 0.1095636 0.5001614 0.8589728
vn 0.2040668 0.7812306 0.5899453
vn 0.1871258 0.406765 0.8941623
vn 0.1617059 0.8406437 0.5168843
vn 0.2365325 0.8300978 0.5049654
vn -0.1087613 0.9802036 0.1654445
vn 0.2364103 0.5753214 0.7830169
vn 0.2040668 0.7812306 0.5899453
vn 0.2365325 0.8300978 0.5049654
vn -0.2287726 0.6628168 -0.7129776
vn -0.29533 0.5765542 -0.7618172
vn -0.2483314 0.4952575 -0.8324972
vn -0.2287726 0.6628168 -0.7129776
vn -0.2051525 0.561248 -0.8018187
vn -0.29533 0.5765542 -0.7618172
vn -0.4237865 0.5052234 -0.7517676
vn -0.2287726 0.6628168 -0.7129776
vn -0.4237865 0.5052234 -0.7517676
vn -0.1896626 0.3789792 -0.9057609
vn -0.2051525 0.561248 -0.8018187
vn -0.09299895 0.3680262 -0.9251529
vn -0.004558797 -0.7321933 -0.6810817
vn -0.1327103 -0.643296 -0.754028
vn -0.09212608 -0.6861269 -0.721625
vn -0.004558797 -0.7321933 -0.6810817
vn -0.1726931 -0.59755 -0.7830142
vn -0.1327103 -0.643296 -0.754028
vn -0.04868665 -0.9110437 0.4094253
vn -0.09909732 -0.9364223 0.3365904
vn -0.07695132 -0.9892434 0.1244026
vn -0.04868665 -0.9110437 0.4094253
vn -0.07695132 -0.9892434 0.1244026
vn -0.0243286 -0.9984465 -0.05012578
vn -0.1689221 0.4502617 -0.8767723
vn -0.09299895 0.3680262 -0.9251529
vn -0.2051525 0.561248 -0.8018187
vn -0.1689221 0.4502617 -0.8767723
vn -0.2051525 0.561248 -0.8018187
vn -0.2287726 0.6628168 -0.7129776
vn -0.1689221 0.4502617 -0.8767723
vn -0.01043982 0.1257502 -0.992007
vn -0.09299895 0.3680262 -0.9251529
vn -0.004558797 -0.7321933 -0.6810817
vn 0.2664765 -0.727823 -0.6318735
vn 0.1306237 -0.768195 -0.6267486
vn -0.1556826 -0.9082451 -0.388399
vn -0.0243286 -0.9984465 -0.05012578
vn -0.07695132 -0.9892434 0.1244026
vn -0.1556826 -0.9082451 -0.388399
vn -0.06462955 -0.959164 -0.2753681
vn -0.0243286 -0.9984465 -0.05012578
vn -0.2287726 0.6628168 -0.7129776
vn 0.2433697 0.8427057 -0.4802274
vn 0.255023 0.8379436 -0.4825079
vn -0.0804573 0.08991849 -0.992694
vn -0.01043982 0.1257502 -0.992007
vn 0.1084596 0.1686871 -0.9796843
vn -0.01203977 -0.7948669 -0.6066645
vn -0.004558797 -0.7321933 -0.6810817
vn 0.1306237 -0.768195 -0.6267486
vn -0.1556826 -0.9082451 -0.388399
vn -0.004558797 -0.7321933 -0.6810817
vn -0.01203977 -0.7948669 -0.6066645
vn -0.0804573 0.08991849 -0.992694
vn -0.1751181 0.04846634 -0.9833538
vn -0.01043982 0.1257502 -0.992007
vn 0.07144991 0.9631977 -0.2591239
vn 0.126253 0.9335314 -0.3355285
vn 0.1955544 0.9167834 -0.3482338
vn 0.126253 0.9335314 -0.3355285
vn 0.2433697 0.8427057 -0.4802274
vn 0.1955544 0.9167834 -0.3482338
vn -0.0804573 0.08991849 -0.992694
vn -0.3650725 0.1426995 -0.9199777
vn -0.1751181 0.04846634 -0.9833538
vn -0.1556826 -0.9082451 -0.388399
vn -0.4878665 -0.6810272 -0.5460662
vn -0.2927985 -0.6722572 -0.6799553
vn -0.520884 0.3076846 -0.7962475
vn -0.520884 0.3076846 -0.7962475
vn -0.3650725 0.1426995 -0.9199777
vn -0.06462955 -0.959164 -0.2753681
vn -0.1556826 -0.9082451 -0.388399
vn -0.1403253 -0.862193 -0.4867565
vn -0.1403253 -0.862193 -0.4867565
vn -0.1556826 -0.9082451 -0.388399
vn -0.2927985 -0.6722572 -0.6799553
vn -0.06462955 -0.959164 -0.2753681
vn -0.1403253 -0.862193 -0.4867565
vn -0.1322825 -0.8650393 -0.4839506
vn 0.07144991 0.9631977 -0.2591239
vn -0.144606 0.9596608 -0.2411229
vn 0.126253 0.9335314 -0.3355285
vn -0.2851867 0.1109196 -0.9520323
vn -0.3650725 0.1426995 -0.9199777
vn -0.1044865 0.3337518 -0.9368524
vn -0.2851867 0.1109196 -0.9520323
vn -0.3898666 -0.07345416 -0.9179372
vn -0.3650725 0.1426995 -0.9199777
vn -0.144606 0.9596608 -0.2411229
vn -0.2537868 0.930877 -0.2627933
vn -0.2095677 0.9556254 -0.2070303
vn -0.144606 0.9596608 -0.2411229
vn -0.2095677 0.9556254 -0.2070303
vn -0.1442415 0.9770542 -0.1567145
vn -0.3898666 -0.07345416 -0.9179372
vn -0.3814427 -0.114472 -0.9172773
vn -0.362701 -0.04942826 -0.9305938
vn -0.1415409 0.9898165 -0.01514432
vn -0.1442415 0.9770542 -0.1567145
vn -0.1414691 0.9886022 -0.05149968
vn -0.1322825 -0.8650393 -0.4839506
vn -0.1403253 -0.862193 -0.4867565
vn -0.1992186 -0.8738172 -0.4435712
vn -0.3898666 -0.07345416 -0.9179372
vn -0.362701 -0.04942826 -0.9305938
vn -0.2703358 0.1186801 -0.9554232
vn -0.2995242 0.01666923 -0.9539431
vn -0.2703358 0.1186801 -0.9554232
vn -0.2995242 0.01666923 -0.9539431
vn -0.1322825 -0.8650393 -0.4839506
vn -0.1992186 -0.8738172 -0.4435712
vn -0.1940932 -0.8795873 -0.4343432
vn -0.09889896 0.3097944 -0.945646
vn -0.1230936 0.3169552 -0.9404187
vn -0.2703358 0.1186801 -0.9554232
vn -0.1742028 -0.8821338 -0.4375996
vn -0.1940932 -0.8795873 -0.4343432
vn -0.1992186 -0.8738172 -0.4435712
vn -0.1742028 -0.8821338 -0.4375996
vn -0.1727548 -0.8838422 -0.4347169
vn 0.006423783 -0.8797031 -0.47548
vn 0.2625154 0.3269485 -0.9078493
vn 2.414176E-07 0.2637612 -0.964588
vn -0.01315511 0.4087178 -0.9125659
vn -0.2585528 0.06695504 -0.9636739
vn 2.414176E-07 0.2637612 -0.964588
vn 0.2625154 0.3269485 -0.9078493
vn 0.2625154 0.3269485 -0.9078493
vn -0.01315511 0.4087178 -0.9125659
vn 0.1308855 0.5043815 -0.8535035
vn -0.005971482 0.4342397 -0.9007775
vn 0.1308855 0.5043815 -0.8535035
vn -0.01315511 0.4087178 -0.9125659
vn -0.005971482 0.4342397 -0.9007775
vn 0.1056433 0.5370046 -0.8369381
vn 0.1308855 0.5043815 -0.8535035
vn 0.6105993 0.7503217 -0.2533494
vn 0.6192597 0.7510217 -0.2290933
vn 0.6680862 0.7174054 -0.1974597
vn 0.6192597 0.7510217 -0.2290933
vn 0.5995548 0.797852 -0.06297705
vn 0.6680862 0.7174054 -0.1974597
vn 0.6105993 0.7503217 -0.2533494
vn 0.5133394 0.8079966 -0.2891783
vn 0.6192597 0.7510217 -0.2290933
vn 0.5172382 0.6726401 0.5291691
vn 0.7141235 0.3937238 0.5787997
vn 0.653437 0.6619499 0.367209
vn 0.5172382 0.6726401 0.5291691
vn 0.4977641 0.500928 0.7080268
vn 0.7141235 0.3937238 0.5787997
vn 0.4977641 0.500928 0.7080268
vn 0.4942434 0.1581865 0.8548102
vn 0.7141235 0.3937238 0.5787997
vn 0.4977641 0.500928 0.7080268
vn 0.4420425 0.3522496 0.8249356
vn 0.4942434 0.1581865 0.8548102
vn 0.8960795 0.1962585 0.3981509
vn 0.653437 0.6619499 0.367209
vn 0.7141235 0.3937238 0.5787997
vn 0.653437 0.6619499 0.367209
vn 0.55351 0.8309842 0.05560547
vn 0.5995548 0.797852 -0.06297705
vn 0.9124817 -0.1720792 -0.3711683
vn 0.8592093 0.09656767 -0.5024282
vn 0.9356786 -0.2133401 -0.2810543
vn 0.8960795 0.1962585 0.3981509
vn 0.7141235 0.3937238 0.5787997
vn 0.8967984 -0.129402 0.4230931
vn 0.4942434 0.1581865 0.8548102
vn 0.8967984 -0.129402 0.4230931
vn 0.7141235 0.3937238 0.5787997
vn 0.8960795 0.1962585 0.3981509
vn 0.8967984 -0.129402 0.4230931
vn 0.9599514 -0.2657408 0.08874179
vn 0.4942434 0.1581865 0.8548102
vn 0.5476519 -0.1610993 0.8210508
vn 0.8967984 -0.129402 0.4230931
vn 0.8962997 -0.3071216 0.3198798
vn 0.9599514 -0.2657408 0.08874179
vn 0.8967984 -0.129402 0.4230931
vn 0.8962997 -0.3071216 0.3198798
vn 0.8967984 -0.129402 0.4230931
vn 0.7362391 -0.6425397 0.2123553
vn 0.8962997 -0.3071216 0.3198798
vn 0.9496642 -0.3131694 0.007919651
vn 0.9599514 -0.2657408 0.08874179
vn 0.8962997 -0.3071216 0.3198798
vn 0.9616802 -0.1611795 0.2217932
vn 0.9496642 -0.3131694 0.007919651
vn 0.4420425 0.3522496 0.8249356
vn 0.4114923 0.2559493 0.8747366
vn 0.4942434 0.1581865 0.8548102
vn -0.06570581 0.902416 0.4258264
vn -0.05587197 0.8422749 0.5361449
vn -0.0567341 0.723536 0.6879513
vn -0.05587197 0.8422749 0.5361449
vn -0.0882704 0.7428599 0.6636018
vn -0.0567341 0.723536 0.6879513
vn -0.0882704 0.7428599 0.6636018
vn 6.406465E-06 0.7334263 0.679769
vn -0.0567341 0.723536 0.6879513
vn 0.1641337 0.2006112 0.9658237
vn 0.4942434 0.1581865 0.8548102
vn -0.0567341 0.723536 0.6879513
vn -0.0882704 0.7428599 0.6636018
vn -5.269651E-08 0.700606 0.7135483
vn 6.406465E-06 0.7334263 0.679769
vn 0.0882682 0.7428488 0.6636147
vn 6.406465E-06 0.7334263 0.679769
vn -5.269651E-08 0.700606 0.7135483
vn 0.1641337 0.2006112 0.9658237
vn 0.2203104 -0.003818286 0.9754224
vn 0.4942434 0.1581865 0.8548102
vn 0.2203104 -0.003818286 0.9754224
vn 0.5476519 -0.1610993 0.8210508
vn 0.4942434 0.1581865 0.8548102
vn 0.0882682 0.7428488 0.6636147
vn 0.05930191 0.7938612 0.6052006
vn 6.406465E-06 0.7334263 0.679769
vn -0.08153059 0.1850426 0.9793426
vn 0.2203104 -0.003818286 0.9754224
vn -0.0008029414 0.04477422 0.9989968
vn -0.08153059 0.1850426 0.9793426
vn -0.5057498 0.1477979 0.8499253
vn 0.2203104 -0.003818286 0.9754224
vn 0.05930191 0.7938612 0.6052006
vn 0.0882682 0.7428488 0.6636147
vn 0.05084003 0.8089345 0.5856963
vn -0.2323878 0.6433102 0.7294846
vn 0.05930191 0.7938612 0.6052006
vn 0.05084003 0.8089345 0.5856963
vn -0.2323878 0.6433102 0.7294846
vn -0.5057498 0.1477979 0.8499253
vn -0.3273132 0.2865725 0.9004123
vn -0.4621841 0.5506744 0.6950852
vn -0.5057498 0.1477979 0.8499253
vn -0.2323878 0.6433102 0.7294846
vn 0.2203104 -0.003818286 0.9754224
vn 0.3598363 -0.2007333 0.9111663
vn 0.5476519 -0.1610993 0.8210508
vn -0.5057498 0.1477979 0.8499253
vn -0.4297874 -0.2429445 0.8696325
vn -0.4887119 -0.1877019 0.8520145
vn -0.4621841 0.5506744 0.6950852
vn -0.6881258 0.4142906 0.5956897
vn -0.5057498 0.1477979 0.8499253
vn -0.4424222 0.6935265 0.5685803
vn -0.6881258 0.4142906 0.5956897
vn -0.4621841 0.5506744 0.6950852
vn -0.4424222 0.6935265 0.5685803
vn -0.5922735 0.6296615 0.502731
vn -0.6881258 0.4142906 0.5956897
vn -0.5300955 0.7991492 -0.2834773
vn -0.5669949 0.8065367 -0.1673778
vn -0.3359193 0.8785275 -0.3396288
vn -0.5300955 0.7991492 -0.2834773
vn -0.6680887 0.7174031 -0.1974599
vn -0.5669949 0.8065367 -0.1673778
vn -0.59513 0.80205 -0.05036018
vn -0.5669949 0.8065367 -0.1673778
vn -0.6680887 0.7174031 -0.1974599
vn -0.005971482 0.4342397 -0.9007775
vn -0.1409567 0.3729148 -0.9170963
vn -0.05197144 0.5063542 -0.8607581
vn -0.005971482 0.4342397 -0.9007775
vn -0.01315511 0.4087178 -0.9125659
vn -0.1409567 0.3729148 -0.9170963
vn -0.2625149 0.3269486 -0.9078494
vn -0.1409567 0.3729148 -0.9170963
vn -0.01315511 0.4087178 -0.9125659
vn -0.2625149 0.3269486 -0.9078494
vn -0.01315511 0.4087178 -0.9125659
vn 2.414176E-07 0.2637612 -0.964588
vn -0.2585528 0.06695504 -0.9636739
vn -0.2625149 0.3269486 -0.9078494
vn 2.414176E-07 0.2637612 -0.964588
vn -0.8678324 0.3014072 0.3949944
vn -0.6881258 0.4142906 0.5956897
vn -0.5922735 0.6296615 0.502731
vn -0.59513 0.80205 -0.05036018
vn -0.5424339 0.8362024 0.0808149
vn -0.5669949 0.8065367 -0.1673778
vn -0.8666848 0.07451106 -0.4932601
vn -0.9634633 -0.2488105 -0.09915538
vn -0.8666848 0.07451106 -0.4932601
vn -0.8678324 0.3014072 0.3949944
vn -0.899508 -0.1325697 0.4163059
vn -0.6881258 0.4142906 0.5956897
vn -0.899508 -0.1325697 0.4163059
vn -0.5057498 0.1477979 0.8499253
vn -0.6881258 0.4142906 0.5956897
vn -0.9634633 -0.2488105 -0.09915538
vn -0.899508 -0.1325697 0.4163059
vn -0.9343179 0.05057752 0.3528342
vn -0.9039483 -0.3438144 0.2543013
vn -0.899508 -0.1325697 0.4163059
vn -0.9634633 -0.2488105 -0.09915538
vn -0.899508 -0.1325697 0.4163059
vn -0.6618173 -0.3154068 0.6800857
vn -0.5057498 0.1477979 0.8499253
vn -0.9039483 -0.3438144 0.2543013
vn -0.6618173 -0.3154068 0.6800857
vn -0.899508 -0.1325697 0.4163059
vn -0.5057498 0.1477979 0.8499253
vn -0.6618173 -0.3154068 0.6800857
vn -0.4297874 -0.2429445 0.8696325
vn -0.5722144 0.08475059 -0.8157132
vn -0.2625149 0.3269486 -0.9078494
vn -0.2585528 0.06695504 -0.9636739
vn -0.8815882 -0.4248537 -0.2056735
vn -0.9093879 -0.3408715 -0.23837
vn -0.9634633 -0.2488105 -0.09915538
vn -0.2585528 0.06695504 -0.9636739
vn -0.63171 -0.1982244 -0.7494329
vn -0.5722144 0.08475059 -0.8157132
vn -0.2585528 0.06695504 -0.9636739
vn -0.4229007 -0.252865 -0.8701807
vn -0.63171 -0.1982244 -0.7494329
vn -0.63171 -0.1982244 -0.7494329
vn -0.4229007 -0.252865 -0.8701807
vn -0.4273567 -0.2464244 -0.8698512
vn -0.3242994 -0.9318565 0.1627066
vn 3.119431E-07 -0.9877447 0.156078
vn 4.927878E-07 -0.9797399 0.2002742
vn 0.1517845 -0.9763003 0.1542697
vn 4.927878E-07 -0.9797399 0.2002742
vn 3.119431E-07 -0.9877447 0.156078
vn -0.9147847 -0.1936393 -0.3545035
vn -0.9634633 -0.2488105 -0.09915538
vn -0.9093879 -0.3408715 -0.23837
vn -0.9147847 -0.1936393 -0.3545035
vn -0.5722144 0.08475059 -0.8157132
vn -0.63171 -0.1982244 -0.7494329
vn -0.63171 -0.1982244 -0.7494329
vn -0.4273567 -0.2464244 -0.8698512
vn -0.669418 -0.2098462 -0.7126318
vn -0.63171 -0.1982244 -0.7494329
vn -0.669418 -0.2098462 -0.7126318
vn -0.9253734 -0.03577146 -0.3773652
vn -0.63171 -0.1982244 -0.7494329
vn -0.9253734 -0.03577146 -0.3773652
vn -0.9147847 -0.1936393 -0.3545035
vn -0.4273567 -0.2464244 -0.8698512
vn -0.6227792 -0.01787804 -0.7821934
vn -0.669418 -0.2098462 -0.7126318
vn -0.9253734 -0.03577146 -0.3773652
vn -0.669418 -0.2098462 -0.7126318
vn -0.6227792 -0.01787804 -0.7821934
vn -0.4273567 -0.2464244 -0.8698512
vn -0.3788077 0.1261106 -0.9168429
vn -0.6227792 -0.01787804 -0.7821934
vn -0.9253734 -0.03577146 -0.3773652
vn -0.6227792 -0.01787804 -0.7821934
vn -0.6495783 0.302732 -0.6974247
vn -0.3788077 0.1261106 -0.9168429
vn -0.6495783 0.302732 -0.6974247
vn -0.6227792 -0.01787804 -0.7821934
vn 0.5986329 0.01624169 -0.8008589
vn 0.5973031 0.01682132 -0.8018392
vn 0.6182652 0.1770718 -0.7657636
vn -0.3788077 0.1261106 -0.9168429
vn 0.0006431519 0.5664951 -0.8240649
vn -0.6495783 0.302732 -0.6974247
vn -0.566254 0.7543797 -0.3320656
vn -0.6495783 0.302732 -0.6974247
vn 0.0006431519 0.5664951 -0.8240649
vn -0.566254 0.7543797 -0.3320656
vn 0.0006431519 0.5664951 -0.8240649
vn 0.001845216 0.7275404 -0.6860624
vn -0.9253734 -0.03577146 -0.3773652
vn -0.6495783 0.302732 -0.6974247
vn -0.903621 0.3416691 -0.2583241
vn -0.6495783 0.302732 -0.6974247
vn -0.566254 0.7543797 -0.3320656
vn -0.903621 0.3416691 -0.2583241
vn -0.003451209 0.9991047 -0.042164
vn -0.3914886 0.8977606 0.2018976
vn -0.566254 0.7543797 -0.3320656
vn -0.003451209 0.9991047 -0.042164
vn -0.01091127 0.9984348 0.05485317
vn -0.3914886 0.8977606 0.2018976
vn -0.01091127 0.9984348 0.05485317
vn -0.006998341 0.9019973 0.4316851
vn -0.3914886 0.8977606 0.2018976
vn -0.92668 0.3657757 0.08644219
vn -0.903621 0.3416691 -0.2583241
vn -0.566254 0.7543797 -0.3320656
vn -0.9253734 -0.03577146 -0.3773652
vn -0.903621 0.3416691 -0.2583241
vn -0.92668 0.3657757 0.08644219
vn -0.92668 0.3657757 0.08644219
vn -0.566254 0.7543797 -0.3320656
vn -0.7701004 0.6070273 0.1961205
vn -0.9838679 0.003372875 0.1788644
vn -0.9253734 -0.03577146 -0.3773652
vn -0.92668 0.3657757 0.08644219
vn -0.8814831 0.2942487 0.3693308
vn -0.9838679 0.003372875 0.1788644
vn -0.92668 0.3657757 0.08644219
vn -0.7701004 0.6070273 0.1961205
vn -0.8814831 0.2942487 0.3693308
vn -0.92668 0.3657757 0.08644219
vn -0.006998341 0.9019973 0.4316851
vn -0.506378 0.5235761 0.6851637
vn -0.3914886 0.8977606 0.2018976
vn -0.3914886 0.8977606 0.2018976
vn -0.506378 0.5235761 0.6851637
vn -0.8814831 0.2942487 0.3693308
vn -0.506378 0.5235761 0.6851637
vn -0.006998341 0.9019973 0.4316851
vn -0.04127676 0.5270438 0.8488351
vn -0.2308215 0.1749848 0.957132
vn -0.506378 0.5235761 0.6851637
vn -0.04127676 0.5270438 0.8488351
vn -0.7195827 -0.01750229 0.6941863
vn -0.8814831 0.2942487 0.3693308
vn -0.506378 0.5235761 0.6851637
vn -0.9838679 0.003372875 0.1788644
vn -0.8814831 0.2942487 0.3693308
vn -0.8859004 -0.06496294 0.4593041
vn -0.8859004 -0.06496294 0.4593041
vn -0.8814831 0.2942487 0.3693308
vn -0.7195827 -0.01750229 0.6941863
vn -0.7350659 -0.191264 0.6504585
vn -0.8859004 -0.06496294 0.4593041
vn -0.7195827 -0.01750229 0.6941863
vn -0.8667384 -0.1088206 0.486747
vn -0.8859004 -0.06496294 0.4593041
vn -0.7350659 -0.191264 0.6504585
vn -0.9838679 0.003372875 0.1788644
vn -0.8859004 -0.06496294 0.4593041
vn -0.8667384 -0.1088206 0.486747
vn -0.9838679 0.003372875 0.1788644
vn -0.8667384 -0.1088206 0.486747
vn -0.9241729 -0.04952774 0.3787497
vn -0.6724023 -0.2142299 0.708506
vn -0.9241729 -0.04952774 0.3787497
vn -0.8667384 -0.1088206 0.486747
vn -0.6724023 -0.2142299 0.708506
vn -0.8667384 -0.1088206 0.486747
vn -0.7350659 -0.191264 0.6504585
vn -0.9838679 0.003372875 0.1788644
vn -0.9241729 -0.04952774 0.3787497
vn -0.9640195 -0.1327857 0.2302922
vn -0.506378 0.5235761 0.6851637
vn -0.2308215 0.1749848 0.957132
vn -0.4532849 -0.03215972 0.8907854
vn -0.7195827 -0.01750229 0.6941863
vn -0.506378 0.5235761 0.6851637
vn -0.4532849 -0.03215972 0.8907854
vn -0.2903282 -0.5611677 0.7751131
vn -0.7195827 -0.01750229 0.6941863
vn -0.4532849 -0.03215972 0.8907854
vn -0.2823004 -0.3821192 0.8799383
vn -0.2903282 -0.5611677 0.7751131
vn -0.4532849 -0.03215972 0.8907854
vn -0.7350659 -0.191264 0.6504585
vn -0.7195827 -0.01750229 0.6941863
vn -0.4497268 -0.4512073 0.7708163
vn -0.2903282 -0.5611677 0.7751131
vn -0.4497268 -0.4512073 0.7708163
vn -0.7195827 -0.01750229 0.6941863
vn -0.3191544 -0.4133545 0.8528063
vn -0.3680868 -0.3293515 0.8695055
vn -0.4497268 -0.4512073 0.7708163
vn -0.2903282 -0.5611677 0.7751131
vn -0.3191544 -0.4133545 0.8528063
vn -0.4497268 -0.4512073 0.7708163
vn -0.2308215 0.1749848 0.957132
vn -0.04127676 0.5270438 0.8488351
vn 0.1952199 0.1170165 0.9737538
vn 0.1952199 0.1170165 0.9737538
vn -0.04127676 0.5270438 0.8488351
vn 0.440143 0.5121965 0.7375153
vn 0.440143 0.5121965 0.7375153
vn -0.04127676 0.5270438 0.8488351
vn -0.006998341 0.9019973 0.4316851
vn -0.006998341 0.9019973 0.4316851
vn 0.5200036 0.8306931 0.19886
vn 0.440143 0.5121965 0.7375153
vn 0.5200036 0.8306931 0.19886
vn 0.8843949 0.2706594 0.3802488
vn 0.440143 0.5121965 0.7375153
vn -0.01091127 0.9984348 0.05485317
vn 0.5200036 0.8306931 0.19886
vn -0.006998341 0.9019973 0.4316851
vn -0.003451209 0.9991047 -0.042164
vn 0.5200036 0.8306931 0.19886
vn -0.01091127 0.9984348 0.05485317
vn -0.003451209 0.9991047 -0.042164
vn 0.6035611 0.797312 -0.002754045
vn 0.5200036 0.8306931 0.19886
vn 0.4624052 0.6235517 -0.6303688
vn 0.001845216 0.7275404 -0.6860624
vn 0.0006431519 0.5664951 -0.8240649
vn 0.5200036 0.8306931 0.19886
vn 0.9356649 0.3436246 0.08033312
vn 0.8843949 0.2706594 0.3802488
vn 0.9356649 0.3436246 0.08033312
vn 0.5200036 0.8306931 0.19886
vn 0.6035611 0.797312 -0.002754045
vn 0.4624052 0.6235517 -0.6303688
vn 0.0006431519 0.5664951 -0.8240649
vn 0.6384358 0.3012488 -0.7082719
vn 0.3765373 0.2287045 -0.8977271
vn 0.6384358 0.3012488 -0.7082719
vn 0.0006431519 0.5664951 -0.8240649
vn 0.9356649 0.3436246 0.08033312
vn 0.6035611 0.797312 -0.002754045
vn 0.7590023 0.6070082 -0.235492
vn 0.6384358 0.3012488 -0.7082719
vn 0.7590023 0.6070082 -0.235492
vn 0.4624052 0.6235517 -0.6303688
vn 0.3765373 0.2287045 -0.8977271
vn 0.4044701 -0.01286143 -0.9144608
vn 0.6384358 0.3012488 -0.7082719
vn 0.4226589 -0.2053334 -0.8827217
vn 0.4044701 -0.01286143 -0.9144608
vn 0.3711258 -0.08407325 -0.9247689
vn 0.9247248 -0.04776878 -0.3776273
vn 0.9479988 0.02268175 -0.3174646
vn 0.6384358 0.3012488 -0.7082719
vn 0.9479988 0.02268175 -0.3174646
vn 0.9247248 -0.04776878 -0.3776273
vn 0.9356649 0.3436246 0.08033312
vn 0.9247248 -0.04776878 -0.3776273
vn 0.6384358 0.3012488 -0.7082719
vn 0.8809897 0.004246537 -0.4731165
vn 0.9356649 0.3436246 0.08033312
vn 0.9247248 -0.04776878 -0.3776273
vn 0.9963885 0.03670357 0.07656893
vn 0.8843949 0.2706594 0.3802488
vn 0.9356649 0.3436246 0.08033312
vn 0.9963885 0.03670357 0.07656893
vn 0.9247248 -0.04776878 -0.3776273
vn 0.8809897 0.004246537 -0.4731165
vn 0.6717985 -0.2151265 -0.7088069
vn 0.4226589 -0.2053334 -0.8827217
vn 0.6717985 -0.2151265 -0.7088069
vn 0.4044701 -0.01286143 -0.9144608
vn 0.6321446 -0.2036493 -0.7476096
vn 0.6717985 -0.2151265 -0.7088069
vn 0.4226589 -0.2053334 -0.8827217
vn 0.6321446 -0.2036493 -0.7476096
vn 0.9247248 -0.04776878 -0.3776273
vn 0.6717985 -0.2151265 -0.7088069
vn 0.6321446 -0.2036493 -0.7476096
vn 0.412522 -0.3716918 -0.8316675
vn 0.412522 -0.3716918 -0.8316675
vn 0.412696 -0.0961323 -0.9057817
vn 0.6321446 -0.2036493 -0.7476096
vn 0.4266357 -0.1300642 -0.8950225
vn 0.412696 -0.0961323 -0.9057817
vn 0.5722155 0.08474962 -0.8157126
vn 0.6321446 -0.2036493 -0.7476096
vn 0.5722155 0.08474962 -0.8157126
vn 0.4049224 0.3239127 -0.8550547
vn 0.2625154 0.3269485 -0.9078493
vn 0.9124817 -0.1720792 -0.3711683
vn 0.9356786 -0.2133401 -0.2810543
vn 0.909388 -0.3408719 -0.238369
vn 0.9147847 -0.1936401 -0.354503
vn 0.6321446 -0.2036493 -0.7476096
vn 0.5722155 0.08474962 -0.8157126
vn 0.9147847 -0.1936401 -0.354503
vn 0.909388 -0.3408719 -0.238369
vn 0.9356786 -0.2133401 -0.2810543
vn 0.6321446 -0.2036493 -0.7476096
vn 0.9147847 -0.1936401 -0.354503
vn 0.9247248 -0.04776878 -0.3776273
vn 0.9356786 -0.2133401 -0.2810543
vn 0.8696951 -0.4666766 -0.1607589
vn 0.9147847 -0.1936401 -0.354503
vn 0.9599514 -0.2657408 0.08874179
vn 0.9496642 -0.3131694 0.007919651
vn 0.8696951 -0.4666766 -0.1607589
vn 0.9496642 -0.3131694 0.007919651
vn 0.7200534 -0.6630911 -0.204532
vn 0.8696951 -0.4666766 -0.1607589
vn 0.9616802 -0.1611795 0.2217932
vn 0.9616734 -0.1114218 0.2505383
vn 0.9496642 -0.3131694 0.007919651
vn 0.9616734 -0.1114218 0.2505383
vn 0.9616802 -0.1611795 0.2217932
vn 0.9487002 -0.1866329 0.2552176
vn 0.8696951 -0.4666766 -0.1607589
vn 0.7200534 -0.6630911 -0.204532
vn 0.4662862 -0.8443893 -0.2637877
vn 0.9487002 -0.1866329 0.2552176
vn 0.9543874 -0.05629341 0.2932161
vn 0.9616734 -0.1114218 0.2505383
vn -0.3173037 -0.8633775 -0.3922981
vn 0.143325 -0.8246622 -0.5471656
vn -0.1792716 -0.7940572 -0.5808054
vn 0.2428723 -0.9466301 -0.2119071
vn 0.4662862 -0.8443893 -0.2637877
vn 0.143325 -0.8246622 -0.5471656
vn 0.2692254 -0.4789181 -0.8355567
vn -0.1792716 -0.7940572 -0.5808054
vn 0.143325 -0.8246622 -0.5471656
vn -0.5973028 0.01682105 -0.8018395
vn -0.7458578 0.3522513 -0.5653453
vn -0.5973028 0.01682105 -0.8018395
vn 0.3858368 -0.5487676 -0.7416091
vn 0.143325 -0.8246622 -0.5471656
vn 0.4662862 -0.8443893 -0.2637877
vn 0.9487002 -0.1866329 0.2552176
vn 0.9448767 -0.111652 0.3078018
vn 0.9543874 -0.05629341 0.2932161
vn 0.3858368 -0.5487676 -0.7416091
vn 0.2692254 -0.4789181 -0.8355567
vn 0.143325 -0.8246622 -0.5471656
vn 0.2692254 -0.4789181 -0.8355567
vn 0.3858368 -0.5487676 -0.7416091
vn 0.3872468 -0.2306961 -0.8926473
vn 0.9487002 -0.1866329 0.2552176
vn 0.9301668 -0.2036316 0.3054895
vn 0.9448767 -0.111652 0.3078018
vn 0.2692254 -0.4789181 -0.8355567
vn 0.3872468 -0.2306961 -0.8926473
vn 0.4373647 -0.2460032 -0.8649824
vn -0.7458578 0.3522513 -0.5653453
vn -0.5999603 0.01566183 -0.7998765
vn -0.6224624 0.2579018 -0.7389365
vn 0.4845509 0.5342681 -0.6926529
vn 0.5765566 0.4774189 -0.6630638
vn 0.4845509 0.5342681 -0.6926529
vn 0.9487002 -0.1866329 0.2552176
vn 0.9373862 -0.2701456 0.2198374
vn 0.9301668 -0.2036316 0.3054895
vn -0.7458578 0.3522513 -0.5653453
vn -0.6224624 0.2579018 -0.7389365
vn -0.6950103 0.5528339 -0.4597124
vn 0.4845509 0.5342681 -0.6926529
vn 0.4845509 0.5342681 -0.6926529
vn 0.3864532 0.5844002 -0.7135338
vn 0.9487002 -0.1866329 0.2552176
vn 0.9271868 -0.296364 0.2291135
vn 0.9373862 -0.2701456 0.2198374
vn 0.344897 0.9385991 -0.008812916
vn 0.3750675 0.9269114 -0.01264042
vn 0.344897 0.9385991 -0.008812916
vn -0.8134863 0.5528831 -0.1804449
vn -0.7458578 0.3522513 -0.5653453
vn -0.6950103 0.5528339 -0.4597124
vn 0.344897 0.9385991 -0.008812916
vn 0.344897 0.9385991 -0.008812916
vn 0.3143605 0.9492907 -0.004976055
vn -0.8134863 0.5528831 -0.1804449
vn -0.8613201 0.5000279 -0.08999953
vn -0.7458578 0.3522513 -0.5653453
vn 0.9487002 -0.1866329 0.2552176
vn 0.9352083 -0.2636476 0.2363799
vn 0.9271868 -0.296364 0.2291135
vn 0.2878692 0.697313 0.6564189
vn 0.2234349 0.7111713 0.6665674
vn 0.2878692 0.697313 0.6564189
vn 0.2878692 0.697313 0.6564189
vn 0.2878692 0.697313 0.6564189
vn 0.4060776 0.4857435 0.7740505
vn 0.9487002 -0.1866329 0.2552176
vn 0.9616802 -0.1611795 0.2217932
vn 0.9352083 -0.2636476 0.2363799
vn 0.4060776 0.4857435 0.7740505
vn 0.4375849 0.2629665 0.8598651
vn 0.4375849 0.2629665 0.8598651
vn 0.9689766 -0.02980477 0.2453487
vn 0.9118705 -0.0747676 0.4036112
vn 0.9716042 -0.005211168 0.2365551
vn 0.8843949 0.2706594 0.3802488
vn 0.9716042 -0.005211168 0.2365551
vn 0.9118705 -0.0747676 0.4036112
vn 0.9689766 -0.02980477 0.2453487
vn 0.7908794 -0.1312204 0.5977381
vn 0.9118705 -0.0747676 0.4036112
vn 0.8962997 -0.3071216 0.3198798
vn 0.7908794 -0.1312204 0.5977381
vn 0.9616802 -0.1611795 0.2217932
vn 0.8843949 0.2706594 0.3802488
vn 0.9118705 -0.0747676 0.4036112
vn 0.8674402 -0.07854547 0.4913024
vn 0.9118705 -0.0747676 0.4036112
vn 0.5954004 -0.255762 0.7616325
vn 0.8674402 -0.07854547 0.4913024
vn 0.7283863 0.04253412 0.6838451
vn 0.8843949 0.2706594 0.3802488
vn 0.8674402 -0.07854547 0.4913024
vn 0.5954004 -0.255762 0.7616325
vn 0.7283863 0.04253412 0.6838451
vn 0.8674402 -0.07854547 0.4913024
vn 0.9118705 -0.0747676 0.4036112
vn 0.7908794 -0.1312204 0.5977381
vn 0.6724021 -0.2142304 0.7085059
vn 0.9118705 -0.0747676 0.4036112
vn 0.6724021 -0.2142304 0.7085059
vn 0.5954004 -0.255762 0.7616325
vn 0.5482364 0.4197972 0.7233306
vn 0.8843949 0.2706594 0.3802488
vn 0.7283863 0.04253412 0.6838451
vn 0.5482364 0.4197972 0.7233306
vn 0.440143 0.5121965 0.7375153
vn 0.8843949 0.2706594 0.3802488
vn 0.2037468 0.344421 0.9164395
vn 0.440143 0.5121965 0.7375153
vn 0.5482364 0.4197972 0.7233306
vn 0.1952199 0.1170165 0.9737538
vn 0.440143 0.5121965 0.7375153
vn 0.2037468 0.344421 0.9164395
vn 0.1952199 0.1170165 0.9737538
vn 0.469411 -0.3609712 0.8058245
vn 0.5864971 -0.2242813 0.7782795
vn 0.3072249 -0.541563 0.7825102
vn 0.413784 -0.377946 0.8282148
vn 0.5369996 -0.3662214 0.7599429
vn 0.3233162 -0.5072019 0.7988822
vn 0.413784 -0.377946 0.8282148
vn 0.3072249 -0.541563 0.7825102
vn 0.5954004 -0.255762 0.7616325
vn 0.3922816 -0.4949708 0.7753187
vn 0.7283863 0.04253412 0.6838451
vn 0.3072249 -0.541563 0.7825102
vn 0.7283863 0.04253412 0.6838451
vn 0.3922816 -0.4949708 0.7753187
vn 0.1952199 0.1170165 0.9737538
vn 0.5864971 -0.2242813 0.7782795
vn 0.4760198 0.180363 0.8607405
vn -0.3227924 -0.1762802 0.9299088
vn -0.4472612 -0.1066939 0.8880169
vn -0.3889032 0.01800816 0.9211026
vn -0.3227924 -0.1762802 0.9299088
vn -0.3889032 0.01800816 0.9211026
vn -0.2308215 0.1749848 0.957132
vn 0.3233162 -0.5072019 0.7988822
vn 0.3072249 -0.541563 0.7825102
vn 0.3437639 -0.5807015 0.7379785
vn 0.469411 -0.3609712 0.8058245
vn 0.7301196 -0.3093874 0.6092657
vn 0.5864971 -0.2242813 0.7782795
vn 0.3233162 -0.5072019 0.7988822
vn 0.3437639 -0.5807015 0.7379785
vn 0.7301196 -0.3093874 0.6092657
vn 0.5864971 -0.2242813 0.7782795
vn 0.7301196 -0.3093874 0.6092657
vn 0.8418306 -0.04429877 0.5379209
vn 0.607365 -0.3919432 0.6910054
vn 0.7301196 -0.3093874 0.6092657
vn 0.3437639 -0.5807015 0.7379785
vn 0.8418306 -0.04429877 0.5379209
vn 0.7301196 -0.3093874 0.6092657
vn 0.607365 -0.3919432 0.6910054
vn 0.1818691 -0.5270362 0.8301545
vn 0.3437639 -0.5807015 0.7379785
vn 0.3072249 -0.541563 0.7825102
vn 0.607365 -0.3919432 0.6910054
vn 0.3437639 -0.5807015 0.7379785
vn 0.1818691 -0.5270362 0.8301545
vn 0.3922816 -0.4949708 0.7753187
vn 0.2633434 -0.56263 0.7836438
vn 0.3072249 -0.541563 0.7825102
vn 0.1818691 -0.5270362 0.8301545
vn 0.3072249 -0.541563 0.7825102
vn 0.2633434 -0.56263 0.7836438
vn 0.1957387 -0.03648447 0.9799772
vn -0.01834642 -0.04753821 0.9987009
vn 0.1818691 -0.5270362 0.8301545
vn 0.1957387 -0.03648447 0.9799772
vn 0.07304775 0.1928923 0.9784971
vn 0.07304775 0.1928923 0.9784971
vn 0.3922816 -0.4949708 0.7753187
vn 0.3326966 -0.3142976 0.8891176
vn 0.2633434 -0.56263 0.7836438
vn 0.5954004 -0.255762 0.7616325
vn 0.3326966 -0.3142976 0.8891176
vn 0.3922816 -0.4949708 0.7753187
vn 0.4432775 -0.02967776 0.895893
vn 0.2633434 -0.56263 0.7836438
vn 0.3326966 -0.3142976 0.8891176
vn 0.4432775 -0.02967776 0.895893
vn 0.1957387 -0.03648447 0.9799772
vn 0.4260094 0.1922895 0.8840479
vn 0.5954004 -0.255762 0.7616325
vn 0.4546388 -0.1111673 0.8837112
vn 0.3326966 -0.3142976 0.8891176
vn 0.4546388 -0.1111673 0.8837112
vn 0.4432775 -0.02967776 0.895893
vn 0.3326966 -0.3142976 0.8891176
vn 0.5954004 -0.255762 0.7616325
vn 0.432857 0.09639895 0.8962935
vn 0.4546388 -0.1111673 0.8837112
vn 0.4546388 -0.1111673 0.8837112
vn 0.432857 0.09639895 0.8962935
vn 0.4432775 -0.02967776 0.895893
vn 0.432857 0.09639895 0.8962935
vn 0.3259827 0.4044302 0.8545007
vn 0.3213433 0.4042035 0.8563632
vn 0.432857 0.09639895 0.8962935
vn 0.3878699 0.1507713 0.9092991
vn 0.4432775 -0.02967776 0.895893
vn 0.432857 0.09639895 0.8962935
vn 0.3213433 0.4042035 0.8563632
vn 0.3878699 0.1507713 0.9092991
vn 0.3878699 0.1507713 0.9092991
vn 0.1957387 -0.03648447 0.9799772
vn 0.4432775 -0.02967776 0.895893
vn 0.02715136 -0.1657047 0.9858016
vn -0.01834642 -0.04753821 0.9987009
vn 0.1957387 -0.03648447 0.9799772
vn 0.4549585 0.4821115 0.7487198
vn 0.3770092 0.5886314 0.7151064
vn 0.3770092 0.5886314 0.7151064
vn 0.2928807 0.1025281 0.950636
vn 0.02715136 -0.1657047 0.9858016
vn 0.1957387 -0.03648447 0.9799772
vn 0.3878699 0.1507713 0.9092991
vn 0.2928807 0.1025281 0.950636
vn 0.1957387 -0.03648447 0.9799772
vn 0.210077 0.7967856 0.566569
vn 0.4549585 0.4821115 0.7487198
vn 0.210077 0.7967856 0.566569
vn 0.3878699 0.1507713 0.9092991
vn 0.3213433 0.4042035 0.8563632
vn 0.3328928 0.3565758 0.8729467
vn 0.3878699 0.1507713 0.9092991
vn 0.3328928 0.3565758 0.8729467
vn 0.2928807 0.1025281 0.950636
vn 0.2928807 0.1025281 0.950636
vn 0.3328928 0.3565758 0.8729467
vn 0.4549585 0.4821115 0.7487198
vn 0.5273869 -0.2683571 0.8061312
vn 0.6724021 -0.2142304 0.7085059
vn 0.7908794 -0.1312204 0.5977381
vn 0.67214 0.1567018 0.7236521
vn 0.4549585 0.4821115 0.7487198
vn 0.3328928 0.3565758 0.8729467
vn 0.5273869 -0.2683571 0.8061312
vn 0.7908794 -0.1312204 0.5977381
vn 0.67214 0.1567018 0.7236521
vn 0.67214 0.1567018 0.7236521
vn 0.9376405 0.1936522 0.2886678
vn 0.4549585 0.4821115 0.7487198
vn 0.9376405 0.1936522 0.2886678
vn 0.67214 0.1567018 0.7236521
vn 0.6808221 0.1553572 0.7157831
vn 0.67214 0.1567018 0.7236521
vn 0.7358633 0.07148389 0.6733463
vn 0.6808221 0.1553572 0.7157831
vn 0.67214 0.1567018 0.7236521
vn 0.7908794 -0.1312204 0.5977381
vn 0.7358633 0.07148389 0.6733463
vn 0.9376405 0.1936522 0.2886678
vn 0.8099907 0.3229549 0.4895051
vn 0.9770933 0.2127176 -0.00631945
vn 0.7358633 0.07148389 0.6733463
vn 0.7908794 -0.1312204 0.5977381
vn 0.8962997 -0.3071216 0.3198798
vn 0.9376405 0.1936522 0.2886678
vn 0.7867553 0.3055902 0.5363122
vn 0.8099907 0.3229549 0.4895051
vn 0.9376405 0.1936522 0.2886678
vn 0.9933202 0.001666935 -0.1153788
vn 0.9796152 0.1651298 0.1143955
vn 0.7867553 0.3055902 0.5363122
vn 0.9376405 0.1936522 0.2886678
vn 0.9796152 0.1651298 0.1143955
vn -0.01262495 -0.839644 0.5429904
vn 0.2020939 -0.8659653 0.4574517
vn 0.2674547 -0.8342429 0.4821895
vn 0.2714299 -0.8156813 0.5108717
vn 0.2020939 -0.8659653 0.4574517
vn -0.01262495 -0.839644 0.5429904
vn 0.7867553 0.3055902 0.5363122
vn 0.8307289 0.2396923 0.5024312
vn 0.7758629 0.2831582 0.563789
vn 0.595884 0.3971098 0.6980158
vn 0.8099907 0.3229549 0.4895051
vn 0.7867553 0.3055902 0.5363122
vn 0.595884 0.3971098 0.6980158
vn 0.4760198 0.180363 0.8607405
vn 0.8099907 0.3229549 0.4895051
vn 0.6837283 0.3588916 0.6353837
vn 0.7867553 0.3055902 0.5363122
vn 0.7758629 0.2831582 0.563789
vn -0.01262495 -0.839644 0.5429904
vn 0.3454485 -0.8092244 0.4752065
vn 0.2714299 -0.8156813 0.5108717
vn 0.6837283 0.3588916 0.6353837
vn 0.595884 0.3971098 0.6980158
vn 0.7867553 0.3055902 0.5363122
vn -0.7171742 0.3457075 0.6051012
vn -0.565017 0.3964567 0.7235867
vn -0.6524456 0.3877655 0.6511165
vn -0.7171742 0.3457075 0.6051012
vn -0.3889032 0.01800816 0.9211026
vn -0.565017 0.3964567 0.7235867
vn -0.9703789 0.1065834 0.216806
vn -0.9097437 0.1357925 0.392335
vn -0.8825349 -0.134178 0.4506976
vn -0.7679441 0.3205135 0.5545565
vn -0.6825551 0.3617471 0.6350256
vn -0.7066399 0.3663466 0.6053513
vn -0.7679441 0.3205135 0.5545565
vn -0.7171742 0.3457075 0.6051012
vn -0.6825551 0.3617471 0.6350256
vn -0.01262495 -0.839644 0.5429904
vn -0.2756684 -0.8154638 0.5089458
vn -0.3454491 -0.8092244 0.4752062
vn -0.7679441 0.3205135 0.5545565
vn -0.8849667 0.2861295 0.3673743
vn -0.7171742 0.3457075 0.6051012
vn -0.7171742 0.3457075 0.6051012
vn -0.8849667 0.2861295 0.3673743
vn -0.9097437 0.1357925 0.392335
vn -0.7679441 0.3205135 0.5545565
vn -0.9683807 0.1084547 0.2246698
vn -0.8849667 0.2861295 0.3673743
vn -0.01262495 -0.839644 0.5429904
vn -0.2270729 -0.8542297 0.4676852
vn -0.2756684 -0.8154638 0.5089458
vn -0.8825349 -0.134178 0.4506976
vn -0.9097437 0.1357925 0.392335
vn -0.6709844 -0.3781998 0.6377655
vn -0.4708399 -0.5340253 0.7022299
vn -0.8825349 -0.134178 0.4506976
vn -0.6709844 -0.3781998 0.6377655
vn -0.8849667 0.2861295 0.3673743
vn -0.9866022 0.09496878 0.1326537
vn -0.9097437 0.1357925 0.392335
vn -0.9866022 0.09496878 0.1326537
vn -0.8849667 0.2861295 0.3673743
vn -0.9683807 0.1084547 0.2246698
vn -0.9866022 0.09496878 0.1326537
vn -0.9683807 0.1084547 0.2246698
vn -0.9563017 -0.2663928 -0.1205075
vn -0.2997651 -0.8079429 0.5073156
vn -0.2270729 -0.8542297 0.4676852
vn -0.01262495 -0.839644 0.5429904
vn -0.2997651 -0.8079429 0.5073156
vn -0.2682539 -0.8967521 0.3519596
vn -0.2270729 -0.8542297 0.4676852
vn -0.4708399 -0.5340253 0.7022299
vn -0.6709844 -0.3781998 0.6377655
vn -0.3298669 -0.563096 0.757701
vn -0.4708399 -0.5340253 0.7022299
vn -0.3298669 -0.563096 0.757701
vn -0.2903282 -0.5611677 0.7751131
vn -0.33325 -0.6516724 0.6813719
vn -0.3298669 -0.563096 0.757701
vn -0.6709844 -0.3781998 0.6377655
vn -0.2903282 -0.5611677 0.7751131
vn -0.3298669 -0.563096 0.757701
vn -0.33325 -0.6516724 0.6813719
vn -0.9097437 0.1357925 0.392335
vn -0.8202764 -0.0370054 0.570769
vn -0.6709844 -0.3781998 0.6377655
vn -0.33325 -0.6516724 0.6813719
vn -0.6709844 -0.3781998 0.6377655
vn -0.3883252 -0.7252914 0.5684681
vn -0.2903282 -0.5611677 0.7751131
vn -0.33325 -0.6516724 0.6813719
vn -0.2172318 -0.734884 0.6424607
vn -0.2903282 -0.5611677 0.7751131
vn -0.2172318 -0.734884 0.6424607
vn -0.3191544 -0.4133545 0.8528063
vn -0.1957387 -0.03648405 0.9799771
vn -0.02746871 0.0857135 0.9959411
vn 0.01849181 -0.02265353 0.9995723
vn -0.1957387 -0.03648405 0.9799771
vn -0.2538002 0.1958856 0.9472139
vn -0.02746871 0.0857135 0.9959411
vn -0.3770094 0.588631 0.7151067
vn -0.3178565 0.5364447 0.7817892
vn -0.3770094 0.588631 0.7151067
vn -0.02715156 -0.1657045 0.9858016
vn -0.1957387 -0.03648405 0.9799771
vn 0.01818988 -0.0723934 0.9972103
vn -0.3910126 0.3168817 0.8641152
vn -0.3696537 0.3783944 0.8486305
vn -0.5065715 0.04353979 0.8610979
vn -0.3178565 0.5364447 0.7817892
vn -0.3696537 0.3783944 0.8486305
vn -0.3910126 0.3168817 0.8641152
vn -0.443276 -0.02967988 0.8958937
vn -0.3191544 -0.4133545 0.8528063
vn -0.2927024 -0.08421404 0.952488
vn -0.443276 -0.02967988 0.8958937
vn -0.2538002 0.1958856 0.9472139
vn -0.1957387 -0.03648405 0.9799771
vn -0.2610915 0.1611701 0.9517644
vn -0.1957387 -0.03648405 0.9799771
vn -0.02715156 -0.1657045 0.9858016
vn -0.3178565 0.5364447 0.7817892
vn -0.3910126 0.3168817 0.8641152
vn -0.2610915 0.1611701 0.9517644
vn -0.3910126 0.3168817 0.8641152
vn -0.5065715 0.04353979 0.8610979
vn -0.7428515 -0.06649598 0.6661456
vn -0.6316394 0.2018915 0.7485129
vn -0.7428515 -0.06649598 0.6661456
vn -0.6581609 0.1975614 0.7264941
vn -0.3917764 0.1348516 0.9101244
vn -0.1957387 -0.03648405 0.9799771
vn -0.2610915 0.1611701 0.9517644
vn -0.3917764 0.1348516 0.9101244
vn -0.443276 -0.02967988 0.8958937
vn -0.1957387 -0.03648405 0.9799771
vn -0.2610915 0.1611701 0.9517644
vn -0.3910126 0.3168817 0.8641152
vn -0.3089977 0.40191 0.8619679
vn -0.3708566 -0.4487216 0.8130894
vn -0.7428515 -0.06649598 0.6661456
vn -0.6724023 -0.2142299 0.708506
vn -0.2610915 0.1611701 0.9517644
vn -0.3089977 0.40191 0.8619679
vn -0.3917764 0.1348516 0.9101244
vn -0.3917764 0.1348516 0.9101244
vn -0.3211725 0.4077664 0.8547367
vn -0.3298396 0.3858506 0.8615829
vn -0.4546375 -0.1111708 0.8837114
vn -0.3191544 -0.4133545 0.8528063
vn -0.443276 -0.02967988 0.8958937
vn -0.3191544 -0.4133545 0.8528063
vn -0.4546375 -0.1111708 0.8837114
vn -0.3680868 -0.3293515 0.8695055
vn -0.4561108 0.005567625 0.8899056
vn -0.443276 -0.02967988 0.8958937
vn -0.3917764 0.1348516 0.9101244
vn -0.443276 -0.02967988 0.8958937
vn -0.4561108 0.005567625 0.8899056
vn -0.4546375 -0.1111708 0.8837114
vn -0.3917764 0.1348516 0.9101244
vn -0.3298396 0.3858506 0.8615829
vn -0.4561108 0.005567625 0.8899056
vn -0.4561108 0.005567625 0.8899056
vn -0.3680868 -0.3293515 0.8695055
vn -0.4546375 -0.1111708 0.8837114
vn -0.6316394 0.2018915 0.7485129
vn -0.6968895 0.09041617 0.7114562
vn -0.7428515 -0.06649598 0.6661456
vn -0.7838275 -0.05957462 0.6181143
vn -0.7428515 -0.06649598 0.6661456
vn -0.6968895 0.09041617 0.7114562
vn -0.7838275 -0.05957462 0.6181143
vn -0.9039483 -0.3438144 0.2543013
vn -0.7428515 -0.06649598 0.6661456
vn -0.9039483 -0.3438144 0.2543013
vn -0.9640195 -0.1327857 0.2302922
vn -0.7428515 -0.06649598 0.6661456
vn -0.685882 0.1207417 0.7176262
vn -0.6968895 0.09041617 0.7114562
vn -0.6316394 0.2018915 0.7485129
vn -0.73972 0.01566031 0.6727325
vn -0.7838275 -0.05957462 0.6181143
vn -0.6968895 0.09041617 0.7114562
vn -0.73972 0.01566031 0.6727325
vn -0.6968895 0.09041617 0.7114562
vn -0.685882 0.1207417 0.7176262
vn -0.685882 0.1207417 0.7176262
vn -0.6316394 0.2018915 0.7485129
vn -0.6290324 0.2116069 0.7480246
vn -0.2024145 0.3523759 0.9137065
vn -0.6290324 0.2116069 0.7480246
vn -0.6316394 0.2018915 0.7485129
vn -0.2024145 0.3523759 0.9137065
vn -0.2193244 0.4497463 0.865809
vn -0.2240505 0.4499849 0.8644738
vn 0.02652988 -0.4300219 0.9024286
vn -0.3910934 -0.3877664 0.8346756
vn -0.1037565 -0.4336594 0.8950833
vn 0.02652988 -0.4300219 0.9024286
vn -0.1037565 -0.4336594 0.8950833
vn 0.05818737 0.0542037 0.9968331
vn 0.004882896 0.3470646 0.9378285
vn -0.2024145 0.3523759 0.9137065
vn -0.2240505 0.4499849 0.8644738
vn 0.004882896 0.3470646 0.9378285
vn 0.05818737 0.0542037 0.9968331
vn -0.2024145 0.3523759 0.9137065
vn -0.4106246 -0.6496155 0.6398337
vn -0.2997651 -0.8079429 0.5073156
vn -0.01262495 -0.839644 0.5429904
vn 0.410624 -0.6496162 0.6398333
vn 0.367377 -0.6980851 0.6145822
vn 0.410624 -0.6496162 0.6398333
vn 0.01826925 0.3058443 0.9519062
vn 0.05818737 0.0542037 0.9968331
vn 0.311108 0.2147616 0.9257912
vn -0.01262495 -0.839644 0.5429904
vn 0.2674547 -0.8342429 0.4821895
vn 0.367377 -0.6980851 0.6145822
vn 0.01826925 0.3058443 0.9519062
vn 0.1167275 0.2118234 0.9703121
vn 0.05818737 0.0542037 0.9968331
vn 0.02652988 -0.4300219 0.9024286
vn 0.05818737 0.0542037 0.9968331
vn 0.1167275 0.2118234 0.9703121
vn 0.1167275 0.2118234 0.9703121
vn 0.2191297 0.4503597 0.8655393
vn 0.5057076 0.3005511 0.8086587
vn 0.1167275 0.2118234 0.9703121
vn 0.5057076 0.3005511 0.8086587
vn 0.4950047 -0.241856 0.8345515
vn 0.02652988 -0.4300219 0.9024286
vn 0.2812175 -0.5657608 0.7751333
vn 0.4950047 -0.241856 0.8345515
vn 0.6856234 0.1216302 0.7177232
vn 0.4950047 -0.241856 0.8345515
vn 0.5057076 0.3005511 0.8086587
vn 0.6856234 0.1216302 0.7177232
vn 0.6808221 0.1553572 0.7157831
vn 0.7358633 0.07148389 0.6733463
vn -0.4362873 -0.7543182 0.4905685
vn -0.5506747 -0.639057 0.5369949
vn -0.344931 -0.6319386 0.6940289
vn 0.02652988 -0.4300219 0.9024286
vn -0.4402315 -0.289405 0.8499653
vn -0.3910934 -0.3877664 0.8346756
vn -0.4362873 -0.7543182 0.4905685
vn -0.3910934 -0.3877664 0.8346756
vn -0.4402315 -0.289405 0.8499653
vn -0.5770087 -0.7463231 0.3317572
vn -0.5506747 -0.639057 0.5369949
vn -0.4362873 -0.7543182 0.4905685
vn 0.3459668 -0.8181456 0.4592873
vn 0.3459668 -0.8181456 0.4592873
vn 0.3459668 -0.8181456 0.4592873
vn -0.4362873 -0.7543182 0.4905685
vn -0.1415005 -0.9514493 0.2733531
vn -0.1758792 -0.883015 0.4351446
vn -0.1758792 -0.883015 0.4351446
vn -0.06170755 -0.9501199 0.3057194
vn -0.173993 -0.830955 0.5284318
vn -0.4362873 -0.7543182 0.4905685
vn -0.3119574 -0.880084 0.3579592
vn -0.5770087 -0.7463231 0.3317572
vn -0.1320935 0.9769938 0.167435
vn -0.1320935 0.9769938 0.167435
vn -0.1320935 0.9769938 0.167435
vn -0.4362873 -0.7543182 0.4905685
vn -0.1758792 -0.883015 0.4351446
vn -0.3119574 -0.880084 0.3579592
vn -0.1603083 0.06816258 0.9847107
vn -0.5441001 0.1189634 0.8305437
vn -0.1603083 0.06816258 0.9847107
vn -0.5720586 0.2848716 0.7691535
vn -0.5441001 0.1189634 0.8305437
vn -0.5725555 0.2031453 0.7942998
vn -0.2282916 -0.8223343 0.5211998
vn -0.2282916 -0.8223343 0.5211998
vn -0.2282916 -0.8223343 0.5211998
vn 0.02652988 -0.4300219 0.9024286
vn 0.4950047 -0.241856 0.8345515
vn 0.440167 -0.289624 0.8499241
vn -0.1758792 -0.883015 0.4351446
vn -0.173993 -0.830955 0.5284318
vn 0.01303587 -0.7969907 0.6038509
vn 0.01303587 -0.7969907 0.6038509
vn 0.02652988 -0.4300219 0.9024286
vn 0.1608802 -0.8381876 0.5211134
vn -0.5720586 0.2848716 0.7691535
vn -0.3712911 0.3891399 0.843038
vn -0.5441001 0.1189634 0.8305437
vn -0.2834265 0.4373792 0.8534453
vn -0.3712911 0.3891399 0.843038
vn -0.2834265 0.4373792 0.8534453
vn -0.5273836 -0.1626828 0.833907
vn -0.5618898 -0.2294622 0.7947496
vn -0.6476792 -0.1439168 0.7481976
vn -0.637351 -0.3836246 0.6682932
vn -0.5618898 -0.2294622 0.7947496
vn -0.5441001 0.1189634 0.8305437
vn 0.4891866 -0.6958397 0.525836
vn 0.440167 -0.289624 0.8499241
vn 0.4950047 -0.241856 0.8345515
vn 0.4891866 -0.6958397 0.525836
vn 0.4950047 -0.241856 0.8345515
vn 0.5506907 -0.6390407 0.5369979
vn -0.6646249 -0.1290813 0.7359427
vn -0.6476792 -0.1439168 0.7481976
vn -0.5618898 -0.2294622 0.7947496
vn -0.6646249 -0.1290813 0.7359427
vn -0.9039483 -0.3438144 0.2543013
vn -0.6476792 -0.1439168 0.7481976
vn 0.01303587 -0.7969907 0.6038509
vn 0.1608802 -0.8381876 0.5211134
vn 0.1613235 -0.9336971 0.3196628
vn 0.1613235 -0.9336971 0.3196628
vn 0.14157 -0.9514052 0.2734706
vn 0.14157 -0.9514052 0.2734706
vn -0.637351 -0.3836246 0.6682932
vn -0.4637795 -0.1598821 0.8714048
vn -0.5618898 -0.2294622 0.7947496
vn -0.4637795 -0.1598821 0.8714048
vn -0.6646249 -0.1290813 0.7359427
vn -0.5618898 -0.2294622 0.7947496
vn 0.57702 -0.7463136 0.3317589
vn 0.4891866 -0.6958397 0.525836
vn 0.5506907 -0.6390407 0.5369979
vn 0.57702 -0.7463136 0.3317589
vn 0.3119624 -0.8800833 0.3579564
vn 0.4891866 -0.6958397 0.525836
vn 0.1613235 -0.9336971 0.3196628
vn 0.4891866 -0.6958397 0.525836
vn 0.3119624 -0.8800833 0.3579564
vn -0.3459666 -0.8181487 0.459282
vn -0.3459666 -0.8181487 0.459282
vn -0.3459666 -0.8181487 0.459282
vn 0.1320938 0.9769937 0.1674355
vn 0.1320938 0.9769937 0.1674355
vn 0.1320938 0.9769937 0.1674355
vn 0.7397156 0.01566135 0.6727374
vn 0.6856234 0.1216302 0.7177232
vn 0.7358633 0.07148389 0.6733463
vn 0.5720899 0.2848307 0.7691454
vn 0.5725853 0.203123 0.794284
vn 0.447792 0.2189301 0.866921
vn 0.1603076 0.06815343 0.9847114
vn 0.1603076 0.06815343 0.9847114
vn 0.447792 0.2189301 0.866921
vn 0.7397156 0.01566135 0.6727374
vn 0.7358633 0.07148389 0.6733463
vn 0.8208644 -0.1426478 0.5530221
vn 0.2282884 -0.8223364 0.521198
vn 0.2282884 -0.8223364 0.521198
vn 0.2282884 -0.8223364 0.521198
vn 0.7358633 0.07148389 0.6733463
vn 0.8962997 -0.3071216 0.3198798
vn 0.8208644 -0.1426478 0.5530221
vn 0.09749554 0.3911847 0.9151335
vn 0.2834052 0.4373631 0.8534607
vn 0.3712959 0.3891252 0.8430426
vn 0.5720899 0.2848307 0.7691454
vn 0.447792 0.2189301 0.866921
vn 0.3712959 0.3891252 0.8430426
vn 0.6508268 -0.1763706 0.7384565
vn 0.5273814 -0.16268 0.833909
vn 0.7011225 -0.2478515 0.6685783
vn 0.8962997 -0.3071216 0.3198798
vn 0.7011225 -0.2478515 0.6685783
vn 0.8208644 -0.1426478 0.5530221
vn 0.6373508 -0.3836213 0.6682953
vn 0.6508268 -0.1763706 0.7384565
vn 0.7011225 -0.2478515 0.6685783
vn 0.09749554 0.3911847 0.9151335
vn 0.3712959 0.3891252 0.8430426
vn -8.306371E-07 0.3611673 0.9325011
vn 0.09749554 0.3911847 0.9151335
vn -8.306371E-07 0.3611673 0.9325011
vn -0.3712911 0.3891399 0.843038
vn 1.462132E-06 -0.3355125 0.9420357
vn -0.3129436 -0.4728482 0.8236995
vn -0.269109 -0.4153077 0.8689648
vn 1.462132E-06 -0.3355125 0.9420357
vn 0.2691116 -0.4153074 0.8689642
vn 0.3129462 -0.4728474 0.823699
vn 1.462132E-06 -0.3355125 0.9420357
vn -0.4637795 -0.1598821 0.8714048
vn -0.3129436 -0.4728482 0.8236995
vn 1.147001E-06 -0.2898281 0.9570787
vn -0.4637795 -0.1598821 0.8714048
vn 1.462132E-06 -0.3355125 0.9420357
vn 1.462132E-06 -0.3355125 0.9420357
vn 0.3129462 -0.4728474 0.823699
vn 0.3989321 -0.1802636 0.8990874
vn 0.6373508 -0.3836213 0.6682953
vn 0.7011225 -0.2478515 0.6685783
vn 0.3989321 -0.1802636 0.8990874
vn 0.3989321 -0.1802636 0.8990874
vn 1.147001E-06 -0.2898281 0.9570787
vn 1.462132E-06 -0.3355125 0.9420357
vn 0.8962997 -0.3071216 0.3198798
vn 0.7657527 0.01524084 0.6429546
vn 0.7011225 -0.2478515 0.6685783
vn 0.8962997 -0.3071216 0.3198798
vn 0.7362391 -0.6425397 0.2123553
vn 0.7205316 -0.6259191 0.2984282
vn 0.4444679 0.1290456 0.8864511
vn 0.4816177 -0.1726874 0.8591993
vn 0.3989321 -0.1802636 0.8990874
vn 0.7011225 -0.2478515 0.6685783
vn 0.7657527 0.01524084 0.6429546
vn 0.4816177 -0.1726874 0.8591993
vn 0.3989321 -0.1802636 0.8990874
vn 0.4816177 -0.1726874 0.8591993
vn 1.147001E-06 -0.2898281 0.9570787
vn 0.7362391 -0.6425397 0.2123553
vn 0.5293846 -0.6288275 0.569498
vn 0.7205316 -0.6259191 0.2984282
vn 0.4816177 -0.1726874 0.8591993
vn 0.7205316 -0.6259191 0.2984282
vn 0.5293846 -0.6288275 0.569498
vn 1.147001E-06 -0.2898281 0.9570787
vn 0.4816177 -0.1726874 0.8591993
vn 0.5293846 -0.6288275 0.569498
vn 0.1517845 -0.9763003 0.1542697
vn 3.119431E-07 -0.9877447 0.156078
vn 0.04930878 -0.9923909 0.1128226
vn 1.147001E-06 -0.2898281 0.9570787
vn 0.148271 -0.6039928 0.7830763
vn 4.068281E-07 -0.6107434 0.7918286
vn 1.147001E-06 -0.2898281 0.9570787
vn -0.4833323 0.1373405 0.8645967
vn -0.4637795 -0.1598821 0.8714048
vn -0.4637795 -0.1598821 0.8714048
vn -0.4833323 0.1373405 0.8645967
vn -0.6646249 -0.1290813 0.7359427
vn 1.147001E-06 -0.2898281 0.9570787
vn 4.068281E-07 -0.6107434 0.7918286
vn -0.3408098 -0.5526653 0.7605326
vn 1.147001E-06 -0.2898281 0.9570787
vn -0.3408098 -0.5526653 0.7605326
vn -0.4349741 -0.5174429 0.7369196
vn -0.4349741 -0.5174429 0.7369196
vn -0.3408098 -0.5526653 0.7605326
vn -0.6646249 -0.1290813 0.7359427
vn -0.3242994 -0.9318565 0.1627066
vn -0.3613955 -0.9209276 0.1458955
vn 3.119431E-07 -0.9877447 0.156078
vn -0.3242994 -0.9318565 0.1627066
vn -0.7176453 -0.6859809 0.120065
vn -0.3613955 -0.9209276 0.1458955
vn -0.9039483 -0.3438144 0.2543013
vn -0.7176453 -0.6859809 0.120065
vn -0.7897675 -0.6088421 0.07468992
vn -0.9039483 -0.3438144 0.2543013
vn -0.9634633 -0.2488105 -0.09915538
vn -0.9496641 -0.3131701 0.007916044
vn -0.9039483 -0.3438144 0.2543013
vn -0.9496641 -0.3131701 0.007916044
vn -0.9640195 -0.1327857 0.2302922
vn -0.9634633 -0.2488105 -0.09915538
vn -0.8696923 -0.4666802 -0.1607635
vn -0.9496641 -0.3131701 0.007916044
vn -0.9634633 -0.2488105 -0.09915538
vn -0.9147847 -0.1936393 -0.3545035
vn -0.8696923 -0.4666802 -0.1607635
vn -0.9640195 -0.1327857 0.2302922
vn -0.9496641 -0.3131701 0.007916044
vn -0.9648449 -0.1380277 0.2236575
vn -0.9496641 -0.3131701 0.007916044
vn -0.8696923 -0.4666802 -0.1607635
vn -0.7200431 -0.6630993 -0.2045412
vn -0.9648449 -0.1380277 0.2236575
vn -0.9487007 -0.186632 0.2552167
vn -0.9640195 -0.1327857 0.2302922
vn 0.03898159 -0.947825 -0.3163989
vn 0.3173027 -0.8633775 -0.3922989
vn 0.02238953 -0.7785155 -0.627226
vn -0.2692282 -0.4789184 -0.8355557
vn 0.02238953 -0.7785155 -0.627226
vn 0.03059203 -0.6775755 -0.7348167
vn -0.8696923 -0.4666802 -0.1607635
vn -0.4662727 -0.8443944 -0.2637948
vn -0.7200431 -0.6630993 -0.2045412
vn 0.03898159 -0.947825 -0.3163989
vn -0.3786807 -0.8381472 -0.3925687
vn -0.4662727 -0.8443944 -0.2637948
vn -0.9511743 -0.0577402 0.3032057
vn -0.9511743 -0.0577402 0.3032057
vn -0.9487007 -0.186632 0.2552167
vn -0.3858302 -0.5487674 -0.7416127
vn -0.4662727 -0.8443944 -0.2637948
vn -0.3786807 -0.8381472 -0.3925687
vn -0.3858302 -0.5487674 -0.7416127
vn 0.02238953 -0.7785155 -0.627226
vn -0.2692282 -0.4789184 -0.8355557
vn -0.9487007 -0.186632 0.2552167
vn -0.9574933 -0.05483224 0.2831962
vn -0.9574933 -0.05483224 0.2831962
vn -0.2692282 -0.4789184 -0.8355557
vn -0.387252 -0.2306964 -0.892645
vn -0.3858302 -0.5487674 -0.7416127
vn -0.9487007 -0.186632 0.2552167
vn -0.9284894 -0.1680186 0.3311753
vn -0.9284894 -0.1680186 0.3311753
vn -0.2692282 -0.4789184 -0.8355557
vn -0.4373748 -0.2460047 -0.8649769
vn -0.387252 -0.2306964 -0.892645
vn 0.6182652 0.1770718 -0.7657636
vn 0.6224628 0.2579017 -0.7389362
vn 0.5986329 0.01624169 -0.8008589
vn -0.5765692 0.4774104 -0.6630591
vn -0.4845577 0.5342643 -0.6926512
vn -0.5765692 0.4774104 -0.6630591
vn -0.9487007 -0.186632 0.2552167
vn -0.9300502 -0.2388515 0.279207
vn -0.9373865 -0.2701471 0.2198346
vn -0.9640195 -0.1327857 0.2302922
vn -0.9487007 -0.186632 0.2552167
vn -0.9352084 -0.2636477 0.2363791
vn -0.4060958 0.4857361 0.7740456
vn -0.4375941 0.2629621 0.8598619
vn -0.4060958 0.4857361 0.7740456
vn 0.6182652 0.1770718 -0.7657636
vn 0.6950114 0.5528342 -0.4597102
vn 0.6224628 0.2579017 -0.7389362
vn -0.3864532 0.5844002 -0.7135337
vn -0.3864532 0.5844002 -0.7135337
vn -0.4845577 0.5342643 -0.6926512
vn -0.9487007 -0.186632 0.2552167
vn -0.9373865 -0.2701471 0.2198346
vn -0.9271869 -0.296364 0.2291131
vn -0.9487007 -0.186632 0.2552167
vn -0.9271869 -0.296364 0.2291131
vn -0.9352084 -0.2636477 0.2363791
vn -0.3750675 0.9269114 -0.01264042
vn -0.3448993 0.9385983 -0.008813205
vn -0.3750675 0.9269114 -0.01264042
vn -0.2878844 0.6973084 0.6564173
vn -0.4060958 0.4857361 0.7740456
vn -0.4060958 0.4857361 0.7740456
vn 0.8134834 0.5528868 -0.1804464
vn 0.8134834 0.5528868 -0.1804464
vn 0.8613146 0.5000359 -0.09000729
vn 0.8134834 0.5528868 -0.1804464
vn 0.6950114 0.5528342 -0.4597102
vn 0.8134834 0.5528868 -0.1804464
vn -0.3143651 0.9492891 -0.004976633
vn -0.3143651 0.9492891 -0.004976633
vn -0.3448993 0.9385983 -0.008813205
vn -0.2878844 0.6973084 0.6564173
vn -0.2234382 0.71117 0.6665679
vn -0.2234382 0.71117 0.6665679
vt 0.2538462 0.02047472
vt 0.268266 0.006396994
vt 0.2741634 0.008423799
vt 0.2538462 0.02047472
vt 0.2741634 0.008423799
vt 0.2593958 0.02592025
vt 0.2247144 0.04340448
vt 0.2538462 0.02047472
vt 0.2593958 0.02592025
vt 0.2741634 0.008423799
vt 0.3096937 0.04307481
vt 0.2593958 0.02592025
vt 0.2741634 0.008423799
vt 0.3170806 0.03215938
vt 0.3096937 0.04307481
vt 0.3203039 0.04874011
vt 0.3096937 0.04307481
vt 0.3170806 0.03215938
vt 0.3203039 0.04874011
vt 0.3170806 0.03215938
vt 0.3258106 0.0368723
vt 0.3096937 0.04307481
vt 0.3203039 0.04874011
vt 0.3140672 0.06837644
vt 0.3096937 0.04307481
vt 0.3140672 0.06837644
vt 0.2593958 0.02592025
vt 0.3258106 0.0368723
vt 0.3321837 0.05197566
vt 0.3203039 0.04874011
vt 0.3258106 0.0368723
vt 0.3374341 0.04314809
vt 0.3321837 0.05197566
vt 0.3506325 0.05753106
vt 0.3321837 0.05197566
vt 0.3374341 0.04314809
vt 0.3506325 0.05753106
vt 0.3374341 0.04314809
vt 0.3550158 0.04852034
vt 0.2247144 0.04340448
vt 0.2593958 0.02592025
vt 0.2309654 0.05079134
vt 0.2049544 0.05154563
vt 0.2247144 0.04340448
vt 0.2309654 0.05079134
vt 0.3506325 0.06479582
vt 0.3321837 0.05197566
vt 0.3506325 0.05753106
vt 0.3506325 0.06479582
vt 0.3319787 0.06255161
vt 0.3321837 0.05197566
vt 0.3550158 0.04852034
vt 0.3756744 0.06105965
vt 0.3506325 0.05753106
vt 0.3550158 0.04852034
vt 0.3770542 0.05408794
vt 0.3756744 0.06105965
vt 0.3992391 0.06262249
vt 0.3756744 0.06105965
vt 0.3770542 0.05408794
vt 0.2049544 0.05154563
vt 0.2309654 0.05079134
vt 0.2088207 0.05674141
vt 0.1750868 0.05333092
vt 0.2049544 0.05154563
vt 0.2088207 0.05674141
vt 0.3486181 0.07076633
vt 0.3319787 0.06255161
vt 0.3506325 0.06479582
vt 0.3486181 0.07076633
vt 0.3344597 0.07749046
vt 0.3319787 0.06255161
vt 0.3506325 0.05753106
vt 0.3747958 0.06822671
vt 0.3506325 0.06479582
vt 0.3506325 0.05753106
vt 0.3756744 0.06105965
vt 0.3747958 0.06822671
vt 0.3506325 0.06479582
vt 0.3738187 0.07533275
vt 0.3486181 0.07076633
vt 0.3506325 0.06479582
vt 0.3747958 0.06822671
vt 0.3738187 0.07533275
vt 0.3487889 0.08036315
vt 0.3344597 0.07749046
vt 0.3486181 0.07076633
vt 0.3487889 0.08036315
vt 0.3486181 0.07076633
vt 0.3738187 0.07533275
vt 0.3487889 0.08036315
vt 0.3738187 0.07533275
vt 0.3731228 0.08220677
vt 0.397652 0.08000905
vt 0.3731228 0.08220677
vt 0.3738187 0.07533275
vt 0.3487889 0.08036315
vt 0.3440117 0.07965191
vt 0.3344597 0.07749046
vt 0.397652 0.08000905
vt 0.3738187 0.07533275
vt 0.3960768 0.07639501
vt 0.3960768 0.07639501
vt 0.3738187 0.07533275
vt 0.3747958 0.06822671
vt 0.4025235 0.07148672
vt 0.397652 0.08000905
vt 0.3960768 0.07639501
vt 0.3960768 0.07639501
vt 0.3747958 0.06822671
vt 0.3987509 0.07113262
vt 0.4025235 0.07148672
vt 0.3960768 0.07639501
vt 0.3987509 0.07113262
vt 0.3756744 0.06105965
vt 0.3987509 0.07113262
vt 0.3747958 0.06822671
vt 0.3992391 0.06262249
vt 0.4025235 0.07148672
vt 0.3987509 0.07113262
vt 0.3992391 0.06262249
vt 0.3965776 0.06569932
vt 0.3756744 0.06105965
vt 0.3992391 0.06262249
vt 0.3987509 0.07113262
vt 0.3965776 0.06569932
vt 0.3756744 0.06105965
vt 0.3965776 0.06569932
vt 0.3987509 0.07113262
vt 0.3440117 0.07965191
vt 0.3573356 0.1031341
vt 0.3344597 0.07749046
vt 0.3440117 0.07965191
vt 0.3629644 0.09413563
vt 0.3573356 0.1031341
vt 0.3784583 0.1145258
vt 0.3573356 0.1031341
vt 0.3629644 0.09413563
vt 0.3784583 0.1145258
vt 0.3629644 0.09413563
vt 0.3832935 0.1077616
vt 0.403647 0.1275901
vt 0.3784583 0.1145258
vt 0.3832935 0.1077616
vt 0.3344597 0.07749046
vt 0.3573356 0.1031341
vt 0.3549915 0.1086529
vt 0.3784583 0.1145258
vt 0.3549915 0.1086529
vt 0.3573356 0.1031341
vt 0.3344597 0.07749046
vt 0.3549915 0.1086529
vt 0.3198521 0.08671214
vt 0.3140672 0.06837644
vt 0.3344597 0.07749046
vt 0.3198521 0.08671214
vt 0.3140672 0.06837644
vt 0.3198521 0.08671214
vt 0.3109389 0.08057071
vt 0.3159574 0.1008021
vt 0.3109389 0.08057071
vt 0.3198521 0.08671214
vt 0.3140672 0.06837644
vt 0.3109389 0.08057071
vt 0.2593958 0.02592025
vt 0.3198521 0.08671214
vt 0.3549915 0.1086529
vt 0.351426 0.1135612
vt 0.3198521 0.08671214
vt 0.351426 0.1135612
vt 0.3159574 0.1008021
vt 0.3159574 0.1008021
vt 0.3029013 0.08946674
vt 0.3109389 0.08057071
vt 0.2593958 0.02592025
vt 0.3109389 0.08057071
vt 0.3029013 0.08946674
vt 0.403647 0.1275901
vt 0.3992391 0.1296413
vt 0.3784583 0.1145258
vt 0.403647 0.1275901
vt 0.3980917 0.1365398
vt 0.3992391 0.1296413
vt 0.3784583 0.1145258
vt 0.3992391 0.1296413
vt 0.3980917 0.1365398
vt 0.403647 0.1275901
vt 0.4020229 0.1392015
vt 0.3980917 0.1365398
vt 0.3784583 0.1145258
vt 0.3743439 0.1212533
vt 0.3549915 0.1086529
vt 0.3784583 0.1145258
vt 0.3980917 0.1365398
vt 0.3743439 0.1212533
vt 0.4020229 0.1392015
vt 0.3924018 0.1400684
vt 0.3980917 0.1365398
vt 0.3924018 0.1400684
vt 0.3743439 0.1212533
vt 0.3980917 0.1365398
vt 0.4020229 0.1392015
vt 0.39206 0.1447325
vt 0.3924018 0.1400684
vt 0.3549915 0.1086529
vt 0.3743439 0.1212533
vt 0.3697162 0.1277977
vt 0.3924018 0.1400684
vt 0.3697162 0.1277977
vt 0.3743439 0.1212533
vt 0.39206 0.1447325
vt 0.3697162 0.1277977
vt 0.3924018 0.1400684
vt 0.3549915 0.1086529
vt 0.3697162 0.1277977
vt 0.351426 0.1135612
vt 0.39206 0.1447325
vt 0.3656626 0.1344153
vt 0.3697162 0.1277977
vt 0.351426 0.1135612
vt 0.3697162 0.1277977
vt 0.3656626 0.1344153
vt 0.351426 0.1135612
vt 0.3656626 0.1344153
vt 0.3466645 0.1234999
vt 0.3308448 0.1123891
vt 0.351426 0.1135612
vt 0.3466645 0.1234999
vt 0.3308448 0.1123891
vt 0.3159574 0.1008021
vt 0.351426 0.1135612
vt 0.3308448 0.1123891
vt 0.3333926 0.1369793
vt 0.3159574 0.1008021
vt 0.3308448 0.1123891
vt 0.3444788 0.1322664
vt 0.3333926 0.1369793
vt 0.3444788 0.1322664
vt 0.3508157 0.1578213
vt 0.3333926 0.1369793
vt 0.3444788 0.1322664
vt 0.3584959 0.1538042
vt 0.3508157 0.1578213
vt 0.3637458 0.1796765
vt 0.3508157 0.1578213
vt 0.3584959 0.1538042
vt 0.3637458 0.1796765
vt 0.3584959 0.1538042
vt 0.3688983 0.1791759
vt 0.3622441 0.1894198
vt 0.3637458 0.1796765
vt 0.3688983 0.1791759
vt 0.3333926 0.1369793
vt 0.3508157 0.1578213
vt 0.3430991 0.1631446
vt 0.3430991 0.1631446
vt 0.3508157 0.1578213
vt 0.3637458 0.1796765
vt 0.3276784 0.1406544
vt 0.3159574 0.1008021
vt 0.3333926 0.1369793
vt 0.3333926 0.1369793
vt 0.3430991 0.1631446
vt 0.3276784 0.1406544
vt 0.3622441 0.1894198
vt 0.3600338 0.1857325
vt 0.3637458 0.1796765
vt 0.3430991 0.1631446
vt 0.3637458 0.1796765
vt 0.3600338 0.1857325
vt 0.3530869 0.1866971
vt 0.3600338 0.1857325
vt 0.3622441 0.1894198
vt 0.3430991 0.1631446
vt 0.3600338 0.1857325
vt 0.3530869 0.1866971
vt 0.3530869 0.1866971
vt 0.3622441 0.1894198
vt 0.3509136 0.1913978
vt 0.3430991 0.1631446
vt 0.3530869 0.1866971
vt 0.3364816 0.167711
vt 0.3364816 0.167711
vt 0.3530869 0.1866971
vt 0.3509136 0.1913978
vt 0.3276784 0.1406544
vt 0.3430991 0.1631446
vt 0.3364816 0.167711
vt 0.3364816 0.167711
vt 0.3509136 0.1913978
vt 0.3302791 0.1726071
vt 0.3217078 0.1443418
vt 0.3364816 0.167711
vt 0.3302791 0.1726071
vt 0.3276784 0.1406544
vt 0.3364816 0.167711
vt 0.3217078 0.1443418
vt 0.3276784 0.1406544
vt 0.3217078 0.1443418
vt 0.2944641 0.1208606
vt 0.3217078 0.1443418
vt 0.3302791 0.1726071
vt 0.3135027 0.1531083
vt 0.301088 0.1342688
vt 0.3217078 0.1443418
vt 0.3135027 0.1531083
vt 0.301088 0.1342688
vt 0.2944641 0.1208606
vt 0.3217078 0.1443418
vt 0.3276784 0.1406544
vt 0.3027341 0.1064552
vt 0.3159574 0.1008021
vt 0.3276784 0.1406544
vt 0.2944641 0.1208606
vt 0.3027341 0.1064552
vt 0.3027341 0.1064552
vt 0.3029013 0.08946674
vt 0.3159574 0.1008021
vt 0.3027341 0.1064552
vt 0.2957377 0.09739564
vt 0.3029013 0.08946674
vt 0.2944641 0.1208606
vt 0.2957377 0.09739564
vt 0.3027341 0.1064552
vt 0.2593958 0.02592025
vt 0.3029013 0.08946674
vt 0.2957377 0.09739564
vt 0.2593958 0.02592025
vt 0.2957377 0.09739564
vt 0.2843326 0.1051085
vt 0.2944641 0.1208606
vt 0.2843326 0.1051085
vt 0.2957377 0.09739564
vt 0.2843326 0.1051085
vt 0.2944641 0.1208606
vt 0.2733026 0.125838
vt 0.2593958 0.02592025
vt 0.2843326 0.1051085
vt 0.2309654 0.05079134
vt 0.2966658 0.1539874
vt 0.2944641 0.1208606
vt 0.301088 0.1342688
vt 0.2733026 0.125838
vt 0.2944641 0.1208606
vt 0.2966658 0.1539874
vt 0.2966658 0.1539874
vt 0.301088 0.1342688
vt 0.3080942 0.1497873
vt 0.2843326 0.1051085
vt 0.2687179 0.1154659
vt 0.2309654 0.05079134
vt 0.2843326 0.1051085
vt 0.2733026 0.125838
vt 0.2687179 0.1154659
vt 0.3080942 0.1497873
vt 0.306922 0.1768195
vt 0.2966658 0.1539874
vt 0.3080942 0.1497873
vt 0.3150168 0.1752444
vt 0.306922 0.1768195
vt 0.3180815 0.2015074
vt 0.306922 0.1768195
vt 0.3150168 0.1752444
vt 0.2309654 0.05079134
vt 0.2687179 0.1154659
vt 0.2354831 0.1093
vt 0.2309654 0.05079134
vt 0.2354831 0.1093
vt 0.2088207 0.05674141
vt 0.3180815 0.2015074
vt 0.3138205 0.200726
vt 0.306922 0.1768195
vt 0.3180815 0.2015074
vt 0.3087291 0.2051703
vt 0.3138205 0.200726
vt 0.306922 0.1768195
vt 0.3138205 0.200726
vt 0.3087291 0.2051703
vt 0.3180815 0.2015074
vt 0.3100234 0.209053
vt 0.3087291 0.2051703
vt 0.2966658 0.1539874
vt 0.306922 0.1768195
vt 0.2990835 0.1797131
vt 0.306922 0.1768195
vt 0.3087291 0.2051703
vt 0.2990835 0.1797131
vt 0.3100234 0.209053
vt 0.3024287 0.2046697
vt 0.3087291 0.2051703
vt 0.3100234 0.209053
vt 0.299584 0.2081617
vt 0.3024287 0.2046697
vt 0.2917333 0.1823871
vt 0.3087291 0.2051703
vt 0.3024287 0.2046697
vt 0.299584 0.2081617
vt 0.2917333 0.1823871
vt 0.3024287 0.2046697
vt 0.2917333 0.1823871
vt 0.2990835 0.1797131
vt 0.3087291 0.2051703
vt 0.299584 0.2081617
vt 0.2849688 0.185757
vt 0.2917333 0.1823871
vt 0.2966658 0.1539874
vt 0.2990835 0.1797131
vt 0.2903292 0.1574672
vt 0.2903292 0.1574672
vt 0.2990835 0.1797131
vt 0.2917333 0.1823871
vt 0.2733026 0.125838
vt 0.2966658 0.1539874
vt 0.2903292 0.1574672
vt 0.283968 0.1598236
vt 0.2917333 0.1823871
vt 0.2849688 0.185757
vt 0.2903292 0.1574672
vt 0.2917333 0.1823871
vt 0.283968 0.1598236
vt 0.2733026 0.125838
vt 0.2903292 0.1574672
vt 0.283968 0.1598236
vt 0.283968 0.1598236
vt 0.2849688 0.185757
vt 0.2736994 0.1653057
vt 0.2613555 0.144354
vt 0.283968 0.1598236
vt 0.2736994 0.1653057
vt 0.2613555 0.144354
vt 0.2733026 0.125838
vt 0.283968 0.1598236
vt 0.2522961 0.1362712
vt 0.2733026 0.125838
vt 0.2613555 0.144354
vt 0.2522961 0.1362712
vt 0.2687179 0.1154659
vt 0.2733026 0.125838
vt 0.2687179 0.1154659
vt 0.2522961 0.1362712
vt 0.241307 0.1282006
vt 0.2522961 0.1362712
vt 0.2400251 0.1339025
vt 0.241307 0.1282006
vt 0.2687179 0.1154659
vt 0.241307 0.1282006
vt 0.2354831 0.1093
vt 0.2144096 0.126711
vt 0.2354831 0.1093
vt 0.241307 0.1282006
vt 0.2144096 0.126711
vt 0.241307 0.1282006
vt 0.2277788 0.1348426
vt 0.2068785 0.09663898
vt 0.2354831 0.1093
vt 0.2144096 0.126711
vt 0.2068785 0.09663898
vt 0.2088207 0.05674141
vt 0.2354831 0.1093
vt 0.2277788 0.1348426
vt 0.2080116 0.1560264
vt 0.2144096 0.126711
vt 0.2277788 0.1348426
vt 0.2192932 0.1590056
vt 0.2080116 0.1560264
vt 0.1873649 0.06179224
vt 0.2088207 0.05674141
vt 0.2068785 0.09663898
vt 0.1750868 0.05333092
vt 0.2088207 0.05674141
vt 0.1873649 0.06179224
vt 0.2192932 0.1590056
vt 0.2034696 0.1808486
vt 0.2080116 0.1560264
vt 0.2192932 0.1590056
vt 0.2097452 0.1875762
vt 0.2034696 0.1808486
vt 0.2097452 0.1875762
vt 0.1979467 0.1819666
vt 0.2034696 0.1808486
vt 0.2080116 0.1560264
vt 0.2034696 0.1808486
vt 0.1979467 0.1819666
vt 0.2097452 0.1875762
vt 0.1967688 0.1896091
vt 0.1979467 0.1819666
vt 0.2010445 0.1550023
vt 0.2144096 0.126711
vt 0.2080116 0.1560264
vt 0.2080116 0.1560264
vt 0.1979467 0.1819666
vt 0.2010445 0.1550023
vt 0.1967688 0.1896091
vt 0.1896358 0.1818254
vt 0.1979467 0.1819666
vt 0.2010445 0.1550023
vt 0.1979467 0.1819666
vt 0.1896358 0.1818254
vt 0.1967688 0.1896091
vt 0.1864125 0.1817278
vt 0.1896358 0.1818254
vt 0.2068785 0.09663898
vt 0.2144096 0.126711
vt 0.2047396 0.1250878
vt 0.2010445 0.1550023
vt 0.2047396 0.1250878
vt 0.2144096 0.126711
vt 0.2010445 0.1550023
vt 0.1896358 0.1818254
vt 0.1888756 0.1538146
vt 0.1864125 0.1817278
vt 0.1888756 0.1538146
vt 0.1896358 0.1818254
vt 0.2010445 0.1550023
vt 0.1870111 0.1261372
vt 0.2047396 0.1250878
vt 0.2068785 0.09663898
vt 0.2047396 0.1250878
vt 0.1870111 0.1261372
vt 0.2010445 0.1550023
vt 0.1888756 0.1538146
vt 0.1870111 0.1261372
vt 0.1873649 0.06179224
vt 0.2068785 0.09663898
vt 0.1845567 0.09760317
vt 0.2068785 0.09663898
vt 0.1870111 0.1261372
vt 0.1845567 0.09760317
vt 0.1595992 0.09502997
vt 0.1873649 0.06179224
vt 0.1845567 0.09760317
vt 0.1845567 0.09760317
vt 0.1870111 0.1261372
vt 0.1708453 0.1315094
vt 0.1845567 0.09760317
vt 0.1708453 0.1315094
vt 0.1595992 0.09502997
vt 0.1870111 0.1261372
vt 0.1888756 0.1538146
vt 0.1770722 0.1546711
vt 0.1870111 0.1261372
vt 0.1770722 0.1546711
vt 0.1708453 0.1315094
vt 0.1708453 0.1315094
vt 0.1770722 0.1546711
vt 0.1621276 0.1599946
vt 0.1830183 0.1747072
vt 0.1770722 0.1546711
vt 0.1888756 0.1538146
vt 0.1830183 0.1747072
vt 0.1888756 0.1538146
vt 0.1864125 0.1817278
vt 0.1830183 0.1747072
vt 0.1621276 0.1599946
vt 0.1770722 0.1546711
vt 0.1703078 0.1792736
vt 0.1830183 0.1747072
vt 0.1864125 0.1817278
vt 0.1830183 0.1747072
vt 0.1703078 0.1792736
vt 0.1621276 0.1599946
vt 0.1703078 0.1792736
vt 0.1864125 0.1817278
vt 0.1799485 0.1856498
vt 0.1703078 0.1792736
vt 0.1799485 0.1856498
vt 0.1695142 0.1855738
vt 0.1621276 0.1599946
vt 0.1703078 0.1792736
vt 0.1695142 0.1855738
vt 0.1621276 0.1599946
vt 0.1695142 0.1855738
vt 0.1569142 0.1621801
vt 0.1504663 0.1436693
vt 0.1621276 0.1599946
vt 0.1569142 0.1621801
vt 0.1708453 0.1315094
vt 0.1621276 0.1599946
vt 0.155235 0.1392188
vt 0.1504663 0.1436693
vt 0.155235 0.1392188
vt 0.1621276 0.1599946
vt 0.155235 0.1392188
vt 0.1595992 0.09502997
vt 0.1708453 0.1315094
vt 0.1504663 0.1436693
vt 0.1332769 0.1327291
vt 0.155235 0.1392188
vt 0.155235 0.1392188
vt 0.1332769 0.1327291
vt 0.1595992 0.09502997
vt 0.1504663 0.1436693
vt 0.1334857 0.1397866
vt 0.1332769 0.1327291
vt 0.1595992 0.09502997
vt 0.1332769 0.1327291
vt 0.1341615 0.108736
vt 0.1114971 0.1149994
vt 0.1341615 0.108736
vt 0.1332769 0.1327291
vt 0.1341615 0.108736
vt 0.1114971 0.1149994
vt 0.1012626 0.09147394
vt 0.1341615 0.108736
vt 0.1012626 0.09147394
vt 0.1253736 0.08216763
vt 0.1595992 0.09502997
vt 0.1341615 0.108736
vt 0.1253736 0.08216763
vt 0.1114971 0.1149994
vt 0.1332769 0.1327291
vt 0.1224829 0.138359
vt 0.1595992 0.09502997
vt 0.1253736 0.08216763
vt 0.1706378 0.05604149
vt 0.1595992 0.09502997
vt 0.1706378 0.05604149
vt 0.1873649 0.06179224
vt 0.1750868 0.05333092
vt 0.1873649 0.06179224
vt 0.1706378 0.05604149
vt 0.1716187 0.02926816
vt 0.1750868 0.05333092
vt 0.1706378 0.05604149
vt 0.1716187 0.02926816
vt 0.1706378 0.05604149
vt 0.1692334 0.03084074
vt 0.1706378 0.05604149
vt 0.1209996 0.04797702
vt 0.1692334 0.03084074
vt 0.1706378 0.05604149
vt 0.1253736 0.08216763
vt 0.1209996 0.04797702
vt 0.1209996 0.04797702
vt 0.1253736 0.08216763
vt 0.1012626 0.09147394
vt 0.1209996 0.04797702
vt 0.1012626 0.09147394
vt 0.1094917 0.05262277
vt 0.1224829 0.138359
vt 0.0994188 0.1352456
vt 0.1114971 0.1149994
vt 0.1224829 0.138359
vt 0.1098093 0.1447203
vt 0.0994188 0.1352456
vt 0.07759087 0.07305564
vt 0.1094917 0.05262277
vt 0.1012626 0.09147394
vt 0.07759087 0.07305564
vt 0.09447382 0.04987561
vt 0.1094917 0.05262277
vt 0.1098093 0.1447203
vt 0.08506009 0.1500437
vt 0.0994188 0.1352456
vt 0.1098093 0.1447203
vt 0.09040806 0.160837
vt 0.08506009 0.1500437
vt 0.09040806 0.160837
vt 0.06830862 0.1641214
vt 0.08506009 0.1500437
vt 0.09040806 0.160837
vt 0.07363172 0.1728513
vt 0.06830862 0.1641214
vt 0.07542689 0.1424737
vt 0.0994188 0.1352456
vt 0.08506009 0.1500437
vt 0.07542689 0.1424737
vt 0.08506009 0.1500437
vt 0.06830862 0.1641214
vt 0.07542689 0.1424737
vt 0.08237201 0.1283349
vt 0.0994188 0.1352456
vt 0.1114971 0.1149994
vt 0.0994188 0.1352456
vt 0.08237201 0.1283349
vt 0.07542689 0.1424737
vt 0.06830862 0.1641214
vt 0.06165415 0.1571375
vt 0.047833 0.1714106
vt 0.06165415 0.1571375
vt 0.06830862 0.1641214
vt 0.05646536 0.1732787
vt 0.06830862 0.1641214
vt 0.07363172 0.1728513
vt 0.047833 0.1714106
vt 0.06830862 0.1641214
vt 0.05646536 0.1732787
vt 0.05646536 0.1732787
vt 0.07363172 0.1728513
vt 0.05579346 0.1817156
vt 0.047833 0.1714106
vt 0.05646536 0.1732787
vt 0.04978657 0.17848
vt 0.04978657 0.17848
vt 0.05646536 0.1732787
vt 0.05579346 0.1817156
vt 0.1114971 0.1149994
vt 0.08237201 0.1283349
vt 0.08074404 0.1101059
vt 0.1012626 0.09147394
vt 0.1114971 0.1149994
vt 0.08074404 0.1101059
vt 0.08237201 0.1283349
vt 0.05313179 0.1137077
vt 0.08074404 0.1101059
vt 0.08237201 0.1283349
vt 0.05211851 0.1268575
vt 0.05313179 0.1137077
vt 0.1012626 0.09147394
vt 0.08074404 0.1101059
vt 0.07428317 0.09660197
vt 0.07428317 0.09660197
vt 0.08074404 0.1101059
vt 0.05313179 0.1137077
vt 0.05211851 0.1268575
vt 0.03012881 0.1180788
vt 0.05313179 0.1137077
vt 0.05211851 0.1268575
vt 0.03053205 0.1281151
vt 0.03012881 0.1180788
vt 0.07428317 0.09660197
vt 0.05313179 0.1137077
vt 0.04830922 0.1024504
vt 0.05313179 0.1137077
vt 0.02725956 0.1081645
vt 0.04830922 0.1024504
vt 0.05313179 0.1137077
vt 0.03012881 0.1180788
vt 0.02725956 0.1081645
vt 0.03012881 0.1180788
vt 0.007333428 0.1145014
vt 0.02725956 0.1081645
vt 0.03053205 0.1281151
vt 0.01440302 0.1206306
vt 0.03012881 0.1180788
vt 0.03012881 0.1180788
vt 0.01440302 0.1206306
vt 0.007333428 0.1145014
vt 0.03053205 0.1281151
vt 0.009482384 0.1281273
vt 0.01440302 0.1206306
vt 0.005233616 0.122108
vt 0.007333428 0.1145014
vt 0.01440302 0.1206306
vt 0.005233616 0.122108
vt 0.01440302 0.1206306
vt 0.009482384 0.1281273
vt 0.1012626 0.09147394
vt 0.07428317 0.09660197
vt 0.08045727 0.08461209
vt 0.07759087 0.07305564
vt 0.1012626 0.09147394
vt 0.08045727 0.08461209
vt 0.07428317 0.09660197
vt 0.05614778 0.08431905
vt 0.08045727 0.08461209
vt 0.07428317 0.09660197
vt 0.05316854 0.09527113
vt 0.05614778 0.08431905
vt 0.08045727 0.08461209
vt 0.05375449 0.07300068
vt 0.07759087 0.07305564
vt 0.08045727 0.08461209
vt 0.05614778 0.08431905
vt 0.05375449 0.07300068
vt 0.03326672 0.07541823
vt 0.05375449 0.07300068
vt 0.05614778 0.08431905
vt 0.03459783 0.08433127
vt 0.05614778 0.08431905
vt 0.05316854 0.09527113
vt 0.03326672 0.07541823
vt 0.05614778 0.08431905
vt 0.03459783 0.08433127
vt 0.03459783 0.08433127
vt 0.05316854 0.09527113
vt 0.03357187 0.09342747
vt 0.01454926 0.07858054
vt 0.03326672 0.07541823
vt 0.03459783 0.08433127
vt 0.0199583 0.08450223
vt 0.03459783 0.08433127
vt 0.03357187 0.09342747
vt 0.01454926 0.07858054
vt 0.03459783 0.08433127
vt 0.0199583 0.08450223
vt 0.0199583 0.08450223
vt 0.03357187 0.09342747
vt 0.01465952 0.09059481
vt 0.01454926 0.07858054
vt 0.0199583 0.08450223
vt 0.01196083 0.08467314
vt 0.01196083 0.08467314
vt 0.0199583 0.08450223
vt 0.01465952 0.09059481
vt 0.07759087 0.07305564
vt 0.08869855 0.06086431
vt 0.09447382 0.04987561
vt 0.0704084 0.06422196
vt 0.08869855 0.06086431
vt 0.07759087 0.07305564
vt 0.07412012 0.05593159
vt 0.09447382 0.04987561
vt 0.08869855 0.06086431
vt 0.0704084 0.06422196
vt 0.07412012 0.05593159
vt 0.08869855 0.06086431
vt 0.07412012 0.05593159
vt 0.0760615 0.04681098
vt 0.09447382 0.04987561
vt 0.07412012 0.05593159
vt 0.05713673 0.04212246
vt 0.0760615 0.04681098
vt 0.0704084 0.06422196
vt 0.05587913 0.04974131
vt 0.07412012 0.05593159
vt 0.07412012 0.05593159
vt 0.05587913 0.04974131
vt 0.05713673 0.04212246
vt 0.0704084 0.06422196
vt 0.05239932 0.05666418
vt 0.05587913 0.04974131
vt 0.04164284 0.04004683
vt 0.05713673 0.04212246
vt 0.05587913 0.04974131
vt 0.04390129 0.04607839
vt 0.05587913 0.04974131
vt 0.05239932 0.05666418
vt 0.04164284 0.04004683
vt 0.05587913 0.04974131
vt 0.04390129 0.04607839
vt 0.04390129 0.04607839
vt 0.05239932 0.05666418
vt 0.03801656 0.04943604
vt 0.04164284 0.04004683
vt 0.04390129 0.04607839
vt 0.03766222 0.04368529
vt 0.03766222 0.04368529
vt 0.04390129 0.04607839
vt 0.03801656 0.04943604
vt 0.5267498 0.2488783
vt 0.5500724 0.2699919
vt 0.5761399 0.2172891
vt 0.5267498 0.2488783
vt 0.5761399 0.2172891
vt 0.548003 0.2050731
vt 0.548003 0.2050731
vt 0.5761399 0.2172891
vt 0.5815369 0.1293978
vt 0.5815369 0.1293978
vt 0.5761399 0.2172891
vt 0.6053578 0.134019
vt 0.5846013 0.09119371
vt 0.5815369 0.1293978
vt 0.6053578 0.134019
vt 0.5846013 0.09119371
vt 0.6053578 0.134019
vt 0.6080563 0.09431972
vt 0.6077327 0.07276949
vt 0.5846013 0.09119371
vt 0.6080563 0.09431972
vt 0.548003 0.2050731
vt 0.5815369 0.1293978
vt 0.5623188 0.1290621
vt 0.5846013 0.09119371
vt 0.5623188 0.1290621
vt 0.5815369 0.1293978
vt 0.5730144 0.05722643
vt 0.5846013 0.09119371
vt 0.6077327 0.07276949
vt 0.5730144 0.05722643
vt 0.6077327 0.07276949
vt 0.621621 0.03792301
vt 0.5730144 0.05722643
vt 0.621621 0.03792301
vt 0.5788751 0.0298277
vt 0.5846013 0.09119371
vt 0.5695104 0.08057131
vt 0.5623188 0.1290621
vt 0.5730144 0.05722643
vt 0.5695104 0.08057131
vt 0.5846013 0.09119371
vt 0.5319045 0.05439393
vt 0.5730144 0.05722643
vt 0.5788751 0.0298277
vt 0.5695104 0.08057131
vt 0.5730144 0.05722643
vt 0.5319045 0.05439393
vt 0.5319045 0.05439393
vt 0.5788751 0.0298277
vt 0.5328811 0.02401621
vt 0.5328811 0.02401621
vt 0.5032241 0.05706752
vt 0.5319045 0.05439393
vt 0.5328811 0.02401621
vt 0.5048968 0.01651955
vt 0.5032241 0.05706752
vt 0.485813 0.009889392
vt 0.5032241 0.05706752
vt 0.5048968 0.01651955
vt 0.5438679 0.1272895
vt 0.548003 0.2050731
vt 0.5623188 0.1290621
vt 0.5695104 0.08057131
vt 0.5438679 0.1272895
vt 0.5623188 0.1290621
vt 0.5695104 0.08057131
vt 0.5319045 0.05439393
vt 0.5440652 0.08132835
vt 0.5440652 0.08132835
vt 0.5319045 0.05439393
vt 0.5032241 0.05706752
vt 0.5695104 0.08057131
vt 0.5440652 0.08132835
vt 0.5438679 0.1272895
vt 0.485813 0.009889392
vt 0.4932486 0.05219605
vt 0.5032241 0.05706752
vt 0.4672298 0.008509893
vt 0.4932486 0.05219605
vt 0.485813 0.009889392
vt 0.5438679 0.1272895
vt 0.5364914 0.2012936
vt 0.548003 0.2050731
vt 0.5218804 0.1964962
vt 0.5364914 0.2012936
vt 0.5438679 0.1272895
vt 0.5364914 0.2012936
vt 0.5267498 0.2488783
vt 0.548003 0.2050731
vt 0.5267498 0.2488783
vt 0.5364914 0.2012936
vt 0.5218804 0.1964962
vt 0.5267498 0.2488783
vt 0.5218804 0.1964962
vt 0.511368 0.2443519
vt 0.483249 0.2397304
vt 0.511368 0.2443519
vt 0.5218804 0.1964962
vt 0.5440652 0.08132835
vt 0.5194265 0.1249413
vt 0.5438679 0.1272895
vt 0.5218804 0.1964962
vt 0.5438679 0.1272895
vt 0.5194265 0.1249413
vt 0.5440652 0.08132835
vt 0.5032241 0.05706752
vt 0.5048478 0.07532092
vt 0.5440652 0.08132835
vt 0.5048478 0.07532092
vt 0.5194265 0.1249413
vt 0.492736 0.07552849
vt 0.5048478 0.07532092
vt 0.5032241 0.05706752
vt 0.492736 0.07552849
vt 0.5032241 0.05706752
vt 0.4932486 0.05219605
vt 0.5194265 0.1249413
vt 0.5048478 0.07532092
vt 0.492736 0.07552849
vt 0.4672298 0.008509893
vt 0.4697258 0.04978697
vt 0.4932486 0.05219605
vt 0.4306926 0.06060867
vt 0.4697258 0.04978697
vt 0.4672298 0.008509893
vt 0.4306926 0.06060867
vt 0.4672298 0.008509893
vt 0.4280492 0.02279537
vt 0.4194777 0.02522488
vt 0.4306926 0.06060867
vt 0.4280492 0.02279537
vt 0.4194777 0.02522488
vt 0.4167796 0.05908216
vt 0.4306926 0.06060867
vt 0.4751663 0.06572446
vt 0.4932486 0.05219605
vt 0.4697258 0.04978697
vt 0.4751663 0.06572446
vt 0.492736 0.07552849
vt 0.4932486 0.05219605
vt 0.4751663 0.06572446
vt 0.4697258 0.04978697
vt 0.4601484 0.06355117
vt 0.4306926 0.06060867
vt 0.4601484 0.06355117
vt 0.4697258 0.04978697
vt 0.4344957 0.08141401
vt 0.4306926 0.06060867
vt 0.4167796 0.05908216
vt 0.4344957 0.08141401
vt 0.4167796 0.05908216
vt 0.4148138 0.07772638
vt 0.492736 0.07552849
vt 0.4751663 0.06572446
vt 0.4759232 0.08022915
vt 0.4759232 0.08022915
vt 0.4751663 0.06572446
vt 0.4601484 0.06355117
vt 0.4599775 0.07808044
vt 0.4601484 0.06355117
vt 0.4306926 0.06060867
vt 0.4344957 0.08141401
vt 0.4599775 0.07808044
vt 0.4306926 0.06060867
vt 0.4759232 0.08022915
vt 0.4601484 0.06355117
vt 0.4599775 0.07808044
vt 0.5194265 0.1249413
vt 0.492736 0.07552849
vt 0.4854285 0.09400758
vt 0.4854285 0.09400758
vt 0.492736 0.07552849
vt 0.4759232 0.08022915
vt 0.4759232 0.08022915
vt 0.4599775 0.07808044
vt 0.4644101 0.09227376
vt 0.4344957 0.08141401
vt 0.4644101 0.09227376
vt 0.4599775 0.07808044
vt 0.4759232 0.08022915
vt 0.4644101 0.09227376
vt 0.4854285 0.09400758
vt 0.4148138 0.07772638
vt 0.4472702 0.1162592
vt 0.4344957 0.08141401
vt 0.4472702 0.1162592
vt 0.4644101 0.09227376
vt 0.4344957 0.08141401
vt 0.4148138 0.07772638
vt 0.4169688 0.1136291
vt 0.4472702 0.1162592
vt 0.5194265 0.1249413
vt 0.4854285 0.09400758
vt 0.4838962 0.1213667
vt 0.4838962 0.1213667
vt 0.4854285 0.09400758
vt 0.4644101 0.09227376
vt 0.4838962 0.1213667
vt 0.4644101 0.09227376
vt 0.4472702 0.1162592
vt 0.4838962 0.1213667
vt 0.5218804 0.1964962
vt 0.5194265 0.1249413
vt 0.4838962 0.1213667
vt 0.4831367 0.1905089
vt 0.5218804 0.1964962
vt 0.4472702 0.1162592
vt 0.4831367 0.1905089
vt 0.4838962 0.1213667
vt 0.483249 0.2397304
vt 0.5218804 0.1964962
vt 0.4831367 0.1905089
vt 0.4169688 0.1136291
vt 0.4516751 0.1910568
vt 0.4472702 0.1162592
vt 0.4472702 0.1162592
vt 0.4516751 0.1910568
vt 0.4831367 0.1905089
vt 0.483249 0.2397304
vt 0.4831367 0.1905089
vt 0.4516751 0.1910568
vt 0.4169688 0.1136291
vt 0.436541 0.1933458
vt 0.4516751 0.1910568
vt 0.483249 0.2397304
vt 0.4516751 0.1910568
vt 0.4680846 0.2397242
vt 0.4515039 0.2469525
vt 0.4516751 0.1910568
vt 0.436541 0.1933458
vt 0.4515039 0.2469525
vt 0.4680846 0.2397242
vt 0.4516751 0.1910568
vt 0.2538462 0.02047472
vt 0.2741634 0.008423799
vt 0.268266 0.006396994
vt 0.2538462 0.02047472
vt 0.2593958 0.02592025
vt 0.2741634 0.008423799
vt 0.2247144 0.04340448
vt 0.2593958 0.02592025
vt 0.2538462 0.02047472
vt 0.2741634 0.008423799
vt 0.2593958 0.02592025
vt 0.3096937 0.04307481
vt 0.2741634 0.008423799
vt 0.3096937 0.04307481
vt 0.3170806 0.03215938
vt 0.3203039 0.04874011
vt 0.3170806 0.03215938
vt 0.3096937 0.04307481
vt 0.3203039 0.04874011
vt 0.3258106 0.0368723
vt 0.3170806 0.03215938
vt 0.3096937 0.04307481
vt 0.3140672 0.06837644
vt 0.3203039 0.04874011
vt 0.3096937 0.04307481
vt 0.2593958 0.02592025
vt 0.3140672 0.06837644
vt 0.3258106 0.0368723
vt 0.3203039 0.04874011
vt 0.3321837 0.05197566
vt 0.3258106 0.0368723
vt 0.3321837 0.05197566
vt 0.3374341 0.04314809
vt 0.3506325 0.05753106
vt 0.3374341 0.04314809
vt 0.3321837 0.05197566
vt 0.3506325 0.05753106
vt 0.3550158 0.04852034
vt 0.3374341 0.04314809
vt 0.2247144 0.04340448
vt 0.2309654 0.05079134
vt 0.2593958 0.02592025
vt 0.2049544 0.05154563
vt 0.2309654 0.05079134
vt 0.2247144 0.04340448
vt 0.3506325 0.06479582
vt 0.3506325 0.05753106
vt 0.3321837 0.05197566
vt 0.3506325 0.06479582
vt 0.3321837 0.05197566
vt 0.3319787 0.06255161
vt 0.3550158 0.04852034
vt 0.3506325 0.05753106
vt 0.3756744 0.06105965
vt 0.3550158 0.04852034
vt 0.3756744 0.06105965
vt 0.3770542 0.05408794
vt 0.3992391 0.06262249
vt 0.3770542 0.05408794
vt 0.3756744 0.06105965
vt 0.2049544 0.05154563
vt 0.2088207 0.05674141
vt 0.2309654 0.05079134
vt 0.1750868 0.05333092
vt 0.2088207 0.05674141
vt 0.2049544 0.05154563
vt 0.3486181 0.07076633
vt 0.3506325 0.06479582
vt 0.3319787 0.06255161
vt 0.3486181 0.07076633
vt 0.3319787 0.06255161
vt 0.3344597 0.07749046
vt 0.3506325 0.05753106
vt 0.3506325 0.06479582
vt 0.3747958 0.06822671
vt 0.3506325 0.05753106
vt 0.3747958 0.06822671
vt 0.3756744 0.06105965
vt 0.3506325 0.06479582
vt 0.3486181 0.07076633
vt 0.3738187 0.07533275
vt 0.3506325 0.06479582
vt 0.3738187 0.07533275
vt 0.3747958 0.06822671
vt 0.3487889 0.08036315
vt 0.3486181 0.07076633
vt 0.3344597 0.07749046
vt 0.3487889 0.08036315
vt 0.3738187 0.07533275
vt 0.3486181 0.07076633
vt 0.3487889 0.08036315
vt 0.3731228 0.08220677
vt 0.3738187 0.07533275
vt 0.397652 0.08000905
vt 0.3738187 0.07533275
vt 0.3731228 0.08220677
vt 0.3487889 0.08036315
vt 0.3344597 0.07749046
vt 0.3440117 0.07965191
vt 0.397652 0.08000905
vt 0.3960768 0.07639501
vt 0.3738187 0.07533275
vt 0.3960768 0.07639501
vt 0.3747958 0.06822671
vt 0.3738187 0.07533275
vt 0.4025235 0.07148672
vt 0.3960768 0.07639501
vt 0.397652 0.08000905
vt 0.3960768 0.07639501
vt 0.3987509 0.07113262
vt 0.3747958 0.06822671
vt 0.4025235 0.07148672
vt 0.3987509 0.07113262
vt 0.3960768 0.07639501
vt 0.3756744 0.06105965
vt 0.3747958 0.06822671
vt 0.3987509 0.07113262
vt 0.3992391 0.06262249
vt 0.3987509 0.07113262
vt 0.4025235 0.07148672
vt 0.3992391 0.06262249
vt 0.3756744 0.06105965
vt 0.3965776 0.06569932
vt 0.3992391 0.06262249
vt 0.3965776 0.06569932
vt 0.3987509 0.07113262
vt 0.3756744 0.06105965
vt 0.3987509 0.07113262
vt 0.3965776 0.06569932
vt 0.3440117 0.07965191
vt 0.3344597 0.07749046
vt 0.3573356 0.1031341
vt 0.3440117 0.07965191
vt 0.3573356 0.1031341
vt 0.3629644 0.09413563
vt 0.3784583 0.1145258
vt 0.3629644 0.09413563
vt 0.3573356 0.1031341
vt 0.3784583 0.1145258
vt 0.3832935 0.1077616
vt 0.3629644 0.09413563
vt 0.403647 0.1275901
vt 0.3832935 0.1077616
vt 0.3784583 0.1145258
vt 0.3344597 0.07749046
vt 0.3549915 0.1086529
vt 0.3573356 0.1031341
vt 0.3784583 0.1145258
vt 0.3573356 0.1031341
vt 0.3549915 0.1086529
vt 0.3344597 0.07749046
vt 0.3198521 0.08671214
vt 0.3549915 0.1086529
vt 0.3140672 0.06837644
vt 0.3198521 0.08671214
vt 0.3344597 0.07749046
vt 0.3140672 0.06837644
vt 0.3109389 0.08057071
vt 0.3198521 0.08671214
vt 0.3159574 0.1008021
vt 0.3198521 0.08671214
vt 0.3109389 0.08057071
vt 0.3140672 0.06837644
vt 0.2593958 0.02592025
vt 0.3109389 0.08057071
vt 0.3198521 0.08671214
vt 0.351426 0.1135612
vt 0.3549915 0.1086529
vt 0.3198521 0.08671214
vt 0.3159574 0.1008021
vt 0.351426 0.1135612
vt 0.2593958 0.02592025
vt 0.3029013 0.08946674
vt 0.3109389 0.08057071
vt 0.3159574 0.1008021
vt 0.3109389 0.08057071
vt 0.3029013 0.08946674
vt 0.403647 0.1275901
vt 0.3784583 0.1145258
vt 0.3992391 0.1296413
vt 0.403647 0.1275901
vt 0.3992391 0.1296413
vt 0.3980917 0.1365398
vt 0.3784583 0.1145258
vt 0.3980917 0.1365398
vt 0.3992391 0.1296413
vt 0.403647 0.1275901
vt 0.3980917 0.1365398
vt 0.4020229 0.1392015
vt 0.3784583 0.1145258
vt 0.3549915 0.1086529
vt 0.3743439 0.1212533
vt 0.3784583 0.1145258
vt 0.3743439 0.1212533
vt 0.3980917 0.1365398
vt 0.4020229 0.1392015
vt 0.3980917 0.1365398
vt 0.3924018 0.1400684
vt 0.3924018 0.1400684
vt 0.3980917 0.1365398
vt 0.3743439 0.1212533
vt 0.4020229 0.1392015
vt 0.3924018 0.1400684
vt 0.39206 0.1447325
vt 0.3549915 0.1086529
vt 0.3697162 0.1277977
vt 0.3743439 0.1212533
vt 0.3924018 0.1400684
vt 0.3743439 0.1212533
vt 0.3697162 0.1277977
vt 0.39206 0.1447325
vt 0.3924018 0.1400684
vt 0.3697162 0.1277977
vt 0.3549915 0.1086529
vt 0.351426 0.1135612
vt 0.3697162 0.1277977
vt 0.39206 0.1447325
vt 0.3697162 0.1277977
vt 0.3656626 0.1344153
vt 0.351426 0.1135612
vt 0.3656626 0.1344153
vt 0.3697162 0.1277977
vt 0.351426 0.1135612
vt 0.3466645 0.1234999
vt 0.3656626 0.1344153
vt 0.3308448 0.1123891
vt 0.3466645 0.1234999
vt 0.351426 0.1135612
vt 0.3308448 0.1123891
vt 0.351426 0.1135612
vt 0.3159574 0.1008021
vt 0.3308448 0.1123891
vt 0.3159574 0.1008021
vt 0.3333926 0.1369793
vt 0.3308448 0.1123891
vt 0.3333926 0.1369793
vt 0.3444788 0.1322664
vt 0.3444788 0.1322664
vt 0.3333926 0.1369793
vt 0.3508157 0.1578213
vt 0.3444788 0.1322664
vt 0.3508157 0.1578213
vt 0.3584959 0.1538042
vt 0.3637458 0.1796765
vt 0.3584959 0.1538042
vt 0.3508157 0.1578213
vt 0.3637458 0.1796765
vt 0.3688983 0.1791759
vt 0.3584959 0.1538042
vt 0.3622441 0.1894198
vt 0.3688983 0.1791759
vt 0.3637458 0.1796765
vt 0.3333926 0.1369793
vt 0.3430991 0.1631446
vt 0.3508157 0.1578213
vt 0.3430991 0.1631446
vt 0.3637458 0.1796765
vt 0.3508157 0.1578213
vt 0.3276784 0.1406544
vt 0.3333926 0.1369793
vt 0.3159574 0.1008021
vt 0.3333926 0.1369793
vt 0.3276784 0.1406544
vt 0.3430991 0.1631446
vt 0.3622441 0.1894198
vt 0.3637458 0.1796765
vt 0.3600338 0.1857325
vt 0.3430991 0.1631446
vt 0.3600338 0.1857325
vt 0.3637458 0.1796765
vt 0.3530869 0.1866971
vt 0.3622441 0.1894198
vt 0.3600338 0.1857325
vt 0.3430991 0.1631446
vt 0.3530869 0.1866971
vt 0.3600338 0.1857325
vt 0.3530869 0.1866971
vt 0.3509136 0.1913978
vt 0.3622441 0.1894198
vt 0.3430991 0.1631446
vt 0.3364816 0.167711
vt 0.3530869 0.1866971
vt 0.3364816 0.167711
vt 0.3509136 0.1913978
vt 0.3530869 0.1866971
vt 0.3276784 0.1406544
vt 0.3364816 0.167711
vt 0.3430991 0.1631446
vt 0.3364816 0.167711
vt 0.3302791 0.1726071
vt 0.3509136 0.1913978
vt 0.3217078 0.1443418
vt 0.3302791 0.1726071
vt 0.3364816 0.167711
vt 0.3276784 0.1406544
vt 0.3217078 0.1443418
vt 0.3364816 0.167711
vt 0.3276784 0.1406544
vt 0.2944641 0.1208606
vt 0.3217078 0.1443418
vt 0.3217078 0.1443418
vt 0.3135027 0.1531083
vt 0.3302791 0.1726071
vt 0.301088 0.1342688
vt 0.3135027 0.1531083
vt 0.3217078 0.1443418
vt 0.301088 0.1342688
vt 0.3217078 0.1443418
vt 0.2944641 0.1208606
vt 0.3276784 0.1406544
vt 0.3159574 0.1008021
vt 0.3027341 0.1064552
vt 0.3276784 0.1406544
vt 0.3027341 0.1064552
vt 0.2944641 0.1208606
vt 0.3027341 0.1064552
vt 0.3159574 0.1008021
vt 0.3029013 0.08946674
vt 0.3027341 0.1064552
vt 0.3029013 0.08946674
vt 0.2957377 0.09739564
vt 0.2944641 0.1208606
vt 0.3027341 0.1064552
vt 0.2957377 0.09739564
vt 0.2593958 0.02592025
vt 0.2957377 0.09739564
vt 0.3029013 0.08946674
vt 0.2593958 0.02592025
vt 0.2843326 0.1051085
vt 0.2957377 0.09739564
vt 0.2944641 0.1208606
vt 0.2957377 0.09739564
vt 0.2843326 0.1051085
vt 0.2843326 0.1051085
vt 0.2733026 0.125838
vt 0.2944641 0.1208606
vt 0.2593958 0.02592025
vt 0.2309654 0.05079134
vt 0.2843326 0.1051085
vt 0.2966658 0.1539874
vt 0.301088 0.1342688
vt 0.2944641 0.1208606
vt 0.2733026 0.125838
vt 0.2966658 0.1539874
vt 0.2944641 0.1208606
vt 0.2966658 0.1539874
vt 0.3080942 0.1497873
vt 0.301088 0.1342688
vt 0.2843326 0.1051085
vt 0.2309654 0.05079134
vt 0.2687179 0.1154659
vt 0.2843326 0.1051085
vt 0.2687179 0.1154659
vt 0.2733026 0.125838
vt 0.3080942 0.1497873
vt 0.2966658 0.1539874
vt 0.306922 0.1768195
vt 0.3080942 0.1497873
vt 0.306922 0.1768195
vt 0.3150168 0.1752444
vt 0.3180815 0.2015074
vt 0.3150168 0.1752444
vt 0.306922 0.1768195
vt 0.2309654 0.05079134
vt 0.2354831 0.1093
vt 0.2687179 0.1154659
vt 0.2309654 0.05079134
vt 0.2088207 0.05674141
vt 0.2354831 0.1093
vt 0.3180815 0.2015074
vt 0.306922 0.1768195
vt 0.3138205 0.200726
vt 0.3180815 0.2015074
vt 0.3138205 0.200726
vt 0.3087291 0.2051703
vt 0.306922 0.1768195
vt 0.3087291 0.2051703
vt 0.3138205 0.200726
vt 0.3180815 0.2015074
vt 0.3087291 0.2051703
vt 0.3100234 0.209053
vt 0.2966658 0.1539874
vt 0.2990835 0.1797131
vt 0.306922 0.1768195
vt 0.306922 0.1768195
vt 0.2990835 0.1797131
vt 0.3087291 0.2051703
vt 0.3100234 0.209053
vt 0.3087291 0.2051703
vt 0.3024287 0.2046697
vt 0.3100234 0.209053
vt 0.3024287 0.2046697
vt 0.299584 0.2081617
vt 0.2917333 0.1823871
vt 0.3024287 0.2046697
vt 0.3087291 0.2051703
vt 0.299584 0.2081617
vt 0.3024287 0.2046697
vt 0.2917333 0.1823871
vt 0.2917333 0.1823871
vt 0.3087291 0.2051703
vt 0.2990835 0.1797131
vt 0.299584 0.2081617
vt 0.2917333 0.1823871
vt 0.2849688 0.185757
vt 0.2966658 0.1539874
vt 0.2903292 0.1574672
vt 0.2990835 0.1797131
vt 0.2903292 0.1574672
vt 0.2917333 0.1823871
vt 0.2990835 0.1797131
vt 0.2733026 0.125838
vt 0.2903292 0.1574672
vt 0.2966658 0.1539874
vt 0.283968 0.1598236
vt 0.2849688 0.185757
vt 0.2917333 0.1823871
vt 0.2903292 0.1574672
vt 0.283968 0.1598236
vt 0.2917333 0.1823871
vt 0.2733026 0.125838
vt 0.283968 0.1598236
vt 0.2903292 0.1574672
vt 0.283968 0.1598236
vt 0.2736994 0.1653057
vt 0.2849688 0.185757
vt 0.2613555 0.144354
vt 0.2736994 0.1653057
vt 0.283968 0.1598236
vt 0.2613555 0.144354
vt 0.283968 0.1598236
vt 0.2733026 0.125838
vt 0.2522961 0.1362712
vt 0.2613555 0.144354
vt 0.2733026 0.125838
vt 0.2522961 0.1362712
vt 0.2733026 0.125838
vt 0.2687179 0.1154659
vt 0.2687179 0.1154659
vt 0.241307 0.1282006
vt 0.2522961 0.1362712
vt 0.2522961 0.1362712
vt 0.241307 0.1282006
vt 0.2400251 0.1339025
vt 0.2687179 0.1154659
vt 0.2354831 0.1093
vt 0.241307 0.1282006
vt 0.2144096 0.126711
vt 0.241307 0.1282006
vt 0.2354831 0.1093
vt 0.2144096 0.126711
vt 0.2277788 0.1348426
vt 0.241307 0.1282006
vt 0.2068785 0.09663898
vt 0.2144096 0.126711
vt 0.2354831 0.1093
vt 0.2068785 0.09663898
vt 0.2354831 0.1093
vt 0.2088207 0.05674141
vt 0.2277788 0.1348426
vt 0.2144096 0.126711
vt 0.2080116 0.1560264
vt 0.2277788 0.1348426
vt 0.2080116 0.1560264
vt 0.2192932 0.1590056
vt 0.1873649 0.06179224
vt 0.2068785 0.09663898
vt 0.2088207 0.05674141
vt 0.1750868 0.05333092
vt 0.1873649 0.06179224
vt 0.2088207 0.05674141
vt 0.2192932 0.1590056
vt 0.2080116 0.1560264
vt 0.2034696 0.1808486
vt 0.2192932 0.1590056
vt 0.2034696 0.1808486
vt 0.2097452 0.1875762
vt 0.2097452 0.1875762
vt 0.2034696 0.1808486
vt 0.1979467 0.1819666
vt 0.2080116 0.1560264
vt 0.1979467 0.1819666
vt 0.2034696 0.1808486
vt 0.2097452 0.1875762
vt 0.1979467 0.1819666
vt 0.1967688 0.1896091
vt 0.2010445 0.1550023
vt 0.2080116 0.1560264
vt 0.2144096 0.126711
vt 0.2080116 0.1560264
vt 0.2010445 0.1550023
vt 0.1979467 0.1819666
vt 0.1967688 0.1896091
vt 0.1979467 0.1819666
vt 0.1896358 0.1818254
vt 0.2010445 0.1550023
vt 0.1896358 0.1818254
vt 0.1979467 0.1819666
vt 0.1967688 0.1896091
vt 0.1896358 0.1818254
vt 0.1864125 0.1817278
vt 0.2068785 0.09663898
vt 0.2047396 0.1250878
vt 0.2144096 0.126711
vt 0.2010445 0.1550023
vt 0.2144096 0.126711
vt 0.2047396 0.1250878
vt 0.2010445 0.1550023
vt 0.1888756 0.1538146
vt 0.1896358 0.1818254
vt 0.1864125 0.1817278
vt 0.1896358 0.1818254
vt 0.1888756 0.1538146
vt 0.2010445 0.1550023
vt 0.2047396 0.1250878
vt 0.1870111 0.1261372
vt 0.2068785 0.09663898
vt 0.1870111 0.1261372
vt 0.2047396 0.1250878
vt 0.2010445 0.1550023
vt 0.1870111 0.1261372
vt 0.1888756 0.1538146
vt 0.1873649 0.06179224
vt 0.1845567 0.09760317
vt 0.2068785 0.09663898
vt 0.2068785 0.09663898
vt 0.1845567 0.09760317
vt 0.1870111 0.1261372
vt 0.1595992 0.09502997
vt 0.1845567 0.09760317
vt 0.1873649 0.06179224
vt 0.1845567 0.09760317
vt 0.1708453 0.1315094
vt 0.1870111 0.1261372
vt 0.1845567 0.09760317
vt 0.1595992 0.09502997
vt 0.1708453 0.1315094
vt 0.1870111 0.1261372
vt 0.1770722 0.1546711
vt 0.1888756 0.1538146
vt 0.1870111 0.1261372
vt 0.1708453 0.1315094
vt 0.1770722 0.1546711
vt 0.1708453 0.1315094
vt 0.1621276 0.1599946
vt 0.1770722 0.1546711
vt 0.1830183 0.1747072
vt 0.1888756 0.1538146
vt 0.1770722 0.1546711
vt 0.1830183 0.1747072
vt 0.1864125 0.1817278
vt 0.1888756 0.1538146
vt 0.1830183 0.1747072
vt 0.1770722 0.1546711
vt 0.1621276 0.1599946
vt 0.1703078 0.1792736
vt 0.1864125 0.1817278
vt 0.1830183 0.1747072
vt 0.1830183 0.1747072
vt 0.1621276 0.1599946
vt 0.1703078 0.1792736
vt 0.1703078 0.1792736
vt 0.1799485 0.1856498
vt 0.1864125 0.1817278
vt 0.1703078 0.1792736
vt 0.1695142 0.1855738
vt 0.1799485 0.1856498
vt 0.1621276 0.1599946
vt 0.1695142 0.1855738
vt 0.1703078 0.1792736
vt 0.1621276 0.1599946
vt 0.1569142 0.1621801
vt 0.1695142 0.1855738
vt 0.1504663 0.1436693
vt 0.1569142 0.1621801
vt 0.1621276 0.1599946
vt 0.1708453 0.1315094
vt 0.155235 0.1392188
vt 0.1621276 0.1599946
vt 0.1504663 0.1436693
vt 0.1621276 0.1599946
vt 0.155235 0.1392188
vt 0.155235 0.1392188
vt 0.1708453 0.1315094
vt 0.1595992 0.09502997
vt 0.1504663 0.1436693
vt 0.155235 0.1392188
vt 0.1332769 0.1327291
vt 0.155235 0.1392188
vt 0.1595992 0.09502997
vt 0.1332769 0.1327291
vt 0.1504663 0.1436693
vt 0.1332769 0.1327291
vt 0.1334857 0.1397866
vt 0.1595992 0.09502997
vt 0.1341615 0.108736
vt 0.1332769 0.1327291
vt 0.1114971 0.1149994
vt 0.1332769 0.1327291
vt 0.1341615 0.108736
vt 0.1341615 0.108736
vt 0.1012626 0.09147394
vt 0.1114971 0.1149994
vt 0.1341615 0.108736
vt 0.1253736 0.08216763
vt 0.1012626 0.09147394
vt 0.1595992 0.09502997
vt 0.1253736 0.08216763
vt 0.1341615 0.108736
vt 0.1114971 0.1149994
vt 0.1224829 0.138359
vt 0.1332769 0.1327291
vt 0.1595992 0.09502997
vt 0.1706378 0.05604149
vt 0.1253736 0.08216763
vt 0.1595992 0.09502997
vt 0.1873649 0.06179224
vt 0.1706378 0.05604149
vt 0.1750868 0.05333092
vt 0.1706378 0.05604149
vt 0.1873649 0.06179224
vt 0.1716187 0.02926816
vt 0.1706378 0.05604149
vt 0.1750868 0.05333092
vt 0.1716187 0.02926816
vt 0.1692334 0.03084074
vt 0.1706378 0.05604149
vt 0.1706378 0.05604149
vt 0.1692334 0.03084074
vt 0.1209996 0.04797702
vt 0.1706378 0.05604149
vt 0.1209996 0.04797702
vt 0.1253736 0.08216763
vt 0.1209996 0.04797702
vt 0.1012626 0.09147394
vt 0.1253736 0.08216763
vt 0.1209996 0.04797702
vt 0.1094917 0.05262277
vt 0.1012626 0.09147394
vt 0.1224829 0.138359
vt 0.1114971 0.1149994
vt 0.0994188 0.1352456
vt 0.1224829 0.138359
vt 0.0994188 0.1352456
vt 0.1098093 0.1447203
vt 0.07759087 0.07305564
vt 0.1012626 0.09147394
vt 0.1094917 0.05262277
vt 0.07759087 0.07305564
vt 0.1094917 0.05262277
vt 0.09447382 0.04987561
vt 0.1098093 0.1447203
vt 0.0994188 0.1352456
vt 0.08506009 0.1500437
vt 0.1098093 0.1447203
vt 0.08506009 0.1500437
vt 0.09040806 0.160837
vt 0.09040806 0.160837
vt 0.08506009 0.1500437
vt 0.06830862 0.1641214
vt 0.09040806 0.160837
vt 0.06830862 0.1641214
vt 0.07363172 0.1728513
vt 0.07542689 0.1424737
vt 0.08506009 0.1500437
vt 0.0994188 0.1352456
vt 0.07542689 0.1424737
vt 0.06830862 0.1641214
vt 0.08506009 0.1500437
vt 0.07542689 0.1424737
vt 0.0994188 0.1352456
vt 0.08237201 0.1283349
vt 0.1114971 0.1149994
vt 0.08237201 0.1283349
vt 0.0994188 0.1352456
vt 0.07542689 0.1424737
vt 0.06165415 0.1571375
vt 0.06830862 0.1641214
vt 0.047833 0.1714106
vt 0.06830862 0.1641214
vt 0.06165415 0.1571375
vt 0.05646536 0.1732787
vt 0.07363172 0.1728513
vt 0.06830862 0.1641214
vt 0.047833 0.1714106
vt 0.05646536 0.1732787
vt 0.06830862 0.1641214
vt 0.05646536 0.1732787
vt 0.05579346 0.1817156
vt 0.07363172 0.1728513
vt 0.047833 0.1714106
vt 0.04978657 0.17848
vt 0.05646536 0.1732787
vt 0.04978657 0.17848
vt 0.05579346 0.1817156
vt 0.05646536 0.1732787
vt 0.1114971 0.1149994
vt 0.08074404 0.1101059
vt 0.08237201 0.1283349
vt 0.1012626 0.09147394
vt 0.08074404 0.1101059
vt 0.1114971 0.1149994
vt 0.08237201 0.1283349
vt 0.08074404 0.1101059
vt 0.05313179 0.1137077
vt 0.08237201 0.1283349
vt 0.05313179 0.1137077
vt 0.05211851 0.1268575
vt 0.1012626 0.09147394
vt 0.07428317 0.09660197
vt 0.08074404 0.1101059
vt 0.07428317 0.09660197
vt 0.05313179 0.1137077
vt 0.08074404 0.1101059
vt 0.05211851 0.1268575
vt 0.05313179 0.1137077
vt 0.03012881 0.1180788
vt 0.05211851 0.1268575
vt 0.03012881 0.1180788
vt 0.03053205 0.1281151
vt 0.07428317 0.09660197
vt 0.04830922 0.1024504
vt 0.05313179 0.1137077
vt 0.05313179 0.1137077
vt 0.04830922 0.1024504
vt 0.02725956 0.1081645
vt 0.05313179 0.1137077
vt 0.02725956 0.1081645
vt 0.03012881 0.1180788
vt 0.03012881 0.1180788
vt 0.02725956 0.1081645
vt 0.007333428 0.1145014
vt 0.03053205 0.1281151
vt 0.03012881 0.1180788
vt 0.01440302 0.1206306
vt 0.03012881 0.1180788
vt 0.007333428 0.1145014
vt 0.01440302 0.1206306
vt 0.03053205 0.1281151
vt 0.01440302 0.1206306
vt 0.009482384 0.1281273
vt 0.005233616 0.122108
vt 0.01440302 0.1206306
vt 0.007333428 0.1145014
vt 0.005233616 0.122108
vt 0.009482384 0.1281273
vt 0.01440302 0.1206306
vt 0.1012626 0.09147394
vt 0.08045727 0.08461209
vt 0.07428317 0.09660197
vt 0.07759087 0.07305564
vt 0.08045727 0.08461209
vt 0.1012626 0.09147394
vt 0.07428317 0.09660197
vt 0.08045727 0.08461209
vt 0.05614778 0.08431905
vt 0.07428317 0.09660197
vt 0.05614778 0.08431905
vt 0.05316854 0.09527113
vt 0.08045727 0.08461209
vt 0.07759087 0.07305564
vt 0.05375449 0.07300068
vt 0.08045727 0.08461209
vt 0.05375449 0.07300068
vt 0.05614778 0.08431905
vt 0.03326672 0.07541823
vt 0.05614778 0.08431905
vt 0.05375449 0.07300068
vt 0.03459783 0.08433127
vt 0.05316854 0.09527113
vt 0.05614778 0.08431905
vt 0.03326672 0.07541823
vt 0.03459783 0.08433127
vt 0.05614778 0.08431905
vt 0.03459783 0.08433127
vt 0.03357187 0.09342747
vt 0.05316854 0.09527113
vt 0.01454926 0.07858054
vt 0.03459783 0.08433127
vt 0.03326672 0.07541823
vt 0.0199583 0.08450223
vt 0.03357187 0.09342747
vt 0.03459783 0.08433127
vt 0.01454926 0.07858054
vt 0.0199583 0.08450223
vt 0.03459783 0.08433127
vt 0.0199583 0.08450223
vt 0.01465952 0.09059481
vt 0.03357187 0.09342747
vt 0.01454926 0.07858054
vt 0.01196083 0.08467314
vt 0.0199583 0.08450223
vt 0.01196083 0.08467314
vt 0.01465952 0.09059481
vt 0.0199583 0.08450223
vt 0.07759087 0.07305564
vt 0.09447382 0.04987561
vt 0.08869855 0.06086431
vt 0.0704084 0.06422196
vt 0.07759087 0.07305564
vt 0.08869855 0.06086431
vt 0.07412012 0.05593159
vt 0.08869855 0.06086431
vt 0.09447382 0.04987561
vt 0.0704084 0.06422196
vt 0.08869855 0.06086431
vt 0.07412012 0.05593159
vt 0.07412012 0.05593159
vt 0.09447382 0.04987561
vt 0.0760615 0.04681098
vt 0.07412012 0.05593159
vt 0.0760615 0.04681098
vt 0.05713673 0.04212246
vt 0.0704084 0.06422196
vt 0.07412012 0.05593159
vt 0.05587913 0.04974131
vt 0.07412012 0.05593159
vt 0.05713673 0.04212246
vt 0.05587913 0.04974131
vt 0.0704084 0.06422196
vt 0.05587913 0.04974131
vt 0.05239932 0.05666418
vt 0.04164284 0.04004683
vt 0.05587913 0.04974131
vt 0.05713673 0.04212246
vt 0.04390129 0.04607839
vt 0.05239932 0.05666418
vt 0.05587913 0.04974131
vt 0.04164284 0.04004683
vt 0.04390129 0.04607839
vt 0.05587913 0.04974131
vt 0.04390129 0.04607839
vt 0.03801656 0.04943604
vt 0.05239932 0.05666418
vt 0.04164284 0.04004683
vt 0.03766222 0.04368529
vt 0.04390129 0.04607839
vt 0.03766222 0.04368529
vt 0.03801656 0.04943604
vt 0.04390129 0.04607839
vt 0.5267498 0.2488783
vt 0.5761399 0.2172891
vt 0.5500724 0.2699919
vt 0.5267498 0.2488783
vt 0.548003 0.2050731
vt 0.5761399 0.2172891
vt 0.548003 0.2050731
vt 0.5815369 0.1293978
vt 0.5761399 0.2172891
vt 0.5815369 0.1293978
vt 0.6053578 0.134019
vt 0.5761399 0.2172891
vt 0.5846013 0.09119371
vt 0.6053578 0.134019
vt 0.5815369 0.1293978
vt 0.5846013 0.09119371
vt 0.6080563 0.09431972
vt 0.6053578 0.134019
vt 0.6077327 0.07276949
vt 0.6080563 0.09431972
vt 0.5846013 0.09119371
vt 0.548003 0.2050731
vt 0.5623188 0.1290621
vt 0.5815369 0.1293978
vt 0.5846013 0.09119371
vt 0.5815369 0.1293978
vt 0.5623188 0.1290621
vt 0.5730144 0.05722643
vt 0.6077327 0.07276949
vt 0.5846013 0.09119371
vt 0.5730144 0.05722643
vt 0.621621 0.03792301
vt 0.6077327 0.07276949
vt 0.5730144 0.05722643
vt 0.5788751 0.0298277
vt 0.621621 0.03792301
vt 0.5846013 0.09119371
vt 0.5623188 0.1290621
vt 0.5695104 0.08057131
vt 0.5730144 0.05722643
vt 0.5846013 0.09119371
vt 0.5695104 0.08057131
vt 0.5319045 0.05439393
vt 0.5788751 0.0298277
vt 0.5730144 0.05722643
vt 0.5695104 0.08057131
vt 0.5319045 0.05439393
vt 0.5730144 0.05722643
vt 0.5319045 0.05439393
vt 0.5328811 0.02401621
vt 0.5788751 0.0298277
vt 0.5328811 0.02401621
vt 0.5319045 0.05439393
vt 0.5032241 0.05706752
vt 0.5328811 0.02401621
vt 0.5032241 0.05706752
vt 0.5048968 0.01651955
vt 0.485813 0.009889392
vt 0.5048968 0.01651955
vt 0.5032241 0.05706752
vt 0.5438679 0.1272895
vt 0.5623188 0.1290621
vt 0.548003 0.2050731
vt 0.5695104 0.08057131
vt 0.5623188 0.1290621
vt 0.5438679 0.1272895
vt 0.5695104 0.08057131
vt 0.5440652 0.08132835
vt 0.5319045 0.05439393
vt 0.5440652 0.08132835
vt 0.5032241 0.05706752
vt 0.5319045 0.05439393
vt 0.5695104 0.08057131
vt 0.5438679 0.1272895
vt 0.5440652 0.08132835
vt 0.485813 0.009889392
vt 0.5032241 0.05706752
vt 0.4932486 0.05219605
vt 0.4672298 0.008509893
vt 0.485813 0.009889392
vt 0.4932486 0.05219605
vt 0.5438679 0.1272895
vt 0.548003 0.2050731
vt 0.5364914 0.2012936
vt 0.5218804 0.1964962
vt 0.5438679 0.1272895
vt 0.5364914 0.2012936
vt 0.5364914 0.2012936
vt 0.548003 0.2050731
vt 0.5267498 0.2488783
vt 0.5267498 0.2488783
vt 0.5218804 0.1964962
vt 0.5364914 0.2012936
vt 0.5267498 0.2488783
vt 0.511368 0.2443519
vt 0.5218804 0.1964962
vt 0.483249 0.2397304
vt 0.5218804 0.1964962
vt 0.511368 0.2443519
vt 0.5440652 0.08132835
vt 0.5438679 0.1272895
vt 0.5194265 0.1249413
vt 0.5218804 0.1964962
vt 0.5194265 0.1249413
vt 0.5438679 0.1272895
vt 0.5440652 0.08132835
vt 0.5048478 0.07532092
vt 0.5032241 0.05706752
vt 0.5440652 0.08132835
vt 0.5194265 0.1249413
vt 0.5048478 0.07532092
vt 0.492736 0.07552849
vt 0.5032241 0.05706752
vt 0.5048478 0.07532092
vt 0.492736 0.07552849
vt 0.4932486 0.05219605
vt 0.5032241 0.05706752
vt 0.5194265 0.1249413
vt 0.492736 0.07552849
vt 0.5048478 0.07532092
vt 0.4672298 0.008509893
vt 0.4932486 0.05219605
vt 0.4697258 0.04978697
vt 0.4306926 0.06060867
vt 0.4672298 0.008509893
vt 0.4697258 0.04978697
vt 0.4306926 0.06060867
vt 0.4280492 0.02279537
vt 0.4672298 0.008509893
vt 0.4194777 0.02522488
vt 0.4280492 0.02279537
vt 0.4306926 0.06060867
vt 0.4194777 0.02522488
vt 0.4306926 0.06060867
vt 0.4167796 0.05908216
vt 0.4751663 0.06572446
vt 0.4697258 0.04978697
vt 0.4932486 0.05219605
vt 0.4751663 0.06572446
vt 0.4932486 0.05219605
vt 0.492736 0.07552849
vt 0.4751663 0.06572446
vt 0.4601484 0.06355117
vt 0.4697258 0.04978697
vt 0.4306926 0.06060867
vt 0.4697258 0.04978697
vt 0.4601484 0.06355117
vt 0.4344957 0.08141401
vt 0.4167796 0.05908216
vt 0.4306926 0.06060867
vt 0.4344957 0.08141401
vt 0.4148138 0.07772638
vt 0.4167796 0.05908216
vt 0.492736 0.07552849
vt 0.4759232 0.08022915
vt 0.4751663 0.06572446
vt 0.4759232 0.08022915
vt 0.4601484 0.06355117
vt 0.4751663 0.06572446
vt 0.4599775 0.07808044
vt 0.4306926 0.06060867
vt 0.4601484 0.06355117
vt 0.4344957 0.08141401
vt 0.4306926 0.06060867
vt 0.4599775 0.07808044
vt 0.4759232 0.08022915
vt 0.4599775 0.07808044
vt 0.4601484 0.06355117
vt 0.5194265 0.1249413
vt 0.4854285 0.09400758
vt 0.492736 0.07552849
vt 0.4854285 0.09400758
vt 0.4759232 0.08022915
vt 0.492736 0.07552849
vt 0.4759232 0.08022915
vt 0.4644101 0.09227376
vt 0.4599775 0.07808044
vt 0.4344957 0.08141401
vt 0.4599775 0.07808044
vt 0.4644101 0.09227376
vt 0.4759232 0.08022915
vt 0.4854285 0.09400758
vt 0.4644101 0.09227376
vt 0.4148138 0.07772638
vt 0.4344957 0.08141401
vt 0.4472702 0.1162592
vt 0.4472702 0.1162592
vt 0.4344957 0.08141401
vt 0.4644101 0.09227376
vt 0.4148138 0.07772638
vt 0.4472702 0.1162592
vt 0.4169688 0.1136291
vt 0.5194265 0.1249413
vt 0.4838962 0.1213667
vt 0.4854285 0.09400758
vt 0.4838962 0.1213667
vt 0.4644101 0.09227376
vt 0.4854285 0.09400758
vt 0.4838962 0.1213667
vt 0.4472702 0.1162592
vt 0.4644101 0.09227376
vt 0.4838962 0.1213667
vt 0.5194265 0.1249413
vt 0.5218804 0.1964962
vt 0.4838962 0.1213667
vt 0.5218804 0.1964962
vt 0.4831367 0.1905089
vt 0.4472702 0.1162592
vt 0.4838962 0.1213667
vt 0.4831367 0.1905089
vt 0.483249 0.2397304
vt 0.4831367 0.1905089
vt 0.5218804 0.1964962
vt 0.4169688 0.1136291
vt 0.4472702 0.1162592
vt 0.4516751 0.1910568
vt 0.4472702 0.1162592
vt 0.4831367 0.1905089
vt 0.4516751 0.1910568
vt 0.483249 0.2397304
vt 0.4516751 0.1910568
vt 0.4831367 0.1905089
vt 0.4169688 0.1136291
vt 0.4516751 0.1910568
vt 0.436541 0.1933458
vt 0.483249 0.2397304
vt 0.4680846 0.2397242
vt 0.4516751 0.1910568
vt 0.4515039 0.2469525
vt 0.436541 0.1933458
vt 0.4516751 0.1910568
vt 0.4515039 0.2469525
vt 0.4516751 0.1910568
vt 0.4680846 0.2397242
vt 0.879767 0.579682
vt 0.955521 0.596323
vt 0.971884 0.55293
vt 0.929511 0.624132
vt 0.955521 0.596323
vt 0.879767 0.579682
vt 0.879767 0.579682
vt 0.971884 0.55293
vt 0.87214 0.497542
vt 0.976709 0.510058
vt 0.87214 0.497542
vt 0.971884 0.55293
vt 0.976709 0.510058
vt 0.925696 0.397569
vt 0.87214 0.497542
vt 0.925696 0.397569
vt 0.792337 0.47009
vt 0.87214 0.497542
vt 0.792337 0.47009
vt 0.879767 0.579682
vt 0.87214 0.497542
vt 0.925696 0.397569
vt 0.844302 0.381974
vt 0.792337 0.47009
vt 0.844302 0.381974
vt 0.689997 0.447312
vt 0.792337 0.47009
vt 0.844302 0.381974
vt 0.761467 0.3612687
vt 0.689997 0.447312
vt 0.761467 0.3612687
vt 0.589518 0.4138768
vt 0.689997 0.447312
vt 0.761467 0.3612687
vt 0.6805674 0.3470726
vt 0.589518 0.4138768
vt 0.746148 0.501393
vt 0.792337 0.47009
vt 0.689997 0.447312
vt 0.792337 0.47009
vt 0.746148 0.501393
vt 0.879767 0.579682
vt 0.879767 0.579682
vt 0.746148 0.501393
vt 0.767505 0.6110825
vt 0.746148 0.501393
vt 0.689997 0.447312
vt 0.658415 0.5374835
vt 0.589518 0.4138768
vt 0.658415 0.5374835
vt 0.689997 0.447312
vt 0.746148 0.501393
vt 0.658415 0.5374835
vt 0.767505 0.6110825
vt 0.589518 0.4138768
vt 0.558396 0.5059545
vt 0.658415 0.5374835
vt 0.643657 0.6038475
vt 0.767505 0.6110825
vt 0.658415 0.5374835
vt 0.643657 0.6038475
vt 0.658415 0.5374835
vt 0.558396 0.5059545
vt 0.643657 0.6038475
vt 0.7097055 0.6367745
vt 0.767505 0.6110825
vt 0.643657 0.6038475
vt 0.701715 0.704596
vt 0.7097055 0.6367745
vt 0.6805674 0.3470726
vt 0.5535736 0.3386902
vt 0.589518 0.4138768
vt 0.6805674 0.3470726
vt 0.5942492 0.3304047
vt 0.5535736 0.3386902
vt 0.5942492 0.3304047
vt 0.5616517 0.2852415
vt 0.5535736 0.3386902
vt 0.5616517 0.2852415
vt 0.5004992 0.3437242
vt 0.5535736 0.3386902
vt 0.5004992 0.3437242
vt 0.589518 0.4138768
vt 0.5535736 0.3386902
vt 0.5616517 0.2852415
vt 0.4987625 0.2700594
vt 0.5004992 0.3437242
vt 0.4380774 0.2870092
vt 0.5004992 0.3437242
vt 0.4987625 0.2700594
vt 0.5004992 0.3437242
vt 0.5004921 0.3765436
vt 0.589518 0.4138768
vt 0.5004921 0.3765436
vt 0.558396 0.5059545
vt 0.589518 0.4138768
vt 0.4380774 0.2870092
vt 0.447506 0.3398579
vt 0.5004992 0.3437242
vt 0.447506 0.3398579
vt 0.5004921 0.3765436
vt 0.5004992 0.3437242
vt 0.447506 0.3398579
vt 0.4130564 0.4151866
vt 0.5004921 0.3765436
vt 0.447506 0.3398579
vt 0.4380774 0.2870092
vt 0.4075555 0.331857
vt 0.3078334 0.3462594
vt 0.447506 0.3398579
vt 0.4075555 0.331857
vt 0.3078334 0.3462594
vt 0.4130564 0.4151866
vt 0.447506 0.3398579
vt 0.2451978 0.3616083
vt 0.4130564 0.4151866
vt 0.3078334 0.3462594
vt 0.5004921 0.3765436
vt 0.499977 0.493997
vt 0.558396 0.5059545
vt 0.4130564 0.4151866
vt 0.499977 0.493997
vt 0.5004921 0.3765436
vt 0.2451978 0.3616083
vt 0.310004 0.447313
vt 0.4130564 0.4151866
vt 0.155699 0.381975
vt 0.310004 0.447313
vt 0.2451978 0.3616083
vt 0.155699 0.381975
vt 0.207664 0.470091
vt 0.310004 0.447313
vt 0.074305 0.397571
vt 0.207664 0.470091
vt 0.155699 0.381975
vt 0.074305 0.397571
vt 0.127861 0.497544
vt 0.207664 0.470091
vt 0.120234 0.579684
vt 0.207664 0.470091
vt 0.127861 0.497544
vt 0.023292 0.51006
vt 0.127861 0.497544
vt 0.074305 0.397571
vt 0.023292 0.51006
vt 0.028117 0.552932
vt 0.127861 0.497544
vt 0.120234 0.579684
vt 0.127861 0.497544
vt 0.028117 0.552932
vt 0.120234 0.579684
vt 0.028117 0.552932
vt 0.044481 0.596325
vt 0.070491 0.624133
vt 0.120234 0.579684
vt 0.044481 0.596325
vt 0.253853 0.501393
vt 0.310004 0.447313
vt 0.207664 0.470091
vt 0.120234 0.579684
vt 0.253853 0.501393
vt 0.207664 0.470091
vt 0.120234 0.579684
vt 0.232497 0.6110835
vt 0.253853 0.501393
vt 0.253853 0.501393
vt 0.3415865 0.537484
vt 0.310004 0.447313
vt 0.3415865 0.537484
vt 0.4130564 0.4151866
vt 0.310004 0.447313
vt 0.232497 0.6110835
vt 0.3415865 0.537484
vt 0.253853 0.501393
vt 0.3563423 0.6038333
vt 0.3415865 0.537484
vt 0.232497 0.6110835
vt 0.3415865 0.537484
vt 0.441606 0.5059545
vt 0.4130564 0.4151866
vt 0.3563423 0.6038333
vt 0.441606 0.5059545
vt 0.3415865 0.537484
vt 0.4130564 0.4151866
vt 0.441606 0.5059545
vt 0.499977 0.493997
vt 0.163401 0.612439
vt 0.120234 0.579684
vt 0.070491 0.624133
vt 0.120234 0.579684
vt 0.163401 0.612439
vt 0.232497 0.6110835
vt 0.070491 0.624133
vt 0.151579 0.656117
vt 0.163401 0.612439
vt 0.070491 0.624133
vt 0.066282 0.66768
vt 0.151579 0.656117
vt 0.151579 0.656117
vt 0.066282 0.66768
vt 0.054662 0.758695
vt 0.441606 0.5059545
vt 0.499977 0.532272
vt 0.499977 0.493997
vt 0.558396 0.5059545
vt 0.499977 0.493997
vt 0.499977 0.532272
vt 0.223595 0.682998
vt 0.232497 0.6110835
vt 0.163401 0.612439
vt 0.223595 0.682998
vt 0.163401 0.612439
vt 0.151579 0.656117
vt 0.151579 0.656117
vt 0.054662 0.758695
vt 0.141024 0.74274
vt 0.151579 0.656117
vt 0.141024 0.74274
vt 0.233092 0.745965
vt 0.151579 0.656117
vt 0.233092 0.745965
vt 0.223595 0.682998
vt 0.054662 0.758695
vt 0.155833 0.800899
vt 0.141024 0.74274
vt 0.233092 0.745965
vt 0.141024 0.74274
vt 0.155833 0.800899
vt 0.054662 0.758695
vt 0.07386 0.8400165
vt 0.155833 0.800899
vt 0.233092 0.745965
vt 0.155833 0.800899
vt 0.1652826 0.8780833
vt 0.07386 0.8400165
vt 0.1652826 0.8780833
vt 0.155833 0.800899
vt 0.245551 0.710137
vt 0.223595 0.682998
vt 0.233092 0.745965
vt 0.07386 0.8400165
vt 0.08664104 0.9040168
vt 0.1652826 0.8780833
vt 0.212626 0.9192154
vt 0.1652826 0.8780833
vt 0.08664104 0.9040168
vt 0.212626 0.9192154
vt 0.08664104 0.9040168
vt 0.1766824 0.9619992
vt 0.233092 0.745965
vt 0.1652826 0.8780833
vt 0.2417709 0.8691351
vt 0.1652826 0.8780833
vt 0.212626 0.9192154
vt 0.2417709 0.8691351
vt 0.1766824 0.9619992
vt 0.3223475 0.918313
vt 0.212626 0.9192154
vt 0.1766824 0.9619992
vt 0.2879793 0.986308
vt 0.3223475 0.918313
vt 0.2879793 0.986308
vt 0.3917524 0.9610964
vt 0.3223475 0.918313
vt 0.3026801 0.8630183
vt 0.2417709 0.8691351
vt 0.212626 0.9192154
vt 0.233092 0.745965
vt 0.2417709 0.8691351
vt 0.3026801 0.8630183
vt 0.3026801 0.8630183
vt 0.212626 0.9192154
vt 0.3223475 0.918313
vt 0.283497 0.747971
vt 0.233092 0.745965
vt 0.3026801 0.8630183
vt 0.3533446 0.8117467
vt 0.283497 0.747971
vt 0.3026801 0.8630183
vt 0.3223475 0.918313
vt 0.3533446 0.8117467
vt 0.3026801 0.8630183
vt 0.3917524 0.9610964
vt 0.4374652 0.8544305
vt 0.3223475 0.918313
vt 0.3223475 0.918313
vt 0.4374652 0.8544305
vt 0.3533446 0.8117467
vt 0.4374652 0.8544305
vt 0.3917524 0.9610964
vt 0.499622 0.8774415
vt 0.472674 0.778786
vt 0.4374652 0.8544305
vt 0.499622 0.8774415
vt 0.407719 0.775638
vt 0.3533446 0.8117467
vt 0.4374652 0.8544305
vt 0.283497 0.747971
vt 0.3533446 0.8117467
vt 0.381961 0.760275
vt 0.381961 0.760275
vt 0.3533446 0.8117467
vt 0.407719 0.775638
vt 0.3936347 0.740385
vt 0.381961 0.760275
vt 0.407719 0.775638
vt 0.375731 0.728224
vt 0.381961 0.760275
vt 0.3936347 0.740385
vt 0.283497 0.747971
vt 0.381961 0.760275
vt 0.375731 0.728224
vt 0.283497 0.747971
vt 0.375731 0.728224
vt 0.3705145 0.674543
vt 0.409932 0.71933
vt 0.3705145 0.674543
vt 0.375731 0.728224
vt 0.409932 0.71933
vt 0.375731 0.728224
vt 0.3936347 0.740385
vt 0.283497 0.747971
vt 0.3705145 0.674543
vt 0.298287 0.704596
vt 0.4374652 0.8544305
vt 0.472674 0.778786
vt 0.44241 0.781283
vt 0.407719 0.775638
vt 0.4374652 0.8544305
vt 0.44241 0.781283
vt 0.440614 0.765933
vt 0.407719 0.775638
vt 0.44241 0.781283
vt 0.472674 0.778786
vt 0.440614 0.765933
vt 0.44241 0.781283
vt 0.3936347 0.740385
vt 0.407719 0.775638
vt 0.413886 0.76031
vt 0.440614 0.765933
vt 0.413886 0.76031
vt 0.407719 0.775638
vt 0.4280251 0.7456348
vt 0.3936347 0.740385
vt 0.413886 0.76031
vt 0.440614 0.765933
vt 0.4280251 0.7456348
vt 0.413886 0.76031
vt 0.472674 0.778786
vt 0.499622 0.8774415
vt 0.499999 0.777783
vt 0.499999 0.777783
vt 0.499622 0.8774415
vt 0.5612987 0.8535122
vt 0.5612987 0.8535122
vt 0.499622 0.8774415
vt 0.6038963 0.9541032
vt 0.6038963 0.9541032
vt 0.6722673 0.9113818
vt 0.5612987 0.8535122
vt 0.6722673 0.9113818
vt 0.6462712 0.8118341
vt 0.5612987 0.8535122
vt 0.6914638 0.9841048
vt 0.6722673 0.9113818
vt 0.6038963 0.9541032
vt 0.8269036 0.9640757
vt 0.6722673 0.9113818
vt 0.6914638 0.9841048
vt 0.8269036 0.9640757
vt 0.7859697 0.9170419
vt 0.6722673 0.9113818
vt 0.7859697 0.9170419
vt 0.8269036 0.9640757
vt 0.9191059 0.9016446
vt 0.6722673 0.9113818
vt 0.706709 0.8386238
vt 0.6462712 0.8118341
vt 0.706709 0.8386238
vt 0.6722673 0.9113818
vt 0.7859697 0.9170419
vt 0.7859697 0.9170419
vt 0.9191059 0.9016446
vt 0.8408492 0.8801113
vt 0.9373463 0.8362772
vt 0.8408492 0.8801113
vt 0.9191059 0.9016446
vt 0.706709 0.8386238
vt 0.7859697 0.9170419
vt 0.7657632 0.8522378
vt 0.8408492 0.8801113
vt 0.7657632 0.8522378
vt 0.7859697 0.9170419
vt 0.9373463 0.8362772
vt 0.84417 0.800898
vt 0.8408492 0.8801113
vt 0.945341 0.758693
vt 0.84417 0.800898
vt 0.9373463 0.8362772
vt 0.76691 0.745964
vt 0.7657632 0.8522378
vt 0.8408492 0.8801113
vt 0.7657632 0.8522378
vt 0.76691 0.745964
vt 0.706709 0.8386238
vt 0.76691 0.745964
vt 0.8408492 0.8801113
vt 0.84417 0.800898
vt 0.706709 0.8386238
vt 0.76691 0.745964
vt 0.716505 0.747971
vt 0.6462712 0.8118341
vt 0.706709 0.8386238
vt 0.716505 0.747971
vt 0.76691 0.745964
vt 0.84417 0.800898
vt 0.858978 0.742738
vt 0.945341 0.758693
vt 0.858978 0.742738
vt 0.84417 0.800898
vt 0.848423 0.656116
vt 0.858978 0.742738
vt 0.945341 0.758693
vt 0.848423 0.656116
vt 0.76691 0.745964
vt 0.858978 0.742738
vt 0.848423 0.656116
vt 0.945341 0.758693
vt 0.93372 0.667678
vt 0.929511 0.624132
vt 0.848423 0.656116
vt 0.93372 0.667678
vt 0.929511 0.624132
vt 0.8366 0.612438
vt 0.848423 0.656116
vt 0.8366 0.612438
vt 0.929511 0.624132
vt 0.879767 0.579682
vt 0.879767 0.579682
vt 0.767505 0.6110825
vt 0.8366 0.612438
vt 0.776407 0.682997
vt 0.848423 0.656116
vt 0.8366 0.612438
vt 0.776407 0.682997
vt 0.8366 0.612438
vt 0.767505 0.6110825
vt 0.848423 0.656116
vt 0.776407 0.682997
vt 0.76691 0.745964
vt 0.767505 0.6110825
vt 0.712637 0.66278
vt 0.776407 0.682997
vt 0.767505 0.6110825
vt 0.7097055 0.6367745
vt 0.712637 0.66278
vt 0.7097055 0.6367745
vt 0.708459 0.666108
vt 0.712637 0.66278
vt 0.701715 0.704596
vt 0.708459 0.666108
vt 0.7097055 0.6367745
vt 0.708459 0.666108
vt 0.701715 0.704596
vt 0.726765 0.712355
vt 0.712637 0.66278
vt 0.708459 0.666108
vt 0.741686 0.689708
vt 0.726765 0.712355
vt 0.741686 0.689708
vt 0.708459 0.666108
vt 0.712637 0.66278
vt 0.744295 0.688996
vt 0.776407 0.682997
vt 0.712637 0.66278
vt 0.741686 0.689708
vt 0.744295 0.688996
vt 0.754451 0.710136
vt 0.776407 0.682997
vt 0.744295 0.688996
vt 0.754451 0.710136
vt 0.76691 0.745964
vt 0.776407 0.682997
vt 0.75073 0.709435
vt 0.744295 0.688996
vt 0.741686 0.689708
vt 0.726765 0.712355
vt 0.75073 0.709435
vt 0.741686 0.689708
vt 0.75073 0.709435
vt 0.754451 0.710136
vt 0.744295 0.688996
vt 0.754451 0.710136
vt 0.75073 0.709435
vt 0.748756 0.730654
vt 0.726765 0.712355
vt 0.748756 0.730654
vt 0.75073 0.709435
vt 0.754451 0.710136
vt 0.748756 0.730654
vt 0.751795 0.732795
vt 0.76691 0.745964
vt 0.754451 0.710136
vt 0.751795 0.732795
vt 0.751795 0.732795
vt 0.748756 0.730654
vt 0.741615 0.736238
vt 0.726765 0.712355
vt 0.741615 0.736238
vt 0.748756 0.730654
vt 0.76691 0.745964
vt 0.751795 0.732795
vt 0.744069 0.738945
vt 0.751795 0.732795
vt 0.741615 0.736238
vt 0.744069 0.738945
vt 0.726765 0.712355
vt 0.732071 0.740371
vt 0.741615 0.736238
vt 0.744069 0.738945
vt 0.741615 0.736238
vt 0.732071 0.740371
vt 0.734563 0.744579
vt 0.76691 0.745964
vt 0.744069 0.738945
vt 0.744069 0.738945
vt 0.732071 0.740371
vt 0.734563 0.744579
vt 0.734563 0.744579
vt 0.716505 0.747971
vt 0.76691 0.745964
vt 0.726765 0.712355
vt 0.720654 0.741392
vt 0.732071 0.740371
vt 0.734563 0.744579
vt 0.732071 0.740371
vt 0.720654 0.741392
vt 0.734563 0.744579
vt 0.720654 0.741392
vt 0.716505 0.747971
vt 0.726765 0.712355
vt 0.701715 0.704596
vt 0.720654 0.741392
vt 0.716505 0.747971
vt 0.720654 0.741392
vt 0.701715 0.704596
vt 0.701715 0.704596
vt 0.624117 0.728702
vt 0.716505 0.747971
vt 0.6462712 0.8118341
vt 0.716505 0.747971
vt 0.624117 0.728702
vt 0.701715 0.704596
vt 0.6294305 0.6747025
vt 0.624117 0.728702
vt 0.643657 0.6038475
vt 0.6294305 0.6747025
vt 0.701715 0.704596
vt 0.6462712 0.8118341
vt 0.624117 0.728702
vt 0.617739 0.761217
vt 0.624117 0.728702
vt 0.6062043 0.741052
vt 0.617739 0.761217
vt 0.59208 0.77696
vt 0.6462712 0.8118341
vt 0.617739 0.761217
vt 0.6062043 0.741052
vt 0.59208 0.77696
vt 0.617739 0.761217
vt 0.624117 0.728702
vt 0.6294305 0.6747025
vt 0.589997 0.719759
vt 0.624117 0.728702
vt 0.589997 0.719759
vt 0.6062043 0.741052
vt 0.557556 0.781502
vt 0.6462712 0.8118341
vt 0.59208 0.77696
vt 0.557556 0.781502
vt 0.5612987 0.8535122
vt 0.6462712 0.8118341
vt 0.527321 0.778864
vt 0.5612987 0.8535122
vt 0.557556 0.781502
vt 0.499999 0.777783
vt 0.5612987 0.8535122
vt 0.527321 0.778864
vt 0.499999 0.777783
vt 0.527321 0.778864
vt 0.5147275 0.746017
vt 0.559374 0.766273
vt 0.557556 0.781502
vt 0.59208 0.77696
vt 0.527321 0.778864
vt 0.557556 0.781502
vt 0.559374 0.766273
vt 0.6062043 0.741052
vt 0.585988 0.761202
vt 0.59208 0.77696
vt 0.559374 0.766273
vt 0.59208 0.77696
vt 0.585988 0.761202
vt 0.499999 0.777783
vt 0.5147275 0.746017
vt 0.5000335 0.7472185
vt 0.499999 0.777783
vt 0.5000335 0.7472185
vt 0.4853295 0.745936
vt 0.499999 0.777783
vt 0.4853295 0.745936
vt 0.472674 0.778786
vt 0.527321 0.778864
vt 0.559374 0.766273
vt 0.536084 0.75843
vt 0.527321 0.778864
vt 0.528501 0.744604
vt 0.5147275 0.746017
vt 0.527321 0.778864
vt 0.536084 0.75843
vt 0.528501 0.744604
vt 0.5147275 0.746017
vt 0.528501 0.744604
vt 0.528977 0.729253
vt 0.5425625 0.7392341
vt 0.528501 0.744604
vt 0.536084 0.75843
vt 0.528977 0.729253
vt 0.528501 0.744604
vt 0.5425625 0.7392341
vt 0.5493097 0.7437509
vt 0.536084 0.75843
vt 0.559374 0.766273
vt 0.5425625 0.7392341
vt 0.536084 0.75843
vt 0.5493097 0.7437509
vt 0.585988 0.761202
vt 0.5596901 0.7467574
vt 0.559374 0.766273
vt 0.5493097 0.7437509
vt 0.559374 0.766273
vt 0.5596901 0.7467574
vt 0.5607067 0.7391018
vt 0.5425625 0.7392341
vt 0.5493097 0.7437509
vt 0.5607067 0.7391018
vt 0.5493097 0.7437509
vt 0.5596901 0.7467574
vt 0.585988 0.761202
vt 0.5719696 0.7461508
vt 0.5596901 0.7467574
vt 0.6062043 0.741052
vt 0.5719696 0.7461508
vt 0.585988 0.761202
vt 0.5754017 0.7393862
vt 0.5596901 0.7467574
vt 0.5719696 0.7461508
vt 0.5754017 0.7393862
vt 0.5607067 0.7391018
vt 0.5596901 0.7467574
vt 0.6062043 0.741052
vt 0.5842471 0.7432066
vt 0.5719696 0.7461508
vt 0.5842471 0.7432066
vt 0.5754017 0.7393862
vt 0.5719696 0.7461508
vt 0.6062043 0.741052
vt 0.5856011 0.7367153
vt 0.5842471 0.7432066
vt 0.5842471 0.7432066
vt 0.5856011 0.7367153
vt 0.5754017 0.7393862
vt 0.5856011 0.7367153
vt 0.6062043 0.741052
vt 0.589997 0.719759
vt 0.5856011 0.7367153
vt 0.574164 0.7323183
vt 0.5754017 0.7393862
vt 0.5856011 0.7367153
vt 0.589997 0.719759
vt 0.574164 0.7323183
vt 0.574164 0.7323183
vt 0.5607067 0.7391018
vt 0.5754017 0.7393862
vt 0.5505677 0.7341875
vt 0.5425625 0.7392341
vt 0.5607067 0.7391018
vt 0.528977 0.729253
vt 0.5425625 0.7392341
vt 0.5505677 0.7341875
vt 0.5623665 0.7314788
vt 0.5505677 0.7341875
vt 0.5607067 0.7391018
vt 0.574164 0.7323183
vt 0.5623665 0.7314788
vt 0.5607067 0.7391018
vt 0.5623665 0.7314788
vt 0.528977 0.729253
vt 0.5505677 0.7341875
vt 0.574164 0.7323183
vt 0.589997 0.719759
vt 0.563212 0.717708
vt 0.574164 0.7323183
vt 0.563212 0.717708
vt 0.5623665 0.7314788
vt 0.5623665 0.7314788
vt 0.563212 0.717708
vt 0.528977 0.729253
vt 0.563212 0.717708
vt 0.589997 0.719759
vt 0.6294305 0.6747025
vt 0.544288 0.68269
vt 0.528977 0.729253
vt 0.563212 0.717708
vt 0.563212 0.717708
vt 0.6294305 0.6747025
vt 0.544288 0.68269
vt 0.544288 0.68269
vt 0.537366 0.688233
vt 0.528977 0.729253
vt 0.537366 0.688233
vt 0.544288 0.68269
vt 0.5315198 0.6552898
vt 0.544288 0.68269
vt 0.554235 0.632369
vt 0.5315198 0.6552898
vt 0.544288 0.68269
vt 0.6294305 0.6747025
vt 0.554235 0.632369
vt 0.537366 0.688233
vt 0.5147275 0.746017
vt 0.528977 0.729253
vt 0.554235 0.632369
vt 0.6294305 0.6747025
vt 0.643657 0.6038475
vt 0.537366 0.688233
vt 0.511891 0.69578
vt 0.5147275 0.746017
vt 0.537366 0.688233
vt 0.5315198 0.6552898
vt 0.526378 0.664696
vt 0.511891 0.69578
vt 0.537366 0.688233
vt 0.526378 0.664696
vt 0.4999013 0.6543133
vt 0.526378 0.664696
vt 0.5315198 0.6552898
vt 0.506775 0.673446
vt 0.526378 0.664696
vt 0.4999013 0.6543133
vt 0.511891 0.69578
vt 0.526378 0.664696
vt 0.506775 0.673446
vt 0.500209 0.695237
vt 0.5147275 0.746017
vt 0.511891 0.69578
vt 0.500209 0.695237
vt 0.5000335 0.7472185
vt 0.5147275 0.746017
vt 0.500438 0.678125
vt 0.511891 0.69578
vt 0.506775 0.673446
vt 0.4999013 0.6543133
vt 0.500438 0.678125
vt 0.506775 0.673446
vt 0.500438 0.678125
vt 0.500209 0.695237
vt 0.511891 0.69578
vt 0.488514 0.695666
vt 0.5000335 0.7472185
vt 0.500209 0.695237
vt 0.488514 0.695666
vt 0.4853295 0.745936
vt 0.5000335 0.7472185
vt 0.488514 0.695666
vt 0.471049 0.729114
vt 0.4853295 0.745936
vt 0.494039 0.673465
vt 0.500209 0.695237
vt 0.500438 0.678125
vt 0.494039 0.673465
vt 0.488514 0.695666
vt 0.500209 0.695237
vt 0.4999013 0.6543133
vt 0.494039 0.673465
vt 0.500438 0.678125
vt 0.494039 0.673465
vt 0.462997 0.686762
vt 0.488514 0.695666
vt 0.488514 0.695666
vt 0.462997 0.686762
vt 0.471049 0.729114
vt 0.494039 0.673465
vt 0.472815 0.664485
vt 0.462997 0.686762
vt 0.4999013 0.6543133
vt 0.472815 0.664485
vt 0.494039 0.673465
vt 0.4853295 0.745936
vt 0.471049 0.729114
vt 0.471528 0.744455
vt 0.472674 0.778786
vt 0.4853295 0.745936
vt 0.471528 0.744455
vt 0.462997 0.686762
vt 0.456032 0.68243
vt 0.471049 0.729114
vt 0.456032 0.68243
vt 0.462997 0.686762
vt 0.472815 0.664485
vt 0.456032 0.68243
vt 0.472815 0.664485
vt 0.468631 0.6552775
vt 0.488928 0.6495645
vt 0.472815 0.664485
vt 0.4999013 0.6543133
vt 0.488928 0.6495645
vt 0.468631 0.6552775
vt 0.472815 0.664485
vt 0.472674 0.778786
vt 0.471528 0.744455
vt 0.463921 0.758254
vt 0.472674 0.778786
vt 0.463921 0.758254
vt 0.440614 0.765933
vt 0.4507829 0.7434343
vt 0.463921 0.758254
vt 0.471528 0.744455
vt 0.440614 0.765933
vt 0.463921 0.758254
vt 0.4507829 0.7434343
vt 0.471049 0.729114
vt 0.4576494 0.7389482
vt 0.471528 0.744455
vt 0.4507829 0.7434343
vt 0.471528 0.744455
vt 0.4576494 0.7389482
vt 0.440614 0.765933
vt 0.4507829 0.7434343
vt 0.440339 0.7463588
vt 0.440614 0.765933
vt 0.440339 0.7463588
vt 0.4280251 0.7456348
vt 0.4393521 0.7387099
vt 0.4507829 0.7434343
vt 0.4576494 0.7389482
vt 0.4393521 0.7387099
vt 0.440339 0.7463588
vt 0.4507829 0.7434343
vt 0.471049 0.729114
vt 0.4495584 0.7338772
vt 0.4576494 0.7389482
vt 0.4495584 0.7338772
vt 0.4393521 0.7387099
vt 0.4576494 0.7389482
vt 0.436766 0.717403
vt 0.471049 0.729114
vt 0.456032 0.68243
vt 0.4495584 0.7338772
vt 0.471049 0.729114
vt 0.436766 0.717403
vt 0.4245865 0.7388847
vt 0.4280251 0.7456348
vt 0.440339 0.7463588
vt 0.4245865 0.7388847
vt 0.440339 0.7463588
vt 0.4393521 0.7387099
vt 0.4376767 0.7311065
vt 0.4393521 0.7387099
vt 0.4495584 0.7338772
vt 0.4495584 0.7338772
vt 0.436766 0.717403
vt 0.4376767 0.7311065
vt 0.436766 0.717403
vt 0.456032 0.68243
vt 0.3705145 0.674543
vt 0.468631 0.6552775
vt 0.3705145 0.674543
vt 0.456032 0.68243
vt 0.4258256 0.7318761
vt 0.4393521 0.7387099
vt 0.4376767 0.7311065
vt 0.4258256 0.7318761
vt 0.4245865 0.7388847
vt 0.4393521 0.7387099
vt 0.4376767 0.7311065
vt 0.436766 0.717403
vt 0.409932 0.71933
vt 0.436766 0.717403
vt 0.3705145 0.674543
vt 0.409932 0.71933
vt 0.4376767 0.7311065
vt 0.409932 0.71933
vt 0.4258256 0.7318761
vt 0.4258256 0.7318761
vt 0.409932 0.71933
vt 0.3936347 0.740385
vt 0.4156921 0.7425928
vt 0.4280251 0.7456348
vt 0.4245865 0.7388847
vt 0.4280251 0.7456348
vt 0.4156921 0.7425928
vt 0.3936347 0.740385
vt 0.4143348 0.7361662
vt 0.4245865 0.7388847
vt 0.4258256 0.7318761
vt 0.4245865 0.7388847
vt 0.4143348 0.7361662
vt 0.4156921 0.7425928
vt 0.4258256 0.7318761
vt 0.3936347 0.740385
vt 0.4143348 0.7361662
vt 0.4143348 0.7361662
vt 0.3936347 0.740385
vt 0.4156921 0.7425928
vt 0.468631 0.6552775
vt 0.445779 0.632266
vt 0.3705145 0.674543
vt 0.43852 0.609865
vt 0.3705145 0.674543
vt 0.445779 0.632266
vt 0.43852 0.609865
vt 0.3563423 0.6038333
vt 0.3705145 0.674543
vt 0.3563423 0.6038333
vt 0.298287 0.704596
vt 0.3705145 0.674543
vt 0.459037 0.618633
vt 0.445779 0.632266
vt 0.468631 0.6552775
vt 0.451702 0.613984
vt 0.43852 0.609865
vt 0.445779 0.632266
vt 0.451702 0.613984
vt 0.445779 0.632266
vt 0.459037 0.618633
vt 0.459037 0.618633
vt 0.468631 0.6552775
vt 0.474039 0.625891
vt 0.490329 0.630271
vt 0.474039 0.625891
vt 0.468631 0.6552775
vt 0.490329 0.630271
vt 0.468631 0.6552775
vt 0.488928 0.6495645
vt 0.5005907 0.6206607
vt 0.474039 0.625891
vt 0.490329 0.630271
vt 0.5005907 0.6206607
vt 0.490329 0.630271
vt 0.50071 0.627767
vt 0.499893 0.648544
vt 0.490329 0.630271
vt 0.488928 0.6495645
vt 0.499893 0.648544
vt 0.50071 0.627767
vt 0.490329 0.630271
vt 0.499893 0.648544
vt 0.488928 0.6495645
vt 0.4999013 0.6543133
vt 0.4999013 0.6543133
vt 0.510919 0.649334
vt 0.499893 0.648544
vt 0.510919 0.649334
vt 0.50071 0.627767
vt 0.499893 0.648544
vt 0.4999013 0.6543133
vt 0.5315198 0.6552898
vt 0.510919 0.649334
vt 0.510919 0.649334
vt 0.511397 0.630476
vt 0.50071 0.627767
vt 0.5005907 0.6206607
vt 0.50071 0.627767
vt 0.511397 0.630476
vt 0.511397 0.630476
vt 0.510919 0.649334
vt 0.5315198 0.6552898
vt 0.511397 0.630476
vt 0.5315198 0.6552898
vt 0.526247 0.625766
vt 0.5005907 0.6206607
vt 0.511397 0.630476
vt 0.526247 0.625766
vt 0.54093 0.618679
vt 0.526247 0.625766
vt 0.5315198 0.6552898
vt 0.54093 0.618679
vt 0.5315198 0.6552898
vt 0.554235 0.632369
vt 0.458781 0.615322
vt 0.459037 0.618633
vt 0.474039 0.625891
vt 0.5005907 0.6206607
vt 0.475351 0.621643
vt 0.474039 0.625891
vt 0.458781 0.615322
vt 0.474039 0.625891
vt 0.475351 0.621643
vt 0.454819 0.613423
vt 0.459037 0.618633
vt 0.458781 0.615322
vt 0.454819 0.613423
vt 0.451702 0.613984
vt 0.459037 0.618633
vt 0.458781 0.615322
vt 0.475351 0.621643
vt 0.475688 0.611641
vt 0.475688 0.611641
vt 0.475351 0.621643
vt 0.5005907 0.6206607
vt 0.458781 0.615322
vt 0.457056 0.611247
vt 0.454819 0.613423
vt 0.457056 0.611247
vt 0.451702 0.613984
vt 0.454819 0.613423
vt 0.458781 0.615322
vt 0.475688 0.611641
vt 0.457056 0.611247
vt 0.457056 0.611247
vt 0.454879 0.610031
vt 0.451702 0.613984
vt 0.475688 0.611641
vt 0.454879 0.610031
vt 0.457056 0.611247
vt 0.454879 0.610031
vt 0.43852 0.609865
vt 0.451702 0.613984
vt 0.5005907 0.6206607
vt 0.526247 0.625766
vt 0.525 0.621488
vt 0.475688 0.611641
vt 0.5005907 0.6206607
vt 0.500222 0.610936
vt 0.500222 0.610936
vt 0.5005907 0.6206607
vt 0.525 0.621488
vt 0.475688 0.611641
vt 0.479097 0.602433
vt 0.454879 0.610031
vt 0.500222 0.610936
vt 0.479097 0.602433
vt 0.475688 0.611641
vt 0.454879 0.610031
vt 0.460194 0.592356
vt 0.43852 0.609865
vt 0.479097 0.602433
vt 0.460194 0.592356
vt 0.454879 0.610031
vt 0.541253 0.615337
vt 0.525 0.621488
vt 0.526247 0.625766
vt 0.541253 0.615337
vt 0.526247 0.625766
vt 0.54093 0.618679
vt 0.453872 0.554632
vt 0.43852 0.609865
vt 0.460194 0.592356
vt 0.453872 0.554632
vt 0.3563423 0.6038333
vt 0.43852 0.609865
vt 0.500222 0.610936
vt 0.525 0.621488
vt 0.524547 0.611599
vt 0.524547 0.611599
vt 0.525 0.621488
vt 0.541253 0.615337
vt 0.479097 0.602433
vt 0.48375 0.587213
vt 0.460194 0.592356
vt 0.48375 0.587213
vt 0.453872 0.554632
vt 0.460194 0.592356
vt 0.545161 0.61343
vt 0.541253 0.615337
vt 0.54093 0.618679
vt 0.545161 0.61343
vt 0.543061 0.611151
vt 0.541253 0.615337
vt 0.524547 0.611599
vt 0.541253 0.615337
vt 0.543061 0.611151
vt 0.545161 0.61343
vt 0.54093 0.618679
vt 0.548299 0.614112
vt 0.543061 0.611151
vt 0.545161 0.61343
vt 0.548299 0.614112
vt 0.548299 0.614112
vt 0.54093 0.618679
vt 0.554235 0.632369
vt 0.524547 0.611599
vt 0.543061 0.611151
vt 0.545286 0.6099
vt 0.543061 0.611151
vt 0.548299 0.614112
vt 0.545286 0.6099
vt 0.548299 0.614112
vt 0.554235 0.632369
vt 0.56148 0.609934
vt 0.545286 0.6099
vt 0.548299 0.614112
vt 0.56148 0.609934
vt 0.554235 0.632369
vt 0.643657 0.6038475
vt 0.56148 0.609934
vt 0.500222 0.610936
vt 0.524547 0.611599
vt 0.520994 0.602415
vt 0.524547 0.611599
vt 0.545286 0.6099
vt 0.520994 0.602415
vt 0.545286 0.6099
vt 0.56148 0.609934
vt 0.539805 0.5924
vt 0.643657 0.6038475
vt 0.539805 0.5924
vt 0.56148 0.609934
vt 0.520994 0.602415
vt 0.545286 0.6099
vt 0.539805 0.5924
vt 0.500222 0.610936
vt 0.520994 0.602415
vt 0.499998 0.601446
vt 0.500222 0.610936
vt 0.499998 0.601446
vt 0.479097 0.602433
vt 0.499998 0.585891
vt 0.479097 0.602433
vt 0.499998 0.601446
vt 0.499998 0.585891
vt 0.499998 0.601446
vt 0.520994 0.602415
vt 0.499998 0.585891
vt 0.48375 0.587213
vt 0.479097 0.602433
vt 0.499997 0.553668
vt 0.48375 0.587213
vt 0.499998 0.585891
vt 0.499998 0.585891
vt 0.520994 0.602415
vt 0.516248 0.587233
vt 0.520994 0.602415
vt 0.539805 0.5924
vt 0.516248 0.587233
vt 0.516248 0.587233
vt 0.499997 0.553668
vt 0.499998 0.585891
vt 0.643657 0.6038475
vt 0.5461295 0.554643
vt 0.539805 0.5924
vt 0.643657 0.6038475
vt 0.558396 0.5059545
vt 0.5461295 0.554643
vt 0.539805 0.5924
vt 0.519884 0.554533
vt 0.516248 0.587233
vt 0.539805 0.5924
vt 0.5461295 0.554643
vt 0.519884 0.554533
vt 0.516248 0.587233
vt 0.519884 0.554533
vt 0.499997 0.553668
vt 0.558396 0.5059545
vt 0.520942 0.537762
vt 0.5461295 0.554643
vt 0.519884 0.554533
vt 0.5461295 0.554643
vt 0.520942 0.537762
vt 0.499997 0.553668
vt 0.519884 0.554533
vt 0.520942 0.537762
vt 0.558396 0.5059545
vt 0.499977 0.532272
vt 0.520942 0.537762
vt 0.499997 0.553668
vt 0.520942 0.537762
vt 0.499977 0.532272
vt 0.499997 0.553668
vt 0.480113 0.554525
vt 0.48375 0.587213
vt 0.48375 0.587213
vt 0.480113 0.554525
vt 0.453872 0.554632
vt 0.499997 0.553668
vt 0.499977 0.532272
vt 0.47906 0.537762
vt 0.499997 0.553668
vt 0.47906 0.537762
vt 0.480113 0.554525
vt 0.480113 0.554525
vt 0.47906 0.537762
vt 0.453872 0.554632
vt 0.441606 0.5059545
vt 0.47906 0.537762
vt 0.499977 0.532272
vt 0.441606 0.5059545
vt 0.453872 0.554632
vt 0.47906 0.537762
vt 0.3563423 0.6038333
vt 0.453872 0.554632
vt 0.441606 0.5059545
vt 0.3563423 0.6038333
vt 0.232497 0.6110835
vt 0.2902965 0.6367755
vt 0.3563423 0.6038333
vt 0.2902965 0.6367755
vt 0.298287 0.704596
vt 0.232497 0.6110835
vt 0.287365 0.662781
vt 0.2902965 0.6367755
vt 0.232497 0.6110835
vt 0.223595 0.682998
vt 0.287365 0.662781
vt 0.298287 0.704596
vt 0.2902965 0.6367755
vt 0.291542 0.666109
vt 0.2902965 0.6367755
vt 0.287365 0.662781
vt 0.291542 0.666109
vt 0.291542 0.666109
vt 0.273237 0.712356
vt 0.298287 0.704596
vt 0.287365 0.662781
vt 0.223595 0.682998
vt 0.255707 0.688997
vt 0.245551 0.710137
vt 0.255707 0.688997
vt 0.223595 0.682998
vt 0.287365 0.662781
vt 0.258316 0.689709
vt 0.291542 0.666109
vt 0.287365 0.662781
vt 0.255707 0.688997
vt 0.258316 0.689709
vt 0.291542 0.666109
vt 0.258316 0.689709
vt 0.273237 0.712356
vt 0.249272 0.709436
vt 0.258316 0.689709
vt 0.255707 0.688997
vt 0.249272 0.709436
vt 0.255707 0.688997
vt 0.245551 0.710137
vt 0.273237 0.712356
vt 0.258316 0.689709
vt 0.249272 0.709436
vt 0.245551 0.710137
vt 0.251246 0.730655
vt 0.249272 0.709436
vt 0.273237 0.712356
vt 0.249272 0.709436
vt 0.251246 0.730655
vt 0.245551 0.710137
vt 0.248207 0.732796
vt 0.251246 0.730655
vt 0.233092 0.745965
vt 0.248207 0.732796
vt 0.245551 0.710137
vt 0.248207 0.732796
vt 0.258387 0.736239
vt 0.251246 0.730655
vt 0.273237 0.712356
vt 0.251246 0.730655
vt 0.258387 0.736239
vt 0.298287 0.704596
vt 0.273237 0.712356
vt 0.279349 0.741393
vt 0.283497 0.747971
vt 0.298287 0.704596
vt 0.279349 0.741393
vt 0.233092 0.745965
vt 0.255933 0.738946
vt 0.248207 0.732796
vt 0.248207 0.732796
vt 0.255933 0.738946
vt 0.258387 0.736239
vt 0.273237 0.712356
vt 0.258387 0.736239
vt 0.267931 0.740372
vt 0.273237 0.712356
vt 0.267931 0.740372
vt 0.279349 0.741393
vt 0.255933 0.738946
vt 0.267931 0.740372
vt 0.258387 0.736239
vt 0.265439 0.74458
vt 0.283497 0.747971
vt 0.279349 0.741393
vt 0.265439 0.74458
vt 0.233092 0.745965
vt 0.283497 0.747971
vt 0.265439 0.74458
vt 0.255933 0.738946
vt 0.233092 0.745965
vt 0.255933 0.738946
vt 0.265439 0.74458
vt 0.267931 0.740372
vt 0.265439 0.74458
vt 0.279349 0.741393
vt 0.267931 0.740372
usemtl Material
f 3/3/3 2/2/2 1/1/1
f 6/6/6 5/5/5 4/4/4
f 9/9/9 8/8/8 7/7/7
f 12/12/12 11/11/11 10/10/10
f 15/15/15 14/14/14 13/13/13
f 18/18/18 17/17/17 16/16/16
f 21/21/21 20/20/20 19/19/19
f 24/24/24 23/23/23 22/22/22
f 27/27/27 26/26/26 25/25/25
f 30/30/30 29/29/29 28/28/28
f 33/33/33 32/32/32 31/31/31
f 36/36/36 35/35/35 34/34/34
f 39/39/39 38/38/38 37/37/37
f 42/42/42 41/41/41 40/40/40
f 45/45/45 44/44/44 43/43/43
f 48/48/48 47/47/47 46/46/46
f 51/51/51 50/50/50 49/49/49
f 54/54/54 53/53/53 52/52/52
f 57/57/57 56/56/56 55/55/55
f 60/60/60 59/59/59 58/58/58
f 63/63/63 62/62/62 61/61/61
f 66/66/66 65/65/65 64/64/64
f 69/69/69 68/68/68 67/67/67
f 72/72/72 71/71/71 70/70/70
f 75/75/75 74/74/74 73/73/73
f 78/78/78 77/77/77 76/76/76
f 81/81/81 80/80/80 79/79/79
f 84/84/84 83/83/83 82/82/82
f 87/87/87 86/86/86 85/85/85
f 90/90/90 89/89/89 88/88/88
f 93/93/93 92/92/92 91/91/91
f 96/96/96 95/95/95 94/94/94
f 99/99/99 98/98/98 97/97/97
f 102/102/102 101/101/101 100/100/100
f 105/105/105 104/104/104 103/103/103
f 108/108/108 107/107/107 106/106/106
f 111/111/111 110/110/110 109/109/109
f 114/114/114 113/113/113 112/112/112
f 117/117/117 116/116/116 115/115/115
f 120/120/120 119/119/119 118/118/118
f 123/123/123 122/122/122 121/121/121
f 126/126/126 125/125/125 124/124/124
f 129/129/129 128/128/128 127/127/127
f 132/132/132 131/131/131 130/130/130
f 135/135/135 134/134/134 133/133/133
f 138/138/138 137/137/137 136/136/136
f 141/141/141 140/140/140 139/139/139
f 144/144/144 143/143/143 142/142/142
f 147/147/147 146/146/146 145/145/145
f 150/150/150 149/149/149 148/148/148
f 153/153/153 152/152/152 151/151/151
f 156/156/156 155/155/155 154/154/154
f 159/159/159 158/158/158 157/157/157
f 162/162/162 161/161/161 160/160/160
f 165/165/165 164/164/164 163/163/163
f 168/168/168 167/167/167 166/166/166
f 171/171/171 170/170/170 169/169/169
f 174/174/174 173/173/173 172/172/172
f 177/177/177 176/176/176 175/175/175
f 180/180/180 179/179/179 178/178/178
f 183/183/183 182/182/182 181/181/181
f 186/186/186 185/185/185 184/184/184
f 189/189/189 188/188/188 187/187/187
f 192/192/192 191/191/191 190/190/190
f 195/195/195 194/194/194 193/193/193
f 198/198/198 197/197/197 196/196/196
f 201/201/201 200/200/200 199/199/199
f 204/204/204 203/203/203 202/202/202
f 207/207/207 206/206/206 205/205/205
f 210/210/210 209/209/209 208/208/208
f 213/213/213 212/212/212 211/211/211
f 216/216/216 215/215/215 214/214/214
f 219/219/219 218/218/218 217/217/217
f 222/222/222 221/221/221 220/220/220
f 225/225/225 224/224/224 223/223/223
f 228/228/228 227/227/227 226/226/226
f 231/231/231 230/230/230 229/229/229
f 234/234/234 233/233/233 232/232/232
f 237/237/237 236/236/236 235/235/235
f 240/240/240 239/239/239 238/238/238
f 243/243/243 242/242/242 241/241/241
f 246/246/246 245/245/245 244/244/244
f 249/249/249 248/248/248 247/247/247
f 252/252/252 251/251/251 250/250/250
f 255/255/255 254/254/254 253/253/253
f 258/258/258 257/257/257 256/256/256
f 261/261/261 260/260/260 259/259/259
f 264/264/264 263/263/263 262/262/262
f 267/267/267 266/266/266 265/265/265
f 270/270/270 269/269/269 268/268/268
f 273/273/273 272/272/272 271/271/271
f 276/276/276 275/275/275 274/274/274
f 279/279/279 278/278/278 277/277/277
f 282/282/282 281/281/281 280/280/280
f 285/285/285 284/284/284 283/283/283
f 288/288/288 287/287/287 286/286/286
f 291/291/291 290/290/290 289/289/289
f 294/294/294 293/293/293 292/292/292
f 297/297/297 296/296/296 295/295/295
f 300/300/300 299/299/299 298/298/298
f 303/303/303 302/302/302 301/301/301
f 306/306/306 305/305/305 304/304/304
f 309/309/309 308/308/308 307/307/307
f 312/312/312 311/311/311 310/310/310
f 315/315/315 314/314/314 313/313/313
f 318/318/318 317/317/317 316/316/316
f 321/321/321 320/320/320 319/319/319
f 324/324/324 323/323/323 322/322/322
f 327/327/327 326/326/326 325/325/325
f 330/330/330 329/329/329 328/328/328
f 333/333/333 332/332/332 331/331/331
f 336/336/336 335/335/335 334/334/334
f 339/339/339 338/338/338 337/337/337
f 342/342/342 341/341/341 340/340/340
f 345/345/345 344/344/344 343/343/343
f 348/348/348 347/347/347 346/346/346
f 351/351/351 350/350/350 349/349/349
f 354/354/354 353/353/353 352/352/352
f 357/357/357 356/356/356 355/355/355
f 360/360/360 359/359/359 358/358/358
f 363/363/363 362/362/362 361/361/361
f 366/366/366 365/365/365 364/364/364
f 369/369/369 368/368/368 367/367/367
f 372/372/372 371/371/371 370/370/370
f 375/375/375 374/374/374 373/373/373
f 378/378/378 377/377/377 376/376/376
f 381/381/381 380/380/380 379/379/379
f 384/384/384 383/383/383 382/382/382
f 387/387/387 386/386/386 385/385/385
f 390/390/390 389/389/389 388/388/388
f 393/393/393 392/392/392 391/391/391
f 396/396/396 395/395/395 394/394/394
f 399/399/399 398/398/398 397/397/397
f 402/402/402 401/401/401 400/400/400
f 405/405/405 404/404/404 403/403/403
f 408/408/408 407/407/407 406/406/406
f 411/411/411 410/410/410 409/409/409
f 414/414/414 413/413/413 412/412/412
f 417/417/417 416/416/416 415/415/415
f 420/420/420 419/419/419 418/418/418
f 423/423/423 422/422/422 421/421/421
f 426/426/426 425/425/425 424/424/424
f 429/429/429 428/428/428 427/427/427
f 432/432/432 431/431/431 430/430/430
f 435/435/435 434/434/434 433/433/433
f 438/438/438 437/437/437 436/436/436
f 441/441/441 440/440/440 439/439/439
f 444/444/444 443/443/443 442/442/442
f 447/447/447 446/446/446 445/445/445
f 450/450/450 449/449/449 448/448/448
f 453/453/453 452/452/452 451/451/451
f 456/456/456 455/455/455 454/454/454
f 459/459/459 458/458/458 457/457/457
f 462/462/462 461/461/461 460/460/460
f 465/465/465 464/464/464 463/463/463
f 468/468/468 467/467/467 466/466/466
f 471/471/471 470/470/470 469/469/469
f 474/474/474 473/473/473 472/472/472
f 477/477/477 476/476/476 475/475/475
f 480/480/480 479/479/479 478/478/478
f 483/483/483 482/482/482 481/481/481
f 486/486/486 485/485/485 484/484/484
f 489/489/489 488/488/488 487/487/487
f 492/492/492 491/491/491 490/490/490
f 495/495/495 494/494/494 493/493/493
f 498/498/498 497/497/497 496/496/496
f 501/501/501 500/500/500 499/499/499
f 504/504/504 503/503/503 502/502/502
f 507/507/507 506/506/506 505/505/505
f 510/510/510 509/509/509 508/508/508
f 513/513/513 512/512/512 511/511/511
f 516/516/516 515/515/515 514/514/514
f 519/519/519 518/518/518 517/517/517
f 522/522/522 521/521/521 520/520/520
f 525/525/525 524/524/524 523/523/523
f 528/528/528 527/527/527 526/526/526
f 531/531/531 530/530/530 529/529/529
f 534/534/534 533/533/533 532/532/532
f 537/537/537 536/536/536 535/535/535
f 540/540/540 539/539/539 538/538/538
f 543/543/543 542/542/542 541/541/541
f 546/546/546 545/545/545 544/544/544
f 549/549/549 548/548/548 547/547/547
f 552/552/552 551/551/551 550/550/550
f 555/555/555 554/554/554 553/553/553
f 558/558/558 557/557/557 556/556/556
f 561/561/561 560/560/560 559/559/559
f 564/564/564 563/563/563 562/562/562
f 567/567/567 566/566/566 565/565/565
f 570/570/570 569/569/569 568/568/568
f 573/573/573 572/572/572 571/571/571
f 576/576/576 575/575/575 574/574/574
f 579/579/579 578/578/578 577/577/577
f 582/582/582 581/581/581 580/580/580
f 585/585/585 584/584/584 583/583/583
f 588/588/588 587/587/587 586/586/586
f 591/591/591 590/590/590 589/589/589
f 594/594/594 593/593/593 592/592/592
f 597/597/597 596/596/596 595/595/595
f 600/600/600 599/599/599 598/598/598
f 603/603/603 602/602/602 601/601/601
f 606/606/606 605/605/605 604/604/604
f 609/609/609 608/608/608 607/607/607
f 612/612/612 611/611/611 610/610/610
f 615/615/615 614/614/614 613/613/613
f 618/618/618 617/617/617 616/616/616
f 621/621/621 620/620/620 619/619/619
f 624/624/624 623/623/623 622/622/622
f 627/627/627 626/626/626 625/625/625
f 630/630/630 629/629/629 628/628/628
f 633/633/633 632/632/632 631/631/631
f 636/636/636 635/635/635 634/634/634
f 639/639/639 638/638/638 637/637/637
f 642/642/642 641/641/641 640/640/640
f 645/645/645 644/644/644 643/643/643
f 648/648/648 647/647/647 646/646/646
f 651/651/651 650/650/650 649/649/649
f 654/654/654 653/653/653 652/652/652
f 657/657/657 656/656/656 655/655/655
f 660/660/660 659/659/659 658/658/658
f 663/663/663 662/662/662 661/661/661
f 666/666/666 665/665/665 664/664/664
f 669/669/669 668/668/668 667/667/667
f 672/672/672 671/671/671 670/670/670
f 675/675/675 674/674/674 673/673/673
f 678/678/678 677/677/677 676/676/676
f 681/681/681 680/680/680 679/679/679
f 684/684/684 683/683/683 682/682/682
f 687/687/687 686/686/686 685/685/685
f 690/690/690 689/689/689 688/688/688
f 693/693/693 692/692/692 691/691/691
f 696/696/696 695/695/695 694/694/694
f 699/699/699 698/698/698 697/697/697
f 702/702/702 701/701/701 700/700/700
f 705/705/705 704/704/704 703/703/703
f 708/708/708 707/707/707 706/706/706
f 711/711/711 710/710/710 709/709/709
f 714/714/714 713/713/713 712/712/712
f 717/717/717 716/716/716 715/715/715
f 720/720/720 719/719/719 718/718/718
f 723/723/723 722/722/722 721/721/721
f 726/726/726 725/725/725 724/724/724
f 729/729/729 728/728/728 727/727/727
f 732/732/732 731/731/731 730/730/730
f 735/735/735 734/734/734 733/733/733
f 738/738/738 737/737/737 736/736/736
f 741/741/741 740/740/740 739/739/739
f 744/744/744 743/743/743 742/742/742
f 747/747/747 746/746/746 745/745/745
f 750/750/750 749/749/749 748/748/748
f 753/753/753 752/752/752 751/751/751
f 756/756/756 755/755/755 754/754/754
f 759/759/759 758/758/758 757/757/757
f 762/762/762 761/761/761 760/760/760
f 765/765/765 764/764/764 763/763/763
f 768/768/768 767/767/767 766/766/766
f 771/771/771 770/770/770 769/769/769
f 774/774/774 773/773/773 772/772/772
f 777/777/777 776/776/776 775/775/775
f 780/780/780 779/779/779 778/778/778
f 783/783/783 782/782/782 781/781/781
f 786/786/786 785/785/785 784/784/784
f 789/789/789 788/788/788 787/787/787
f 792/792/792 791/791/791 790/790/790
f 795/795/795 794/794/794 793/793/793
f 798/798/798 797/797/797 796/796/796
f 801/801/801 800/800/800 799/799/799
f 804/804/804 803/803/803 802/802/802
f 807/807/807 806/806/806 805/805/805
f 810/810/810 809/809/809 808/808/808
f 813/813/813 812/812/812 811/811/811
f 816/816/816 815/815/815 814/814/814
f 819/819/819 818/818/818 817/817/817
f 822/822/822 821/821/821 820/820/820
f 825/825/825 824/824/824 823/823/823
f 828/828/828 827/827/827 826/826/826
f 831/831/831 830/830/830 829/829/829
f 834/834/834 833/833/833 832/832/832
f 837/837/837 836/836/836 835/835/835
f 840/840/840 839/839/839 838/838/838
f 843/843/843 842/842/842 841/841/841
f 846/846/846 845/845/845 844/844/844
f 849/849/849 848/848/848 847/847/847
f 852/852/852 851/851/851 850/850/850
f 855/855/855 854/854/854 853/853/853
f 858/858/858 857/857/857 856/856/856
f 861/861/861 860/860/860 859/859/859
f 864/864/864 863/863/863 862/862/862
f 867/867/867 866/866/866 865/865/865
f 870/870/870 869/869/869 868/868/868
f 873/873/873 872/872/872 871/871/871
f 876/876/876 875/875/875 874/874/874
f 879/879/879 878/878/878 877/877/877
f 882/882/882 881/881/881 880/880/880
f 885/885/885 884/884/884 883/883/883
f 888/888/888 887/887/887 886/886/886
f 891/891/891 890/890/890 889/889/889
f 894/894/894 893/893/893 892/892/892
f 897/897/897 896/896/896 895/895/895
f 900/900/900 899/899/899 898/898/898
f 903/903/903 902/902/902 901/901/901
f 906/906/906 905/905/905 904/904/904
f 909/909/909 908/908/908 907/907/907
f 912/912/912 911/911/911 910/910/910
f 915/915/915 914/914/914 913/913/913
f 918/918/918 917/917/917 916/916/916
f 921/921/921 920/920/920 919/919/919
f 924/924/924 923/923/923 922/922/922
f 927/927/927 926/926/926 925/925/925
f 930/930/930 929/929/929 928/928/928
f 933/933/933 932/932/932 931/931/931
f 936/936/936 935/935/935 934/934/934
f 939/939/939 938/938/938 937/937/937
f 942/942/942 941/941/941 940/940/940
f 945/945/945 944/944/944 943/943/943
f 948/948/948 947/947/947 946/946/946
f 951/951/951 950/950/950 949/949/949
f 954/954/954 953/953/953 952/952/952
f 957/957/957 956/956/956 955/955/955
f 960/960/960 959/959/959 958/958/958
f 963/963/963 962/962/962 961/961/961
f 966/966/966 965/965/965 964/964/964
f 969/969/969 968/968/968 967/967/967
f 972/972/972 971/971/971 970/970/970
f 975/975/975 974/974/974 973/973/973
f 978/978/978 977/977/977 976/976/976
f 981/981/981 980/980/980 979/979/979
f 984/984/984 983/983/983 982/982/982
f 987/987/987 986/986/986 985/985/985
f 990/990/990 989/989/989 988/988/988
f 993/993/993 992/992/992 991/991/991
f 996/996/996 995/995/995 994/994/994
f 999/999/999 998/998/998 997/997/997
f 1002/1002/1002 1001/1001/1001 1000/1000/1000
f 1005/1005/1005 1004/1004/1004 1003/1003/1003
f 1008/1008/1008 1007/1007/1007 1006/1006/1006
f 1011/1011/1011 1010/1010/1010 1009/1009/1009
f 1014/1014/1014 1013/1013/1013 1012/1012/1012
f 1017/1017/1017 1016/1016/1016 1015/1015/1015
f 1020/1020/1020 1019/1019/1019 1018/1018/1018
f 1023/1023/1023 1022/1022/1022 1021/1021/1021
f 1026/1026/1026 1025/1025/1025 1024/1024/1024
f 1029/1029/1029 1028/1028/1028 1027/1027/1027
f 1032/1032/1032 1031/1031/1031 1030/1030/1030
f 1035/1035/1035 1034/1034/1034 1033/1033/1033
f 1038/1038/1038 1037/1037/1037 1036/1036/1036
f 1041/1041/1041 1040/1040/1040 1039/1039/1039
f 1044/1044/1044 1043/1043/1043 1042/1042/1042
f 1047/1047/1047 1046/1046/1046 1045/1045/1045
f 1050/1050/1050 1049/1049/1049 1048/1048/1048
f 1053/1053/1053 1052/1052/1052 1051/1051/1051
f 1056/1056/1056 1055/1055/1055 1054/1054/1054
f 1059/1059/1059 1058/1058/1058 1057/1057/1057
f 1062/1062/1062 1061/1061/1061 1060/1060/1060
f 1065/1065/1065 1064/1064/1064 1063/1063/1063
f 1068/1068/1068 1067/1067/1067 1066/1066/1066
f 1071/1071/1071 1070/1070/1070 1069/1069/1069
f 1074/1074/1074 1073/1073/1073 1072/1072/1072
f 1077/1077/1077 1076/1076/1076 1075/1075/1075
f 1080/1080/1080 1079/1079/1079 1078/1078/1078
f 1083/1083/1083 1082/1082/1082 1081/1081/1081
f 1086/1086/1086 1085/1085/1085 1084/1084/1084
f 1089/1089/1089 1088/1088/1088 1087/1087/1087
f 1092/1092/1092 1091/1091/1091 1090/1090/1090
f 1095/1095/1095 1094/1094/1094 1093/1093/1093
f 1098/1098/1098 1097/1097/1097 1096/1096/1096
f 1101/1101/1101 1100/1100/1100 1099/1099/1099
f 1104/1104/1104 1103/1103/1103 1102/1102/1102
f 1107/1107/1107 1106/1106/1106 1105/1105/1105
f 1110/1110/1110 1109/1109/1109 1108/1108/1108
f 1113/1113/1113 1112/1112/1112 1111/1111/1111
f 1116/1116/1116 1115/1115/1115 1114/1114/1114
f 1119/1119/1119 1118/1118/1118 1117/1117/1117
f 1122/1122/1122 1121/1121/1121 1120/1120/1120
f 1125/1125/1125 1124/1124/1124 1123/1123/1123
f 1128/1128/1128 1127/1127/1127 1126/1126/1126
f 1131/1131/1131 1130/1130/1130 1129/1129/1129
f 1134/1134/1134 1133/1133/1133 1132/1132/1132
f 1137/1137/1137 1136/1136/1136 1135/1135/1135
f 1140/1140/1140 1139/1139/1139 1138/1138/1138
f 1143/1143/1143 1142/1142/1142 1141/1141/1141
f 1146/1146/1146 1145/1145/1145 1144/1144/1144
f 1149/1149/1149 1148/1148/1148 1147/1147/1147
f 1152/1152/1152 1151/1151/1151 1150/1150/1150
f 1155/1155/1155 1154/1154/1154 1153/1153/1153
f 1158/1158/1158 1157/1157/1157 1156/1156/1156
f 1161/1161/1161 1160/1160/1160 1159/1159/1159
f 1164/1164/1164 1163/1163/1163 1162/1162/1162
f 1167/1167/1167 1166/1166/1166 1165/1165/1165
f 1170/1170/1170 1169/1169/1169 1168/1168/1168
f 1173/1173/1173 1172/1172/1172 1171/1171/1171
f 1176/1176/1176 1175/1175/1175 1174/1174/1174
f 1179/1179/1179 1178/1178/1178 1177/1177/1177
f 1182/1182/1182 1181/1181/1181 1180/1180/1180
f 1185/1185/1185 1184/1184/1184 1183/1183/1183
f 1188/1188/1188 1187/1187/1187 1186/1186/1186
f 1191/1191/1191 1190/1190/1190 1189/1189/1189
f 1194/1194/1194 1193/1193/1193 1192/1192/1192
f 1197/1197/1197 1196/1196/1196 1195/1195/1195
f 1200/1200/1200 1199/1199/1199 1198/1198/1198
f 1203/1203/1203 1202/1202/1202 1201/1201/1201
f 1206/1206/1206 1205/1205/1205 1204/1204/1204
f 1209/1209/1209 1208/1208/1208 1207/1207/1207
f 1212/1212/1212 1211/1211/1211 1210/1210/1210
f 1215/1215/1215 1214/1214/1214 1213/1213/1213
f 1218/1218/1218 1217/1217/1217 1216/1216/1216
f 1221/1221/1221 1220/1220/1220 1219/1219/1219
f 1224/1224/1224 1223/1223/1223 1222/1222/1222
f 1227/1227/1227 1226/1226/1226 1225/1225/1225
f 1230/1230/1230 1229/1229/1229 1228/1228/1228
f 1233/1233/1233 1232/1232/1232 1231/1231/1231
f 1236/1236/1236 1235/1235/1235 1234/1234/1234
f 1239/1239/1239 1238/1238/1238 1237/1237/1237
f 1242/1242/1242 1241/1241/1241 1240/1240/1240
f 1245/1245/1245 1244/1244/1244 1243/1243/1243
f 1248/1248/1248 1247/1247/1247 1246/1246/1246
f 1251/1251/1251 1250/1250/1250 1249/1249/1249
f 1254/1254/1254 1253/1253/1253 1252/1252/1252
f 1257/1257/1257 1256/1256/1256 1255/1255/1255
f 1260/1260/1260 1259/1259/1259 1258/1258/1258
f 1263/1263/1263 1262/1262/1262 1261/1261/1261
f 1266/1266/1266 1265/1265/1265 1264/1264/1264
f 1269/1269/1269 1268/1268/1268 1267/1267/1267
f 1272/1272/1272 1271/1271/1271 1270/1270/1270
f 1275/1275/1275 1274/1274/1274 1273/1273/1273
f 1278/1278/1278 1277/1277/1277 1276/1276/1276
f 1281/1281/1281 1280/1280/1280 1279/1279/1279
f 1284/1284/1284 1283/1283/1283 1282/1282/1282
f 1287/1287/1287 1286/1286/1286 1285/1285/1285
f 1290/1290/1290 1289/1289/1289 1288/1288/1288
f 1293/1293/1293 1292/1292/1292 1291/1291/1291
f 1296/1296/1296 1295/1295/1295 1294/1294/1294
f 1299/1299/1299 1298/1298/1298 1297/1297/1297
f 1302/1302/1302 1301/1301/1301 1300/1300/1300
f 1305/1305/1305 1304/1304/1304 1303/1303/1303
f 1308/1308/1308 1307/1307/1307 1306/1306/1306
f 1311/1311/1311 1310/1310/1310 1309/1309/1309
f 1314/1314/1314 1313/1313/1313 1312/1312/1312
f 1317/1317/1317 1316/1316/1316 1315/1315/1315
f 1320/1320/1320 1319/1319/1319 1318/1318/1318
f 1323/1323/1323 1322/1322/1322 1321/1321/1321
f 1326/1326/1326 1325/1325/1325 1324/1324/1324
f 1329/1329/1329 1328/1328/1328 1327/1327/1327
f 1332/1332/1332 1331/1331/1331 1330/1330/1330
f 1335/1335/1335 1334/1334/1334 1333/1333/1333
f 1338/1338/1338 1337/1337/1337 1336/1336/1336
f 1341/1341/1341 1340/1340/1340 1339/1339/1339
f 1344/1344/1344 1343/1343/1343 1342/1342/1342
f 1347/1347/1347 1346/1346/1346 1345/1345/1345
f 1350/1350/1350 1349/1349/1349 1348/1348/1348
f 1353/1353/1353 1352/1352/1352 1351/1351/1351
f 1356/1356/1356 1355/1355/1355 1354/1354/1354
f 1359/1359/1359 1358/1358/1358 1357/1357/1357
f 1362/1362/1362 1361/1361/1361 1360/1360/1360
f 1365/1365/1365 1364/1364/1364 1363/1363/1363
f 1368/1368/1368 1367/1367/1367 1366/1366/1366
f 1371/1371/1371 1370/1370/1370 1369/1369/1369
f 1374/1374/1374 1373/1373/1373 1372/1372/1372
f 1377/1377/1377 1376/1376/1376 1375/1375/1375
f 1380/1380/1380 1379/1379/1379 1378/1378/1378
f 1383/1383/1383 1382/1382/1382 1381/1381/1381
f 1386/1386/1386 1385/1385/1385 1384/1384/1384
f 1389/1389/1389 1388/1388/1388 1387/1387/1387
f 1392/1392/1392 1391/1391/1391 1390/1390/1390
f 1395/1395/1395 1394/1394/1394 1393/1393/1393
f 1398/1398/1398 1397/1397/1397 1396/1396/1396
f 1401/1401/1401 1400/1400/1400 1399/1399/1399
f 1404/1404/1404 1403/1403/1403 1402/1402/1402
f 1407/1407/1407 1406/1406/1406 1405/1405/1405
f 1410/1410/1410 1409/1409/1409 1408/1408/1408
f 1413/1413/1413 1412/1412/1412 1411/1411/1411
f 1416/1416/1416 1415/1415/1415 1414/1414/1414
f 1419/1419/1419 1418/1418/1418 1417/1417/1417
f 1422/1422/1422 1421/1421/1421 1420/1420/1420
f 1425/1425/1425 1424/1424/1424 1423/1423/1423
f 1428/1428/1428 1427/1427/1427 1426/1426/1426
f 1431/1431/1431 1430/1430/1430 1429/1429/1429
f 1434/1434/1434 1433/1433/1433 1432/1432/1432
f 1437/1437/1437 1436/1436/1436 1435/1435/1435
f 1440/1440/1440 1439/1439/1439 1438/1438/1438
f 1443/1443/1443 1442/1442/1442 1441/1441/1441
f 1446/1446/1446 1445/1445/1445 1444/1444/1444
f 1449/1449/1449 1448/1448/1448 1447/1447/1447
f 1452/1452/1452 1451/1451/1451 1450/1450/1450
f 1455/1455/1455 1454/1454/1454 1453/1453/1453
f 1458/1458/1458 1457/1457/1457 1456/1456/1456
f 1461/1461/1461 1460/1460/1460 1459/1459/1459
f 1464/1464/1464 1463/1463/1463 1462/1462/1462
f 1467/1467/1467 1466/1466/1466 1465/1465/1465
f 1470/1470/1470 1469/1469/1469 1468/1468/1468
f 1473/1473/1473 1472/1472/1472 1471/1471/1471
f 1476/1476/1476 1475/1475/1475 1474/1474/1474
f 1479/1479/1479 1478/1478/1478 1477/1477/1477
f 1482/1482/1482 1481/1481/1481 1480/1480/1480
f 1485/1485/1485 1484/1484/1484 1483/1483/1483
f 1488/1488/1488 1487/1487/1487 1486/1486/1486
f 1491/1491/1491 1490/1490/1490 1489/1489/1489
f 1494/1494/1494 1493/1493/1493 1492/1492/1492
f 1497/1497/1497 1496/1496/1496 1495/1495/1495
f 1500/1500/1500 1499/1499/1499 1498/1498/1498
f 1503/1503/1503 1502/1502/1502 1501/1501/1501
f 1506/1506/1506 1505/1505/1505 1504/1504/1504
f 1509/1509/1509 1508/1508/1508 1507/1507/1507
f 1512/1512/1512 1511/1511/1511 1510/1510/1510
f 1515/1515/1515 1514/1514/1514 1513/1513/1513
f 1518/1518/1518 1517/1517/1517 1516/1516/1516
f 1521/1521/1521 1520/1520/1520 1519/1519/1519
f 1524/1524/1524 1523/1523/1523 1522/1522/1522
f 1527/1527/1527 1526/1526/1526 1525/1525/1525
f 1530/1530/1530 1529/1529/1529 1528/1528/1528
f 1533/1533/1533 1532/1532/1532 1531/1531/1531
f 1536/1536/1536 1535/1535/1535 1534/1534/1534
f 1539/1539/1539 1538/1538/1538 1537/1537/1537
f 1542/1542/1542 1541/1541/1541 1540/1540/1540
f 1545/1545/1545 1544/1544/1544 1543/1543/1543
f 1548/1548/1548 1547/1547/1547 1546/1546/1546
f 1551/1551/1551 1550/1550/1550 1549/1549/1549
f 1554/1554/1554 1553/1553/1553 1552/1552/1552
f 1557/1557/1557 1556/1556/1556 1555/1555/1555
f 1560/1560/1560 1559/1559/1559 1558/1558/1558
f 1563/1563/1563 1562/1562/1562 1561/1561/1561
f 1566/1566/1566 1565/1565/1565 1564/1564/1564
f 1569/1569/1569 1568/1568/1568 1567/1567/1567
f 1572/1572/1572 1571/1571/1571 1570/1570/1570
f 1575/1575/1575 1574/1574/1574 1573/1573/1573
f 1578/1578/1578 1577/1577/1577 1576/1576/1576
f 1581/1581/1581 1580/1580/1580 1579/1579/1579
f 1584/1584/1584 1583/1583/1583 1582/1582/1582
f 1587/1587/1587 1586/1586/1586 1585/1585/1585
f 1590/1590/1590 1589/1589/1589 1588/1588/1588
f 1593/1593/1593 1592/1592/1592 1591/1591/1591
f 1596/1596/1596 1595/1595/1595 1594/1594/1594
f 1599/1599/1599 1598/1598/1598 1597/1597/1597
f 1602/1602/1602 1601/1601/1601 1600/1600/1600
f 1605/1605/1605 1604/1604/1604 1603/1603/1603
f 1608/1608/1608 1607/1607/1607 1606/1606/1606
f 1611/1611/1611 1610/1610/1610 1609/1609/1609
f 1614/1614/1614 1613/1613/1613 1612/1612/1612
f 1617/1617/1617 1616/1616/1616 1615/1615/1615
f 1620/1620/1620 1619/1619/1619 1618/1618/1618
f 1623/1623/1623 1622/1622/1622 1621/1621/1621
f 1626/1626/1626 1625/1625/1625 1624/1624/1624
f 1629/1629/1629 1628/1628/1628 1627/1627/1627
f 1632/1632/1632 1631/1631/1631 1630/1630/1630
f 1635/1635/1635 1634/1634/1634 1633/1633/1633
f 1638/1638/1638 1637/1637/1637 1636/1636/1636
f 1641/1641/1641 1640/1640/1640 1639/1639/1639
f 1644/1644/1644 1643/1643/1643 1642/1642/1642
f 1647/1647/1647 1646/1646/1646 1645/1645/1645
f 1650/1650/1650 1649/1649/1649 1648/1648/1648
f 1653/1653/1653 1652/1652/1652 1651/1651/1651
f 1656/1656/1656 1655/1655/1655 1654/1654/1654
f 1659/1659/1659 1658/1658/1658 1657/1657/1657
f 1662/1662/1662 1661/1661/1661 1660/1660/1660
f 1665/1665/1665 1664/1664/1664 1663/1663/1663
f 1668/1668/1668 1667/1667/1667 1666/1666/1666
f 1671/1671/1671 1670/1670/1670 1669/1669/1669
f 1674/1674/1674 1673/1673/1673 1672/1672/1672
f 1677/1677/1677 1676/1676/1676 1675/1675/1675
f 1680/1680/1680 1679/1679/1679 1678/1678/1678
f 1683/1683/1683 1682/1682/1682 1681/1681/1681
f 1686/1686/1686 1685/1685/1685 1684/1684/1684
f 1689/1689/1689 1688/1688/1688 1687/1687/1687
f 1692/1692/1692 1691/1691/1691 1690/1690/1690
f 1695/1695/1695 1694/1694/1694 1693/1693/1693
f 1698/1698/1698 1697/1697/1697 1696/1696/1696
f 1701/1701/1701 1700/1700/1700 1699/1699/1699
f 1704/1704/1704 1703/1703/1703 1702/1702/1702
f 1707/1707/1707 1706/1706/1706 1705/1705/1705
f 1710/1710/1710 1709/1709/1709 1708/1708/1708
f 1713/1713/1713 1712/1712/1712 1711/1711/1711
f 1716/1716/1716 1715/1715/1715 1714/1714/1714
f 1719/1719/1719 1718/1718/1718 1717/1717/1717
f 1722/1722/1722 1721/1721/1721 1720/1720/1720
f 1725/1725/1725 1724/1724/1724 1723/1723/1723
f 1728/1728/1728 1727/1727/1727 1726/1726/1726
f 1731/1731/1731 1730/1730/1730 1729/1729/1729
f 1734/1734/1734 1733/1733/1733 1732/1732/1732
f 1737/1737/1737 1736/1736/1736 1735/1735/1735
f 1740/1740/1740 1739/1739/1739 1738/1738/1738
f 1743/1743/1743 1742/1742/1742 1741/1741/1741
f 1746/1746/1746 1745/1745/1745 1744/1744/1744
f 1749/1749/1749 1748/1748/1748 1747/1747/1747
f 1752/1752/1752 1751/1751/1751 1750/1750/1750
f 1755/1755/1755 1754/1754/1754 1753/1753/1753
f 1758/1758/1758 1757/1757/1757 1756/1756/1756
f 1761/1761/1761 1760/1760/1760 1759/1759/1759
f 1764/1764/1764 1763/1763/1763 1762/1762/1762
f 1767/1767/1767 1766/1766/1766 1765/1765/1765
f 1770/1770/1770 1769/1769/1769 1768/1768/1768
f 1773/1773/1773 1772/1772/1772 1771/1771/1771
f 1776/1776/1776 1775/1775/1775 1774/1774/1774
f 1779/1779/1779 1778/1778/1778 1777/1777/1777
f 1782/1782/1782 1781/1781/1781 1780/1780/1780
f 1785/1785/1785 1784/1784/1784 1783/1783/1783
f 1788/1788/1788 1787/1787/1787 1786/1786/1786
f 1791/1791/1791 1790/1790/1790 1789/1789/1789
f 1794/1794/1794 1793/1793/1793 1792/1792/1792
f 1797/1797/1797 1796/1796/1796 1795/1795/1795
f 1800/1800/1800 1799/1799/1799 1798/1798/1798
f 1803/1803/1803 1802/1802/1802 1801/1801/1801
f 1806/1806/1806 1805/1805/1805 1804/1804/1804
f 1809/1809/1809 1808/1808/1808 1807/1807/1807
f 1812/1812/1812 1811/1811/1811 1810/1810/1810
f 1815/1815/1815 1814/1814/1814 1813/1813/1813
f 1818/1818/1818 1817/1817/1817 1816/1816/1816
f 1821/1821/1821 1820/1820/1820 1819/1819/1819
f 1824/1824/1824 1823/1823/1823 1822/1822/1822
f 1827/1827/1827 1826/1826/1826 1825/1825/1825
f 1830/1830/1830 1829/1829/1829 1828/1828/1828
f 1833/1833/1833 1832/1832/1832 1831/1831/1831
f 1836/1836/1836 1835/1835/1835 1834/1834/1834
f 1839/1839/1839 1838/1838/1838 1837/1837/1837
f 1842/1842/1842 1841/1841/1841 1840/1840/1840
f 1845/1845/1845 1844/1844/1844 1843/1843/1843
f 1848/1848/1848 1847/1847/1847 1846/1846/1846
f 1851/1851/1851 1850/1850/1850 1849/1849/1849
f 1854/1854/1854 1853/1853/1853 1852/1852/1852
f 1857/1857/1857 1856/1856/1856 1855/1855/1855
f 1860/1860/1860 1859/1859/1859 1858/1858/1858
f 1863/1863/1863 1862/1862/1862 1861/1861/1861
f 1866/1866/1866 1865/1865/1865 1864/1864/1864
f 1869/1869/1869 1868/1868/1868 1867/1867/1867
f 1872/1872/1872 1871/1871/1871 1870/1870/1870
f 1875/1875/1875 1874/1874/1874 1873/1873/1873
f 1878/1878/1878 1877/1877/1877 1876/1876/1876
f 1881/1881/1881 1880/1880/1880 1879/1879/1879
f 1884/1884/1884 1883/1883/1883 1882/1882/1882
f 1887/1887/1887 1886/1886/1886 1885/1885/1885
f 1890/1890/1890 1889/1889/1889 1888/1888/1888
f 1893/1893/1893 1892/1892/1892 1891/1891/1891
f 1896/1896/1896 1895/1895/1895 1894/1894/1894
f 1899/1899/1899 1898/1898/1898 1897/1897/1897
f 1902/1902/1902 1901/1901/1901 1900/1900/1900
f 1905/1905/1905 1904/1904/1904 1903/1903/1903
f 1908/1908/1908 1907/1907/1907 1906/1906/1906
f 1911/1911/1911 1910/1910/1910 1909/1909/1909
f 1914/1914/1914 1913/1913/1913 1912/1912/1912
f 1917/1917/1917 1916/1916/1916 1915/1915/1915
f 1920/1920/1920 1919/1919/1919 1918/1918/1918
f 1923/1923/1923 1922/1922/1922 1921/1921/1921
f 1926/1926/1926 1925/1925/1925 1924/1924/1924
f 1929/1929/1929 1928/1928/1928 1927/1927/1927
f 1932/1932/1932 1931/1931/1931 1930/1930/1930
f 1935/1935/1935 1934/1934/1934 1933/1933/1933
f 1938/1938/1938 1937/1937/1937 1936/1936/1936
f 1941/1941/1941 1940/1940/1940 1939/1939/1939
f 1944/1944/1944 1943/1943/1943 1942/1942/1942
f 1947/1947/1947 1946/1946/1946 1945/1945/1945
f 1950/1950/1950 1949/1949/1949 1948/1948/1948
f 1953/1953/1953 1952/1952/1952 1951/1951/1951
f 1956/1956/1956 1955/1955/1955 1954/1954/1954
f 1959/1959/1959 1958/1958/1958 1957/1957/1957
f 1962/1962/1962 1961/1961/1961 1960/1960/1960
f 1965/1965/1965 1964/1964/1964 1963/1963/1963
f 1968/1968/1968 1967/1967/1967 1966/1966/1966
f 1971/1971/1971 1970/1970/1970 1969/1969/1969
f 1974/1974/1974 1973/1973/1973 1972/1972/1972
f 1977/1977/1977 1976/1976/1976 1975/1975/1975
f 1980/1980/1980 1979/1979/1979 1978/1978/1978
f 1983/1983/1983 1982/1982/1982 1981/1981/1981
f 1986/1986/1986 1985/1985/1985 1984/1984/1984
f 1989/1989/1989 1988/1988/1988 1987/1987/1987
f 1992/1992/1992 1991/1991/1991 1990/1990/1990
f 1995/1995/1995 1994/1994/1994 1993/1993/1993
f 1998/1998/1998 1997/1997/1997 1996/1996/1996
f 2001/2001/2001 2000/2000/2000 1999/1999/1999
f 2004/2004/2004 2003/2003/2003 2002/2002/2002
f 2007/2007/2007 2006/2006/2006 2005/2005/2005
f 2010/2010/2010 2009/2009/2009 2008/2008/2008
f 2013/2013/2013 2012/2012/2012 2011/2011/2011
f 2016/2016/2016 2015/2015/2015 2014/2014/2014
f 2019/2019/2019 2018/2018/2018 2017/2017/2017
f 2022/2022/2022 2021/2021/2021 2020/2020/2020
f 2025/2025/2025 2024/2024/2024 2023/2023/2023
f 2028/2028/2028 2027/2027/2027 2026/2026/2026
f 2031/2031/2031 2030/2030/2030 2029/2029/2029
f 2034/2034/2034 2033/2033/2033 2032/2032/2032
f 2037/2037/2037 2036/2036/2036 2035/2035/2035
f 2040/2040/2040 2039/2039/2039 2038/2038/2038
f 2043/2043/2043 2042/2042/2042 2041/2041/2041
f 2046/2046/2046 2045/2045/2045 2044/2044/2044
f 2049/2049/2049 2048/2048/2048 2047/2047/2047
f 2052/2052/2052 2051/2051/2051 2050/2050/2050
f 2055/2055/2055 2054/2054/2054 2053/2053/2053
f 2058/2058/2058 2057/2057/2057 2056/2056/2056
f 2061/2061/2061 2060/2060/2060 2059/2059/2059
f 2064/2064/2064 2063/2063/2063 2062/2062/2062
f 2067/2067/2067 2066/2066/2066 2065/2065/2065
f 2070/2070/2070 2069/2069/2069 2068/2068/2068
f 2073/2073/2073 2072/2072/2072 2071/2071/2071
f 2076/2076/2076 2075/2075/2075 2074/2074/2074
f 2079/2079/2079 2078/2078/2078 2077/2077/2077
f 2082/2082/2082 2081/2081/2081 2080/2080/2080
f 2085/2085/2085 2084/2084/2084 2083/2083/2083
f 2088/2088/2088 2087/2087/2087 2086/2086/2086
f 2091/2091/2091 2090/2090/2090 2089/2089/2089
f 2094/2094/2094 2093/2093/2093 2092/2092/2092
f 2097/2097/2097 2096/2096/2096 2095/2095/2095
f 2100/2100/2100 2099/2099/2099 2098/2098/2098
f 2103/2103/2103 2102/2102/2102 2101/2101/2101
f 2106/2106/2106 2105/2105/2105 2104/2104/2104
f 2109/2109/2109 2108/2108/2108 2107/2107/2107
f 2112/2112/2112 2111/2111/2111 2110/2110/2110
f 2115/2115/2115 2114/2114/2114 2113/2113/2113
f 2118/2118/2118 2117/2117/2117 2116/2116/2116
f 2121/2121/2121 2120/2120/2120 2119/2119/2119
f 2124/2124/2124 2123/2123/2123 2122/2122/2122
f 2127/2127/2127 2126/2126/2126 2125/2125/2125
f 2130/2130/2130 2129/2129/2129 2128/2128/2128
f 2133/2133/2133 2132/2132/2132 2131/2131/2131
f 2136/2136/2136 2135/2135/2135 2134/2134/2134
f 2139/2139/2139 2138/2138/2138 2137/2137/2137
f 2142/2142/2142 2141/2141/2141 2140/2140/2140
f 2145/2145/2145 2144/2144/2144 2143/2143/2143
f 2148/2148/2148 2147/2147/2147 2146/2146/2146
f 2151/2151/2151 2150/2150/2150 2149/2149/2149
f 2154/2154/2154 2153/2153/2153 2152/2152/2152
f 2157/2157/2157 2156/2156/2156 2155/2155/2155
f 2160/2160/2160 2159/2159/2159 2158/2158/2158
f 2163/2163/2163 2162/2162/2162 2161/2161/2161
f 2166/2166/2166 2165/2165/2165 2164/2164/2164
f 2169/2169/2169 2168/2168/2168 2167/2167/2167
f 2172/2172/2172 2171/2171/2171 2170/2170/2170
f 2175/2175/2175 2174/2174/2174 2173/2173/2173
f 2178/2178/2178 2177/2177/2177 2176/2176/2176
f 2181/2181/2181 2180/2180/2180 2179/2179/2179
f 2184/2184/2184 2183/2183/2183 2182/2182/2182
f 2187/2187/2187 2186/2186/2186 2185/2185/2185
f 2190/2190/2190 2189/2189/2189 2188/2188/2188
f 2193/2193/2193 2192/2192/2192 2191/2191/2191
f 2196/2196/2196 2195/2195/2195 2194/2194/2194
f 2199/2199/2199 2198/2198/2198 2197/2197/2197
f 2202/2202/2202 2201/2201/2201 2200/2200/2200
f 2205/2205/2205 2204/2204/2204 2203/2203/2203
f 2208/2208/2208 2207/2207/2207 2206/2206/2206
f 2211/2211/2211 2210/2210/2210 2209/2209/2209
f 2214/2214/2214 2213/2213/2213 2212/2212/2212
f 2217/2217/2217 2216/2216/2216 2215/2215/2215
f 2220/2220/2220 2219/2219/2219 2218/2218/2218
f 2223/2223/2223 2222/2222/2222 2221/2221/2221
f 2226/2226/2226 2225/2225/2225 2224/2224/2224
f 2229/2229/2229 2228/2228/2228 2227/2227/2227
f 2232/2232/2232 2231/2231/2231 2230/2230/2230
f 2235/2235/2235 2234/2234/2234 2233/2233/2233
f 2238/2238/2238 2237/2237/2237 2236/2236/2236
f 2241/2241/2241 2240/2240/2240 2239/2239/2239
f 2244/2244/2244 2243/2243/2243 2242/2242/2242
f 2247/2247/2247 2246/2246/2246 2245/2245/2245
f 2250/2250/2250 2249/2249/2249 2248/2248/2248
f 2253/2253/2253 2252/2252/2252 2251/2251/2251
f 2256/2256/2256 2255/2255/2255 2254/2254/2254
f 2259/2259/2259 2258/2258/2258 2257/2257/2257
f 2262/2262/2262 2261/2261/2261 2260/2260/2260
f 2265/2265/2265 2264/2264/2264 2263/2263/2263
f 2268/2268/2268 2267/2267/2267 2266/2266/2266
f 2271/2271/2271 2270/2270/2270 2269/2269/2269
f 2274/2274/2274 2273/2273/2273 2272/2272/2272
f 2277/2277/2277 2276/2276/2276 2275/2275/2275
f 2280/2280/2280 2279/2279/2279 2278/2278/2278
f 2283/2283/2283 2282/2282/2282 2281/2281/2281
f 2286/2286/2286 2285/2285/2285 2284/2284/2284
f 2289/2289/2289 2288/2288/2288 2287/2287/2287
f 2292/2292/2292 2291/2291/2291 2290/2290/2290
f 2295/2295/2295 2294/2294/2294 2293/2293/2293
f 2298/2298/2298 2297/2297/2297 2296/2296/2296
f 2301/2301/2301 2300/2300/2300 2299/2299/2299
f 2304/2304/2304 2303/2303/2303 2302/2302/2302
f 2307/2307/2307 2306/2306/2306 2305/2305/2305
f 2310/2310/2310 2309/2309/2309 2308/2308/2308
f 2313/2313/2313 2312/2312/2312 2311/2311/2311
f 2316/2316/2316 2315/2315/2315 2314/2314/2314
f 2319/2319/2319 2318/2318/2318 2317/2317/2317
f 2322/2322/2322 2321/2321/2321 2320/2320/2320
f 2325/2325/2325 2324/2324/2324 2323/2323/2323
f 2328/2328/2328 2327/2327/2327 2326/2326/2326
f 2331/2331/2331 2330/2330/2330 2329/2329/2329
f 2334/2334/2334 2333/2333/2333 2332/2332/2332
f 2337/2337/2337 2336/2336/2336 2335/2335/2335
f 2340/2340/2340 2339/2339/2339 2338/2338/2338
f 2343/2343/2343 2342/2342/2342 2341/2341/2341
f 2346/2346/2346 2345/2345/2345 2344/2344/2344
f 2349/2349/2349 2348/2348/2348 2347/2347/2347
f 2352/2352/2352 2351/2351/2351 2350/2350/2350
f 2355/2355/2355 2354/2354/2354 2353/2353/2353
f 2358/2358/2358 2357/2357/2357 2356/2356/2356
f 2361/2361/2361 2360/2360/2360 2359/2359/2359
f 2364/2364/2364 2363/2363/2363 2362/2362/2362
f 2367/2367/2367 2366/2366/2366 2365/2365/2365
f 2370/2370/2370 2369/2369/2369 2368/2368/2368
f 2373/2373/2373 2372/2372/2372 2371/2371/2371
f 2376/2376/2376 2375/2375/2375 2374/2374/2374
f 2379/2379/2379 2378/2378/2378 2377/2377/2377
f 2382/2382/2382 2381/2381/2381 2380/2380/2380
f 2385/2385/2385 2384/2384/2384 2383/2383/2383
f 2388/2388/2388 2387/2387/2387 2386/2386/2386
f 2391/2391/2391 2390/2390/2390 2389/2389/2389
f 2394/2394/2394 2393/2393/2393 2392/2392/2392
f 2397/2397/2397 2396/2396/2396 2395/2395/2395
f 2400/2400/2400 2399/2399/2399 2398/2398/2398
f 2403/2403/2403 2402/2402/2402 2401/2401/2401
f 2406/2406/2406 2405/2405/2405 2404/2404/2404
f 2409/2409/2409 2408/2408/2408 2407/2407/2407
f 2412/2412/2412 2411/2411/2411 2410/2410/2410
f 2415/2415/2415 2414/2414/2414 2413/2413/2413
f 2418/2418/2418 2417/2417/2417 2416/2416/2416
f 2421/2421/2421 2420/2420/2420 2419/2419/2419
f 2424/2424/2424 2423/2423/2423 2422/2422/2422
f 2427/2427/2427 2426/2426/2426 2425/2425/2425
f 2430/2430/2430 2429/2429/2429 2428/2428/2428
f 2433/2433/2433 2432/2432/2432 2431/2431/2431
f 2436/2436/2436 2435/2435/2435 2434/2434/2434
f 2439/2439/2439 2438/2438/2438 2437/2437/2437
f 2442/2442/2442 2441/2441/2441 2440/2440/2440
f 2445/2445/2445 2444/2444/2444 2443/2443/2443
f 2448/2448/2448 2447/2447/2447 2446/2446/2446
f 2451/2451/2451 2450/2450/2450 2449/2449/2449
f 2454/2454/2454 2453/2453/2453 2452/2452/2452
f 2457/2457/2457 2456/2456/2456 2455/2455/2455
f 2460/2460/2460 2459/2459/2459 2458/2458/2458
f 2463/2463/2463 2462/2462/2462 2461/2461/2461
f 2466/2466/2466 2465/2465/2465 2464/2464/2464
f 2469/2469/2469 2468/2468/2468 2467/2467/2467
f 2472/2472/2472 2471/2471/2471 2470/2470/2470
f 2475/2475/2475 2474/2474/2474 2473/2473/2473
f 2478/2478/2478 2477/2477/2477 2476/2476/2476
f 2481/2481/2481 2480/2480/2480 2479/2479/2479
f 2484/2484/2484 2483/2483/2483 2482/2482/2482
f 2487/2487/2487 2486/2486/2486 2485/2485/2485
f 2490/2490/2490 2489/2489/2489 2488/2488/2488
f 2493/2493/2493 2492/2492/2492 2491/2491/2491
f 2496/2496/2496 2495/2495/2495 2494/2494/2494
f 2499/2499/2499 2498/2498/2498 2497/2497/2497
f 2502/2502/2502 2501/2501/2501 2500/2500/2500
f 2505/2505/2505 2504/2504/2504 2503/2503/2503
f 2508/2508/2508 2507/2507/2507 2506/2506/2506
f 2511/2511/2511 2510/2510/2510 2509/2509/2509
f 2514/2514/2514 2513/2513/2513 2512/2512/2512
f 2517/2517/2517 2516/2516/2516 2515/2515/2515
f 2520/2520/2520 2519/2519/2519 2518/2518/2518
f 2523/2523/2523 2522/2522/2522 2521/2521/2521
f 2526/2526/2526 2525/2525/2525 2524/2524/2524
f 2529/2529/2529 2528/2528/2528 2527/2527/2527
f 2532/2532/2532 2531/2531/2531 2530/2530/2530
f 2535/2535/2535 2534/2534/2534 2533/2533/2533
f 2538/2538/2538 2537/2537/2537 2536/2536/2536
f 2541/2541/2541 2540/2540/2540 2539/2539/2539
f 2544/2544/2544 2543/2543/2543 2542/2542/2542
f 2547/2547/2547 2546/2546/2546 2545/2545/2545
f 2550/2550/2550 2549/2549/2549 2548/2548/2548
f 2553/2553/2553 2552/2552/2552 2551/2551/2551
f 2556/2556/2556 2555/2555/2555 2554/2554/2554
f 2559/2559/2559 2558/2558/2558 2557/2557/2557
f 2562/2562/2562 2561/2561/2561 2560/2560/2560
f 2565/2565/2565 2564/2564/2564 2563/2563/2563
f 2568/2568/2568 2567/2567/2567 2566/2566/2566
f 2571/2571/2571 2570/2570/2570 2569/2569/2569
f 2574/2574/2574 2573/2573/2573 2572/2572/2572
f 2577/2577/2577 2576/2576/2576 2575/2575/2575
f 2580/2580/2580 2579/2579/2579 2578/2578/2578
f 2583/2583/2583 2582/2582/2582 2581/2581/2581
f 2586/2586/2586 2585/2585/2585 2584/2584/2584
f 2589/2589/2589 2588/2588/2588 2587/2587/2587
f 2592/2592/2592 2591/2591/2591 2590/2590/2590
f 2595/2595/2595 2594/2594/2594 2593/2593/2593
f 2598/2598/2598 2597/2597/2597 2596/2596/2596
f 2601/2601/2601 2600/2600/2600 2599/2599/2599
f 2604/2604/2604 2603/2603/2603 2602/2602/2602
f 2607/2607/2607 2606/2606/2606 2605/2605/2605
f 2610/2610/2610 2609/2609/2609 2608/2608/2608
f 2613/2613/2613 2612/2612/2612 2611/2611/2611
f 2616/2616/2616 2615/2615/2615 2614/2614/2614
f 2619/2619/2619 2618/2618/2618 2617/2617/2617
f 2622/2622/2622 2621/2621/2621 2620/2620/2620
f 2625/2625/2625 2624/2624/2624 2623/2623/2623
f 2628/2628/2628 2627/2627/2627 2626/2626/2626
f 2631/2631/2631 2630/2630/2630 2629/2629/2629
f 2634/2634/2634 2633/2633/2633 2632/2632/2632
f 2637/2637/2637 2636/2636/2636 2635/2635/2635
f 2640/2640/2640 2639/2639/2639 2638/2638/2638
f 2643/2643/2643 2642/2642/2642 2641/2641/2641
f 2646/2646/2646 2645/2645/2645 2644/2644/2644
f 2649/2649/2649 2648/2648/2648 2647/2647/2647
f 2652/2652/2652 2651/2651/2651 2650/2650/2650
f 2655/2655/2655 2654/2654/2654 2653/2653/2653
f 2658/2658/2658 2657/2657/2657 2656/2656/2656
f 2661/2661/2661 2660/2660/2660 2659/2659/2659
f 2664/2664/2664 2663/2663/2663 2662/2662/2662
f 2667/2667/2667 2666/2666/2666 2665/2665/2665
f 2670/2670/2670 2669/2669/2669 2668/2668/2668
f 2673/2673/2673 2672/2672/2672 2671/2671/2671
f 2676/2676/2676 2675/2675/2675 2674/2674/2674
f 2679/2679/2679 2678/2678/2678 2677/2677/2677
f 2682/2682/2682 2681/2681/2681 2680/2680/2680
f 2685/2685/2685 2684/2684/2684 2683/2683/2683
f 2688/2688/2688 2687/2687/2687 2686/2686/2686
f 2691/2691/2691 2690/2690/2690 2689/2689/2689
f 2694/2694/2694 2693/2693/2693 2692/2692/2692
f 2697/2697/2697 2696/2696/2696 2695/2695/2695
f 2700/2700/2700 2699/2699/2699 2698/2698/2698
f 2703/2703/2703 2702/2702/2702 2701/2701/2701
f 2706/2706/2706 2705/2705/2705 2704/2704/2704
f 2709/2709/2709 2708/2708/2708 2707/2707/2707
f 2712/2712/2712 2711/2711/2711 2710/2710/2710
f 2715/2715/2715 2714/2714/2714 2713/2713/2713
f 2718/2718/2718 2717/2717/2717 2716/2716/2716
f 2721/2721/2721 2720/2720/2720 2719/2719/2719
f 2724/2724/2724 2723/2723/2723 2722/2722/2722
f 2727/2727/2727 2726/2726/2726 2725/2725/2725
f 2730/2730/2730 2729/2729/2729 2728/2728/2728
f 2733/2733/2733 2732/2732/2732 2731/2731/2731
f 2736/2736/2736 2735/2735/2735 2734/2734/2734
f 2739/2739/2739 2738/2738/2738 2737/2737/2737
f 2742/2742/2742 2741/2741/2741 2740/2740/2740
f 2745/2745/2745 2744/2744/2744 2743/2743/2743
f 2748/2748/2748 2747/2747/2747 2746/2746/2746
f 2751/2751/2751 2750/2750/2750 2749/2749/2749
f 2754/2754/2754 2753/2753/2753 2752/2752/2752
f 2757/2757/2757 2756/2756/2756 2755/2755/2755
f 2760/2760/2760 2759/2759/2759 2758/2758/2758
f 2763/2763/2763 2762/2762/2762 2761/2761/2761
f 2766/2766/2766 2765/2765/2765 2764/2764/2764
f 2769/2769/2769 2768/2768/2768 2767/2767/2767
f 2772/2772/2772 2771/2771/2771 2770/2770/2770
f 2775/2775/2775 2774/2774/2774 2773/2773/2773
f 2778/2778/2778 2777/2777/2777 2776/2776/2776
f 2781/2781/2781 2780/2780/2780 2779/2779/2779
f 2784/2784/2784 2783/2783/2783 2782/2782/2782
f 2787/2787/2787 2786/2786/2786 2785/2785/2785
f 2790/2790/2790 2789/2789/2789 2788/2788/2788
f 2793/2793/2793 2792/2792/2792 2791/2791/2791
f 2796/2796/2796 2795/2795/2795 2794/2794/2794
f 2799/2799/2799 2798/2798/2798 2797/2797/2797
f 2802/2802/2802 2801/2801/2801 2800/2800/2800
f 2805/2805/2805 2804/2804/2804 2803/2803/2803
f 2808/2808/2808 2807/2807/2807 2806/2806/2806
f 2811/2811/2811 2810/2810/2810 2809/2809/2809
f 2814/2814/2814 2813/2813/2813 2812/2812/2812
f 2817/2817/2817 2816/2816/2816 2815/2815/2815
f 2820/2820/2820 2819/2819/2819 2818/2818/2818
f 2823/2823/2823 2822/2822/2822 2821/2821/2821
f 2826/2826/2826 2825/2825/2825 2824/2824/2824
f 2829/2829/2829 2828/2828/2828 2827/2827/2827
f 2832/2832/2832 2831/2831/2831 2830/2830/2830
f 2835/2835/2835 2834/2834/2834 2833/2833/2833
f 2838/2838/2838 2837/2837/2837 2836/2836/2836
f 2841/2841/2841 2840/2840/2840 2839/2839/2839
f 2844/2844/2844 2843/2843/2843 2842/2842/2842
f 2847/2847/2847 2846/2846/2846 2845/2845/2845
f 2850/2850/2850 2849/2849/2849 2848/2848/2848
f 2853/2853/2853 2852/2852/2852 2851/2851/2851
f 2856/2856/2856 2855/2855/2855 2854/2854/2854
f 2859/2859/2859 2858/2858/2858 2857/2857/2857
f 2862/2862/2862 2861/2861/2861 2860/2860/2860
f 2865/2865/2865 2864/2864/2864 2863/2863/2863
f 2868/2868/2868 2867/2867/2867 2866/2866/2866
f 2871/2871/2871 2870/2870/2870 2869/2869/2869
f 2874/2874/2874 2873/2873/2873 2872/2872/2872
f 2877/2877/2877 2876/2876/2876 2875/2875/2875
f 2880/2880/2880 2879/2879/2879 2878/2878/2878
f 2883/2883/2883 2882/2882/2882 2881/2881/2881
f 2886/2886/2886 2885/2885/2885 2884/2884/2884
f 2889/2889/2889 2888/2888/2888 2887/2887/2887
f 2892/2892/2892 2891/2891/2891 2890/2890/2890
f 2895/2895/2895 2894/2894/2894 2893/2893/2893
f 2898/2898/2898 2897/2897/2897 2896/2896/2896
f 2901/2901/2901 2900/2900/2900 2899/2899/2899
f 2904/2904/2904 2903/2903/2903 2902/2902/2902
f 2907/2907/2907 2906/2906/2906 2905/2905/2905
f 2910/2910/2910 2909/2909/2909 2908/2908/2908
f 2913/2913/2913 2912/2912/2912 2911/2911/2911
f 2916/2916/2916 2915/2915/2915 2914/2914/2914
f 2919/2919/2919 2918/2918/2918 2917/2917/2917
f 2922/2922/2922 2921/2921/2921 2920/2920/2920
f 2925/2925/2925 2924/2924/2924 2923/2923/2923
f 2928/2928/2928 2927/2927/2927 2926/2926/2926
f 2931/2931/2931 2930/2930/2930 2929/2929/2929
f 2934/2934/2934 2933/2933/2933 2932/2932/2932
f 2937/2937/2937 2936/2936/2936 2935/2935/2935
f 2940/2940/2940 2939/2939/2939 2938/2938/2938
f 2943/2943/2943 2942/2942/2942 2941/2941/2941
f 2946/2946/2946 2945/2945/2945 2944/2944/2944
f 2949/2949/2949 2948/2948/2948 2947/2947/2947
f 2952/2952/2952 2951/2951/2951 2950/2950/2950
f 2955/2955/2955 2954/2954/2954 2953/2953/2953
f 2958/2958/2958 2957/2957/2957 2956/2956/2956
f 2961/2961/2961 2960/2960/2960 2959/2959/2959
f 2964/2964/2964 2963/2963/2963 2962/2962/2962
f 2967/2967/2967 2966/2966/2966 2965/2965/2965
f 2970/2970/2970 2969/2969/2969 2968/2968/2968
f 2973/2973/2973 2972/2972/2972 2971/2971/2971
f 2976/2976/2976 2975/2975/2975 2974/2974/2974
f 2979/2979/2979 2978/2978/2978 2977/2977/2977
f 2982/2982/2982 2981/2981/2981 2980/2980/2980
f 2985/2985/2985 2984/2984/2984 2983/2983/2983
f 2988/2988/2988 2987/2987/2987 2986/2986/2986
f 2991/2991/2991 2990/2990/2990 2989/2989/2989
f 2994/2994/2994 2993/2993/2993 2992/2992/2992
f 2997/2997/2997 2996/2996/2996 2995/2995/2995
f 3000/3000/3000 2999/2999/2999 2998/2998/2998
f 3003/3003/3003 3002/3002/3002 3001/3001/3001
f 3006/3006/3006 3005/3005/3005 3004/3004/3004
f 3009/3009/3009 3008/3008/3008 3007/3007/3007
f 3012/3012/3012 3011/3011/3011 3010/3010/3010
f 3015/3015/3015 3014/3014/3014 3013/3013/3013
f 3018/3018/3018 3017/3017/3017 3016/3016/3016
f 3021/3021/3021 3020/3020/3020 3019/3019/3019
f 3024/3024/3024 3023/3023/3023 3022/3022/3022
f 3027/3027/3027 3026/3026/3026 3025/3025/3025
f 3030/3030/3030 3029/3029/3029 3028/3028/3028
f 3033/3033/3033 3032/3032/3032 3031/3031/3031
f 3036/3036/3036 3035/3035/3035 3034/3034/3034
f 3039/3039/3039 3038/3038/3038 3037/3037/3037
f 3042/3042/3042 3041/3041/3041 3040/3040/3040
f 3045/3045/3045 3044/3044/3044 3043/3043/3043
f 3048/3048/3048 3047/3047/3047 3046/3046/3046
f 3051/3051/3051 3050/3050/3050 3049/3049/3049
f 3054/3054/3054 3053/3053/3053 3052/3052/3052
f 3057/3057/3057 3056/3056/3056 3055/3055/3055
f 3060/3060/3060 3059/3059/3059 3058/3058/3058
f 3063/3063/3063 3062/3062/3062 3061/3061/3061
f 3066/3066/3066 3065/3065/3065 3064/3064/3064
f 3069/3069/3069 3068/3068/3068 3067/3067/3067
f 3072/3072/3072 3071/3071/3071 3070/3070/3070
f 3075/3075/3075 3074/3074/3074 3073/3073/3073
f 3078/3078/3078 3077/3077/3077 3076/3076/3076
f 3081/3081/3081 3080/3080/3080 3079/3079/3079
f 3084/3084/3084 3083/3083/3083 3082/3082/3082
f 3087/3087/3087 3086/3086/3086 3085/3085/3085
f 3090/3090/3090 3089/3089/3089 3088/3088/3088
f 3093/3093/3093 3092/3092/3092 3091/3091/3091
f 3096/3096/3096 3095/3095/3095 3094/3094/3094
f 3099/3099/3099 3098/3098/3098 3097/3097/3097
f 3102/3102/3102 3101/3101/3101 3100/3100/3100
f 3105/3105/3105 3104/3104/3104 3103/3103/3103
f 3108/3108/3108 3107/3107/3107 3106/3106/3106
f 3111/3111/3111 3110/3110/3110 3109/3109/3109
f 3114/3114/3114 3113/3113/3113 3112/3112/3112
f 3117/3117/3117 3116/3116/3116 3115/3115/3115
f 3120/3120/3120 3119/3119/3119 3118/3118/3118
f 3123/3123/3123 3122/3122/3122 3121/3121/3121
f 3126/3126/3126 3125/3125/3125 3124/3124/3124
f 3129/3129/3129 3128/3128/3128 3127/3127/3127
f 3132/3132/3132 3131/3131/3131 3130/3130/3130
f 3135/3135/3135 3134/3134/3134 3133/3133/3133
f 3138/3138/3138 3137/3137/3137 3136/3136/3136
f 3141/3141/3141 3140/3140/3140 3139/3139/3139
f 3144/3144/3144 3143/3143/3143 3142/3142/3142
f 3147/3147/3147 3146/3146/3146 3145/3145/3145
f 3150/3150/3150 3149/3149/3149 3148/3148/3148
f 3153/3153/3153 3152/3152/3152 3151/3151/3151
f 3156/3156/3156 3155/3155/3155 3154/3154/3154
f 3159/3159/3159 3158/3158/3158 3157/3157/3157
f 3162/3162/3162 3161/3161/3161 3160/3160/3160
f 3165/3165/3165 3164/3164/3164 3163/3163/3163
f 3168/3168/3168 3167/3167/3167 3166/3166/3166
f 3171/3171/3171 3170/3170/3170 3169/3169/3169
f 3174/3174/3174 3173/3173/3173 3172/3172/3172
f 3177/3177/3177 3176/3176/3176 3175/3175/3175
f 3180/3180/3180 3179/3179/3179 3178/3178/3178
f 3183/3183/3183 3182/3182/3182 3181/3181/3181
f 3186/3186/3186 3185/3185/3185 3184/3184/3184
f 3189/3189/3189 3188/3188/3188 3187/3187/3187
f 3192/3192/3192 3191/3191/3191 3190/3190/3190
f 3195/3195/3195 3194/3194/3194 3193/3193/3193
f 3198/3198/3198 3197/3197/3197 3196/3196/3196
f 3201/3201/3201 3200/3200/3200 3199/3199/3199
f 3204/3204/3204 3203/3203/3203 3202/3202/3202
f 3207/3207/3207 3206/3206/3206 3205/3205/3205
f 3210/3210/3210 3209/3209/3209 3208/3208/3208
f 3213/3213/3213 3212/3212/3212 3211/3211/3211
f 3216/3216/3216 3215/3215/3215 3214/3214/3214
f 3219/3219/3219 3218/3218/3218 3217/3217/3217
f 3222/3222/3222 3221/3221/3221 3220/3220/3220
f 3225/3225/3225 3224/3224/3224 3223/3223/3223
f 3228/3228/3228 3227/3227/3227 3226/3226/3226
f 3231/3231/3231 3230/3230/3230 3229/3229/3229
f 3234/3234/3234 3233/3233/3233 3232/3232/3232
f 3237/3237/3237 3236/3236/3236 3235/3235/3235
f 3240/3240/3240 3239/3239/3239 3238/3238/3238
f 3243/3243/3243 3242/3242/3242 3241/3241/3241
f 3246/3246/3246 3245/3245/3245 3244/3244/3244
f 3249/3249/3249 3248/3248/3248 3247/3247/3247
f 3252/3252/3252 3251/3251/3251 3250/3250/3250
f 3255/3255/3255 3254/3254/3254 3253/3253/3253
f 3258/3258/3258 3257/3257/3257 3256/3256/3256
f 3261/3261/3261 3260/3260/3260 3259/3259/3259
f 3264/3264/3264 3263/3263/3263 3262/3262/3262
f 3267/3267/3267 3266/3266/3266 3265/3265/3265
f 3270/3270/3270 3269/3269/3269 3268/3268/3268
f 3273/3273/3273 3272/3272/3272 3271/3271/3271
f 3276/3276/3276 3275/3275/3275 3274/3274/3274
f 3279/3279/3279 3278/3278/3278 3277/3277/3277
f 3282/3282/3282 3281/3281/3281 3280/3280/3280
f 3285/3285/3285 3284/3284/3284 3283/3283/3283
f 3288/3288/3288 3287/3287/3287 3286/3286/3286
f 3291/3291/3291 3290/3290/3290 3289/3289/3289
f 3294/3294/3294 3293/3293/3293 3292/3292/3292
f 3297/3297/3297 3296/3296/3296 3295/3295/3295
f 3300/3300/3300 3299/3299/3299 3298/3298/3298
f 3303/3303/3303 3302/3302/3302 3301/3301/3301
f 3306/3306/3306 3305/3305/3305 3304/3304/3304
f 3309/3309/3309 3308/3308/3308 3307/3307/3307
f 3312/3312/3312 3311/3311/3311 3310/3310/3310
f 3315/3315/3315 3314/3314/3314 3313/3313/3313
f 3318/3318/3318 3317/3317/3317 3316/3316/3316
f 3321/3321/3321 3320/3320/3320 3319/3319/3319
f 3324/3324/3324 3323/3323/3323 3322/3322/3322
f 3327/3327/3327 3326/3326/3326 3325/3325/3325
f 3330/3330/3330 3329/3329/3329 3328/3328/3328
f 3333/3333/3333 3332/3332/3332 3331/3331/3331
f 3336/3336/3336 3335/3335/3335 3334/3334/3334
f 3339/3339/3339 3338/3338/3338 3337/3337/3337
f 3342/3342/3342 3341/3341/3341 3340/3340/3340
f 3345/3345/3345 3344/3344/3344 3343/3343/3343
f 3348/3348/3348 3347/3347/3347 3346/3346/3346
f 3351/3351/3351 3350/3350/3350 3349/3349/3349
f 3354/3354/3354 3353/3353/3353 3352/3352/3352
f 3357/3357/3357 3356/3356/3356 3355/3355/3355
f 3360/3360/3360 3359/3359/3359 3358/3358/3358
f 3363/3363/3363 3362/3362/3362 3361/3361/3361
f 3366/3366/3366 3365/3365/3365 3364/3364/3364
f 3369/3369/3369 3368/3368/3368 3367/3367/3367
f 3372/3372/3372 3371/3371/3371 3370/3370/3370
f 3375/3375/3375 3374/3374/3374 3373/3373/3373
f 3378/3378/3378 3377/3377/3377 3376/3376/3376
f 3381/3381/3381 3380/3380/3380 3379/3379/3379
f 3384/3384/3384 3383/3383/3383 3382/3382/3382
f 3387/3387/3387 3386/3386/3386 3385/3385/3385
f 3390/3390/3390 3389/3389/3389 3388/3388/3388
f 3393/3393/3393 3392/3392/3392 3391/3391/3391
f 3396/3396/3396 3395/3395/3395 3394/3394/3394
f 3399/3399/3399 3398/3398/3398 3397/3397/3397
f 3402/3402/3402 3401/3401/3401 3400/3400/3400
f 3405/3405/3405 3404/3404/3404 3403/3403/3403
f 3408/3408/3408 3407/3407/3407 3406/3406/3406
f 3411/3411/3411 3410/3410/3410 3409/3409/3409
f 3414/3414/3414 3413/3413/3413 3412/3412/3412
f 3417/3417/3417 3416/3416/3416 3415/3415/3415
f 3420/3420/3420 3419/3419/3419 3418/3418/3418
f 3423/3423/3423 3422/3422/3422 3421/3421/3421
f 3426/3426/3426 3425/3425/3425 3424/3424/3424
f 3429/3429/3429 3428/3428/3428 3427/3427/3427
f 3432/3432/3432 3431/3431/3431 3430/3430/3430
f 3435/3435/3435 3434/3434/3434 3433/3433/3433
f 3438/3438/3438 3437/3437/3437 3436/3436/3436
f 3441/3441/3441 3440/3440/3440 3439/3439/3439
f 3444/3444/3444 3443/3443/3443 3442/3442/3442
f 3447/3447/3447 3446/3446/3446 3445/3445/3445
f 3450/3450/3450 3449/3449/3449 3448/3448/3448
