# Export from Prisma3D 2.1.1
mtllib New Project.mtl
o fielder_0
v -0.196495 1.539563 -0.07023501
v -0.205465 1.552191 -0.03981002
v -0.211621 1.550001 -0.04397402
v -0.196495 1.539563 -0.07023501
v -0.211621 1.550001 -0.04397402
v -0.203922 1.536703 -0.07055502
v -0.208709 1.546324 -0.003563018
v -0.211621 1.550001 -0.04397402
v -0.205465 1.552191 -0.03981002
v -0.208709 1.546324 -0.003563018
v -0.215236 1.546623 -0.005131019
v -0.211621 1.550001 -0.04397402
v -0.215236 1.546623 -0.005131019
v -0.208709 1.546324 -0.003563018
v -0.20654 1.506034 0.01831998
v -0.215236 1.546623 -0.005131019
v -0.20654 1.506034 0.01831998
v -0.213926 1.51031 0.01571698
v -0.213926 1.51031 0.01571698
v -0.20654 1.506034 0.01831998
v -0.196764 1.43988 0.02571198
v -0.213926 1.51031 0.01571698
v -0.196764 1.43988 0.02571198
v -0.207636 1.446313 0.02622698
v -0.207636 1.446313 0.02622698
v -0.196764 1.43988 0.02571198
v -0.190926 1.390079 0.002127983
v -0.207636 1.446313 0.02622698
v -0.190926 1.390079 0.002127983
v -0.199556 1.398328 0.002236983
v -0.189068 1.374294 -0.02336502
v -0.199556 1.398328 0.002236983
v -0.190926 1.390079 0.002127983
v -0.189068 1.374294 -0.02336502
v -0.207128 1.384977 -0.02377602
v -0.199556 1.398328 0.002236983
v -0.199556 1.398328 0.002236983
v -0.207128 1.384977 -0.02377602
v -0.249827 1.390229 -0.02454102
v -0.199556 1.398328 0.002236983
v -0.249827 1.390229 -0.02454102
v -0.243836 1.404009 0.003181979
v -0.243836 1.404009 0.003181979
v -0.207636 1.446313 0.02622698
v -0.199556 1.398328 0.002236983
v -0.243836 1.404009 0.003181979
v -0.252171 1.449521 0.02424598
v -0.207636 1.446313 0.02622698
v -0.252171 1.449521 0.02424598
v -0.253468 1.509607 0.01255498
v -0.207636 1.446313 0.02622698
v -0.213926 1.51031 0.01571698
v -0.207636 1.446313 0.02622698
v -0.253468 1.509607 0.01255498
v -0.253468 1.509607 0.01255498
v -0.215236 1.546623 -0.005131019
v -0.213926 1.51031 0.01571698
v -0.252171 1.449521 0.02424598
v -0.285756 1.508975 0.01003797
v -0.253468 1.509607 0.01255498
v -0.285756 1.508975 0.01003797
v -0.258189 1.544523 -0.04263902
v -0.253468 1.509607 0.01255498
v -0.253468 1.509607 0.01255498
v -0.258189 1.544523 -0.04263902
v -0.215236 1.546623 -0.005131019
v -0.285756 1.508975 0.01003797
v -0.290481 1.542505 -0.04213403
v -0.258189 1.544523 -0.04263902
v -0.290481 1.542505 -0.04213403
v -0.258517 1.528361 -0.07954602
v -0.258189 1.544523 -0.04263902
v -0.290481 1.542505 -0.04213403
v -0.29162 1.526912 -0.08310603
v -0.258517 1.528361 -0.07954602
v -0.258189 1.544523 -0.04263902
v -0.258517 1.528361 -0.07954602
v -0.203922 1.536703 -0.07055502
v -0.258189 1.544523 -0.04263902
v -0.203922 1.536703 -0.07055502
v -0.211621 1.550001 -0.04397402
v -0.215236 1.546623 -0.005131019
v -0.258189 1.544523 -0.04263902
v -0.211621 1.550001 -0.04397402
v -0.258517 1.528361 -0.07954602
v -0.29162 1.526912 -0.08310603
v -0.273803 1.478166 -0.109335
v -0.258517 1.528361 -0.07954602
v -0.273803 1.478166 -0.109335
v -0.236382 1.476848 -0.106335
v -0.236382 1.476848 -0.106335
v -0.273803 1.478166 -0.109335
v -0.259946 1.440252 -0.118212
v -0.236382 1.476848 -0.106335
v -0.259946 1.440252 -0.118212
v -0.219167 1.436784 -0.115647
v -0.219167 1.436784 -0.115647
v -0.259946 1.440252 -0.118212
v -0.244832 1.400194 -0.08470602
v -0.219167 1.436784 -0.115647
v -0.244832 1.400194 -0.08470602
v -0.20063 1.393484 -0.08288401
v -0.219167 1.436784 -0.115647
v -0.20063 1.393484 -0.08288401
v -0.190289 1.387301 -0.08169401
v -0.189127 1.375323 -0.05428601
v -0.190289 1.387301 -0.08169401
v -0.20063 1.393484 -0.08288401
v -0.189127 1.375323 -0.05428601
v -0.20063 1.393484 -0.08288401
v -0.198124 1.384162 -0.05444902
v -0.207128 1.384977 -0.02377602
v -0.189127 1.375323 -0.05428601
v -0.198124 1.384162 -0.05444902
v -0.207128 1.384977 -0.02377602
v -0.189068 1.374294 -0.02336502
v -0.189127 1.375323 -0.05428601
v -0.219167 1.436784 -0.115647
v -0.190289 1.387301 -0.08169401
v -0.192933 1.407477 -0.09797301
v -0.207128 1.384977 -0.02377602
v -0.198124 1.384162 -0.05444902
v -0.243008 1.389778 -0.05696002
v -0.20063 1.393484 -0.08288401
v -0.244832 1.400194 -0.08470602
v -0.243008 1.389778 -0.05696002
v -0.20063 1.393484 -0.08288401
v -0.243008 1.389778 -0.05696002
v -0.198124 1.384162 -0.05444902
v -0.207128 1.384977 -0.02377602
v -0.243008 1.389778 -0.05696002
v -0.249827 1.390229 -0.02454102
v -0.197452 1.475717 -0.120131
v -0.236382 1.476848 -0.106335
v -0.219167 1.436784 -0.115647
v -0.197002 1.515671 -0.1056
v -0.236382 1.476848 -0.106335
v -0.197452 1.475717 -0.120131
v -0.197452 1.475717 -0.120131
v -0.18929 1.512129 -0.109449
v -0.197002 1.515671 -0.1056
v -0.197452 1.475717 -0.120131
v -0.187013 1.469851 -0.122238
v -0.18929 1.512129 -0.109449
v -0.193096 1.448848 -0.120909
v -0.187013 1.469851 -0.122238
v -0.197452 1.475717 -0.120131
v -0.193096 1.448848 -0.120909
v -0.197452 1.475717 -0.120131
v -0.208292 1.456402 -0.120448
v -0.195578 1.427654 -0.114252
v -0.193096 1.448848 -0.120909
v -0.208292 1.456402 -0.120448
v -0.195578 1.427654 -0.114252
v -0.208292 1.456402 -0.120448
v -0.219167 1.436784 -0.115647
v -0.197452 1.475717 -0.120131
v -0.219167 1.436784 -0.115647
v -0.208292 1.456402 -0.120448
v -0.195578 1.427654 -0.114252
v -0.219167 1.436784 -0.115647
v -0.192933 1.407477 -0.09797301
v -0.196495 1.539563 -0.07023501
v -0.197002 1.515671 -0.1056
v -0.18929 1.512129 -0.109449
v -0.196495 1.539563 -0.07023501
v -0.203922 1.536703 -0.07055502
v -0.197002 1.515671 -0.1056
v -0.258517 1.528361 -0.07954602
v -0.197002 1.515671 -0.1056
v -0.203922 1.536703 -0.07055502
v -0.258517 1.528361 -0.07954602
v -0.236382 1.476848 -0.106335
v -0.197002 1.515671 -0.1056
v -0.249827 1.390229 -0.02454102
v -0.243008 1.389778 -0.05696002
v -0.328249 1.400444 -0.06172903
v -0.243008 1.389778 -0.05696002
v -0.328776 1.412937 -0.08816703
v -0.328249 1.400444 -0.06172903
v -0.243008 1.389778 -0.05696002
v -0.244832 1.400194 -0.08470602
v -0.328776 1.412937 -0.08816703
v -0.244832 1.400194 -0.08470602
v -0.337391 1.44684 -0.123082
v -0.328776 1.412937 -0.08816703
v -0.244832 1.400194 -0.08470602
v -0.259946 1.440252 -0.118212
v -0.337391 1.44684 -0.123082
v -0.259946 1.440252 -0.118212
v -0.344871 1.480668 -0.115032
v -0.337391 1.44684 -0.123082
v -0.259946 1.440252 -0.118212
v -0.273803 1.478166 -0.109335
v -0.344871 1.480668 -0.115032
v -0.344871 1.480668 -0.115032
v -0.273803 1.478166 -0.109335
v -0.29162 1.526912 -0.08310603
v -0.344871 1.480668 -0.115032
v -0.29162 1.526912 -0.08310603
v -0.354489 1.524162 -0.08986603
v -0.29162 1.526912 -0.08310603
v -0.35181 1.538673 -0.04117403
v -0.354489 1.524162 -0.08986603
v -0.29162 1.526912 -0.08310603
v -0.290481 1.542505 -0.04213403
v -0.35181 1.538673 -0.04117403
v -0.35181 1.538673 -0.04117403
v -0.290481 1.542505 -0.04213403
v -0.285756 1.508975 0.01003797
v -0.35181 1.538673 -0.04117403
v -0.285756 1.508975 0.01003797
v -0.347075 1.507775 0.00525897
v -0.333726 1.455407 0.01814497
v -0.347075 1.507775 0.00525897
v -0.285756 1.508975 0.01003797
v -0.333726 1.455407 0.01814497
v -0.285756 1.508975 0.01003797
v -0.252171 1.449521 0.02424598
v -0.327929 1.414797 0.004974971
v -0.333726 1.455407 0.01814497
v -0.252171 1.449521 0.02424598
v -0.327929 1.414797 0.004974971
v -0.252171 1.449521 0.02424598
v -0.243836 1.404009 0.003181979
v -0.243836 1.404009 0.003181979
v -0.330918 1.400204 -0.02599403
v -0.327929 1.414797 0.004974971
v -0.243836 1.404009 0.003181979
v -0.249827 1.390229 -0.02454102
v -0.330918 1.400204 -0.02599403
v -0.413138 1.534842 -0.04021504
v -0.35181 1.538673 -0.04117403
v -0.347075 1.507775 0.00525897
v -0.354489 1.524162 -0.08986603
v -0.35181 1.538673 -0.04117403
v -0.413138 1.534842 -0.04021504
v -0.413138 1.534842 -0.04021504
v -0.347075 1.507775 0.00525897
v -0.408393 1.506575 0.0004789643
v -0.408393 1.506575 0.0004789643
v -0.347075 1.507775 0.00525897
v -0.333726 1.455407 0.01814497
v -0.413394 1.5284 -0.04091504
v -0.413138 1.534842 -0.04021504
v -0.408393 1.506575 0.0004789643
v -0.417358 1.521412 -0.09662604
v -0.413138 1.534842 -0.04021504
v -0.413394 1.5284 -0.04091504
v -0.354489 1.524162 -0.08986603
v -0.413138 1.534842 -0.04021504
v -0.417358 1.521412 -0.09662604
v -0.417358 1.521412 -0.09662604
v -0.413394 1.5284 -0.04091504
v -0.416869 1.515598 -0.09544004
v -0.413394 1.5284 -0.04091504
v -0.400794 1.513267 -0.08997504
v -0.416869 1.515598 -0.09544004
v -0.413394 1.5284 -0.04091504
v -0.396571 1.52106 -0.04801003
v -0.400794 1.513267 -0.08997504
v -0.413394 1.5284 -0.04091504
v -0.390565 1.503681 -0.01073303
v -0.396571 1.52106 -0.04801003
v -0.413394 1.5284 -0.04091504
v -0.408344 1.504995 -0.0006520357
v -0.390565 1.503681 -0.01073303
v -0.413394 1.5284 -0.04091504
v -0.408393 1.506575 0.0004789643
v -0.408344 1.504995 -0.0006520357
v -0.416869 1.515598 -0.09544004
v -0.415939 1.483171 -0.120729
v -0.417358 1.521412 -0.09662604
v -0.416869 1.515598 -0.09544004
v -0.415695 1.481103 -0.119182
v -0.415939 1.483171 -0.120729
v -0.415695 1.481103 -0.119182
v -0.414836 1.453428 -0.127953
v -0.415939 1.483171 -0.120729
v -0.415695 1.481103 -0.119182
v -0.414781 1.454273 -0.126125
v -0.414836 1.453428 -0.127953
v -0.400151 1.453867 -0.112621
v -0.414781 1.454273 -0.126125
v -0.415695 1.481103 -0.119182
v -0.400151 1.453867 -0.112621
v -0.415695 1.481103 -0.119182
v -0.400432 1.479854 -0.10852
v -0.400432 1.479854 -0.10852
v -0.415695 1.481103 -0.119182
v -0.416869 1.515598 -0.09544004
v -0.400432 1.479854 -0.10852
v -0.416869 1.515598 -0.09544004
v -0.400794 1.513267 -0.08997504
v -0.412175 1.427186 -0.09062804
v -0.414781 1.454273 -0.126125
v -0.400151 1.453867 -0.112621
v -0.412175 1.427186 -0.09062804
v -0.414836 1.453428 -0.127953
v -0.414781 1.454273 -0.126125
v -0.412175 1.427186 -0.09062804
v -0.400151 1.453867 -0.112621
v -0.398352 1.429897 -0.08776703
v -0.41334 1.413011 -0.06637504
v -0.412175 1.427186 -0.09062804
v -0.398352 1.429897 -0.08776703
v -0.41334 1.413011 -0.06637504
v -0.398352 1.429897 -0.08776703
v -0.39495 1.418204 -0.06482304
v -0.390509 1.417664 -0.03562203
v -0.41334 1.413011 -0.06637504
v -0.39495 1.418204 -0.06482304
v -0.390509 1.417664 -0.03562203
v -0.411969 1.412004 -0.02807003
v -0.41334 1.413011 -0.06637504
v -0.41334 1.413011 -0.06637504
v -0.411969 1.412004 -0.02807003
v -0.41201 1.410179 -0.02744704
v -0.41334 1.413011 -0.06637504
v -0.41201 1.410179 -0.02744704
v -0.413491 1.41111 -0.06649904
v -0.413491 1.41111 -0.06649904
v -0.412175 1.427186 -0.09062804
v -0.41334 1.413011 -0.06637504
v -0.413491 1.41111 -0.06649904
v -0.412721 1.425681 -0.09162804
v -0.412175 1.427186 -0.09062804
v -0.412175 1.427186 -0.09062804
v -0.412721 1.425681 -0.09162804
v -0.414836 1.453428 -0.127953
v -0.337391 1.44684 -0.123082
v -0.415939 1.483171 -0.120729
v -0.414836 1.453428 -0.127953
v -0.337391 1.44684 -0.123082
v -0.344871 1.480668 -0.115032
v -0.415939 1.483171 -0.120729
v -0.415939 1.483171 -0.120729
v -0.344871 1.480668 -0.115032
v -0.354489 1.524162 -0.08986603
v -0.415939 1.483171 -0.120729
v -0.354489 1.524162 -0.08986603
v -0.417358 1.521412 -0.09662604
v -0.328249 1.400444 -0.06172903
v -0.412721 1.425681 -0.09162804
v -0.413491 1.41111 -0.06649904
v -0.328249 1.400444 -0.06172903
v -0.328776 1.412937 -0.08816703
v -0.412721 1.425681 -0.09162804
v -0.328776 1.412937 -0.08816703
v -0.337391 1.44684 -0.123082
v -0.414836 1.453428 -0.127953
v -0.328776 1.412937 -0.08816703
v -0.414836 1.453428 -0.127953
v -0.412721 1.425681 -0.09162804
v -0.330918 1.400204 -0.02599403
v -0.328249 1.400444 -0.06172903
v -0.413491 1.41111 -0.06649904
v -0.330918 1.400204 -0.02599403
v -0.413491 1.41111 -0.06649904
v -0.41201 1.410179 -0.02744704
v -0.249827 1.390229 -0.02454102
v -0.328249 1.400444 -0.06172903
v -0.330918 1.400204 -0.02599403
v -0.411969 1.412004 -0.02807003
v -0.390509 1.417664 -0.03562203
v -0.393132 1.430213 -0.01258803
v -0.411969 1.412004 -0.02807003
v -0.393132 1.430213 -0.01258803
v -0.412583 1.426804 0.005328964
v -0.412583 1.426804 0.005328964
v -0.393132 1.430213 -0.01258803
v -0.394263 1.463479 -0.001346034
v -0.412583 1.426804 0.005328964
v -0.394263 1.463479 -0.001346034
v -0.41156 1.46129 0.01017296
v -0.412023 1.425586 0.006768964
v -0.411969 1.412004 -0.02807003
v -0.412583 1.426804 0.005328964
v -0.412023 1.425586 0.006768964
v -0.41201 1.410179 -0.02744704
v -0.411969 1.412004 -0.02807003
v -0.411374 1.461024 0.01205096
v -0.412023 1.425586 0.006768964
v -0.412583 1.426804 0.005328964
v -0.411374 1.461024 0.01205096
v -0.412583 1.426804 0.005328964
v -0.41156 1.46129 0.01017296
v -0.327929 1.414797 0.004974971
v -0.41201 1.410179 -0.02744704
v -0.412023 1.425586 0.006768964
v -0.411374 1.461024 0.01205096
v -0.327929 1.414797 0.004974971
v -0.412023 1.425586 0.006768964
v -0.327929 1.414797 0.004974971
v -0.330918 1.400204 -0.02599403
v -0.41201 1.410179 -0.02744704
v -0.411374 1.461024 0.01205096
v -0.333726 1.455407 0.01814497
v -0.327929 1.414797 0.004974971
v -0.408393 1.506575 0.0004789643
v -0.333726 1.455407 0.01814497
v -0.411374 1.461024 0.01205096
v -0.408393 1.506575 0.0004789643
v -0.411374 1.461024 0.01205096
v -0.41156 1.46129 0.01017296
v -0.408393 1.506575 0.0004789643
v -0.41156 1.46129 0.01017296
v -0.408344 1.504995 -0.0006520357
v -0.394263 1.463479 -0.001346034
v -0.408344 1.504995 -0.0006520357
v -0.41156 1.46129 0.01017296
v -0.394263 1.463479 -0.001346034
v -0.390565 1.503681 -0.01073303
v -0.408344 1.504995 -0.0006520357
v -0.393132 1.430213 -0.01258803
v -0.390509 1.417664 -0.03562203
v -0.325701 1.472803 -0.05270603
v -0.325701 1.472803 -0.05270603
v -0.390509 1.417664 -0.03562203
v -0.39495 1.418204 -0.06482304
v -0.39495 1.418204 -0.06482304
v -0.398352 1.429897 -0.08776703
v -0.325701 1.472803 -0.05270603
v -0.398352 1.429897 -0.08776703
v -0.400151 1.453867 -0.112621
v -0.325701 1.472803 -0.05270603
v -0.325701 1.472803 -0.05270603
v -0.400151 1.453867 -0.112621
v -0.400432 1.479854 -0.10852
v -0.393132 1.430213 -0.01258803
v -0.325701 1.472803 -0.05270603
v -0.394263 1.463479 -0.001346034
v -0.325701 1.472803 -0.05270603
v -0.400432 1.479854 -0.10852
v -0.400794 1.513267 -0.08997504
v -0.400794 1.513267 -0.08997504
v -0.396571 1.52106 -0.04801003
v -0.325701 1.472803 -0.05270603
v -0.396571 1.52106 -0.04801003
v -0.390565 1.503681 -0.01073303
v -0.325701 1.472803 -0.05270603
v -0.390565 1.503681 -0.01073303
v -0.394263 1.463479 -0.001346034
v -0.325701 1.472803 -0.05270603
v 0.039135 1.540817 0.040527
v 0.069364 1.576114 0.007564006
v 0.079402 1.565689 0.01012101
v 0.039135 1.540817 0.040527
v 0.079402 1.565689 0.01012101
v 0.045359 1.53009 0.045855
v 0.069364 1.576114 0.007564006
v 0.085087 1.590357 -0.03648499
v 0.079402 1.565689 0.01012101
v 0.069364 1.576114 0.007564006
v 0.072381 1.604265 -0.03205999
v 0.085087 1.590357 -0.03648499
v 0.039135 1.540817 0.040527
v 0.045359 1.53009 0.045855
v -0.004713005 1.504866 0.060901
v 0.039135 1.540817 0.040527
v -0.004713005 1.504866 0.060901
v -0.001190004 1.521233 0.051153
v 0.008959996 1.543035 0.053246
v 0.039135 1.540817 0.040527
v -0.001190004 1.521233 0.051153
v 0.008959996 1.543035 0.053246
v 0.036011 1.552419 0.045483
v 0.039135 1.540817 0.040527
v -0.0009910043 1.522595 0.049238
v -0.001190004 1.521233 0.051153
v -0.004713005 1.504866 0.060901
v -0.0009910043 1.522595 0.049238
v -0.004713005 1.504866 0.060901
v -0.004866005 1.505707 0.058959
v 0.008620995 1.544944 0.051469
v 0.008959996 1.543035 0.053246
v -0.001190004 1.521233 0.051153
v 0.008620995 1.544944 0.051469
v -0.001190004 1.521233 0.051153
v -0.0009910043 1.522595 0.049238
v 0.095919 1.575868 -0.03384799
v 0.079402 1.565689 0.01012101
v 0.085087 1.590357 -0.03648499
v 0.095919 1.575868 -0.03384799
v 0.092029 1.560489 -0.007461992
v 0.079402 1.565689 0.01012101
v 0.092029 1.560489 -0.007461992
v 0.045359 1.53009 0.045855
v 0.079402 1.565689 0.01012101
v 0.092029 1.560489 -0.007461992
v 0.05920099 1.536232 0.02337701
v 0.045359 1.53009 0.045855
v -0.004713005 1.504866 0.060901
v -0.006782006 1.492236 0.067408
v -0.004866005 1.505707 0.058959
v 0.05481099 1.488075 0.06844001
v -0.006782006 1.492236 0.067408
v -0.004713005 1.504866 0.060901
v 0.05481099 1.488075 0.06844001
v -0.004713005 1.504866 0.060901
v 0.04905 1.513685 0.054674
v 0.04905 1.513685 0.054674
v 0.045359 1.53009 0.045855
v 0.05920099 1.536232 0.02337701
v -0.004713005 1.504866 0.060901
v 0.045359 1.53009 0.045855
v 0.04905 1.513685 0.054674
v 0.095919 1.575868 -0.03384799
v 0.085087 1.590357 -0.03648499
v 0.09903901 1.58253 -0.05955399
v 0.095919 1.575868 -0.03384799
v 0.09903901 1.58253 -0.05955399
v 0.11615 1.5709 -0.03352999
v 0.09903901 1.58253 -0.05955399
v 0.160256 1.560068 -0.03283599
v 0.11615 1.5709 -0.03352999
v 0.09903901 1.58253 -0.05955399
v 0.158109 1.552714 -0.07001199
v 0.160256 1.560068 -0.03283599
v 0.158109 1.552714 -0.07001199
v 0.199584 1.553298 -0.03673498
v 0.160256 1.560068 -0.03283599
v 0.160256 1.560068 -0.03283599
v 0.199584 1.553298 -0.03673498
v 0.202675 1.545477 -0.001334982
v 0.160256 1.560068 -0.03283599
v 0.202675 1.545477 -0.001334982
v 0.147137 1.555224 -0.0005609872
v 0.11615 1.5709 -0.03352999
v 0.160256 1.560068 -0.03283599
v 0.147137 1.555224 -0.0005609872
v 0.158109 1.552714 -0.07001199
v 0.192152 1.541527 -0.06993698
v 0.199584 1.553298 -0.03673498
v 0.199584 1.553298 -0.03673498
v 0.192152 1.541527 -0.06993698
v 0.196505 1.539563 -0.07023498
v 0.199584 1.553298 -0.03673498
v 0.196505 1.539563 -0.07023498
v 0.205475 1.552191 -0.03980998
v 0.208719 1.546324 -0.003562982
v 0.202675 1.545477 -0.001334982
v 0.199584 1.553298 -0.03673498
v 0.208719 1.546324 -0.003562982
v 0.199584 1.553298 -0.03673498
v 0.205475 1.552191 -0.03980998
v 0.199297 1.49861 0.02198802
v 0.202675 1.545477 -0.001334982
v 0.208719 1.546324 -0.003562982
v 0.199297 1.49861 0.02198802
v 0.147137 1.555224 -0.0005609872
v 0.202675 1.545477 -0.001334982
v 0.199297 1.49861 0.02198802
v 0.208719 1.546324 -0.003562982
v 0.206549 1.506034 0.01832002
v 0.184685 1.429262 0.02456702
v 0.199297 1.49861 0.02198802
v 0.206549 1.506034 0.01832002
v 0.184685 1.429262 0.02456702
v 0.206549 1.506034 0.01832002
v 0.196774 1.43988 0.02423102
v 0.187125 1.375133 0.002986016
v 0.184685 1.429262 0.02456702
v 0.196774 1.43988 0.02423102
v 0.187125 1.375133 0.002986016
v 0.196774 1.43988 0.02423102
v 0.190935 1.390079 0.001412017
v 0.185001 1.356936 -0.02254598
v 0.187125 1.375133 0.002986016
v 0.190935 1.390079 0.001412017
v 0.185001 1.356936 -0.02254598
v 0.190935 1.390079 0.001412017
v 0.189078 1.374294 -0.02336498
v 0.187125 1.375133 0.002986016
v 0.185001 1.356936 -0.02254598
v 0.176782 1.287555 -0.009250985
v 0.187125 1.375133 0.002986016
v 0.176782 1.287555 -0.009250985
v 0.166175 1.299904 0.04253701
v 0.187125 1.375133 0.002986016
v 0.133684 1.436685 0.06258502
v 0.184685 1.429262 0.02456702
v 0.187125 1.375133 0.002986016
v 0.132512 1.373176 0.07911301
v 0.133684 1.436685 0.06258502
v 0.133684 1.436685 0.06258502
v 0.132512 1.373176 0.07911301
v 0.05921699 1.377473 0.109477
v 0.133684 1.436685 0.06258502
v 0.05921699 1.377473 0.109477
v 0.05218899 1.443004 0.090624
v 0.05218899 1.443004 0.090624
v 0.05921699 1.377473 0.109477
v 0.00673399 1.379608 0.118588
v 0.05218899 1.443004 0.090624
v 0.00673399 1.379608 0.118588
v 0.001266991 1.445541 0.099821
v 0.001266991 1.445541 0.099821
v 0.00673399 1.379608 0.118588
v -0.04769501 1.378748 0.114099
v 0.001266991 1.445541 0.099821
v -0.04769501 1.378748 0.114099
v -0.05089601 1.442047 0.09619999
v -0.05467901 1.492612 0.06569799
v 0.001266991 1.445541 0.099821
v -0.05089601 1.442047 0.09619999
v -0.05467901 1.492612 0.06569799
v -0.006782006 1.492236 0.067408
v 0.001266991 1.445541 0.099821
v -0.045359 1.53009 0.045855
v -0.006782006 1.492236 0.067408
v -0.05467901 1.492612 0.06569799
v -0.05467901 1.492612 0.06569799
v -0.096917 1.550735 0.006908992
v -0.045359 1.53009 0.045855
v -0.045359 1.53009 0.045855
v -0.096917 1.550735 0.006908992
v -0.081169 1.562474 0.01012099
v -0.03913501 1.540817 0.040527
v -0.045359 1.53009 0.045855
v -0.081169 1.562474 0.01012099
v -0.03913501 1.540817 0.040527
v -0.081169 1.562474 0.01012099
v -0.069364 1.576114 0.007563994
v -0.069364 1.576114 0.007563994
v -0.081169 1.562474 0.01012099
v -0.082975 1.593054 -0.03648501
v -0.069364 1.576114 0.007563994
v -0.082975 1.593054 -0.03648501
v -0.072381 1.604265 -0.03206001
v -0.03913501 1.540817 0.040527
v 0.001027995 1.503495 0.055807
v -0.045359 1.53009 0.045855
v -0.045359 1.53009 0.045855
v 0.001027995 1.503495 0.055807
v -0.006782006 1.492236 0.067408
v -0.03913501 1.540817 0.040527
v 0.0009919958 1.521695 0.047554
v 0.001027995 1.503495 0.055807
v -0.008960005 1.543035 0.053246
v 0.0009919958 1.521695 0.047554
v -0.03913501 1.540817 0.040527
v -0.008960005 1.543035 0.053246
v -0.03913501 1.540817 0.040527
v -0.036011 1.552419 0.045483
v 0.001429996 1.522134 0.045278
v 0.001027995 1.503495 0.055807
v 0.0009919958 1.521695 0.047554
v 0.001429996 1.522134 0.045278
v -0.0001870046 1.504813 0.052807
v 0.001027995 1.503495 0.055807
v -0.0001870046 1.504813 0.052807
v -0.006782006 1.492236 0.067408
v 0.001027995 1.503495 0.055807
v -0.008621004 1.544944 0.051469
v 0.001429996 1.522134 0.045278
v 0.0009919958 1.521695 0.047554
v -0.008621004 1.544944 0.051469
v 0.0009919958 1.521695 0.047554
v -0.008960005 1.543035 0.053246
v -0.05467901 1.492612 0.06569799
v -0.119599 1.507711 0.03616899
v -0.096917 1.550735 0.006908992
v -0.096917 1.550735 0.006908992
v -0.119599 1.507711 0.03616899
v -0.144329 1.558408 0.001538987
v -0.096917 1.550735 0.006908992
v -0.144329 1.558408 0.001538987
v -0.112018 1.567961 -0.01373501
v -0.081169 1.562474 0.01012099
v -0.096917 1.550735 0.006908992
v -0.112018 1.567961 -0.01373501
v -0.081169 1.562474 0.01012099
v -0.112018 1.567961 -0.01373501
v -0.082975 1.593054 -0.03648501
v -0.112018 1.567961 -0.01373501
v -0.144329 1.558408 0.001538987
v -0.152721 1.566734 -0.03149702
v -0.112018 1.567961 -0.01373501
v -0.152721 1.566734 -0.03149702
v -0.114683 1.577534 -0.03113401
v -0.082975 1.593054 -0.03648501
v -0.112018 1.567961 -0.01373501
v -0.114683 1.577534 -0.03113401
v -0.152721 1.566734 -0.03149702
v -0.105232 1.585469 -0.05603301
v -0.114683 1.577534 -0.03113401
v -0.105232 1.585469 -0.05603301
v -0.082975 1.593054 -0.03648501
v -0.114683 1.577534 -0.03113401
v -0.152721 1.566734 -0.03149702
v -0.158556 1.568115 -0.06438702
v -0.105232 1.585469 -0.05603301
v -0.186728 1.547937 -0.07258102
v -0.158556 1.568115 -0.06438702
v -0.152721 1.566734 -0.03149702
v -0.186728 1.547937 -0.07258102
v -0.152721 1.566734 -0.03149702
v -0.196768 1.557751 -0.03410902
v -0.144329 1.558408 0.001538987
v -0.196768 1.557751 -0.03410902
v -0.152721 1.566734 -0.03149702
v -0.144329 1.558408 0.001538987
v -0.197829 1.552214 -0.008286018
v -0.196768 1.557751 -0.03410902
v -0.119599 1.507711 0.03616899
v -0.197829 1.552214 -0.008286018
v -0.144329 1.558408 0.001538987
v -0.196768 1.557751 -0.03410902
v -0.196495 1.539563 -0.07023501
v -0.186728 1.547937 -0.07258102
v -0.196768 1.557751 -0.03410902
v -0.205465 1.552191 -0.03981002
v -0.196495 1.539563 -0.07023501
v -0.196768 1.557751 -0.03410902
v -0.197829 1.552214 -0.008286018
v -0.208709 1.546324 -0.003563018
v -0.196768 1.557751 -0.03410902
v -0.208709 1.546324 -0.003563018
v -0.205465 1.552191 -0.03981002
v -0.198742 1.49892 0.02829098
v -0.208709 1.546324 -0.003563018
v -0.197829 1.552214 -0.008286018
v -0.119599 1.507711 0.03616899
v -0.198742 1.49892 0.02829098
v -0.197829 1.552214 -0.008286018
v -0.182192 1.431307 0.03881599
v -0.198742 1.49892 0.02829098
v -0.119599 1.507711 0.03616899
v -0.182192 1.431307 0.03881599
v -0.119599 1.507711 0.03616899
v -0.117379 1.443088 0.08080399
v -0.198742 1.49892 0.02829098
v -0.20654 1.506034 0.01831998
v -0.208709 1.546324 -0.003563018
v -0.182192 1.431307 0.03881599
v -0.20654 1.506034 0.01831998
v -0.198742 1.49892 0.02829098
v -0.182192 1.431307 0.03881599
v -0.196764 1.43988 0.02571198
v -0.20654 1.506034 0.01831998
v -0.182192 1.431307 0.03881599
v -0.190926 1.390079 0.002127983
v -0.196764 1.43988 0.02571198
v -0.182192 1.431307 0.03881599
v -0.18173 1.402315 0.02082798
v -0.190926 1.390079 0.002127983
v -0.183459 1.365792 -0.02427002
v -0.190926 1.390079 0.002127983
v -0.18173 1.402315 0.02082798
v -0.183459 1.365792 -0.02427002
v -0.189068 1.374294 -0.02336502
v -0.190926 1.390079 0.002127983
v -0.117379 1.443088 0.08080399
v -0.155569 1.374988 0.07764398
v -0.182192 1.431307 0.03881599
v -0.117379 1.443088 0.08080399
v -0.107124 1.380815 0.105259
v -0.155569 1.374988 0.07764398
v -0.05089601 1.442047 0.09619999
v -0.107124 1.380815 0.105259
v -0.117379 1.443088 0.08080399
v -0.05467901 1.492612 0.06569799
v -0.05089601 1.442047 0.09619999
v -0.117379 1.443088 0.08080399
v -0.05467901 1.492612 0.06569799
v -0.117379 1.443088 0.08080399
v -0.119599 1.507711 0.03616899
v -0.05089601 1.442047 0.09619999
v -0.04769501 1.378748 0.114099
v -0.107124 1.380815 0.105259
v -0.107124 1.380815 0.105259
v -0.145448 1.316611 0.09278198
v -0.155569 1.374988 0.07764398
v -0.155569 1.374988 0.07764398
v -0.145448 1.316611 0.09278198
v -0.171379 1.319962 0.03951098
v -0.145448 1.316611 0.09278198
v -0.16548 1.246353 0.04458598
v -0.171379 1.319962 0.03951098
v -0.171379 1.319962 0.03951098
v -0.16548 1.246353 0.04458598
v -0.175038 1.272829 -0.004720015
v -0.171379 1.319962 0.03951098
v -0.175038 1.272829 -0.004720015
v -0.178048 1.311204 -0.01196802
v -0.175002 1.373022 0.03491699
v -0.171379 1.319962 0.03951098
v -0.178048 1.311204 -0.01196802
v -0.155569 1.374988 0.07764398
v -0.171379 1.319962 0.03951098
v -0.175002 1.373022 0.03491699
v -0.175002 1.373022 0.03491699
v -0.183459 1.365792 -0.02427002
v -0.18173 1.402315 0.02082798
v -0.175002 1.373022 0.03491699
v -0.178048 1.311204 -0.01196802
v -0.182673 1.357869 -0.02248402
v -0.175002 1.373022 0.03491699
v -0.182673 1.357869 -0.02248402
v -0.183459 1.365792 -0.02427002
v -0.171473 1.207632 0.001756985
v -0.175038 1.272829 -0.004720015
v -0.16548 1.246353 0.04458598
v -0.171473 1.207632 0.001756985
v -0.16548 1.246353 0.04458598
v -0.168402 1.130452 0.04591098
v -0.145448 1.316611 0.09278198
v -0.147818 1.220457 0.08922999
v -0.16548 1.246353 0.04458598
v -0.168402 1.130452 0.04591098
v -0.16548 1.246353 0.04458598
v -0.147818 1.220457 0.08922999
v -0.168402 1.130452 0.04591098
v -0.147818 1.220457 0.08922999
v -0.145335 1.139692 0.09093198
v -0.168402 1.130452 0.04591098
v -0.171716 1.120804 0.000990985
v -0.171473 1.207632 0.001756985
v -0.145335 1.139692 0.09093198
v -0.147818 1.220457 0.08922999
v -0.107993 1.221034 0.115581
v -0.145448 1.316611 0.09278198
v -0.107993 1.221034 0.115581
v -0.147818 1.220457 0.08922999
v -0.145335 1.139692 0.09093198
v -0.107993 1.221034 0.115581
v -0.108464 1.133992 0.120203
v -0.108464 1.133992 0.120203
v -0.107993 1.221034 0.115581
v -0.05384501 1.218439 0.127443
v -0.108464 1.133992 0.120203
v -0.05384501 1.218439 0.127443
v -0.06010101 1.126993 0.136459
v -0.06010101 1.126993 0.136459
v -0.05384501 1.218439 0.127443
v 0.004281988 1.218069 0.130834
v -0.06010101 1.126993 0.136459
v 0.004281988 1.218069 0.130834
v 0.001981988 1.134696 0.139071
v 0.001981988 1.134696 0.139071
v 0.004281988 1.218069 0.130834
v 0.06751299 1.215537 0.122207
v 0.001981988 1.134696 0.139071
v 0.06751299 1.215537 0.122207
v 0.06761999 1.14284 0.129474
v 0.06761999 1.14284 0.129474
v 0.06751299 1.215537 0.122207
v 0.123968 1.219027 0.096889
v 0.06761999 1.14284 0.129474
v 0.123968 1.219027 0.096889
v 0.120072 1.136943 0.100387
v 0.129127 1.309406 0.08916401
v 0.123968 1.219027 0.096889
v 0.06751299 1.215537 0.122207
v 0.129127 1.309406 0.08916401
v 0.06751299 1.215537 0.122207
v 0.065621 1.31241 0.115909
v 0.004281988 1.218069 0.130834
v 0.065621 1.31241 0.115909
v 0.06751299 1.215537 0.122207
v 0.120072 1.136943 0.100387
v 0.123968 1.219027 0.096889
v 0.158585 1.216729 0.05216802
v 0.120072 1.136943 0.100387
v 0.158585 1.216729 0.05216802
v 0.152509 1.125661 0.04965701
v 0.152509 1.125661 0.04965701
v 0.158585 1.216729 0.05216802
v 0.175314 1.228786 0.003849015
v 0.152509 1.125661 0.04965701
v 0.175314 1.228786 0.003849015
v 0.173281 1.173979 0.006991015
v 0.152509 1.125661 0.04965701
v 0.173281 1.173979 0.006991015
v 0.171543 1.113634 0.002228015
v 0.132512 1.373176 0.07911301
v 0.129127 1.309406 0.08916401
v 0.065621 1.31241 0.115909
v 0.132512 1.373176 0.07911301
v 0.065621 1.31241 0.115909
v 0.05921699 1.377473 0.109477
v 0.065621 1.31241 0.115909
v 0.00673399 1.379608 0.118588
v 0.05921699 1.377473 0.109477
v 0.065621 1.31241 0.115909
v 0.007031989 1.312932 0.124053
v 0.00673399 1.379608 0.118588
v 0.007031989 1.312932 0.124053
v -0.04769501 1.378748 0.114099
v 0.00673399 1.379608 0.118588
v 0.007031989 1.312932 0.124053
v -0.04830601 1.313599 0.120339
v -0.04769501 1.378748 0.114099
v -0.04830601 1.313599 0.120339
v -0.107124 1.380815 0.105259
v -0.04769501 1.378748 0.114099
v -0.04830601 1.313599 0.120339
v -0.1043 1.316509 0.112815
v -0.107124 1.380815 0.105259
v -0.107124 1.380815 0.105259
v -0.1043 1.316509 0.112815
v -0.145448 1.316611 0.09278198
v 0.175314 1.228786 0.003849015
v 0.158585 1.216729 0.05216802
v 0.166175 1.299904 0.04253701
v 0.166175 1.299904 0.04253701
v 0.158585 1.216729 0.05216802
v 0.123968 1.219027 0.096889
v 0.166175 1.299904 0.04253701
v 0.123968 1.219027 0.096889
v 0.129127 1.309406 0.08916401
v 0.175314 1.228786 0.003849015
v 0.166175 1.299904 0.04253701
v 0.176782 1.287555 -0.009250985
v 0.187125 1.375133 0.002986016
v 0.166175 1.299904 0.04253701
v 0.129127 1.309406 0.08916401
v 0.187125 1.375133 0.002986016
v 0.129127 1.309406 0.08916401
v 0.132512 1.373176 0.07911301
v -0.05384501 1.218439 0.127443
v -0.04830601 1.313599 0.120339
v 0.007031989 1.312932 0.124053
v -0.1043 1.316509 0.112815
v -0.04830601 1.313599 0.120339
v -0.05384501 1.218439 0.127443
v -0.05384501 1.218439 0.127443
v 0.007031989 1.312932 0.124053
v 0.004281988 1.218069 0.130834
v 0.004281988 1.218069 0.130834
v 0.007031989 1.312932 0.124053
v 0.065621 1.31241 0.115909
v -0.1043 1.316509 0.112815
v -0.05384501 1.218439 0.127443
v -0.107993 1.221034 0.115581
v -0.145448 1.316611 0.09278198
v -0.1043 1.316509 0.112815
v -0.107993 1.221034 0.115581
v 0.072381 1.604265 -0.03205999
v 0.04860801 1.616765 -0.07503899
v 0.05105401 1.60875 -0.08150699
v 0.072381 1.604265 -0.03205999
v 0.05105401 1.60875 -0.08150699
v 0.085087 1.590357 -0.03648499
v 8.075504E-09 1.606786 -0.092373
v 0.05105401 1.60875 -0.08150699
v 0.04860801 1.616765 -0.07503899
v 8.075504E-09 1.606786 -0.092373
v 0.04860801 1.616765 -0.07503899
v 7.572211E-09 1.614947 -0.086616
v 8.075504E-09 1.606786 -0.092373
v 7.572211E-09 1.614947 -0.086616
v -0.04860799 1.616765 -0.07503901
v 8.075504E-09 1.606786 -0.092373
v -0.04860799 1.616765 -0.07503901
v -0.05105399 1.60875 -0.081507
v -0.072381 1.604265 -0.03206001
v -0.05105399 1.60875 -0.081507
v -0.04860799 1.616765 -0.07503901
v -0.072381 1.604265 -0.03206001
v -0.082975 1.593054 -0.03648501
v -0.05105399 1.60875 -0.081507
v 0.085087 1.590357 -0.03648499
v 0.05105401 1.60875 -0.08150699
v 0.085595 1.583091 -0.08872199
v 0.085087 1.590357 -0.03648499
v 0.085595 1.583091 -0.08872199
v 0.09903901 1.58253 -0.05955399
v 0.085595 1.583091 -0.08872199
v 0.158109 1.552714 -0.07001199
v 0.09903901 1.58253 -0.05955399
v 0.085595 1.583091 -0.08872199
v 0.15297 1.527149 -0.110013
v 0.158109 1.552714 -0.07001199
v 0.15297 1.527149 -0.110013
v 0.192152 1.541527 -0.06993698
v 0.158109 1.552714 -0.07001199
v 0.15297 1.527149 -0.110013
v 0.183118 1.511367 -0.111445
v 0.192152 1.541527 -0.06993698
v 0.196505 1.539563 -0.07023498
v 0.192152 1.541527 -0.06993698
v 0.183118 1.511367 -0.111445
v 0.196505 1.539563 -0.07023498
v 0.183118 1.511367 -0.111445
v 0.189299 1.512129 -0.109449
v 0.183118 1.511367 -0.111445
v 0.187022 1.469851 -0.122238
v 0.189299 1.512129 -0.109449
v 0.183118 1.511367 -0.111445
v 0.176808 1.46485 -0.125073
v 0.187022 1.469851 -0.122238
v 0.176808 1.46485 -0.125073
v 0.183118 1.511367 -0.111445
v 0.15297 1.527149 -0.110013
v 0.187022 1.469851 -0.122238
v 0.176808 1.46485 -0.125073
v 0.179184 1.441876 -0.1235
v 0.187022 1.469851 -0.122238
v 0.179184 1.441876 -0.1235
v 0.193105 1.448848 -0.120909
v 0.193105 1.448848 -0.120909
v 0.179184 1.441876 -0.1235
v 0.180644 1.419569 -0.115731
v 0.193105 1.448848 -0.120909
v 0.180644 1.419569 -0.115731
v 0.195588 1.427654 -0.114252
v 0.180644 1.419569 -0.115731
v 0.190298 1.387301 -0.08169398
v 0.195588 1.427654 -0.114252
v 0.180644 1.419569 -0.115731
v 0.187849 1.379408 -0.08199798
v 0.190298 1.387301 -0.08169398
v 0.189136 1.375323 -0.05428598
v 0.190298 1.387301 -0.08169398
v 0.187849 1.379408 -0.08199798
v 0.189136 1.375323 -0.05428598
v 0.187849 1.379408 -0.08199798
v 0.187648 1.363841 -0.05419799
v 0.187648 1.363841 -0.05419799
v 0.189078 1.374294 -0.02336498
v 0.189136 1.375323 -0.05428598
v 0.187648 1.363841 -0.05419799
v 0.185001 1.356936 -0.02254598
v 0.189078 1.374294 -0.02336498
v 0.176782 1.287555 -0.009250985
v 0.185001 1.356936 -0.02254598
v 0.187648 1.363841 -0.05419799
v 0.176782 1.287555 -0.009250985
v 0.187648 1.363841 -0.05419799
v 0.177893 1.299477 -0.05800198
v 0.15936 1.397097 -0.13257
v 0.180644 1.419569 -0.115731
v 0.179184 1.441876 -0.1235
v 0.15936 1.397097 -0.13257
v 0.187849 1.379408 -0.08199798
v 0.180644 1.419569 -0.115731
v 0.15936 1.397097 -0.13257
v 0.179184 1.441876 -0.1235
v 0.152614 1.425155 -0.137463
v 0.152614 1.425155 -0.137463
v 0.179184 1.441876 -0.1235
v 0.176808 1.46485 -0.125073
v 0.15936 1.397097 -0.13257
v 0.165995 1.329491 -0.100922
v 0.187849 1.379408 -0.08199798
v 0.187648 1.363841 -0.05419799
v 0.187849 1.379408 -0.08199798
v 0.165995 1.329491 -0.100922
v 0.187648 1.363841 -0.05419799
v 0.165995 1.329491 -0.100922
v 0.177893 1.299477 -0.05800198
v 0.13824 1.388337 -0.143872
v 0.15936 1.397097 -0.13257
v 0.152614 1.425155 -0.137463
v 0.13824 1.388337 -0.143872
v 0.165995 1.329491 -0.100922
v 0.15936 1.397097 -0.13257
v 0.13824 1.388337 -0.143872
v 0.152614 1.425155 -0.137463
v 0.131982 1.418687 -0.146279
v 0.13824 1.388337 -0.143872
v 0.139833 1.328762 -0.12391
v 0.165995 1.329491 -0.100922
v 0.177893 1.299477 -0.05800198
v 0.165995 1.329491 -0.100922
v 0.139833 1.328762 -0.12391
v 0.177893 1.299477 -0.05800198
v 0.139833 1.328762 -0.12391
v 0.126796 1.286872 -0.103569
v 0.151906 1.244364 -0.05313699
v 0.177893 1.299477 -0.05800198
v 0.126796 1.286872 -0.103569
v 0.151906 1.244364 -0.05313699
v 0.126796 1.286872 -0.103569
v 0.12951 1.235279 -0.09786098
v 0.05016802 1.389223 -0.151301
v 0.139833 1.328762 -0.12391
v 0.13824 1.388337 -0.143872
v 0.131982 1.418687 -0.146279
v 0.05016802 1.389223 -0.151301
v 0.13824 1.388337 -0.143872
v 0.05016802 1.389223 -0.151301
v 0.05365401 1.336456 -0.145472
v 0.139833 1.328762 -0.12391
v 0.126796 1.286872 -0.103569
v 0.139833 1.328762 -0.12391
v 0.05365401 1.336456 -0.145472
v 0.131982 1.418687 -0.146279
v 0.04742302 1.416722 -0.152678
v 0.05016802 1.389223 -0.151301
v 0.04550302 1.441575 -0.150616
v 0.04742302 1.416722 -0.152678
v 0.131982 1.418687 -0.146279
v 0.04550302 1.441575 -0.150616
v 0.131982 1.418687 -0.146279
v 0.12265 1.441241 -0.143764
v 0.12265 1.441241 -0.143764
v 0.131982 1.418687 -0.146279
v 0.152614 1.425155 -0.137463
v 0.126796 1.286872 -0.103569
v 0.05365401 1.336456 -0.145472
v 0.06015601 1.289626 -0.136863
v 0.12951 1.235279 -0.09786098
v 0.126796 1.286872 -0.103569
v 0.06015601 1.289626 -0.136863
v -0.01288099 1.413306 -0.152228
v 0.05016802 1.389223 -0.151301
v 0.04742302 1.416722 -0.152678
v -0.01288099 1.413306 -0.152228
v 0.04742302 1.416722 -0.152678
v 0.04550302 1.441575 -0.150616
v -0.01288099 1.413306 -0.152228
v -0.008234987 1.383902 -0.152407
v 0.05016802 1.389223 -0.151301
v -0.008234987 1.383902 -0.152407
v 0.05365401 1.336456 -0.145472
v 0.05016802 1.389223 -0.151301
v -0.008234987 1.383902 -0.152407
v 0.003813013 1.332763 -0.152475
v 0.05365401 1.336456 -0.145472
v 0.06015601 1.289626 -0.136863
v 0.05365401 1.336456 -0.145472
v 0.003813013 1.332763 -0.152475
v 0.06015601 1.289626 -0.136863
v 0.003813013 1.332763 -0.152475
v 0.008830013 1.284256 -0.144099
v 0.07347601 1.22774 -0.120179
v 0.06015601 1.289626 -0.136863
v 0.008830013 1.284256 -0.144099
v 0.12951 1.235279 -0.09786098
v 0.06015601 1.289626 -0.136863
v 0.07347601 1.22774 -0.120179
v 0.07347601 1.22774 -0.120179
v 0.008830013 1.284256 -0.144099
v 0.02225701 1.221887 -0.134425
v 0.132566 1.16503 -0.05738899
v 0.151906 1.244364 -0.05313699
v 0.12951 1.235279 -0.09786098
v 0.173281 1.173979 0.006991015
v 0.151906 1.244364 -0.05313699
v 0.132566 1.16503 -0.05738899
v 0.173281 1.173979 0.006991015
v 0.175314 1.228786 0.003849015
v 0.151906 1.244364 -0.05313699
v 0.171543 1.113634 0.002228015
v 0.173281 1.173979 0.006991015
v 0.132566 1.16503 -0.05738899
v 0.171543 1.113634 0.002228015
v 0.132566 1.16503 -0.05738899
v 0.151132 1.133538 -0.05394999
v 0.132566 1.16503 -0.05738899
v 0.140463 1.139589 -0.07333498
v 0.151132 1.133538 -0.05394999
v 0.132566 1.16503 -0.05738899
v 0.132353 1.181238 -0.09188299
v 0.140463 1.139589 -0.07333498
v 0.132353 1.181238 -0.09188299
v 0.123695 1.129344 -0.114838
v 0.140463 1.139589 -0.07333498
v 0.132353 1.181238 -0.09188299
v 0.08581401 1.170406 -0.10472
v 0.123695 1.129344 -0.114838
v 0.132353 1.181238 -0.09188299
v 0.07347601 1.22774 -0.120179
v 0.08581401 1.170406 -0.10472
v 0.08581401 1.170406 -0.10472
v 0.07347601 1.22774 -0.120179
v 0.02225701 1.221887 -0.134425
v 0.08581401 1.170406 -0.10472
v 0.05362201 1.135233 -0.135825
v 0.123695 1.129344 -0.114838
v 0.08581401 1.170406 -0.10472
v 0.03602301 1.157951 -0.124468
v 0.05362201 1.135233 -0.135825
v 0.08581401 1.170406 -0.10472
v 0.02225701 1.221887 -0.134425
v 0.03602301 1.157951 -0.124468
v 0.03602301 1.157951 -0.124468
v -0.01200199 1.138868 -0.127201
v 0.05362201 1.135233 -0.135825
v 0.03602301 1.157951 -0.124468
v -0.01031899 1.151196 -0.133663
v -0.01200199 1.138868 -0.127201
v -0.068051 1.133969 -0.107482
v -0.01200199 1.138868 -0.127201
v -0.01031899 1.151196 -0.133663
v -0.068051 1.133969 -0.107482
v -0.01031899 1.151196 -0.133663
v -0.07607599 1.166124 -0.104358
v -0.150362 1.131076 -0.07020401
v -0.068051 1.133969 -0.107482
v -0.07607599 1.166124 -0.104358
v -0.150362 1.131076 -0.07020401
v -0.07607599 1.166124 -0.104358
v -0.152277 1.15024 -0.06501701
v -0.150362 1.131076 -0.07020401
v -0.152277 1.15024 -0.06501701
v -0.165235 1.126518 -0.02199801
v -0.152277 1.15024 -0.06501701
v -0.169178 1.209044 -0.02003001
v -0.165235 1.126518 -0.02199801
v -0.165235 1.126518 -0.02199801
v -0.169178 1.209044 -0.02003001
v -0.171473 1.207632 0.001756985
v -0.165235 1.126518 -0.02199801
v -0.171473 1.207632 0.001756985
v -0.171716 1.120804 0.000990985
v -0.169178 1.209044 -0.02003001
v -0.175038 1.272829 -0.004720015
v -0.171473 1.207632 0.001756985
v -0.169178 1.209044 -0.02003001
v -0.168294 1.269509 -0.02976602
v -0.175038 1.272829 -0.004720015
v -0.168294 1.269509 -0.02976602
v -0.178048 1.311204 -0.01196802
v -0.175038 1.272829 -0.004720015
v -0.168294 1.269509 -0.02976602
v -0.177896 1.302762 -0.03899601
v -0.178048 1.311204 -0.01196802
v -0.152277 1.15024 -0.06501701
v -0.155568 1.211631 -0.06841902
v -0.169178 1.209044 -0.02003001
v -0.07607599 1.166124 -0.104358
v -0.155568 1.211631 -0.06841902
v -0.152277 1.15024 -0.06501701
v -0.155568 1.211631 -0.06841902
v -0.168294 1.269509 -0.02976602
v -0.169178 1.209044 -0.02003001
v -0.159333 1.273398 -0.07184201
v -0.177896 1.302762 -0.03899601
v -0.168294 1.269509 -0.02976602
v -0.155568 1.211631 -0.06841902
v -0.159333 1.273398 -0.07184201
v -0.168294 1.269509 -0.02976602
v -0.159333 1.273398 -0.07184201
v -0.169007 1.291487 -0.08188902
v -0.177896 1.302762 -0.03899601
v -0.07607599 1.166124 -0.104358
v -0.092398 1.218112 -0.097091
v -0.155568 1.211631 -0.06841902
v -0.092398 1.218112 -0.097091
v -0.159333 1.273398 -0.07184201
v -0.155568 1.211631 -0.06841902
v -0.01031899 1.151196 -0.133663
v -0.092398 1.218112 -0.097091
v -0.07607599 1.166124 -0.104358
v -0.01031899 1.151196 -0.133663
v -0.02518499 1.217837 -0.139508
v -0.092398 1.218112 -0.097091
v -0.02518499 1.217837 -0.139508
v -0.110756 1.269646 -0.109066
v -0.092398 1.218112 -0.097091
v -0.092398 1.218112 -0.097091
v -0.110756 1.269646 -0.109066
v -0.159333 1.273398 -0.07184201
v -0.110756 1.269646 -0.109066
v -0.169007 1.291487 -0.08188902
v -0.159333 1.273398 -0.07184201
v -0.02518499 1.217837 -0.139508
v -0.04010799 1.277879 -0.136324
v -0.110756 1.269646 -0.109066
v 0.03602301 1.157951 -0.124468
v -0.02518499 1.217837 -0.139508
v -0.01031899 1.151196 -0.133663
v 0.03602301 1.157951 -0.124468
v 0.02225701 1.221887 -0.134425
v -0.02518499 1.217837 -0.139508
v 0.02225701 1.221887 -0.134425
v -0.04010799 1.277879 -0.136324
v -0.02518499 1.217837 -0.139508
v -0.110756 1.269646 -0.109066
v -0.113923 1.307745 -0.112754
v -0.169007 1.291487 -0.08188902
v -0.04010799 1.277879 -0.136324
v -0.113923 1.307745 -0.112754
v -0.110756 1.269646 -0.109066
v -0.17005 1.349605 -0.08398902
v -0.169007 1.291487 -0.08188902
v -0.113923 1.307745 -0.112754
v -0.17005 1.349605 -0.08398902
v -0.113923 1.307745 -0.112754
v -0.119435 1.35728 -0.128948
v -0.119435 1.35728 -0.128948
v -0.113923 1.307745 -0.112754
v -0.05085999 1.321145 -0.13403
v -0.04010799 1.277879 -0.136324
v -0.05085999 1.321145 -0.13403
v -0.113923 1.307745 -0.112754
v -0.119435 1.35728 -0.128948
v -0.05085999 1.321145 -0.13403
v -0.06151199 1.370983 -0.14117
v -0.119435 1.35728 -0.128948
v -0.06151199 1.370983 -0.14117
v -0.06165598 1.410682 -0.151699
v -0.119435 1.35728 -0.128948
v -0.06165598 1.410682 -0.151699
v -0.114178 1.407848 -0.148146
v -0.118606 1.434737 -0.141465
v -0.114178 1.407848 -0.148146
v -0.06165598 1.410682 -0.151699
v -0.118606 1.434737 -0.141465
v -0.06165598 1.410682 -0.151699
v -0.06342798 1.436296 -0.148009
v -0.176529 1.403994 -0.104528
v -0.17005 1.349605 -0.08398902
v -0.119435 1.35728 -0.128948
v -0.176529 1.403994 -0.104528
v -0.183993 1.382953 -0.08264901
v -0.17005 1.349605 -0.08398902
v -0.17005 1.349605 -0.08398902
v -0.183993 1.382953 -0.08264901
v -0.184067 1.371096 -0.05449602
v -0.17005 1.349605 -0.08398902
v -0.184067 1.371096 -0.05449602
v -0.181131 1.352178 -0.05078102
v -0.183459 1.365792 -0.02427002
v -0.181131 1.352178 -0.05078102
v -0.184067 1.371096 -0.05449602
v -0.183459 1.365792 -0.02427002
v -0.182673 1.357869 -0.02248402
v -0.181131 1.352178 -0.05078102
v -0.183459 1.365792 -0.02427002
v -0.184067 1.371096 -0.05449602
v -0.189127 1.375323 -0.05428601
v -0.189127 1.375323 -0.05428601
v -0.184067 1.371096 -0.05449602
v -0.183993 1.382953 -0.08264901
v -0.183459 1.365792 -0.02427002
v -0.189127 1.375323 -0.05428601
v -0.189068 1.374294 -0.02336502
v -0.189127 1.375323 -0.05428601
v -0.183993 1.382953 -0.08264901
v -0.190289 1.387301 -0.08169401
v -0.190289 1.387301 -0.08169401
v -0.183993 1.382953 -0.08264901
v -0.176529 1.403994 -0.104528
v -0.190289 1.387301 -0.08169401
v -0.176529 1.403994 -0.104528
v -0.192933 1.407477 -0.09797301
v -0.192933 1.407477 -0.09797301
v -0.176529 1.403994 -0.104528
v -0.171901 1.425338 -0.121114
v -0.192933 1.407477 -0.09797301
v -0.171901 1.425338 -0.121114
v -0.195578 1.427654 -0.114252
v -0.171901 1.425338 -0.121114
v -0.193096 1.448848 -0.120909
v -0.195578 1.427654 -0.114252
v -0.171901 1.425338 -0.121114
v -0.172624 1.446377 -0.130509
v -0.193096 1.448848 -0.120909
v -0.172624 1.446377 -0.130509
v -0.187013 1.469851 -0.122238
v -0.193096 1.448848 -0.120909
v -0.172624 1.446377 -0.130509
v -0.176602 1.470705 -0.127707
v -0.187013 1.469851 -0.122238
v -0.176602 1.470705 -0.127707
v -0.172624 1.446377 -0.130509
v -0.152298 1.464595 -0.131303
v -0.176602 1.470705 -0.127707
v -0.152298 1.464595 -0.131303
v -0.15333 1.48261 -0.126775
v -0.176602 1.470705 -0.127707
v -0.15333 1.48261 -0.126775
v -0.17656 1.523939 -0.09863602
v -0.176602 1.470705 -0.127707
v -0.17656 1.523939 -0.09863602
v -0.18342 1.513417 -0.101706
v -0.18929 1.512129 -0.109449
v -0.187013 1.469851 -0.122238
v -0.176602 1.470705 -0.127707
v -0.18929 1.512129 -0.109449
v -0.176602 1.470705 -0.127707
v -0.18342 1.513417 -0.101706
v -0.186728 1.547937 -0.07258102
v -0.18929 1.512129 -0.109449
v -0.18342 1.513417 -0.101706
v -0.17656 1.523939 -0.09863602
v -0.186728 1.547937 -0.07258102
v -0.18342 1.513417 -0.101706
v -0.17656 1.523939 -0.09863602
v -0.158556 1.568115 -0.06438702
v -0.186728 1.547937 -0.07258102
v -0.17656 1.523939 -0.09863602
v -0.149584 1.547525 -0.09037601
v -0.158556 1.568115 -0.06438702
v -0.08954599 1.580727 -0.08690901
v -0.158556 1.568115 -0.06438702
v -0.149584 1.547525 -0.09037601
v -0.08954599 1.580727 -0.08690901
v -0.105232 1.585469 -0.05603301
v -0.158556 1.568115 -0.06438702
v -0.186728 1.547937 -0.07258102
v -0.196495 1.539563 -0.07023501
v -0.18929 1.512129 -0.109449
v -0.08954599 1.580727 -0.08690901
v -0.082975 1.593054 -0.03648501
v -0.105232 1.585469 -0.05603301
v -0.08954599 1.580727 -0.08690901
v -0.05105399 1.60875 -0.081507
v -0.082975 1.593054 -0.03648501
v -0.05971599 1.590656 -0.099934
v -0.05105399 1.60875 -0.081507
v -0.08954599 1.580727 -0.08690901
v -0.005428991 1.588388 -0.102063
v -0.05105399 1.60875 -0.081507
v -0.05971599 1.590656 -0.099934
v -0.05971599 1.590656 -0.099934
v -0.01553899 1.497918 -0.137923
v -0.005428991 1.588388 -0.102063
v -0.05971599 1.590656 -0.099934
v -0.07355198 1.49659 -0.136418
v -0.01553899 1.497918 -0.137923
v -0.005428991 1.588388 -0.102063
v -0.01553899 1.497918 -0.137923
v 0.04392801 1.495624 -0.134367
v -0.005428991 1.588388 -0.102063
v 0.04392801 1.495624 -0.134367
v 0.04833401 1.587703 -0.10067
v 0.04833401 1.587703 -0.10067
v 0.04392801 1.495624 -0.134367
v 0.09825902 1.487844 -0.129577
v 0.04833401 1.587703 -0.10067
v 0.09825902 1.487844 -0.129577
v 0.085595 1.583091 -0.08872199
v 0.09825902 1.487844 -0.129577
v 0.15297 1.527149 -0.110013
v 0.085595 1.583091 -0.08872199
v 0.09825902 1.487844 -0.129577
v 0.124721 1.487466 -0.12594
v 0.15297 1.527149 -0.110013
v -0.01460799 1.467974 -0.147854
v -0.01553899 1.497918 -0.137923
v -0.07355198 1.49659 -0.136418
v -0.01460799 1.467974 -0.147854
v -0.07355198 1.49659 -0.136418
v -0.06573398 1.469672 -0.144045
v -0.01553899 1.497918 -0.137923
v -0.01460799 1.467974 -0.147854
v 0.04349101 1.467673 -0.148451
v -0.01553899 1.497918 -0.137923
v 0.04349101 1.467673 -0.148451
v 0.04392801 1.495624 -0.134367
v 0.09825902 1.487844 -0.129577
v 0.04392801 1.495624 -0.134367
v 0.04349101 1.467673 -0.148451
v 0.09825902 1.487844 -0.129577
v 0.04349101 1.467673 -0.148451
v 0.11155 1.468065 -0.139384
v 0.11155 1.468065 -0.139384
v 0.124721 1.487466 -0.12594
v 0.09825902 1.487844 -0.129577
v -0.005428991 1.588388 -0.102063
v 8.075504E-09 1.606786 -0.092373
v -0.05105399 1.60875 -0.081507
v 0.04833401 1.587703 -0.10067
v 8.075504E-09 1.606786 -0.092373
v -0.005428991 1.588388 -0.102063
v 0.04833401 1.587703 -0.10067
v 0.05105401 1.60875 -0.08150699
v 8.075504E-09 1.606786 -0.092373
v 0.085595 1.583091 -0.08872199
v 0.05105401 1.60875 -0.08150699
v 0.04833401 1.587703 -0.10067
v -0.06573398 1.469672 -0.144045
v -0.07355198 1.49659 -0.136418
v -0.132844 1.495 -0.126246
v -0.06573398 1.469672 -0.144045
v -0.132844 1.495 -0.126246
v -0.123189 1.464482 -0.135584
v -0.05971599 1.590656 -0.099934
v -0.132844 1.495 -0.126246
v -0.07355198 1.49659 -0.136418
v -0.05971599 1.590656 -0.099934
v -0.08954599 1.580727 -0.08690901
v -0.132844 1.495 -0.126246
v -0.132844 1.495 -0.126246
v -0.08954599 1.580727 -0.08690901
v -0.149584 1.547525 -0.09037601
v -0.132844 1.495 -0.126246
v -0.149584 1.547525 -0.09037601
v -0.17656 1.523939 -0.09863602
v -0.132844 1.495 -0.126246
v -0.17656 1.523939 -0.09863602
v -0.15333 1.48261 -0.126775
v -0.123189 1.464482 -0.135584
v -0.132844 1.495 -0.126246
v -0.15333 1.48261 -0.126775
v -0.123189 1.464482 -0.135584
v -0.15333 1.48261 -0.126775
v -0.152298 1.464595 -0.131303
v -0.148273 1.417266 -0.133717
v -0.123189 1.464482 -0.135584
v -0.152298 1.464595 -0.131303
v -0.172624 1.446377 -0.130509
v -0.148273 1.417266 -0.133717
v -0.152298 1.464595 -0.131303
v -0.172624 1.446377 -0.130509
v -0.171901 1.425338 -0.121114
v -0.148273 1.417266 -0.133717
v -0.176529 1.403994 -0.104528
v -0.148273 1.417266 -0.133717
v -0.171901 1.425338 -0.121114
v -0.176529 1.403994 -0.104528
v -0.119435 1.35728 -0.128948
v -0.148273 1.417266 -0.133717
v -0.119435 1.35728 -0.128948
v -0.114178 1.407848 -0.148146
v -0.148273 1.417266 -0.133717
v -0.148273 1.417266 -0.133717
v -0.114178 1.407848 -0.148146
v -0.118606 1.434737 -0.141465
v -0.148273 1.417266 -0.133717
v -0.118606 1.434737 -0.141465
v -0.123189 1.464482 -0.135584
v -0.06573398 1.469672 -0.144045
v -0.123189 1.464482 -0.135584
v -0.118606 1.434737 -0.141465
v -0.06573398 1.469672 -0.144045
v -0.118606 1.434737 -0.141465
v -0.06342798 1.436296 -0.148009
v -0.06573398 1.469672 -0.144045
v -0.06342798 1.436296 -0.148009
v -0.01365399 1.437478 -0.15037
v -0.06342798 1.436296 -0.148009
v -0.01288099 1.413306 -0.152228
v -0.01365399 1.437478 -0.15037
v -0.01288099 1.413306 -0.152228
v 0.04550302 1.441575 -0.150616
v -0.01365399 1.437478 -0.15037
v -0.06342798 1.436296 -0.148009
v -0.06165598 1.410682 -0.151699
v -0.01288099 1.413306 -0.152228
v -0.06151199 1.370983 -0.14117
v -0.01288099 1.413306 -0.152228
v -0.06165598 1.410682 -0.151699
v -0.06151199 1.370983 -0.14117
v -0.008234987 1.383902 -0.152407
v -0.01288099 1.413306 -0.152228
v -0.06151199 1.370983 -0.14117
v 0.003813013 1.332763 -0.152475
v -0.008234987 1.383902 -0.152407
v -0.06151199 1.370983 -0.14117
v -0.05085999 1.321145 -0.13403
v 0.003813013 1.332763 -0.152475
v 0.008830013 1.284256 -0.144099
v 0.003813013 1.332763 -0.152475
v -0.05085999 1.321145 -0.13403
v 0.008830013 1.284256 -0.144099
v -0.05085999 1.321145 -0.13403
v -0.04010799 1.277879 -0.136324
v 0.02225701 1.221887 -0.134425
v 0.008830013 1.284256 -0.144099
v -0.04010799 1.277879 -0.136324
v -0.06573398 1.469672 -0.144045
v -0.01365399 1.437478 -0.15037
v -0.01460799 1.467974 -0.147854
v 0.04550302 1.441575 -0.150616
v -0.01460799 1.467974 -0.147854
v -0.01365399 1.437478 -0.15037
v 0.04550302 1.441575 -0.150616
v 0.04349101 1.467673 -0.148451
v -0.01460799 1.467974 -0.147854
v 0.11155 1.468065 -0.139384
v 0.04349101 1.467673 -0.148451
v 0.04550302 1.441575 -0.150616
v 0.11155 1.468065 -0.139384
v 0.04550302 1.441575 -0.150616
v 0.12265 1.441241 -0.143764
v 0.13251 1.465581 -0.134056
v 0.11155 1.468065 -0.139384
v 0.12265 1.441241 -0.143764
v 0.13251 1.465581 -0.134056
v 0.12265 1.441241 -0.143764
v 0.151306 1.433931 -0.137845
v 0.151306 1.433931 -0.137845
v 0.176808 1.46485 -0.125073
v 0.13251 1.465581 -0.134056
v 0.176808 1.46485 -0.125073
v 0.124721 1.487466 -0.12594
v 0.13251 1.465581 -0.134056
v 0.11155 1.468065 -0.139384
v 0.13251 1.465581 -0.134056
v 0.124721 1.487466 -0.12594
v 0.151306 1.433931 -0.137845
v 0.152614 1.425155 -0.137463
v 0.176808 1.46485 -0.125073
v 0.12265 1.441241 -0.143764
v 0.152614 1.425155 -0.137463
v 0.151306 1.433931 -0.137845
v 0.176808 1.46485 -0.125073
v 0.15297 1.527149 -0.110013
v 0.124721 1.487466 -0.12594
v 0.018808 1.547631 0.051074
v 0.03957 1.572332 0.046762
v 0.036011 1.552419 0.045483
v 0.018808 1.547631 0.051074
v 0.036011 1.552419 0.045483
v 0.008959996 1.543035 0.053246
v 0.048123 1.558994 0.006047004
v 0.068059 1.575442 0.006271006
v 0.038247 1.541277 0.038788
v 0.048123 1.558994 0.006047004
v 0.038247 1.541277 0.038788
v 0.040876 1.531321 0.038523
v 0.054802 1.590192 -0.035526
v 0.068059 1.575442 0.006271006
v 0.048123 1.558994 0.006047004
v 0.054802 1.590192 -0.035526
v 0.064608 1.602926 -0.03242599
v 0.068059 1.575442 0.006271006
v 0.048146 1.595504 -0.055491
v 0.064608 1.602926 -0.03242599
v 0.054802 1.590192 -0.035526
v 0.048146 1.595504 -0.055491
v 0.04754601 1.615883 -0.07358599
v 0.064608 1.602926 -0.03242599
v 0.04754601 1.615883 -0.07358599
v 0.048146 1.595504 -0.055491
v 5.639731E-09 1.593686 -0.064511
v 0.04754601 1.615883 -0.07358599
v 5.639731E-09 1.593686 -0.064511
v 6.871868E-09 1.614233 -0.078605
v 0.064608 1.602926 -0.03242599
v 0.04754601 1.615883 -0.07358599
v 0.04243401 1.639386 -0.072196
v 0.064608 1.602926 -0.03242599
v 0.04243401 1.639386 -0.072196
v 0.059909 1.619582 -0.02571999
v 0.04754601 1.615883 -0.07358599
v 6.871868E-09 1.614233 -0.078605
v 7.251107E-09 1.637388 -0.082943
v 0.04754601 1.615883 -0.07358599
v 7.251107E-09 1.637388 -0.082943
v 0.04243401 1.639386 -0.072196
v 0.034859 1.564253 0.043994
v 0.038247 1.541277 0.038788
v 0.068059 1.575442 0.006271006
v 0.034859 1.564253 0.043994
v 0.068059 1.575442 0.006271006
v 0.060049 1.596892 0.01338601
v 0.060049 1.596892 0.01338601
v 0.068059 1.575442 0.006271006
v 0.064608 1.602926 -0.03242599
v 0.060049 1.596892 0.01338601
v 0.064608 1.602926 -0.03242599
v 0.059909 1.619582 -0.02571999
v -0.04754599 1.615883 -0.07358601
v 6.871868E-09 1.614233 -0.078605
v 5.639731E-09 1.593686 -0.064511
v -0.04754599 1.615883 -0.07358601
v 7.251107E-09 1.637388 -0.082943
v 6.871868E-09 1.614233 -0.078605
v -0.04754599 1.615883 -0.07358601
v 5.639731E-09 1.593686 -0.064511
v -0.04814599 1.595504 -0.055491
v -0.04814599 1.595504 -0.055491
v -0.064608 1.602926 -0.03242601
v -0.04754599 1.615883 -0.07358601
v -0.04814599 1.595504 -0.055491
v -0.054802 1.590192 -0.035526
v -0.064608 1.602926 -0.03242601
v -0.054802 1.590192 -0.035526
v -0.068059 1.575442 0.006270994
v -0.064608 1.602926 -0.03242601
v -0.054802 1.590192 -0.035526
v -0.051355 1.558994 0.006046996
v -0.068059 1.575442 0.006270994
v -0.051355 1.558994 0.006046996
v -0.038247 1.541277 0.03878799
v -0.068059 1.575442 0.006270994
v -0.051355 1.558994 0.006046996
v -0.040876 1.531321 0.038523
v -0.038247 1.541277 0.03878799
v -0.064608 1.602926 -0.03242601
v -0.04243399 1.639386 -0.072196
v -0.04754599 1.615883 -0.07358601
v -0.04754599 1.615883 -0.07358601
v -0.04243399 1.639386 -0.072196
v 7.251107E-09 1.637388 -0.082943
v -0.064608 1.602926 -0.03242601
v -0.059909 1.619582 -0.02572001
v -0.04243399 1.639386 -0.072196
v -0.03485901 1.564253 0.04399399
v -0.068059 1.575442 0.006270994
v -0.038247 1.541277 0.03878799
v -0.03485901 1.564253 0.04399399
v -0.060049 1.596892 0.01338599
v -0.068059 1.575442 0.006270994
v -0.060049 1.596892 0.01338599
v -0.059909 1.619582 -0.02572001
v -0.064608 1.602926 -0.03242601
v -0.060049 1.596892 0.01338599
v -0.064608 1.602926 -0.03242601
v -0.068059 1.575442 0.006270994
v -0.004866005 1.505707 0.058959
v 0.040876 1.531321 0.038523
v 0.038247 1.541277 0.038788
v -0.004866005 1.505707 0.058959
v 0.038247 1.541277 0.038788
v -0.0009910043 1.522595 0.049238
v 0.038247 1.541277 0.038788
v 0.008620995 1.544944 0.051469
v -0.0009910043 1.522595 0.049238
v 0.038247 1.541277 0.038788
v 0.034859 1.564253 0.043994
v 0.008620995 1.544944 0.051469
v 0.065043 1.547114 0.03626401
v 0.04619 1.56877 0.051074
v 0.069227 1.598853 0.01800101
v 0.065043 1.547114 0.03626401
v 0.069227 1.598853 0.01800101
v 0.075957 1.569451 0.01551001
v 0.075957 1.569451 0.01551001
v 0.069227 1.598853 0.01800101
v 0.068347 1.625273 -0.02520499
v 0.075957 1.569451 0.01551001
v 0.068347 1.625273 -0.02520499
v 0.078639 1.604151 -0.03774099
v 0.03884 1.573851 0.047339
v 0.069227 1.598853 0.01800101
v 0.04619 1.56877 0.051074
v 0.04619 1.56877 0.051074
v 0.01924999 1.553802 0.053922
v 0.03884 1.573851 0.047339
v 0.04619 1.56877 0.051074
v 0.032125 1.542641 0.051131
v 0.01924999 1.553802 0.053922
v 0.065043 1.547114 0.03626401
v 0.032125 1.542641 0.051131
v 0.04619 1.56877 0.051074
v 0.034859 1.564253 0.043994
v 0.03884 1.573851 0.047339
v 0.01924999 1.553802 0.053922
v 0.03884 1.573851 0.047339
v 0.034859 1.564253 0.043994
v 0.060049 1.596892 0.01338601
v 0.03884 1.573851 0.047339
v 0.060049 1.596892 0.01338601
v 0.062908 1.603709 0.01663901
v 0.03884 1.573851 0.047339
v 0.062908 1.603709 0.01663901
v 0.069227 1.598853 0.01800101
v 0.062908 1.603709 0.01663901
v 0.068347 1.625273 -0.02520499
v 0.069227 1.598853 0.01800101
v 0.062908 1.603709 0.01663901
v 0.060049 1.596892 0.01338601
v 0.059909 1.619582 -0.02571999
v 0.062908 1.603709 0.01663901
v 0.059909 1.619582 -0.02571999
v 0.062124 1.625101 -0.02350199
v 0.062908 1.603709 0.01663901
v 0.062124 1.625101 -0.02350199
v 0.068347 1.625273 -0.02520499
v 0.05072201 1.644214 -0.07594199
v 0.068347 1.625273 -0.02520499
v 0.062124 1.625101 -0.02350199
v 0.05072201 1.644214 -0.07594199
v 0.078639 1.604151 -0.03774099
v 0.068347 1.625273 -0.02520499
v 0.05072201 1.644214 -0.07594199
v 0.062124 1.625101 -0.02350199
v 0.04723401 1.64707 -0.07379599
v 0.04723401 1.64707 -0.07379599
v 0.062124 1.625101 -0.02350199
v 0.059909 1.619582 -0.02571999
v 7.642499E-09 1.642581 -0.08742
v 0.05072201 1.644214 -0.07594199
v 0.04723401 1.64707 -0.07379599
v 7.642499E-09 1.642581 -0.08742
v 0.04723401 1.64707 -0.07379599
v 7.35514E-09 1.64534 -0.084133
v 0.034859 1.564253 0.043994
v 0.01924999 1.553802 0.053922
v 0.008620995 1.544944 0.051469
v 0.04723401 1.64707 -0.07379599
v 0.059909 1.619582 -0.02571999
v 0.04243401 1.639386 -0.072196
v 7.35514E-09 1.64534 -0.084133
v 0.04723401 1.64707 -0.07379599
v 0.04243401 1.639386 -0.072196
v 7.35514E-09 1.64534 -0.084133
v 0.04243401 1.639386 -0.072196
v 7.251107E-09 1.637388 -0.082943
v 0.05072201 1.644214 -0.07594199
v 0.05462501 1.616264 -0.07822999
v 0.078639 1.604151 -0.03774099
v 7.642499E-09 1.642581 -0.08742
v 0.05462501 1.616264 -0.07822999
v 0.05072201 1.644214 -0.07594199
v 7.642499E-09 1.642581 -0.08742
v 8.368633E-09 1.617038 -0.095726
v 0.05462501 1.616264 -0.07822999
v 0.05462501 1.616264 -0.07822999
v 0.073398 1.600711 -0.03562999
v 0.078639 1.604151 -0.03774099
v 0.078639 1.604151 -0.03774099
v 0.073398 1.600711 -0.03562999
v 0.07061 1.566348 0.009560007
v 0.078639 1.604151 -0.03774099
v 0.07061 1.566348 0.009560007
v 0.075957 1.569451 0.01551001
v 0.075957 1.569451 0.01551001
v 0.07061 1.566348 0.009560007
v 0.05985999 1.543081 0.03042101
v 0.075957 1.569451 0.01551001
v 0.05985999 1.543081 0.03042101
v 0.065043 1.547114 0.03626401
v 0.065043 1.547114 0.03626401
v 0.05985999 1.543081 0.03042101
v 0.051077 1.519756 0.048984
v 0.065043 1.547114 0.03626401
v 0.051077 1.519756 0.048984
v 0.053323 1.521452 0.05230301
v 0.065043 1.547114 0.03626401
v 0.053323 1.521452 0.05230301
v 0.032125 1.542641 0.051131
v 0.053323 1.521452 0.05230301
v 0.030931 1.538093 0.04665
v 0.032125 1.542641 0.051131
v 0.032125 1.542641 0.051131
v 0.030931 1.538093 0.04665
v 0.018808 1.547631 0.051074
v 0.032125 1.542641 0.051131
v 0.018808 1.547631 0.051074
v 0.01924999 1.553802 0.053922
v 0.01924999 1.553802 0.053922
v 0.018808 1.547631 0.051074
v 0.008959996 1.543035 0.053246
v 0.01924999 1.553802 0.053922
v 0.008959996 1.543035 0.053246
v 0.008620995 1.544944 0.051469
v 0.053323 1.521452 0.05230301
v 0.051077 1.519756 0.048984
v 0.030931 1.538093 0.04665
v 0.05462501 1.616264 -0.07822999
v 0.04952601 1.61488 -0.07286699
v 0.073398 1.600711 -0.03562999
v 8.368633E-09 1.617038 -0.095726
v 0.04952601 1.61488 -0.07286699
v 0.05462501 1.616264 -0.07822999
v 8.368633E-09 1.617038 -0.095726
v 7.386088E-09 1.61333 -0.084487
v 0.04952601 1.61488 -0.07286699
v 8.368633E-09 1.617038 -0.095726
v -0.04952599 1.61488 -0.07286701
v 7.386088E-09 1.61333 -0.084487
v 8.368633E-09 1.617038 -0.095726
v -0.05462499 1.616264 -0.07823001
v -0.04952599 1.61488 -0.07286701
v -0.05072199 1.644214 -0.07594201
v -0.05462499 1.616264 -0.07823001
v 8.368633E-09 1.617038 -0.095726
v -0.078639 1.604151 -0.03774101
v -0.05462499 1.616264 -0.07823001
v -0.05072199 1.644214 -0.07594201
v -0.078639 1.604151 -0.03774101
v -0.05072199 1.644214 -0.07594201
v -0.068347 1.625273 -0.025205
v -0.078639 1.604151 -0.03774101
v -0.068347 1.625273 -0.025205
v -0.069227 1.598853 0.01800099
v -0.078639 1.604151 -0.03774101
v -0.069227 1.598853 0.01800099
v -0.075957 1.569451 0.01550999
v -0.075957 1.569451 0.01550999
v -0.069227 1.598853 0.01800099
v -0.04619 1.56877 0.05107399
v -0.075957 1.569451 0.01550999
v -0.04619 1.56877 0.05107399
v -0.065043 1.547114 0.03626399
v -0.05072199 1.644214 -0.07594201
v -0.062124 1.625101 -0.02350201
v -0.068347 1.625273 -0.025205
v -0.05072199 1.644214 -0.07594201
v -0.04723399 1.64707 -0.073796
v -0.062124 1.625101 -0.02350201
v 7.642499E-09 1.642581 -0.08742
v -0.04723399 1.64707 -0.073796
v -0.05072199 1.644214 -0.07594201
v -0.05072199 1.644214 -0.07594201
v 8.368633E-09 1.617038 -0.095726
v 7.642499E-09 1.642581 -0.08742
v 7.642499E-09 1.642581 -0.08742
v 7.35514E-09 1.64534 -0.084133
v -0.04723399 1.64707 -0.073796
v -0.04723399 1.64707 -0.073796
v -0.059909 1.619582 -0.02572001
v -0.062124 1.625101 -0.02350201
v -0.062908 1.603709 0.01663899
v -0.062124 1.625101 -0.02350201
v -0.059909 1.619582 -0.02572001
v -0.062908 1.603709 0.01663899
v -0.069227 1.598853 0.01800099
v -0.068347 1.625273 -0.025205
v -0.062908 1.603709 0.01663899
v -0.068347 1.625273 -0.025205
v -0.062124 1.625101 -0.02350201
v -0.062908 1.603709 0.01663899
v -0.059909 1.619582 -0.02572001
v -0.060049 1.596892 0.01338599
v -0.03884 1.573851 0.047339
v -0.062908 1.603709 0.01663899
v -0.060049 1.596892 0.01338599
v -0.03884 1.573851 0.047339
v -0.04619 1.56877 0.05107399
v -0.069227 1.598853 0.01800099
v -0.03884 1.573851 0.047339
v -0.069227 1.598853 0.01800099
v -0.062908 1.603709 0.01663899
v -0.04619 1.56877 0.05107399
v -0.03884 1.573851 0.047339
v -0.01925001 1.553802 0.053922
v -0.04619 1.56877 0.05107399
v -0.01925001 1.553802 0.053922
v -0.032125 1.542641 0.051131
v -0.032125 1.542641 0.051131
v -0.065043 1.547114 0.03626399
v -0.04619 1.56877 0.05107399
v -0.03884 1.573851 0.047339
v -0.060049 1.596892 0.01338599
v -0.03485901 1.564253 0.04399399
v -0.03485901 1.564253 0.04399399
v -0.01925001 1.553802 0.053922
v -0.03884 1.573851 0.047339
v -0.03485901 1.564253 0.04399399
v -0.008621004 1.544944 0.051469
v -0.01925001 1.553802 0.053922
v -0.04723399 1.64707 -0.073796
v -0.04243399 1.639386 -0.072196
v -0.059909 1.619582 -0.02572001
v 7.35514E-09 1.64534 -0.084133
v -0.04243399 1.639386 -0.072196
v -0.04723399 1.64707 -0.073796
v 7.35514E-09 1.64534 -0.084133
v 7.251107E-09 1.637388 -0.082943
v -0.04243399 1.639386 -0.072196
v -0.032125 1.542641 0.051131
v -0.053323 1.521452 0.052303
v -0.065043 1.547114 0.03626399
v -0.032125 1.542641 0.051131
v -0.01925001 1.553802 0.053922
v -0.018808 1.547631 0.051074
v -0.032125 1.542641 0.051131
v -0.018808 1.547631 0.051074
v -0.030931 1.538093 0.04665
v -0.01925001 1.553802 0.053922
v -0.008621004 1.544944 0.051469
v -0.008960005 1.543035 0.053246
v -0.01925001 1.553802 0.053922
v -0.008960005 1.543035 0.053246
v -0.018808 1.547631 0.051074
v -0.051077 1.519756 0.04898399
v -0.053323 1.521452 0.052303
v -0.032125 1.542641 0.051131
v -0.051077 1.519756 0.04898399
v -0.032125 1.542641 0.051131
v -0.030931 1.538093 0.04665
v -0.065043 1.547114 0.03626399
v -0.053323 1.521452 0.052303
v -0.051077 1.519756 0.04898399
v -0.065043 1.547114 0.03626399
v -0.051077 1.519756 0.04898399
v -0.05986 1.543081 0.03042099
v -0.075957 1.569451 0.01550999
v -0.065043 1.547114 0.03626399
v -0.05986 1.543081 0.03042099
v -0.075957 1.569451 0.01550999
v -0.05986 1.543081 0.03042099
v -0.07061 1.566348 0.009559994
v -0.078639 1.604151 -0.03774101
v -0.075957 1.569451 0.01550999
v -0.07061 1.566348 0.009559994
v -0.078639 1.604151 -0.03774101
v -0.07061 1.566348 0.009559994
v -0.073398 1.600711 -0.03563001
v -0.05462499 1.616264 -0.07823001
v -0.078639 1.604151 -0.03774101
v -0.073398 1.600711 -0.03563001
v -0.05462499 1.616264 -0.07823001
v -0.073398 1.600711 -0.03563001
v -0.04952599 1.61488 -0.07286701
v -0.018808 1.547631 0.051074
v -0.008960005 1.543035 0.053246
v -0.036011 1.552419 0.045483
v -0.018808 1.547631 0.051074
v -0.036011 1.552419 0.045483
v -0.03957 1.572332 0.046762
v -0.0001870046 1.504813 0.052807
v 0.001429996 1.522134 0.045278
v -0.038247 1.541277 0.03878799
v -0.0001870046 1.504813 0.052807
v -0.038247 1.541277 0.03878799
v -0.040876 1.531321 0.038523
v -0.038247 1.541277 0.03878799
v 0.001429996 1.522134 0.045278
v -0.008621004 1.544944 0.051469
v -0.038247 1.541277 0.03878799
v -0.008621004 1.544944 0.051469
v -0.03485901 1.564253 0.04399399
v 0.196505 1.539563 -0.07023498
v 0.203932 1.536703 -0.07055499
v 0.211631 1.550001 -0.04397398
v 0.196505 1.539563 -0.07023498
v 0.211631 1.550001 -0.04397398
v 0.205475 1.552191 -0.03980998
v 0.208719 1.546324 -0.003562982
v 0.205475 1.552191 -0.03980998
v 0.211631 1.550001 -0.04397398
v 0.208719 1.546324 -0.003562982
v 0.211631 1.550001 -0.04397398
v 0.215245 1.546623 -0.005130982
v 0.215245 1.546623 -0.005130982
v 0.206549 1.506034 0.01832002
v 0.208719 1.546324 -0.003562982
v 0.215245 1.546623 -0.005130982
v 0.213936 1.51031 0.01571702
v 0.206549 1.506034 0.01832002
v 0.213936 1.51031 0.01571702
v 0.196774 1.43988 0.02423102
v 0.206549 1.506034 0.01832002
v 0.213936 1.51031 0.01571702
v 0.207645 1.446313 0.02696202
v 0.196774 1.43988 0.02423102
v 0.207645 1.446313 0.02696202
v 0.190935 1.390079 0.001412017
v 0.196774 1.43988 0.02423102
v 0.207645 1.446313 0.02696202
v 0.199566 1.398328 0.001853017
v 0.190935 1.390079 0.001412017
v 0.189078 1.374294 -0.02336498
v 0.190935 1.390079 0.001412017
v 0.199566 1.398328 0.001853017
v 0.189078 1.374294 -0.02336498
v 0.199566 1.398328 0.001853017
v 0.207137 1.384977 -0.02377598
v 0.199566 1.398328 0.001853017
v 0.249836 1.390229 -0.02454098
v 0.207137 1.384977 -0.02377598
v 0.199566 1.398328 0.001853017
v 0.243845 1.404009 0.003182021
v 0.249836 1.390229 -0.02454098
v 0.243845 1.404009 0.003182021
v 0.199566 1.398328 0.001853017
v 0.207645 1.446313 0.02696202
v 0.196505 1.539563 -0.07023498
v 0.197011 1.515671 -0.1056
v 0.203932 1.536703 -0.07055499
v 0.258198 1.544523 -0.04263898
v 0.211631 1.550001 -0.04397398
v 0.203932 1.536703 -0.07055499
v 0.258198 1.544523 -0.04263898
v 0.203932 1.536703 -0.07055499
v 0.258526 1.528361 -0.07954597
v 0.258526 1.528361 -0.07954597
v 0.203932 1.536703 -0.07055499
v 0.197011 1.515671 -0.1056
v 0.290491 1.542505 -0.04213398
v 0.258198 1.544523 -0.04263898
v 0.258526 1.528361 -0.07954597
v 0.285765 1.508975 0.01003802
v 0.258198 1.544523 -0.04263898
v 0.290491 1.542505 -0.04213398
v 0.285765 1.508975 0.01003802
v 0.253478 1.509607 0.01255502
v 0.258198 1.544523 -0.04263898
v 0.207645 1.446313 0.02696202
v 0.253478 1.509607 0.01255502
v 0.285765 1.508975 0.01003802
v 0.213936 1.51031 0.01571702
v 0.253478 1.509607 0.01255502
v 0.207645 1.446313 0.02696202
v 0.290491 1.542505 -0.04213398
v 0.258526 1.528361 -0.07954597
v 0.29163 1.526912 -0.08310598
v 0.207645 1.446313 0.02696202
v 0.285765 1.508975 0.01003802
v 0.252304 1.449738 0.02425002
v 0.243845 1.404009 0.003182021
v 0.207645 1.446313 0.02696202
v 0.252304 1.449738 0.02425002
v 0.258526 1.528361 -0.07954597
v 0.273813 1.478166 -0.109335
v 0.29163 1.526912 -0.08310598
v 0.258526 1.528361 -0.07954597
v 0.236392 1.476848 -0.106335
v 0.273813 1.478166 -0.109335
v 0.258526 1.528361 -0.07954597
v 0.197011 1.515671 -0.1056
v 0.236392 1.476848 -0.106335
v 0.236392 1.476848 -0.106335
v 0.259955 1.440252 -0.118212
v 0.273813 1.478166 -0.109335
v 0.236392 1.476848 -0.106335
v 0.219177 1.436784 -0.115647
v 0.259955 1.440252 -0.118212
v 0.219177 1.436784 -0.115647
v 0.244841 1.400194 -0.08470598
v 0.259955 1.440252 -0.118212
v 0.219177 1.436784 -0.115647
v 0.20064 1.393484 -0.08288398
v 0.244841 1.400194 -0.08470598
v 0.195588 1.427654 -0.114252
v 0.20064 1.393484 -0.08288398
v 0.219177 1.436784 -0.115647
v 0.195588 1.427654 -0.114252
v 0.190298 1.387301 -0.08169398
v 0.20064 1.393484 -0.08288398
v 0.198134 1.384162 -0.05444898
v 0.20064 1.393484 -0.08288398
v 0.190298 1.387301 -0.08169398
v 0.198134 1.384162 -0.05444898
v 0.190298 1.387301 -0.08169398
v 0.189136 1.375323 -0.05428598
v 0.207137 1.384977 -0.02377598
v 0.198134 1.384162 -0.05444898
v 0.189136 1.375323 -0.05428598
v 0.207137 1.384977 -0.02377598
v 0.189136 1.375323 -0.05428598
v 0.189078 1.374294 -0.02336498
v 0.195588 1.427654 -0.114252
v 0.219177 1.436784 -0.115647
v 0.208302 1.456402 -0.120448
v 0.195588 1.427654 -0.114252
v 0.208302 1.456402 -0.120448
v 0.193105 1.448848 -0.120909
v 0.193105 1.448848 -0.120909
v 0.208302 1.456402 -0.120448
v 0.197461 1.475717 -0.120131
v 0.197461 1.475717 -0.120131
v 0.208302 1.456402 -0.120448
v 0.219177 1.436784 -0.115647
v 0.197461 1.475717 -0.120131
v 0.219177 1.436784 -0.115647
v 0.236392 1.476848 -0.106335
v 0.193105 1.448848 -0.120909
v 0.197461 1.475717 -0.120131
v 0.187022 1.469851 -0.122238
v 0.197461 1.475717 -0.120131
v 0.189299 1.512129 -0.109449
v 0.187022 1.469851 -0.122238
v 0.197461 1.475717 -0.120131
v 0.197011 1.515671 -0.1056
v 0.189299 1.512129 -0.109449
v 0.207137 1.384977 -0.02377598
v 0.243017 1.389778 -0.05695998
v 0.198134 1.384162 -0.05444898
v 0.243017 1.389778 -0.05695998
v 0.244841 1.400194 -0.08470598
v 0.20064 1.393484 -0.08288398
v 0.243017 1.389778 -0.05695998
v 0.20064 1.393484 -0.08288398
v 0.198134 1.384162 -0.05444898
v 0.207137 1.384977 -0.02377598
v 0.249836 1.390229 -0.02454098
v 0.243017 1.389778 -0.05695998
v 0.196505 1.539563 -0.07023498
v 0.189299 1.512129 -0.109449
v 0.197011 1.515671 -0.1056
v 0.197011 1.515671 -0.1056
v 0.197461 1.475717 -0.120131
v 0.236392 1.476848 -0.106335
v 0.249836 1.390229 -0.02454098
v 0.328259 1.400444 -0.06172897
v 0.243017 1.389778 -0.05695998
v 0.328259 1.400444 -0.06172897
v 0.244841 1.400194 -0.08470598
v 0.243017 1.389778 -0.05695998
v 0.328259 1.400444 -0.06172897
v 0.328786 1.412937 -0.08816697
v 0.244841 1.400194 -0.08470598
v 0.259955 1.440252 -0.118212
v 0.244841 1.400194 -0.08470598
v 0.328786 1.412937 -0.08816697
v 0.259955 1.440252 -0.118212
v 0.328786 1.412937 -0.08816697
v 0.3374 1.44684 -0.123082
v 0.259955 1.440252 -0.118212
v 0.3374 1.44684 -0.123082
v 0.344881 1.480668 -0.115032
v 0.259955 1.440252 -0.118212
v 0.344881 1.480668 -0.115032
v 0.273813 1.478166 -0.109335
v 0.344881 1.480668 -0.115032
v 0.29163 1.526912 -0.08310598
v 0.273813 1.478166 -0.109335
v 0.344881 1.480668 -0.115032
v 0.354499 1.524162 -0.08986597
v 0.29163 1.526912 -0.08310598
v 0.29163 1.526912 -0.08310598
v 0.354499 1.524162 -0.08986597
v 0.351819 1.538673 -0.04117397
v 0.29163 1.526912 -0.08310598
v 0.351819 1.538673 -0.04117397
v 0.290491 1.542505 -0.04213398
v 0.351819 1.538673 -0.04117397
v 0.285765 1.508975 0.01003802
v 0.290491 1.542505 -0.04213398
v 0.351819 1.538673 -0.04117397
v 0.347084 1.507775 0.00525903
v 0.285765 1.508975 0.01003802
v 0.249836 1.390229 -0.02454098
v 0.330928 1.400204 -0.02599397
v 0.328259 1.400444 -0.06172897
v 0.252304 1.449738 0.02425002
v 0.285765 1.508975 0.01003802
v 0.347084 1.507775 0.00525903
v 0.252304 1.449738 0.02425002
v 0.347084 1.507775 0.00525903
v 0.333777 1.455567 0.01816103
v 0.413148 1.534842 -0.04021496
v 0.347084 1.507775 0.00525903
v 0.351819 1.538673 -0.04117397
v 0.354499 1.524162 -0.08986597
v 0.413148 1.534842 -0.04021496
v 0.351819 1.538673 -0.04117397
v 0.413148 1.534842 -0.04021496
v 0.408403 1.506575 0.0004790357
v 0.347084 1.507775 0.00525903
v 0.408403 1.506575 0.0004790357
v 0.333777 1.455567 0.01816103
v 0.347084 1.507775 0.00525903
v 0.413403 1.5284 -0.04091496
v 0.408403 1.506575 0.0004790357
v 0.413148 1.534842 -0.04021496
v 0.417367 1.521412 -0.09662596
v 0.413403 1.5284 -0.04091496
v 0.413148 1.534842 -0.04021496
v 0.354499 1.524162 -0.08986597
v 0.417367 1.521412 -0.09662596
v 0.413148 1.534842 -0.04021496
v 0.417367 1.521412 -0.09662596
v 0.416878 1.515598 -0.09543996
v 0.413403 1.5284 -0.04091496
v 0.413403 1.5284 -0.04091496
v 0.416878 1.515598 -0.09543996
v 0.400802 1.513267 -0.08997496
v 0.413403 1.5284 -0.04091496
v 0.400802 1.513267 -0.08997496
v 0.39658 1.52106 -0.04800997
v 0.413403 1.5284 -0.04091496
v 0.39658 1.52106 -0.04800997
v 0.390574 1.503681 -0.01073297
v 0.413403 1.5284 -0.04091496
v 0.390574 1.503681 -0.01073297
v 0.408353 1.504995 -0.0006519643
v 0.413403 1.5284 -0.04091496
v 0.408353 1.504995 -0.0006519643
v 0.408403 1.506575 0.0004790357
v 0.411471 1.462629 0.009931036
v 0.408353 1.504995 -0.0006519643
v 0.390574 1.503681 -0.01073297
v 0.408403 1.506575 0.0004790357
v 0.408353 1.504995 -0.0006519643
v 0.411471 1.462629 0.009931036
v 0.411471 1.462629 0.009931036
v 0.390574 1.503681 -0.01073297
v 0.39423 1.46394 -0.002673966
v 0.412592 1.426804 0.005329036
v 0.411471 1.462629 0.009931036
v 0.39423 1.46394 -0.002673966
v 0.412592 1.426804 0.005329036
v 0.39423 1.46394 -0.002673966
v 0.39314 1.430213 -0.01258797
v 0.411978 1.412004 -0.02806996
v 0.412592 1.426804 0.005329036
v 0.39314 1.430213 -0.01258797
v 0.411978 1.412004 -0.02806996
v 0.39314 1.430213 -0.01258797
v 0.390517 1.417664 -0.03562197
v 0.412033 1.425586 0.006769036
v 0.412592 1.426804 0.005329036
v 0.411978 1.412004 -0.02806996
v 0.412033 1.425586 0.006769036
v 0.411471 1.462629 0.009931036
v 0.412592 1.426804 0.005329036
v 0.412033 1.425586 0.006769036
v 0.411978 1.412004 -0.02806996
v 0.412019 1.410179 -0.02744696
v 0.412033 1.425586 0.006769036
v 0.411384 1.461024 0.01210304
v 0.411471 1.462629 0.009931036
v 0.408403 1.506575 0.0004790357
v 0.411471 1.462629 0.009931036
v 0.411384 1.461024 0.01210304
v 0.416878 1.515598 -0.09543996
v 0.417367 1.521412 -0.09662596
v 0.415949 1.483171 -0.120729
v 0.416878 1.515598 -0.09543996
v 0.415949 1.483171 -0.120729
v 0.415704 1.481103 -0.119182
v 0.415704 1.481103 -0.119182
v 0.415949 1.483171 -0.120729
v 0.414845 1.453428 -0.127953
v 0.415704 1.481103 -0.119182
v 0.414845 1.453428 -0.127953
v 0.414791 1.454273 -0.126125
v 0.400159 1.453867 -0.112621
v 0.415704 1.481103 -0.119182
v 0.414791 1.454273 -0.126125
v 0.400159 1.453867 -0.112621
v 0.400441 1.479854 -0.10852
v 0.415704 1.481103 -0.119182
v 0.414791 1.454273 -0.126125
v 0.39836 1.429897 -0.08776696
v 0.400159 1.453867 -0.112621
v 0.414791 1.454273 -0.126125
v 0.412184 1.427186 -0.09062796
v 0.39836 1.429897 -0.08776696
v 0.414845 1.453428 -0.127953
v 0.412184 1.427186 -0.09062796
v 0.414791 1.454273 -0.126125
v 0.39836 1.429897 -0.08776696
v 0.412184 1.427186 -0.09062796
v 0.41335 1.413011 -0.06637497
v 0.39836 1.429897 -0.08776696
v 0.41335 1.413011 -0.06637497
v 0.394959 1.418204 -0.06482296
v 0.390517 1.417664 -0.03562197
v 0.394959 1.418204 -0.06482296
v 0.41335 1.413011 -0.06637497
v 0.390517 1.417664 -0.03562197
v 0.41335 1.413011 -0.06637497
v 0.411978 1.412004 -0.02806996
v 0.41335 1.413011 -0.06637497
v 0.412019 1.410179 -0.02744696
v 0.411978 1.412004 -0.02806996
v 0.41335 1.413011 -0.06637497
v 0.4135 1.41111 -0.06649897
v 0.412019 1.410179 -0.02744696
v 0.41335 1.413011 -0.06637497
v 0.412184 1.427186 -0.09062796
v 0.412731 1.425681 -0.09162796
v 0.41335 1.413011 -0.06637497
v 0.412731 1.425681 -0.09162796
v 0.4135 1.41111 -0.06649897
v 0.414845 1.453428 -0.127953
v 0.412731 1.425681 -0.09162796
v 0.412184 1.427186 -0.09062796
v 0.400441 1.479854 -0.10852
v 0.416878 1.515598 -0.09543996
v 0.415704 1.481103 -0.119182
v 0.400441 1.479854 -0.10852
v 0.400802 1.513267 -0.08997496
v 0.416878 1.515598 -0.09543996
v 0.3374 1.44684 -0.123082
v 0.412731 1.425681 -0.09162796
v 0.414845 1.453428 -0.127953
v 0.3374 1.44684 -0.123082
v 0.414845 1.453428 -0.127953
v 0.415949 1.483171 -0.120729
v 0.3374 1.44684 -0.123082
v 0.415949 1.483171 -0.120729
v 0.344881 1.480668 -0.115032
v 0.415949 1.483171 -0.120729
v 0.354499 1.524162 -0.08986597
v 0.344881 1.480668 -0.115032
v 0.415949 1.483171 -0.120729
v 0.417367 1.521412 -0.09662596
v 0.354499 1.524162 -0.08986597
v 0.3374 1.44684 -0.123082
v 0.328786 1.412937 -0.08816697
v 0.412731 1.425681 -0.09162796
v 0.4135 1.41111 -0.06649897
v 0.412731 1.425681 -0.09162796
v 0.328786 1.412937 -0.08816697
v 0.4135 1.41111 -0.06649897
v 0.328786 1.412937 -0.08816697
v 0.328259 1.400444 -0.06172897
v 0.330928 1.400204 -0.02599397
v 0.412019 1.410179 -0.02744696
v 0.4135 1.41111 -0.06649897
v 0.330928 1.400204 -0.02599397
v 0.4135 1.41111 -0.06649897
v 0.328259 1.400444 -0.06172897
v 0.39314 1.430213 -0.01258797
v 0.32571 1.472803 -0.05270597
v 0.390517 1.417664 -0.03562197
v 0.32571 1.472803 -0.05270597
v 0.394959 1.418204 -0.06482296
v 0.390517 1.417664 -0.03562197
v 0.394959 1.418204 -0.06482296
v 0.32571 1.472803 -0.05270597
v 0.39836 1.429897 -0.08776696
v 0.39836 1.429897 -0.08776696
v 0.32571 1.472803 -0.05270597
v 0.400159 1.453867 -0.112621
v 0.32571 1.472803 -0.05270597
v 0.400441 1.479854 -0.10852
v 0.400159 1.453867 -0.112621
v 0.39423 1.46394 -0.002673966
v 0.32571 1.472803 -0.05270597
v 0.39314 1.430213 -0.01258797
v 0.390574 1.503681 -0.01073297
v 0.32571 1.472803 -0.05270597
v 0.39423 1.46394 -0.002673966
v 0.39658 1.52106 -0.04800997
v 0.32571 1.472803 -0.05270597
v 0.390574 1.503681 -0.01073297
v 0.400802 1.513267 -0.08997496
v 0.32571 1.472803 -0.05270597
v 0.39658 1.52106 -0.04800997
v 0.32571 1.472803 -0.05270597
v 0.400802 1.513267 -0.08997496
v 0.400441 1.479854 -0.10852
v 0.175314 1.228786 0.003849015
v 0.176782 1.287555 -0.009250985
v 0.177893 1.299477 -0.05800198
v 0.175314 1.228786 0.003849015
v 0.177893 1.299477 -0.05800198
v 0.151906 1.244364 -0.05313699
v 0.132566 1.16503 -0.05738899
v 0.12951 1.235279 -0.09786098
v 0.132353 1.181238 -0.09188299
v 0.132353 1.181238 -0.09188299
v 0.12951 1.235279 -0.09786098
v 0.07347601 1.22774 -0.120179
v -0.181131 1.352178 -0.05078102
v -0.177896 1.302762 -0.03899601
v -0.169007 1.291487 -0.08188902
v -0.181131 1.352178 -0.05078102
v -0.169007 1.291487 -0.08188902
v -0.17005 1.349605 -0.08398902
v -0.178048 1.311204 -0.01196802
v -0.177896 1.302762 -0.03899601
v -0.181131 1.352178 -0.05078102
v -0.178048 1.311204 -0.01196802
v -0.181131 1.352178 -0.05078102
v -0.182673 1.357869 -0.02248402
v 0.215245 1.546623 -0.005130982
v 0.211631 1.550001 -0.04397398
v 0.258198 1.544523 -0.04263898
v 0.253478 1.509607 0.01255502
v 0.215245 1.546623 -0.005130982
v 0.258198 1.544523 -0.04263898
v 0.253478 1.509607 0.01255502
v 0.213936 1.51031 0.01571702
v 0.215245 1.546623 -0.005130982
v 0.243845 1.404009 0.003182021
v 0.327939 1.414797 0.004975029
v 0.330928 1.400204 -0.02599397
v 0.243845 1.404009 0.003182021
v 0.330928 1.400204 -0.02599397
v 0.249836 1.390229 -0.02454098
v 0.327939 1.414797 0.004975029
v 0.412019 1.410179 -0.02744696
v 0.330928 1.400204 -0.02599397
v 0.327939 1.414797 0.004975029
v 0.412033 1.425586 0.006769036
v 0.412019 1.410179 -0.02744696
v 0.327939 1.414797 0.004975029
v 0.243845 1.404009 0.003182021
v 0.252304 1.449738 0.02425002
v 0.327939 1.414797 0.004975029
v 0.252304 1.449738 0.02425002
v 0.333777 1.455567 0.01816103
v 0.412033 1.425586 0.006769036
v 0.327939 1.414797 0.004975029
v 0.333777 1.455567 0.01816103
v 0.412033 1.425586 0.006769036
v 0.333777 1.455567 0.01816103
v 0.411384 1.461024 0.01210304
v 0.408403 1.506575 0.0004790357
v 0.411384 1.461024 0.01210304
v 0.333777 1.455567 0.01816103
v 0.126833 0.075679 0.131679
v 0.10092 0.023504 0.082228
v 0.123718 0.076562 0.08540501
v 0.164198 0.085099 0.145308
v 0.126833 0.075679 0.131679
v 0.123718 0.076562 0.08540501
v 0.164198 0.085099 0.145308
v 0.123718 0.076562 0.08540501
v 0.16445 0.083169 0.08784602
v 0.199859 0.07709 0.126401
v 0.164198 0.085099 0.145308
v 0.16445 0.083169 0.08784602
v 0.199859 0.07709 0.126401
v 0.16445 0.083169 0.08784602
v 0.204519 0.078115 0.08496101
v 0.227056 0.040158 0.08517702
v 0.199859 0.07709 0.126401
v 0.204519 0.078115 0.08496101
v 0.202367 0.084359 0.05223402
v 0.227056 0.040158 0.08517702
v 0.204519 0.078115 0.08496101
v 0.202367 0.084359 0.05223402
v 0.23072 0.020825 0.04728702
v 0.227056 0.040158 0.08517702
v 0.164198 0.085099 0.145308
v 0.118138 0.034435 0.132721
v 0.126833 0.075679 0.131679
v 0.10092 0.023504 0.082228
v 0.126833 0.075679 0.131679
v 0.118138 0.034435 0.132721
v 0.164198 0.085099 0.145308
v 0.141927 0.046461 0.151857
v 0.118138 0.034435 0.132721
v 0.199859 0.07709 0.126401
v 0.181988 0.04583 0.153883
v 0.164198 0.085099 0.145308
v 0.164198 0.085099 0.145308
v 0.181988 0.04583 0.153883
v 0.141927 0.046461 0.151857
v 0.199859 0.07709 0.126401
v 0.207033 0.035024 0.131979
v 0.181988 0.04583 0.153883
v 0.188433 0.117578 -0.01600398
v 0.23072 0.020825 0.04728702
v 0.202367 0.084359 0.05223402
v 0.188433 0.117578 -0.01600398
v 0.217038 0.031625 -0.000435981
v 0.23072 0.020825 0.04728702
v 0.217038 0.031625 -0.000435981
v 0.188433 0.117578 -0.01600398
v 0.189212 0.127007 -0.04644499
v 0.217038 0.031625 -0.000435981
v 0.189212 0.127007 -0.04644499
v 0.208032 0.038299 -0.04182298
v 0.163371 0.087959 0.05624902
v 0.202367 0.084359 0.05223402
v 0.204519 0.078115 0.08496101
v 0.163371 0.087959 0.05624902
v 0.204519 0.078115 0.08496101
v 0.16445 0.083169 0.08784602
v 0.188433 0.117578 -0.01600398
v 0.202367 0.084359 0.05223402
v 0.163371 0.087959 0.05624902
v 0.127412 0.084187 0.05254201
v 0.163371 0.087959 0.05624902
v 0.16445 0.083169 0.08784602
v 0.125586 0.116146 -0.01721299
v 0.163371 0.087959 0.05624902
v 0.127412 0.084187 0.05254201
v 0.102361 0.024303 0.04471501
v 0.125586 0.116146 -0.01721299
v 0.127412 0.084187 0.05254201
v 0.102361 0.024303 0.04471501
v 0.108889 0.031621 -0.0002309905
v 0.125586 0.116146 -0.01721299
v 0.10092 0.023504 0.082228
v 0.102361 0.024303 0.04471501
v 0.127412 0.084187 0.05254201
v 0.10092 0.023504 0.082228
v 0.127412 0.084187 0.05254201
v 0.123718 0.076562 0.08540501
v 0.116983 0.11758 -0.04833899
v 0.125586 0.116146 -0.01721299
v 0.108889 0.031621 -0.0002309905
v 0.116983 0.11758 -0.04833899
v 0.158804 0.116106 -0.01179899
v 0.125586 0.116146 -0.01721299
v 0.125586 0.116146 -0.01721299
v 0.158804 0.116106 -0.01179899
v 0.163371 0.087959 0.05624902
v 0.188433 0.117578 -0.01600398
v 0.163371 0.087959 0.05624902
v 0.158804 0.116106 -0.01179899
v 0.189212 0.127007 -0.04644499
v 0.188433 0.117578 -0.01600398
v 0.158804 0.116106 -0.01179899
v 0.116983 0.11758 -0.04833899
v 0.15727 0.1268 -0.04354398
v 0.158804 0.116106 -0.01179899
v 0.189212 0.127007 -0.04644499
v 0.158804 0.116106 -0.01179899
v 0.15727 0.1268 -0.04354398
v 0.116983 0.11758 -0.04833899
v 0.108889 0.031621 -0.0002309905
v 0.106664 0.038289 -0.04184899
v 0.127412 0.084187 0.05254201
v 0.16445 0.083169 0.08784602
v 0.123718 0.076562 0.08540501
v 0.109795 0.002235 -0.01118699
v 0.106664 0.038289 -0.04184899
v 0.108889 0.031621 -0.0002309905
v 0.109795 0.002235 -0.01118699
v 0.108889 0.031621 -0.0002309905
v 0.102361 0.024303 0.04471501
v 0.109795 0.002235 -0.01118699
v 0.106971 0.015807 -0.03993799
v 0.106664 0.038289 -0.04184899
v 0.106971 0.015807 -0.03993799
v 0.099906 0.037641 -0.08352
v 0.106664 0.038289 -0.04184899
v 0.106971 0.015807 -0.03993799
v 0.09782801 0.000108 -0.06810899
v 0.099906 0.037641 -0.08352
v 0.109795 0.002235 -0.01118699
v 0.102361 0.024303 0.04471501
v 0.101234 -0.002903 0.03854801
v 0.09888799 -0.002528 0.07755601
v 0.101234 -0.002903 0.03854801
v 0.102361 0.024303 0.04471501
v 0.09888799 -0.002528 0.07755601
v 0.102361 0.024303 0.04471501
v 0.10092 0.023504 0.082228
v 0.117459 0.012302 0.131452
v 0.09888799 -0.002528 0.07755601
v 0.10092 0.023504 0.082228
v 0.117459 0.012302 0.131452
v 0.10092 0.023504 0.082228
v 0.118138 0.034435 0.132721
v 0.141781 0.025165 0.147609
v 0.117459 0.012302 0.131452
v 0.118138 0.034435 0.132721
v 0.141781 0.025165 0.147609
v 0.118138 0.034435 0.132721
v 0.141927 0.046461 0.151857
v 0.181968 0.024236 0.149468
v 0.141781 0.025165 0.147609
v 0.141927 0.046461 0.151857
v 0.181968 0.024236 0.149468
v 0.141927 0.046461 0.151857
v 0.181988 0.04583 0.153883
v 0.207924 0.014748 0.129916
v 0.181968 0.024236 0.149468
v 0.181988 0.04583 0.153883
v 0.207924 0.014748 0.129916
v 0.181988 0.04583 0.153883
v 0.207033 0.035024 0.131979
v 0.23048 -0.002528 0.07976202
v 0.207924 0.014748 0.129916
v 0.207033 0.035024 0.131979
v 0.23048 -0.002528 0.07976202
v 0.207033 0.035024 0.131979
v 0.228371 0.021479 0.07975402
v 0.227258 -0.002904 0.03870802
v 0.23048 -0.002528 0.07976202
v 0.228371 0.021479 0.07975402
v 0.227258 -0.002904 0.03870802
v 0.228371 0.021479 0.07975402
v 0.23072 0.020825 0.04728702
v 0.227258 -0.002904 0.03870802
v 0.23072 0.020825 0.04728702
v 0.217038 0.031625 -0.000435981
v 0.227258 -0.002904 0.03870802
v 0.217038 0.031625 -0.000435981
v 0.218217 0.002232 -0.01138598
v 0.208032 0.038299 -0.04182298
v 0.218217 0.002232 -0.01138598
v 0.217038 0.031625 -0.000435981
v 0.208032 0.038299 -0.04182298
v 0.209173 0.015806 -0.03992498
v 0.218217 0.002232 -0.01138598
v 0.206849 0.000109 -0.06782998
v 0.209173 0.015806 -0.03992498
v 0.208032 0.038299 -0.04182298
v 0.206849 0.000109 -0.06782998
v 0.208032 0.038299 -0.04182298
v 0.206169 0.037631 -0.08313099
v 0.200357 0.038221 -0.121138
v 0.206849 0.000109 -0.06782998
v 0.206169 0.037631 -0.08313099
v 0.200357 0.038221 -0.121138
v 0.200402 0.000182 -0.125742
v 0.206849 0.000109 -0.06782998
v 0.182255 0.001171 -0.155188
v 0.200402 0.000182 -0.125742
v 0.200357 0.038221 -0.121138
v 0.182255 0.001171 -0.155188
v 0.200357 0.038221 -0.121138
v 0.173739 0.043964 -0.164484
v 0.161748 0.001107 -0.167066
v 0.182255 0.001171 -0.155188
v 0.173739 0.043964 -0.164484
v 0.144364 0.001072 -0.169607
v 0.161748 0.001107 -0.167066
v 0.173739 0.043964 -0.164484
v 0.144364 0.001072 -0.169607
v 0.173739 0.043964 -0.164484
v 0.146147 0.044089 -0.17339
v 0.227056 0.040158 0.08517702
v 0.23072 0.020825 0.04728702
v 0.228371 0.021479 0.07975402
v 0.199859 0.07709 0.126401
v 0.227056 0.040158 0.08517702
v 0.228371 0.021479 0.07975402
v 0.199859 0.07709 0.126401
v 0.228371 0.021479 0.07975402
v 0.207033 0.035024 0.131979
v 0.206169 0.037631 -0.08313099
v 0.201709 0.067384 -0.119929
v 0.200357 0.038221 -0.121138
v 0.201709 0.067384 -0.119929
v 0.173739 0.043964 -0.164484
v 0.200357 0.038221 -0.121138
v 0.201709 0.067384 -0.119929
v 0.174597 0.078507 -0.160557
v 0.173739 0.043964 -0.164484
v 0.174597 0.078507 -0.160557
v 0.146147 0.044089 -0.17339
v 0.173739 0.043964 -0.164484
v 0.174597 0.078507 -0.160557
v 0.145402 0.08115 -0.169502
v 0.146147 0.044089 -0.17339
v 0.206169 0.037631 -0.08313099
v 0.193349 0.100769 -0.107027
v 0.201709 0.067384 -0.119929
v 0.193349 0.100769 -0.107027
v 0.174597 0.078507 -0.160557
v 0.201709 0.067384 -0.119929
v 0.206169 0.037631 -0.08313099
v 0.207068 0.096393 -0.07927199
v 0.193349 0.100769 -0.107027
v 0.145402 0.08115 -0.169502
v 0.174597 0.078507 -0.160557
v 0.148518 0.128341 -0.143993
v 0.193349 0.100769 -0.107027
v 0.148518 0.128341 -0.143993
v 0.174597 0.078507 -0.160557
v 0.207068 0.096393 -0.07927199
v 0.206169 0.037631 -0.08313099
v 0.208032 0.038299 -0.04182298
v 0.207068 0.096393 -0.07927199
v 0.208032 0.038299 -0.04182298
v 0.189212 0.127007 -0.04644499
v 0.141781 0.025165 0.147609
v 0.181968 0.024236 0.149468
v 0.165043 -0.002472 0.07696702
v 0.165043 -0.002472 0.07696702
v 0.117459 0.012302 0.131452
v 0.141781 0.025165 0.147609
v 0.165043 -0.002472 0.07696702
v 0.09888799 -0.002528 0.07755601
v 0.117459 0.012302 0.131452
v 0.162862 -0.002875 0.03726901
v 0.09888799 -0.002528 0.07755601
v 0.165043 -0.002472 0.07696702
v 0.162862 -0.002875 0.03726901
v 0.101234 -0.002903 0.03854801
v 0.09888799 -0.002528 0.07755601
v 0.23048 -0.002528 0.07976202
v 0.165043 -0.002472 0.07696702
v 0.181968 0.024236 0.149468
v 0.23048 -0.002528 0.07976202
v 0.181968 0.024236 0.149468
v 0.207924 0.014748 0.129916
v 0.227258 -0.002904 0.03870802
v 0.162862 -0.002875 0.03726901
v 0.165043 -0.002472 0.07696702
v 0.227258 -0.002904 0.03870802
v 0.165043 -0.002472 0.07696702
v 0.23048 -0.002528 0.07976202
v 0.160153 0.002232 -0.01150699
v 0.162862 -0.002875 0.03726901
v 0.227258 -0.002904 0.03870802
v 0.160153 0.002232 -0.01150699
v 0.227258 -0.002904 0.03870802
v 0.218217 0.002232 -0.01138598
v 0.162862 -0.002875 0.03726901
v 0.160153 0.002232 -0.01150699
v 0.109795 0.002235 -0.01118699
v 0.162862 -0.002875 0.03726901
v 0.109795 0.002235 -0.01118699
v 0.101234 -0.002903 0.03854801
v 0.160153 0.002232 -0.01150699
v 0.218217 0.002232 -0.01138598
v 0.209173 0.015806 -0.03992498
v 0.160153 0.002232 -0.01150699
v 0.209173 0.015806 -0.03992498
v 0.161289 0.015806 -0.04002699
v 0.109795 0.002235 -0.01118699
v 0.160153 0.002232 -0.01150699
v 0.161289 0.015806 -0.04002699
v 0.206849 0.000109 -0.06782998
v 0.161289 0.015806 -0.04002699
v 0.209173 0.015806 -0.03992498
v 0.206849 0.000109 -0.06782998
v 0.160166 0.000111 -0.06777798
v 0.161289 0.015806 -0.04002699
v 0.206849 0.000109 -0.06782998
v 0.159591 0.00015 -0.122234
v 0.160166 0.000111 -0.06777798
v 0.206849 0.000109 -0.06782998
v 0.200402 0.000182 -0.125742
v 0.159591 0.00015 -0.122234
v 0.160166 0.000111 -0.06777798
v 0.159591 0.00015 -0.122234
v 0.09593401 0.000178 -0.126166
v 0.160166 0.000111 -0.06777798
v 0.09593401 0.000178 -0.126166
v 0.09782801 0.000108 -0.06810899
v 0.160166 0.000111 -0.06777798
v 0.09782801 0.000108 -0.06810899
v 0.106971 0.015807 -0.03993799
v 0.160166 0.000111 -0.06777798
v 0.106971 0.015807 -0.03993799
v 0.161289 0.015806 -0.04002699
v 0.109795 0.002235 -0.01118699
v 0.161289 0.015806 -0.04002699
v 0.106971 0.015807 -0.03993799
v 0.09593401 0.000178 -0.126166
v 0.159591 0.00015 -0.122234
v 0.126847 0.00108 -0.166274
v 0.159591 0.00015 -0.122234
v 0.144364 0.001072 -0.169607
v 0.126847 0.00108 -0.166274
v 0.09593401 0.000178 -0.126166
v 0.126847 0.00108 -0.166274
v 0.109217 0.001171 -0.157127
v 0.159591 0.00015 -0.122234
v 0.200402 0.000182 -0.125742
v 0.182255 0.001171 -0.155188
v 0.159591 0.00015 -0.122234
v 0.182255 0.001171 -0.155188
v 0.161748 0.001107 -0.167066
v 0.159591 0.00015 -0.122234
v 0.161748 0.001107 -0.167066
v 0.144364 0.001072 -0.169607
v 0.109217 0.001171 -0.157127
v 0.126847 0.00108 -0.166274
v 0.119008 0.044194 -0.165289
v 0.09593401 0.000178 -0.126166
v 0.109217 0.001171 -0.157127
v 0.119008 0.044194 -0.165289
v 0.09593401 0.000178 -0.126166
v 0.119008 0.044194 -0.165289
v 0.09691501 0.038222 -0.121661
v 0.099906 0.037641 -0.08352
v 0.09593401 0.000178 -0.126166
v 0.09691501 0.038222 -0.121661
v 0.099906 0.037641 -0.08352
v 0.09782801 0.000108 -0.06810899
v 0.09593401 0.000178 -0.126166
v 0.117077 0.079104 -0.161656
v 0.09691501 0.038222 -0.121661
v 0.119008 0.044194 -0.165289
v 0.117077 0.079104 -0.161656
v 0.09527001 0.06742 -0.120582
v 0.09691501 0.038222 -0.121661
v 0.09691501 0.038222 -0.121661
v 0.09527001 0.06742 -0.120582
v 0.100194 0.063348 -0.08469799
v 0.09691501 0.038222 -0.121661
v 0.100194 0.063348 -0.08469799
v 0.099906 0.037641 -0.08352
v 0.100194 0.063348 -0.08469799
v 0.106664 0.038289 -0.04184899
v 0.099906 0.037641 -0.08352
v 0.104151 0.097843 -0.07963799
v 0.100194 0.063348 -0.08469799
v 0.09527001 0.06742 -0.120582
v 0.104151 0.097843 -0.07963799
v 0.09527001 0.06742 -0.120582
v 0.104509 0.106507 -0.112016
v 0.148518 0.128341 -0.143993
v 0.104509 0.106507 -0.112016
v 0.09527001 0.06742 -0.120582
v 0.148518 0.128341 -0.143993
v 0.09527001 0.06742 -0.120582
v 0.117077 0.079104 -0.161656
v 0.116983 0.11758 -0.04833899
v 0.106664 0.038289 -0.04184899
v 0.100194 0.063348 -0.08469799
v 0.116983 0.11758 -0.04833899
v 0.100194 0.063348 -0.08469799
v 0.104151 0.097843 -0.07963799
v 0.126847 0.00108 -0.166274
v 0.146147 0.044089 -0.17339
v 0.119008 0.044194 -0.165289
v 0.126847 0.00108 -0.166274
v 0.144364 0.001072 -0.169607
v 0.146147 0.044089 -0.17339
v 0.145402 0.08115 -0.169502
v 0.117077 0.079104 -0.161656
v 0.119008 0.044194 -0.165289
v 0.145402 0.08115 -0.169502
v 0.119008 0.044194 -0.165289
v 0.146147 0.044089 -0.17339
v 0.117077 0.079104 -0.161656
v 0.145402 0.08115 -0.169502
v 0.148518 0.128341 -0.143993
v -0.126832 0.075679 0.131683
v -0.123716 0.076561 0.08540999
v -0.10092 0.023504 0.08222799
v -0.164198 0.085098 0.145314
v -0.123716 0.076561 0.08540999
v -0.126832 0.075679 0.131683
v -0.164198 0.085098 0.145314
v -0.16445 0.083169 0.08785099
v -0.123716 0.076561 0.08540999
v -0.19986 0.077089 0.126403
v -0.16445 0.083169 0.08785099
v -0.164198 0.085098 0.145314
v -0.19986 0.077089 0.126403
v -0.204521 0.078114 0.08496799
v -0.16445 0.083169 0.08785099
v -0.227057 0.040158 0.08517898
v -0.204521 0.078114 0.08496799
v -0.19986 0.077089 0.126403
v -0.202376 0.084358 0.05225698
v -0.204521 0.078114 0.08496799
v -0.227057 0.040158 0.08517898
v -0.202376 0.084358 0.05225698
v -0.227057 0.040158 0.08517898
v -0.230747 0.020823 0.04733198
v -0.164198 0.085098 0.145314
v -0.126832 0.075679 0.131683
v -0.118138 0.034434 0.132724
v -0.10092 0.023504 0.08222799
v -0.118138 0.034434 0.132724
v -0.126832 0.075679 0.131683
v -0.164198 0.085098 0.145314
v -0.118138 0.034434 0.132724
v -0.141926 0.046461 0.151859
v -0.19986 0.077089 0.126403
v -0.164198 0.085098 0.145314
v -0.181988 0.04583 0.153885
v -0.164198 0.085098 0.145314
v -0.141926 0.046461 0.151859
v -0.181988 0.04583 0.153885
v -0.19986 0.077089 0.126403
v -0.181988 0.04583 0.153885
v -0.207033 0.035023 0.13198
v -0.188499 0.117575 -0.01591402
v -0.202376 0.084358 0.05225698
v -0.230747 0.020823 0.04733198
v -0.188499 0.117575 -0.01591402
v -0.230747 0.020823 0.04733198
v -0.217041 0.031625 -0.000432019
v -0.217041 0.031625 -0.000432019
v -0.189216 0.127007 -0.04644302
v -0.188499 0.117575 -0.01591402
v -0.217041 0.031625 -0.000432019
v -0.208032 0.038299 -0.04182302
v -0.189216 0.127007 -0.04644302
v -0.163372 0.087958 0.05626298
v -0.16445 0.083169 0.08785099
v -0.204521 0.078114 0.08496799
v -0.163372 0.087958 0.05626298
v -0.204521 0.078114 0.08496799
v -0.202376 0.084358 0.05225698
v -0.188499 0.117575 -0.01591402
v -0.163372 0.087958 0.05626298
v -0.202376 0.084358 0.05225698
v -0.127409 0.084186 0.05255499
v -0.16445 0.083169 0.08785099
v -0.163372 0.087958 0.05626298
v -0.125539 0.116137 -0.01713001
v -0.127409 0.084186 0.05255499
v -0.163372 0.087958 0.05626298
v -0.102347 0.0243 0.04474199
v -0.127409 0.084186 0.05255499
v -0.125539 0.116137 -0.01713001
v -0.102347 0.0243 0.04474199
v -0.125539 0.116137 -0.01713001
v -0.108869 0.031618 -0.0002010095
v -0.10092 0.023504 0.08222799
v -0.127409 0.084186 0.05255499
v -0.102347 0.0243 0.04474199
v -0.10092 0.023504 0.08222799
v -0.123716 0.076561 0.08540999
v -0.127409 0.084186 0.05255499
v -0.116982 0.11758 -0.04833901
v -0.108869 0.031618 -0.0002010095
v -0.125539 0.116137 -0.01713001
v -0.116982 0.11758 -0.04833901
v -0.125539 0.116137 -0.01713001
v -0.158812 0.116101 -0.01173101
v -0.125539 0.116137 -0.01713001
v -0.163372 0.087958 0.05626298
v -0.158812 0.116101 -0.01173101
v -0.188499 0.117575 -0.01591402
v -0.158812 0.116101 -0.01173101
v -0.163372 0.087958 0.05626298
v -0.189216 0.127007 -0.04644302
v -0.158812 0.116101 -0.01173101
v -0.188499 0.117575 -0.01591402
v -0.116982 0.11758 -0.04833901
v -0.158812 0.116101 -0.01173101
v -0.15727 0.1268 -0.04354401
v -0.189216 0.127007 -0.04644302
v -0.15727 0.1268 -0.04354401
v -0.158812 0.116101 -0.01173101
v -0.116982 0.11758 -0.04833901
v -0.106663 0.038289 -0.04184801
v -0.108869 0.031618 -0.0002010095
v -0.127409 0.084186 0.05255499
v -0.123716 0.076561 0.08540999
v -0.16445 0.083169 0.08785099
v -0.10978 0.002232 -0.01116901
v -0.108869 0.031618 -0.0002010095
v -0.106663 0.038289 -0.04184801
v -0.10978 0.002232 -0.01116901
v -0.102347 0.0243 0.04474199
v -0.108869 0.031618 -0.0002010095
v -0.10978 0.002232 -0.01116901
v -0.106663 0.038289 -0.04184801
v -0.106969 0.015806 -0.03993601
v -0.106969 0.015806 -0.03993601
v -0.106663 0.038289 -0.04184801
v -0.09990599 0.037641 -0.08352001
v -0.106969 0.015806 -0.03993601
v -0.09990599 0.037641 -0.08352001
v -0.09782399 0.000108 -0.06810801
v -0.10978 0.002232 -0.01116901
v -0.101218 -0.002906 0.03857799
v -0.102347 0.0243 0.04474199
v -0.098887 -0.002529 0.07755599
v -0.10092 0.023504 0.08222799
v -0.102347 0.0243 0.04474199
v -0.098887 -0.002529 0.07755599
v -0.102347 0.0243 0.04474199
v -0.101218 -0.002906 0.03857799
v -0.117458 0.012302 0.131455
v -0.10092 0.023504 0.08222799
v -0.098887 -0.002529 0.07755599
v -0.117458 0.012302 0.131455
v -0.118138 0.034434 0.132724
v -0.10092 0.023504 0.08222799
v -0.141781 0.025165 0.14761
v -0.118138 0.034434 0.132724
v -0.117458 0.012302 0.131455
v -0.141781 0.025165 0.14761
v -0.141926 0.046461 0.151859
v -0.118138 0.034434 0.132724
v -0.181968 0.024236 0.149468
v -0.141926 0.046461 0.151859
v -0.141781 0.025165 0.14761
v -0.181968 0.024236 0.149468
v -0.181988 0.04583 0.153885
v -0.141926 0.046461 0.151859
v -0.207924 0.014748 0.129916
v -0.181988 0.04583 0.153885
v -0.181968 0.024236 0.149468
v -0.207924 0.014748 0.129916
v -0.207033 0.035023 0.13198
v -0.181988 0.04583 0.153885
v -0.23048 -0.002529 0.07976197
v -0.207033 0.035023 0.13198
v -0.207924 0.014748 0.129916
v -0.23048 -0.002529 0.07976197
v -0.22837 0.021479 0.07975398
v -0.207033 0.035023 0.13198
v -0.22728 -0.002906 0.03874498
v -0.22837 0.021479 0.07975398
v -0.23048 -0.002529 0.07976197
v -0.22728 -0.002906 0.03874498
v -0.230747 0.020823 0.04733198
v -0.22837 0.021479 0.07975398
v -0.22728 -0.002906 0.03874498
v -0.217041 0.031625 -0.000432019
v -0.230747 0.020823 0.04733198
v -0.22728 -0.002906 0.03874498
v -0.218223 0.002232 -0.01137902
v -0.217041 0.031625 -0.000432019
v -0.208032 0.038299 -0.04182302
v -0.217041 0.031625 -0.000432019
v -0.218223 0.002232 -0.01137902
v -0.208032 0.038299 -0.04182302
v -0.218223 0.002232 -0.01137902
v -0.209173 0.015806 -0.03992502
v -0.20685 0.000109 -0.06783001
v -0.208032 0.038299 -0.04182302
v -0.209173 0.015806 -0.03992502
v -0.20685 0.000109 -0.06783001
v -0.206169 0.037631 -0.08313102
v -0.208032 0.038299 -0.04182302
v -0.200357 0.038221 -0.121138
v -0.206169 0.037631 -0.08313102
v -0.20685 0.000109 -0.06783001
v -0.200357 0.038221 -0.121138
v -0.20685 0.000109 -0.06783001
v -0.200402 0.000182 -0.125742
v -0.182255 0.001171 -0.155188
v -0.200357 0.038221 -0.121138
v -0.200402 0.000182 -0.125742
v -0.182255 0.001171 -0.155188
v -0.173739 0.043964 -0.164484
v -0.200357 0.038221 -0.121138
v -0.161748 0.001107 -0.167067
v -0.173739 0.043964 -0.164484
v -0.182255 0.001171 -0.155188
v -0.144364 0.001072 -0.169607
v -0.173739 0.043964 -0.164484
v -0.161748 0.001107 -0.167067
v -0.144364 0.001072 -0.169607
v -0.146147 0.044089 -0.17339
v -0.173739 0.043964 -0.164484
v -0.227057 0.040158 0.08517898
v -0.22837 0.021479 0.07975398
v -0.230747 0.020823 0.04733198
v -0.19986 0.077089 0.126403
v -0.22837 0.021479 0.07975398
v -0.227057 0.040158 0.08517898
v -0.19986 0.077089 0.126403
v -0.207033 0.035023 0.13198
v -0.22837 0.021479 0.07975398
v -0.206169 0.037631 -0.08313102
v -0.200357 0.038221 -0.121138
v -0.201708 0.067384 -0.119929
v -0.201708 0.067384 -0.119929
v -0.200357 0.038221 -0.121138
v -0.173739 0.043964 -0.164484
v -0.201708 0.067384 -0.119929
v -0.173739 0.043964 -0.164484
v -0.174597 0.078507 -0.160557
v -0.174597 0.078507 -0.160557
v -0.173739 0.043964 -0.164484
v -0.146147 0.044089 -0.17339
v -0.174597 0.078507 -0.160557
v -0.146147 0.044089 -0.17339
v -0.145402 0.08115 -0.169502
v -0.206169 0.037631 -0.08313102
v -0.201708 0.067384 -0.119929
v -0.193349 0.100769 -0.107027
v -0.193349 0.100769 -0.107027
v -0.201708 0.067384 -0.119929
v -0.174597 0.078507 -0.160557
v -0.206169 0.037631 -0.08313102
v -0.193349 0.100769 -0.107027
v -0.207068 0.096393 -0.07927202
v -0.145402 0.08115 -0.169502
v -0.148517 0.128343 -0.144023
v -0.174597 0.078507 -0.160557
v -0.193349 0.100769 -0.107027
v -0.174597 0.078507 -0.160557
v -0.148517 0.128343 -0.144023
v -0.207068 0.096393 -0.07927202
v -0.189216 0.127007 -0.04644302
v -0.208032 0.038299 -0.04182302
v -0.207068 0.096393 -0.07927202
v -0.208032 0.038299 -0.04182302
v -0.206169 0.037631 -0.08313102
v -0.141781 0.025165 0.14761
v -0.165043 -0.002472 0.07696699
v -0.181968 0.024236 0.149468
v -0.165043 -0.002472 0.07696699
v -0.141781 0.025165 0.14761
v -0.117458 0.012302 0.131455
v -0.165043 -0.002472 0.07696699
v -0.117458 0.012302 0.131455
v -0.098887 -0.002529 0.07755599
v -0.162862 -0.002876 0.03727198
v -0.165043 -0.002472 0.07696699
v -0.098887 -0.002529 0.07755599
v -0.162862 -0.002876 0.03727198
v -0.098887 -0.002529 0.07755599
v -0.101218 -0.002906 0.03857799
v -0.23048 -0.002529 0.07976197
v -0.181968 0.024236 0.149468
v -0.165043 -0.002472 0.07696699
v -0.23048 -0.002529 0.07976197
v -0.207924 0.014748 0.129916
v -0.181968 0.024236 0.149468
v -0.22728 -0.002906 0.03874498
v -0.23048 -0.002529 0.07976197
v -0.165043 -0.002472 0.07696699
v -0.22728 -0.002906 0.03874498
v -0.165043 -0.002472 0.07696699
v -0.162862 -0.002876 0.03727198
v -0.160153 0.002232 -0.01150301
v -0.22728 -0.002906 0.03874498
v -0.162862 -0.002876 0.03727198
v -0.160153 0.002232 -0.01150301
v -0.218223 0.002232 -0.01137902
v -0.22728 -0.002906 0.03874498
v -0.162862 -0.002876 0.03727198
v -0.101218 -0.002906 0.03857799
v -0.10978 0.002232 -0.01116901
v -0.162862 -0.002876 0.03727198
v -0.10978 0.002232 -0.01116901
v -0.160153 0.002232 -0.01150301
v -0.160153 0.002232 -0.01150301
v -0.209173 0.015806 -0.03992502
v -0.218223 0.002232 -0.01137902
v -0.160153 0.002232 -0.01150301
v -0.161289 0.015806 -0.04002701
v -0.209173 0.015806 -0.03992502
v -0.10978 0.002232 -0.01116901
v -0.161289 0.015806 -0.04002701
v -0.160153 0.002232 -0.01150301
v -0.20685 0.000109 -0.06783001
v -0.209173 0.015806 -0.03992502
v -0.161289 0.015806 -0.04002701
v -0.20685 0.000109 -0.06783001
v -0.161289 0.015806 -0.04002701
v -0.160165 0.000111 -0.06777801
v -0.20685 0.000109 -0.06783001
v -0.160165 0.000111 -0.06777801
v -0.159591 0.00015 -0.122234
v -0.20685 0.000109 -0.06783001
v -0.159591 0.00015 -0.122234
v -0.200402 0.000182 -0.125742
v -0.160165 0.000111 -0.06777801
v -0.09593299 0.000178 -0.126167
v -0.159591 0.00015 -0.122234
v -0.160165 0.000111 -0.06777801
v -0.09782399 0.000108 -0.06810801
v -0.09593299 0.000178 -0.126167
v -0.160165 0.000111 -0.06777801
v -0.161289 0.015806 -0.04002701
v -0.106969 0.015806 -0.03993601
v -0.160165 0.000111 -0.06777801
v -0.106969 0.015806 -0.03993601
v -0.09782399 0.000108 -0.06810801
v -0.10978 0.002232 -0.01116901
v -0.106969 0.015806 -0.03993601
v -0.161289 0.015806 -0.04002701
v -0.09593299 0.000178 -0.126167
v -0.126847 0.00108 -0.166274
v -0.159591 0.00015 -0.122234
v -0.159591 0.00015 -0.122234
v -0.126847 0.00108 -0.166274
v -0.144364 0.001072 -0.169607
v -0.09593299 0.000178 -0.126167
v -0.109217 0.001171 -0.157127
v -0.126847 0.00108 -0.166274
v -0.159591 0.00015 -0.122234
v -0.182255 0.001171 -0.155188
v -0.200402 0.000182 -0.125742
v -0.159591 0.00015 -0.122234
v -0.161748 0.001107 -0.167067
v -0.182255 0.001171 -0.155188
v -0.159591 0.00015 -0.122234
v -0.144364 0.001072 -0.169607
v -0.161748 0.001107 -0.167067
v -0.109217 0.001171 -0.157127
v -0.119008 0.044194 -0.165289
v -0.126847 0.00108 -0.166274
v -0.09593299 0.000178 -0.126167
v -0.119008 0.044194 -0.165289
v -0.109217 0.001171 -0.157127
v -0.09593299 0.000178 -0.126167
v -0.09691499 0.038222 -0.121661
v -0.119008 0.044194 -0.165289
v -0.09990599 0.037641 -0.08352001
v -0.09691499 0.038222 -0.121661
v -0.09593299 0.000178 -0.126167
v -0.09990599 0.037641 -0.08352001
v -0.09593299 0.000178 -0.126167
v -0.09782399 0.000108 -0.06810801
v -0.117076 0.079104 -0.161656
v -0.119008 0.044194 -0.165289
v -0.09691499 0.038222 -0.121661
v -0.117076 0.079104 -0.161656
v -0.09691499 0.038222 -0.121661
v -0.09526999 0.06742 -0.120582
v -0.09691499 0.038222 -0.121661
v -0.09990599 0.037641 -0.08352001
v -0.100193 0.063348 -0.08469801
v -0.09691499 0.038222 -0.121661
v -0.100193 0.063348 -0.08469801
v -0.09526999 0.06742 -0.120582
v -0.100193 0.063348 -0.08469801
v -0.09990599 0.037641 -0.08352001
v -0.106663 0.038289 -0.04184801
v -0.10415 0.097843 -0.079638
v -0.09526999 0.06742 -0.120582
v -0.100193 0.063348 -0.08469801
v -0.10415 0.097843 -0.079638
v -0.104509 0.106507 -0.112016
v -0.09526999 0.06742 -0.120582
v -0.148517 0.128343 -0.144023
v -0.117076 0.079104 -0.161656
v -0.09526999 0.06742 -0.120582
v -0.148517 0.128343 -0.144023
v -0.09526999 0.06742 -0.120582
v -0.104509 0.106507 -0.112016
v -0.116982 0.11758 -0.04833901
v -0.10415 0.097843 -0.079638
v -0.100193 0.063348 -0.08469801
v -0.116982 0.11758 -0.04833901
v -0.100193 0.063348 -0.08469801
v -0.106663 0.038289 -0.04184801
v -0.126847 0.00108 -0.166274
v -0.119008 0.044194 -0.165289
v -0.146147 0.044089 -0.17339
v -0.126847 0.00108 -0.166274
v -0.146147 0.044089 -0.17339
v -0.144364 0.001072 -0.169607
v -0.145402 0.08115 -0.169502
v -0.146147 0.044089 -0.17339
v -0.119008 0.044194 -0.165289
v -0.145402 0.08115 -0.169502
v -0.119008 0.044194 -0.165289
v -0.117076 0.079104 -0.161656
v -0.117076 0.079104 -0.161656
v -0.148517 0.128343 -0.144023
v -0.145402 0.08115 -0.169502
v -0.168015 1.090261 0.04465399
v -0.149875 1.077475 0.08924198
v -0.140711 1.056623 0.08054298
v -0.168015 1.090261 0.04465399
v -0.140711 1.056623 0.08054298
v -0.158809 1.067963 0.03969698
v -0.158809 1.067963 0.03969698
v -0.175698 1.097157 -0.005412016
v -0.168015 1.090261 0.04465399
v -0.158809 1.067963 0.03969698
v -0.172529 1.070739 -0.007652015
v -0.175698 1.097157 -0.005412016
v -0.149875 1.077475 0.08924198
v -0.107362 1.047973 0.1112
v -0.140711 1.056623 0.08054298
v -0.149875 1.077475 0.08924198
v -0.113669 1.070374 0.123051
v -0.107362 1.047973 0.1112
v -0.152796 1.066612 -0.007655013
v -0.172529 1.070739 -0.007652015
v -0.158809 1.067963 0.03969698
v -0.152796 1.066612 -0.007655013
v -0.158809 1.067963 0.03969698
v -0.147923 1.061632 0.03414999
v -0.145335 1.139692 0.09093198
v -0.149875 1.077475 0.08924198
v -0.168015 1.090261 0.04465399
v -0.145335 1.139692 0.09093198
v -0.168015 1.090261 0.04465399
v -0.168402 1.130452 0.04591098
v -0.168402 1.130452 0.04591098
v -0.168015 1.090261 0.04465399
v -0.175698 1.097157 -0.005412016
v -0.140711 1.056623 0.08054298
v -0.107362 1.047973 0.1112
v -0.096857 1.046988 0.09505399
v -0.140711 1.056623 0.08054298
v -0.096857 1.046988 0.09505399
v -0.126351 1.052986 0.068533
v -0.158809 1.067963 0.03969698
v -0.140711 1.056623 0.08054298
v -0.126351 1.052986 0.068533
v -0.158809 1.067963 0.03969698
v -0.126351 1.052986 0.068533
v -0.147923 1.061632 0.03414999
v -0.168402 1.130452 0.04591098
v -0.175698 1.097157 -0.005412016
v -0.171716 1.120804 0.000990985
v -0.149875 1.077475 0.08924198
v -0.145335 1.139692 0.09093198
v -0.108464 1.133992 0.120203
v -0.149875 1.077475 0.08924198
v -0.108464 1.133992 0.120203
v -0.113669 1.070374 0.123051
v -0.107362 1.047973 0.1112
v -0.05884701 1.044073 0.111219
v -0.096857 1.046988 0.09505399
v -0.107362 1.047973 0.1112
v -0.06205901 1.043316 0.128598
v -0.05884701 1.044073 0.111219
v -0.113669 1.070374 0.123051
v -0.06205901 1.043316 0.128598
v -0.107362 1.047973 0.1112
v -0.05884701 1.044073 0.111219
v -0.06205901 1.043316 0.128598
v 0.001482989 1.044628 0.128257
v 0.001482989 1.044628 0.128257
v -0.06205901 1.043316 0.128598
v -0.06392302 1.067881 0.142385
v -0.113669 1.070374 0.123051
v -0.06392302 1.067881 0.142385
v -0.06205901 1.043316 0.128598
v -0.108464 1.133992 0.120203
v -0.06392302 1.067881 0.142385
v -0.113669 1.070374 0.123051
v 0.001482989 1.044628 0.128257
v -0.06392302 1.067881 0.142385
v 0.0001459875 1.068969 0.142464
v 0.067628 1.045994 0.122357
v 0.001482989 1.044628 0.128257
v 0.0001459875 1.068969 0.142464
v 0.067628 1.045994 0.122357
v 0.0001459875 1.068969 0.142464
v 0.06969298 1.07015 0.136884
v 0.06969298 1.07015 0.136884
v 0.121871 1.05715 0.08614201
v 0.067628 1.045994 0.122357
v 0.06969298 1.07015 0.136884
v 0.128959 1.082421 0.102844
v 0.121871 1.05715 0.08614201
v 0.067628 1.045994 0.122357
v 0.121871 1.05715 0.08614201
v 0.116531 1.058036 0.07780701
v 0.067628 1.045994 0.122357
v 0.116531 1.058036 0.07780701
v 0.06531699 1.047503 0.107261
v 0.001482989 1.044628 0.128257
v 0.067628 1.045994 0.122357
v 0.06531699 1.047503 0.107261
v 0.001482989 1.044628 0.128257
v 0.06531699 1.047503 0.107261
v 0.00323499 1.045788 0.111957
v -0.05884701 1.044073 0.111219
v 0.001482989 1.044628 0.128257
v 0.00323499 1.045788 0.111957
v 0.06969298 1.07015 0.136884
v 0.0001459875 1.068969 0.142464
v 0.001981988 1.134696 0.139071
v 0.06969298 1.07015 0.136884
v 0.001981988 1.134696 0.139071
v 0.06761999 1.14284 0.129474
v 0.06761999 1.14284 0.129474
v 0.128959 1.082421 0.102844
v 0.06969298 1.07015 0.136884
v 0.06761999 1.14284 0.129474
v 0.120072 1.136943 0.100387
v 0.128959 1.082421 0.102844
v 0.0001459875 1.068969 0.142464
v -0.06392302 1.067881 0.142385
v -0.06010101 1.126993 0.136459
v 0.0001459875 1.068969 0.142464
v -0.06010101 1.126993 0.136459
v 0.001981988 1.134696 0.139071
v -0.108464 1.133992 0.120203
v -0.06010101 1.126993 0.136459
v -0.06392302 1.067881 0.142385
v 0.121871 1.05715 0.08614201
v 0.144933 1.067808 0.03840901
v 0.116531 1.058036 0.07780701
v 0.121871 1.05715 0.08614201
v 0.153419 1.069067 0.04032401
v 0.144933 1.067808 0.03840901
v 0.128959 1.082421 0.102844
v 0.153419 1.069067 0.04032401
v 0.121871 1.05715 0.08614201
v 0.153419 1.069067 0.04032401
v 0.15269 1.071625 -0.001023987
v 0.144933 1.067808 0.03840901
v 0.153419 1.069067 0.04032401
v 0.167273 1.076302 -0.0004609854
v 0.15269 1.071625 -0.001023987
v 0.167273 1.076302 -0.0004609854
v 0.153419 1.069067 0.04032401
v 0.162966 1.095463 0.04693501
v 0.128959 1.082421 0.102844
v 0.162966 1.095463 0.04693501
v 0.153419 1.069067 0.04032401
v 0.120072 1.136943 0.100387
v 0.162966 1.095463 0.04693501
v 0.128959 1.082421 0.102844
v 0.167273 1.076302 -0.0004609854
v 0.162966 1.095463 0.04693501
v 0.1774 1.103278 0.0009130155
v 0.152509 1.125661 0.04965701
v 0.1774 1.103278 0.0009130155
v 0.162966 1.095463 0.04693501
v 0.120072 1.136943 0.100387
v 0.152509 1.125661 0.04965701
v 0.162966 1.095463 0.04693501
v 0.152509 1.125661 0.04965701
v 0.171543 1.113634 0.002228015
v 0.1774 1.103278 0.0009130155
v -0.172529 1.070739 -0.007652015
v -0.171158 1.074522 -0.03120301
v -0.174676 1.101153 -0.02995102
v -0.172529 1.070739 -0.007652015
v -0.174676 1.101153 -0.02995102
v -0.175698 1.097157 -0.005412016
v -0.171158 1.074522 -0.03120301
v -0.147044 1.103674 -0.09139202
v -0.174676 1.101153 -0.02995102
v -0.171158 1.074522 -0.03120301
v -0.134613 1.078183 -0.08805002
v -0.147044 1.103674 -0.09139202
v -0.134613 1.078183 -0.08805002
v -0.07042898 1.114702 -0.147135
v -0.147044 1.103674 -0.09139202
v -0.134613 1.078183 -0.08805002
v -0.06720099 1.085873 -0.141365
v -0.07042898 1.114702 -0.147135
v -0.06720099 1.085873 -0.141365
v -0.007775987 1.111358 -0.150886
v -0.07042898 1.114702 -0.147135
v -0.06720099 1.085873 -0.141365
v -0.005099988 1.084124 -0.146389
v -0.007775987 1.111358 -0.150886
v 0.06205101 1.111296 -0.147687
v -0.007775987 1.111358 -0.150886
v -0.005099988 1.084124 -0.146389
v 0.06205101 1.111296 -0.147687
v -0.005099988 1.084124 -0.146389
v 0.05881801 1.085613 -0.136323
v 0.12707 1.110415 -0.110964
v 0.06205101 1.111296 -0.147687
v 0.05881801 1.085613 -0.136323
v 0.12707 1.110415 -0.110964
v 0.05881801 1.085613 -0.136323
v 0.116911 1.085675 -0.115376
v 0.116911 1.085675 -0.115376
v 0.161749 1.109233 -0.06292798
v 0.12707 1.110415 -0.110964
v 0.116911 1.085675 -0.115376
v 0.153041 1.082961 -0.05630799
v 0.161749 1.109233 -0.06292798
v 0.166647 1.108628 -0.03735498
v 0.161749 1.109233 -0.06292798
v 0.153041 1.082961 -0.05630799
v 0.166647 1.108628 -0.03735498
v 0.153041 1.082961 -0.05630799
v 0.158326 1.080874 -0.03113099
v 0.1774 1.103278 0.0009130155
v 0.166647 1.108628 -0.03735498
v 0.158326 1.080874 -0.03113099
v 0.1774 1.103278 0.0009130155
v 0.158326 1.080874 -0.03113099
v 0.167273 1.076302 -0.0004609854
v 0.167273 1.076302 -0.0004609854
v 0.158326 1.080874 -0.03113099
v 0.148383 1.076847 -0.03078699
v 0.148383 1.076847 -0.03078699
v 0.158326 1.080874 -0.03113099
v 0.153041 1.082961 -0.05630799
v 0.167273 1.076302 -0.0004609854
v 0.148383 1.076847 -0.03078699
v 0.15269 1.071625 -0.001023987
v 0.1774 1.103278 0.0009130155
v 0.151132 1.133538 -0.05394999
v 0.166647 1.108628 -0.03735498
v 0.1774 1.103278 0.0009130155
v 0.171543 1.113634 0.002228015
v 0.151132 1.133538 -0.05394999
v 0.123695 1.129344 -0.114838
v 0.12707 1.110415 -0.110964
v 0.161749 1.109233 -0.06292798
v 0.123695 1.129344 -0.114838
v 0.161749 1.109233 -0.06292798
v 0.140463 1.139589 -0.07333498
v 0.140463 1.139589 -0.07333498
v 0.161749 1.109233 -0.06292798
v 0.166647 1.108628 -0.03735498
v 0.140463 1.139589 -0.07333498
v 0.166647 1.108628 -0.03735498
v 0.151132 1.133538 -0.05394999
v 0.116911 1.085675 -0.115376
v 0.05881801 1.085613 -0.136323
v 0.05025001 1.084995 -0.124644
v 0.116911 1.085675 -0.115376
v 0.05025001 1.084995 -0.124644
v 0.103808 1.083508 -0.09754399
v 0.153041 1.082961 -0.05630799
v 0.116911 1.085675 -0.115376
v 0.103808 1.083508 -0.09754399
v 0.153041 1.082961 -0.05630799
v 0.103808 1.083508 -0.09754399
v 0.139577 1.081404 -0.05481599
v 0.148383 1.076847 -0.03078699
v 0.153041 1.082961 -0.05630799
v 0.139577 1.081404 -0.05481599
v 0.05881801 1.085613 -0.136323
v -0.00378899 1.080634 -0.11415
v 0.05025001 1.084995 -0.124644
v 0.05881801 1.085613 -0.136323
v -0.005099988 1.084124 -0.146389
v -0.00378899 1.080634 -0.11415
v -0.005099988 1.084124 -0.146389
v -0.06344999 1.08105 -0.112205
v -0.00378899 1.080634 -0.11415
v -0.005099988 1.084124 -0.146389
v -0.06720099 1.085873 -0.141365
v -0.06344999 1.08105 -0.112205
v -0.06344999 1.08105 -0.112205
v -0.06720099 1.085873 -0.141365
v -0.134613 1.078183 -0.08805002
v -0.06344999 1.08105 -0.112205
v -0.134613 1.078183 -0.08805002
v -0.127345 1.076174 -0.07034501
v -0.134613 1.078183 -0.08805002
v -0.145593 1.071052 -0.03010601
v -0.127345 1.076174 -0.07034501
v -0.134613 1.078183 -0.08805002
v -0.171158 1.074522 -0.03120301
v -0.145593 1.071052 -0.03010601
v -0.145593 1.071052 -0.03010601
v -0.171158 1.074522 -0.03120301
v -0.172529 1.070739 -0.007652015
v -0.145593 1.071052 -0.03010601
v -0.172529 1.070739 -0.007652015
v -0.152796 1.066612 -0.007655013
v 0.05362201 1.135233 -0.135825
v 0.12707 1.110415 -0.110964
v 0.123695 1.129344 -0.114838
v 0.05362201 1.135233 -0.135825
v 0.06205101 1.111296 -0.147687
v 0.12707 1.110415 -0.110964
v -0.01200199 1.138868 -0.127201
v 0.06205101 1.111296 -0.147687
v 0.05362201 1.135233 -0.135825
v -0.01200199 1.138868 -0.127201
v -0.007775987 1.111358 -0.150886
v 0.06205101 1.111296 -0.147687
v -0.068051 1.133969 -0.107482
v -0.007775987 1.111358 -0.150886
v -0.01200199 1.138868 -0.127201
v -0.068051 1.133969 -0.107482
v -0.07042898 1.114702 -0.147135
v -0.007775987 1.111358 -0.150886
v -0.150362 1.131076 -0.07020401
v -0.07042898 1.114702 -0.147135
v -0.068051 1.133969 -0.107482
v -0.150362 1.131076 -0.07020401
v -0.147044 1.103674 -0.09139202
v -0.07042898 1.114702 -0.147135
v -0.165235 1.126518 -0.02199801
v -0.147044 1.103674 -0.09139202
v -0.150362 1.131076 -0.07020401
v -0.165235 1.126518 -0.02199801
v -0.174676 1.101153 -0.02995102
v -0.147044 1.103674 -0.09139202
v -0.171716 1.120804 0.000990985
v -0.174676 1.101153 -0.02995102
v -0.165235 1.126518 -0.02199801
v -0.171716 1.120804 0.000990985
v -0.175698 1.097157 -0.005412016
v -0.174676 1.101153 -0.02995102
v -0.06138401 0.878631 0.08693299
v -0.108521 0.925675 0.087235
v -0.09553701 0.9773 0.09702899
v -0.06138401 0.878631 0.08693299
v -0.09553701 0.9773 0.09702899
v -0.03950901 0.890434 0.096647
v -0.06138401 0.878631 0.08693299
v -0.121506 0.874051 0.07743999
v -0.108521 0.925675 0.087235
v -0.108521 0.925675 0.087235
v -0.121506 0.874051 0.07743999
v -0.178813 0.856641 0.03724799
v -0.108521 0.925675 0.087235
v -0.178813 0.856641 0.03724799
v -0.172723 0.923182 0.04319398
v -0.09553701 0.9773 0.09702899
v -0.108521 0.925675 0.087235
v -0.172723 0.923182 0.04319398
v -0.172723 0.923182 0.04319398
v -0.178813 0.856641 0.03724799
v -0.188381 0.854369 -0.05422401
v -0.172723 0.923182 0.04319398
v -0.188381 0.854369 -0.05422401
v -0.18375 0.919802 -0.05611001
v -0.184417 0.717171 0.03393698
v -0.188381 0.854369 -0.05422401
v -0.178813 0.856641 0.03724799
v -0.184417 0.717171 0.03393698
v -0.18956 0.753483 -0.07621901
v -0.188381 0.854369 -0.05422401
v -0.188381 0.854369 -0.05422401
v -0.14809 0.916741 -0.09412602
v -0.18375 0.919802 -0.05611001
v -0.188381 0.854369 -0.05422401
v -0.147625 0.84722 -0.09681401
v -0.14809 0.916741 -0.09412602
v -0.18956 0.753483 -0.07621901
v -0.147625 0.84722 -0.09681401
v -0.188381 0.854369 -0.05422401
v -0.18956 0.753483 -0.07621901
v -0.159252 0.756103 -0.102639
v -0.147625 0.84722 -0.09681401
v -0.08572699 0.762717 -0.125742
v -0.147625 0.84722 -0.09681401
v -0.159252 0.756103 -0.102639
v -0.08572699 0.762717 -0.125742
v -0.08609998 0.875402 -0.134194
v -0.147625 0.84722 -0.09681401
v -0.129658 0.715408 0.07953899
v -0.184417 0.717171 0.03393698
v -0.178813 0.856641 0.03724799
v -0.129658 0.715408 0.07953899
v -0.178813 0.856641 0.03724799
v -0.121506 0.874051 0.07743999
v -0.129658 0.715408 0.07953899
v -0.184239 0.562107 0.004911984
v -0.184417 0.717171 0.03393698
v -0.129658 0.715408 0.07953899
v -0.13957 0.56368 0.04830499
v -0.184239 0.562107 0.004911984
v -0.184239 0.562107 0.004911984
v -0.13957 0.56368 0.04830499
v -0.142574 0.509963 0.03299999
v -0.184239 0.562107 0.004911984
v -0.142574 0.509963 0.03299999
v -0.18482 0.507268 -0.01231402
v -0.18482 0.507268 -0.01231402
v -0.193667 0.571254 -0.09047402
v -0.184239 0.562107 0.004911984
v -0.193667 0.571254 -0.09047402
v -0.18956 0.753483 -0.07621901
v -0.184417 0.717171 0.03393698
v -0.193667 0.571254 -0.09047402
v -0.184417 0.717171 0.03393698
v -0.184239 0.562107 0.004911984
v -0.18482 0.507268 -0.01231402
v -0.195564 0.51592 -0.09716702
v -0.193667 0.571254 -0.09047402
v -0.193667 0.571254 -0.09047402
v -0.195564 0.51592 -0.09716702
v -0.146471 0.524392 -0.120293
v -0.193667 0.571254 -0.09047402
v -0.146471 0.524392 -0.120293
v -0.15206 0.578363 -0.114367
v -0.18956 0.753483 -0.07621901
v -0.193667 0.571254 -0.09047402
v -0.15206 0.578363 -0.114367
v -0.18956 0.753483 -0.07621901
v -0.15206 0.578363 -0.114367
v -0.159252 0.756103 -0.102639
v -0.146471 0.524392 -0.120293
v -0.08607699 0.574027 -0.10914
v -0.15206 0.578363 -0.114367
v -0.08607699 0.574027 -0.10914
v -0.08572699 0.762717 -0.125742
v -0.159252 0.756103 -0.102639
v -0.08607699 0.574027 -0.10914
v -0.159252 0.756103 -0.102639
v -0.15206 0.578363 -0.114367
v -0.146471 0.524392 -0.120293
v -0.087433 0.516732 -0.106462
v -0.08607699 0.574027 -0.10914
v -0.033193 0.524112 -0.038072
v -0.08607699 0.574027 -0.10914
v -0.087433 0.516732 -0.106462
v -0.033193 0.524112 -0.038072
v -0.027244 0.564064 -0.035229
v -0.08607699 0.574027 -0.10914
v -0.027244 0.564064 -0.035229
v -0.08572699 0.762717 -0.125742
v -0.08607699 0.574027 -0.10914
v -0.037133 0.496452 -0.04405
v -0.033193 0.524112 -0.038072
v -0.087433 0.516732 -0.106462
v -0.040486 0.468785 -0.04476
v -0.037133 0.496452 -0.04405
v -0.087433 0.516732 -0.106462
v -0.040486 0.468785 -0.04476
v -0.087433 0.516732 -0.106462
v -0.09598 0.493694 -0.115126
v -0.09598 0.493694 -0.115126
v -0.087433 0.516732 -0.106462
v -0.146471 0.524392 -0.120293
v -0.055952 0.413637 -0.046157
v -0.040486 0.468785 -0.04476
v -0.09598 0.493694 -0.115126
v -0.055952 0.413637 -0.046157
v -0.09598 0.493694 -0.115126
v -0.097445 0.46959 -0.114533
v -0.180893 0.478513 -0.01664601
v -0.195564 0.51592 -0.09716702
v -0.18482 0.507268 -0.01231402
v -0.180893 0.478513 -0.01664601
v -0.195848 0.487793 -0.103307
v -0.195564 0.51592 -0.09716702
v -0.09598 0.493694 -0.115126
v -0.146471 0.524392 -0.120293
v -0.146911 0.496159 -0.129813
v -0.097445 0.46959 -0.114533
v -0.09598 0.493694 -0.115126
v -0.146911 0.496159 -0.129813
v -0.146911 0.496159 -0.129813
v -0.146471 0.524392 -0.120293
v -0.195564 0.51592 -0.09716702
v -0.146911 0.496159 -0.129813
v -0.195564 0.51592 -0.09716702
v -0.195848 0.487793 -0.103307
v -0.184216 0.450265 -0.02240502
v -0.195848 0.487793 -0.103307
v -0.180893 0.478513 -0.01664601
v -0.184216 0.450265 -0.02240502
v -0.196262 0.460433 -0.109184
v -0.195848 0.487793 -0.103307
v -0.097445 0.46959 -0.114533
v -0.146911 0.496159 -0.129813
v -0.147256 0.469727 -0.134125
v -0.147256 0.469727 -0.134125
v -0.146911 0.496159 -0.129813
v -0.195848 0.487793 -0.103307
v -0.147256 0.469727 -0.134125
v -0.195848 0.487793 -0.103307
v -0.196262 0.460433 -0.109184
v -0.193703 0.394889 -0.02510702
v -0.196262 0.460433 -0.109184
v -0.184216 0.450265 -0.02240502
v -0.193703 0.394889 -0.02510702
v -0.201368 0.404186 -0.115905
v -0.196262 0.460433 -0.109184
v -0.196063 0.212856 -0.04261802
v -0.201368 0.404186 -0.115905
v -0.193703 0.394889 -0.02510702
v -0.149069 0.394359 0.01477499
v -0.196063 0.212856 -0.04261802
v -0.193703 0.394889 -0.02510702
v -0.149069 0.394359 0.01477499
v -0.193703 0.394889 -0.02510702
v -0.184216 0.450265 -0.02240502
v -0.149069 0.394359 0.01477499
v -0.162618 0.211831 -0.02414102
v -0.196063 0.212856 -0.04261802
v -0.101364 0.400743 0.01120699
v -0.162618 0.211831 -0.02414102
v -0.149069 0.394359 0.01477499
v -0.101364 0.400743 0.01120699
v -0.149069 0.394359 0.01477499
v -0.146004 0.449114 0.02435399
v -0.146004 0.449114 0.02435399
v -0.184216 0.450265 -0.02240502
v -0.180893 0.478513 -0.01664601
v -0.149069 0.394359 0.01477499
v -0.184216 0.450265 -0.02240502
v -0.146004 0.449114 0.02435399
v -0.101364 0.400743 0.01120699
v -0.146004 0.449114 0.02435399
v -0.094023 0.452329 0.03154299
v -0.094023 0.452329 0.03154299
v -0.058004 0.402612 -0.02024801
v -0.101364 0.400743 0.01120699
v -0.094023 0.452329 0.03154299
v -0.054953 0.459411 0.003505995
v -0.058004 0.402612 -0.02024801
v -0.094023 0.452329 0.03154299
v -0.052739 0.487891 0.001551995
v -0.054953 0.459411 0.003505995
v -0.094023 0.452329 0.03154299
v -0.093122 0.482321 0.03481699
v -0.052739 0.487891 0.001551995
v -0.093122 0.482321 0.03481699
v -0.046767 0.516075 0.011728
v -0.052739 0.487891 0.001551995
v -0.093122 0.482321 0.03481699
v -0.095101 0.51394 0.03690699
v -0.046767 0.516075 0.011728
v -0.09426901 0.566623 0.05239599
v -0.046767 0.516075 0.011728
v -0.095101 0.51394 0.03690699
v -0.09426901 0.566623 0.05239599
v -0.04050601 0.571548 0.024819
v -0.046767 0.516075 0.011728
v -0.027244 0.564064 -0.035229
v -0.046767 0.516075 0.011728
v -0.04050601 0.571548 0.024819
v -0.027244 0.564064 -0.035229
v -0.033193 0.524112 -0.038072
v -0.046767 0.516075 0.011728
v -0.052739 0.487891 0.001551995
v -0.046767 0.516075 0.011728
v -0.033193 0.524112 -0.038072
v -0.093122 0.482321 0.03481699
v -0.142574 0.509963 0.03299999
v -0.095101 0.51394 0.03690699
v -0.093122 0.482321 0.03481699
v -0.144344 0.478709 0.02833999
v -0.142574 0.509963 0.03299999
v -0.094023 0.452329 0.03154299
v -0.146004 0.449114 0.02435399
v -0.144344 0.478709 0.02833999
v -0.094023 0.452329 0.03154299
v -0.144344 0.478709 0.02833999
v -0.093122 0.482321 0.03481699
v -0.052739 0.487891 0.001551995
v -0.033193 0.524112 -0.038072
v -0.037133 0.496452 -0.04405
v -0.054953 0.459411 0.003505995
v -0.052739 0.487891 0.001551995
v -0.037133 0.496452 -0.04405
v -0.054953 0.459411 0.003505995
v -0.037133 0.496452 -0.04405
v -0.040486 0.468785 -0.04476
v -0.058004 0.402612 -0.02024801
v -0.054953 0.459411 0.003505995
v -0.040486 0.468785 -0.04476
v -0.058004 0.402612 -0.02024801
v -0.040486 0.468785 -0.04476
v -0.055952 0.413637 -0.046157
v -0.055952 0.413637 -0.046157
v -0.084326 0.199612 -0.03107501
v -0.058004 0.402612 -0.02024801
v -0.058004 0.402612 -0.02024801
v -0.084326 0.199612 -0.03107501
v -0.133376 0.210708 -0.003894012
v -0.055952 0.413637 -0.046157
v -0.06956699 0.194036 -0.07040801
v -0.084326 0.199612 -0.03107501
v -0.140642 0.188426 -0.01991501
v -0.133376 0.210708 -0.003894012
v -0.084326 0.199612 -0.03107501
v -0.140642 0.188426 -0.01991501
v -0.084326 0.199612 -0.03107501
v -0.092836 0.176471 -0.03550701
v -0.092836 0.176471 -0.03550701
v -0.084326 0.199612 -0.03107501
v -0.06956699 0.194036 -0.07040801
v -0.140642 0.188426 -0.01991501
v -0.162618 0.211831 -0.02414102
v -0.133376 0.210708 -0.003894012
v -0.101364 0.400743 0.01120699
v -0.133376 0.210708 -0.003894012
v -0.162618 0.211831 -0.02414102
v -0.058004 0.402612 -0.02024801
v -0.133376 0.210708 -0.003894012
v -0.101364 0.400743 0.01120699
v -0.140642 0.188426 -0.01991501
v -0.188644 0.176344 -0.009052017
v -0.162618 0.211831 -0.02414102
v -0.097372 0.153858 -0.01362901
v -0.140642 0.188426 -0.01991501
v -0.092836 0.176471 -0.03550701
v -0.097372 0.153858 -0.01362901
v -0.1272 0.15339 -0.003187011
v -0.140642 0.188426 -0.01991501
v -0.1272 0.15339 -0.003187011
v -0.188644 0.176344 -0.009052017
v -0.140642 0.188426 -0.01991501
v -0.092836 0.176471 -0.03550701
v -0.06956699 0.194036 -0.07040801
v -0.074775 0.167406 -0.07040701
v -0.097372 0.153858 -0.01362901
v -0.092836 0.176471 -0.03550701
v -0.074775 0.167406 -0.07040701
v -0.1272 0.15339 -0.003187011
v -0.170474 0.152229 0.001082985
v -0.188644 0.176344 -0.009052017
v -0.097372 0.153858 -0.01362901
v -0.074775 0.167406 -0.07040701
v -0.08425999 0.141918 -0.069887
v -0.097372 0.153858 -0.01362901
v -0.130092 0.104746 0.02079999
v -0.1272 0.15339 -0.003187011
v -0.130092 0.104746 0.02079999
v -0.170474 0.152229 0.001082985
v -0.1272 0.15339 -0.003187011
v -0.097372 0.153858 -0.01362901
v -0.106333 0.08663 -0.0009650093
v -0.130092 0.104746 0.02079999
v -0.08425999 0.141918 -0.069887
v -0.106333 0.08663 -0.0009650093
v -0.097372 0.153858 -0.01362901
v -0.08425999 0.141918 -0.069887
v -0.09387399 0.066329 -0.07031
v -0.106333 0.08663 -0.0009650093
v -0.170474 0.152229 0.001082985
v -0.209668 0.177305 -0.03497602
v -0.188644 0.176344 -0.009052017
v -0.170474 0.152229 0.001082985
v -0.206222 0.154305 -0.03568202
v -0.209668 0.177305 -0.03497602
v -0.130092 0.104746 0.02079999
v -0.191871 0.103397 0.01983998
v -0.170474 0.152229 0.001082985
v -0.191871 0.103397 0.01983998
v -0.206222 0.154305 -0.03568202
v -0.170474 0.152229 0.001082985
v -0.191871 0.103397 0.01983998
v -0.214607 0.089388 -0.02584502
v -0.206222 0.154305 -0.03568202
v -0.206222 0.154305 -0.03568202
v -0.196662 0.17808 -0.139866
v -0.209668 0.177305 -0.03497602
v -0.209668 0.177305 -0.03497602
v -0.196662 0.17808 -0.139866
v -0.196934 0.206707 -0.137073
v -0.209668 0.177305 -0.03497602
v -0.196934 0.206707 -0.137073
v -0.196063 0.212856 -0.04261802
v -0.188644 0.176344 -0.009052017
v -0.209668 0.177305 -0.03497602
v -0.196063 0.212856 -0.04261802
v -0.196063 0.212856 -0.04261802
v -0.196934 0.206707 -0.137073
v -0.201368 0.404186 -0.115905
v -0.201368 0.404186 -0.115905
v -0.196934 0.206707 -0.137073
v -0.15567 0.21289 -0.151169
v -0.15567 0.21289 -0.151169
v -0.196934 0.206707 -0.137073
v -0.196662 0.17808 -0.139866
v -0.201368 0.404186 -0.115905
v -0.15567 0.21289 -0.151169
v -0.153937 0.413414 -0.140512
v -0.153937 0.413414 -0.140512
v -0.196262 0.460433 -0.109184
v -0.201368 0.404186 -0.115905
v -0.153937 0.413414 -0.140512
v -0.147256 0.469727 -0.134125
v -0.196262 0.460433 -0.109184
v -0.206222 0.154305 -0.03568202
v -0.194287 0.14933 -0.137711
v -0.196662 0.17808 -0.139866
v -0.214607 0.089388 -0.02584502
v -0.194287 0.14933 -0.137711
v -0.206222 0.154305 -0.03568202
v -0.214607 0.089388 -0.02584502
v -0.209638 0.072888 -0.145125
v -0.194287 0.14933 -0.137711
v -0.10647 0.085332 -0.001257009
v -0.106333 0.08663 -0.0009650093
v -0.09387399 0.066329 -0.07031
v -0.10647 0.085332 -0.001257009
v -0.130092 0.104746 0.02079999
v -0.106333 0.08663 -0.0009650093
v -0.10647 0.085332 -0.001257009
v -0.130264 0.103213 0.02074599
v -0.130092 0.104746 0.02079999
v -0.10647 0.085332 -0.001257009
v -0.09387399 0.066329 -0.07031
v -0.09475599 0.066275 -0.07033101
v -0.130264 0.103213 0.02074599
v -0.191871 0.103397 0.01983998
v -0.130092 0.104746 0.02079999
v -0.130264 0.103213 0.02074599
v -0.191575 0.103092 0.01923098
v -0.191871 0.103397 0.01983998
v -0.130264 0.103213 0.02074599
v -0.10647 0.085332 -0.001257009
v -0.121598 0.107489 -0.02271401
v -0.104842 0.098663 -0.08272201
v -0.121598 0.107489 -0.02271401
v -0.10647 0.085332 -0.001257009
v -0.104842 0.098663 -0.08272201
v -0.10647 0.085332 -0.001257009
v -0.09475599 0.066275 -0.07033101
v -0.191575 0.103092 0.01923098
v -0.214607 0.089388 -0.02584502
v -0.191871 0.103397 0.01983998
v -0.191575 0.103092 0.01923098
v -0.21364 0.08969 -0.02649102
v -0.214607 0.089388 -0.02584502
v -0.21364 0.08969 -0.02649102
v -0.209638 0.072888 -0.145125
v -0.214607 0.089388 -0.02584502
v -0.161645 0.12111 -0.008634014
v -0.191575 0.103092 0.01923098
v -0.130264 0.103213 0.02074599
v -0.161645 0.12111 -0.008634014
v -0.130264 0.103213 0.02074599
v -0.121598 0.107489 -0.02271401
v -0.161645 0.12111 -0.008634014
v -0.21364 0.08969 -0.02649102
v -0.191575 0.103092 0.01923098
v -0.161645 0.12111 -0.008634014
v -0.187819 0.114018 -0.04582702
v -0.21364 0.08969 -0.02649102
v -0.21364 0.08969 -0.02649102
v -0.205733 0.07288 -0.144393
v -0.209638 0.072888 -0.145125
v -0.182004 0.101857 -0.144353
v -0.205733 0.07288 -0.144393
v -0.21364 0.08969 -0.02649102
v -0.182004 0.101857 -0.144353
v -0.21364 0.08969 -0.02649102
v -0.187819 0.114018 -0.04582702
v -0.152062 0.064335 -0.174774
v -0.205733 0.07288 -0.144393
v -0.182004 0.101857 -0.144353
v -0.152062 0.064335 -0.174774
v -0.182004 0.101857 -0.144353
v -0.110514 0.094123 -0.135701
v -0.152062 0.064335 -0.174774
v -0.110514 0.094123 -0.135701
v -0.10278 0.062574 -0.156685
v -0.151881 0.064781 -0.18617
v -0.152062 0.064335 -0.174774
v -0.10278 0.062574 -0.156685
v -0.205733 0.07288 -0.144393
v -0.152062 0.064335 -0.174774
v -0.151881 0.064781 -0.18617
v -0.151881 0.064781 -0.18617
v -0.10278 0.062574 -0.156685
v -0.101872 0.062549 -0.168377
v -0.150467 0.143777 -0.158723
v -0.151881 0.064781 -0.18617
v -0.101872 0.062549 -0.168377
v -0.150467 0.143777 -0.158723
v -0.101872 0.062549 -0.168377
v -0.108999 0.146448 -0.142642
v -0.108999 0.146448 -0.142642
v -0.101872 0.062549 -0.168377
v -0.09397098 0.060544 -0.130357
v -0.10278 0.062574 -0.156685
v -0.09397098 0.060544 -0.130357
v -0.101872 0.062549 -0.168377
v -0.108999 0.146448 -0.142642
v -0.09397098 0.060544 -0.130357
v -0.08102699 0.14201 -0.120689
v -0.142074 0.17669 -0.153905
v -0.108999 0.146448 -0.142642
v -0.08102699 0.14201 -0.120689
v -0.150467 0.143777 -0.158723
v -0.108999 0.146448 -0.142642
v -0.142074 0.17669 -0.153905
v -0.142074 0.17669 -0.153905
v -0.08102699 0.14201 -0.120689
v -0.07633999 0.171225 -0.118414
v -0.074775 0.167406 -0.07040701
v -0.07633999 0.171225 -0.118414
v -0.08102699 0.14201 -0.120689
v -0.074775 0.167406 -0.07040701
v -0.08102699 0.14201 -0.120689
v -0.08425999 0.141918 -0.069887
v -0.08102699 0.14201 -0.120689
v -0.09397098 0.060544 -0.130357
v -0.09387399 0.066329 -0.07031
v -0.08102699 0.14201 -0.120689
v -0.09387399 0.066329 -0.07031
v -0.08425999 0.141918 -0.069887
v -0.194287 0.14933 -0.137711
v -0.150467 0.143777 -0.158723
v -0.142074 0.17669 -0.153905
v -0.194287 0.14933 -0.137711
v -0.142074 0.17669 -0.153905
v -0.196662 0.17808 -0.139866
v -0.15567 0.21289 -0.151169
v -0.196662 0.17808 -0.139866
v -0.142074 0.17669 -0.153905
v -0.09475599 0.066275 -0.07033101
v -0.09387399 0.066329 -0.07031
v -0.09397098 0.060544 -0.130357
v -0.09475599 0.066275 -0.07033101
v -0.09397098 0.060544 -0.130357
v -0.09528898 0.060713 -0.129447
v -0.209638 0.072888 -0.145125
v -0.151881 0.064781 -0.18617
v -0.150467 0.143777 -0.158723
v -0.209638 0.072888 -0.145125
v -0.150467 0.143777 -0.158723
v -0.194287 0.14933 -0.137711
v -0.110514 0.094123 -0.135701
v -0.09475599 0.066275 -0.07033101
v -0.09528898 0.060713 -0.129447
v -0.110514 0.094123 -0.135701
v -0.104842 0.098663 -0.08272201
v -0.09475599 0.066275 -0.07033101
v -0.10278 0.062574 -0.156685
v -0.09528898 0.060713 -0.129447
v -0.09397098 0.060544 -0.130357
v -0.09528898 0.060713 -0.129447
v -0.10278 0.062574 -0.156685
v -0.110514 0.094123 -0.135701
v -0.205733 0.07288 -0.144393
v -0.151881 0.064781 -0.18617
v -0.209638 0.072888 -0.145125
v -0.074775 0.167406 -0.07040701
v -0.08137699 0.197506 -0.117431
v -0.07633999 0.171225 -0.118414
v -0.142074 0.17669 -0.153905
v -0.07633999 0.171225 -0.118414
v -0.08137699 0.197506 -0.117431
v -0.142074 0.17669 -0.153905
v -0.08137699 0.197506 -0.117431
v -0.15567 0.21289 -0.151169
v -0.153937 0.413414 -0.140512
v -0.15567 0.21289 -0.151169
v -0.08137699 0.197506 -0.117431
v -0.153937 0.413414 -0.140512
v -0.08137699 0.197506 -0.117431
v -0.08985699 0.415077 -0.111495
v -0.08985699 0.415077 -0.111495
v -0.08137699 0.197506 -0.117431
v -0.06956699 0.194036 -0.07040801
v -0.074775 0.167406 -0.07040701
v -0.06956699 0.194036 -0.07040801
v -0.08137699 0.197506 -0.117431
v -0.08985699 0.415077 -0.111495
v -0.06956699 0.194036 -0.07040801
v -0.055952 0.413637 -0.046157
v -0.153937 0.413414 -0.140512
v -0.08985699 0.415077 -0.111495
v -0.097445 0.46959 -0.114533
v -0.097445 0.46959 -0.114533
v -0.08985699 0.415077 -0.111495
v -0.055952 0.413637 -0.046157
v -0.153937 0.413414 -0.140512
v -0.097445 0.46959 -0.114533
v -0.147256 0.469727 -0.134125
v -0.08872801 1.064313 0.09982199
v -1.052308E-08 1.060552 0.12037
v -1.061129E-08 1.034947 0.121379
v -0.08872801 1.064313 0.09982199
v -1.061129E-08 1.034947 0.121379
v -0.091878 1.034999 0.101452
v -0.091878 1.034999 0.101452
v -0.145094 1.07148 0.04692899
v -0.08872801 1.064313 0.09982199
v -0.091878 1.034999 0.101452
v -0.149757 1.047466 0.04757798
v -0.145094 1.07148 0.04692899
v -0.149757 1.047466 0.04757798
v -0.159381 1.081687 -0.05056902
v -0.145094 1.07148 0.04692899
v -0.149757 1.047466 0.04757798
v -0.164298 1.050435 -0.05286302
v -0.159381 1.081687 -0.05056902
v -0.164298 1.050435 -0.05286302
v -0.13061 1.088478 -0.07852601
v -0.159381 1.081687 -0.05056902
v -0.164298 1.050435 -0.05286302
v -0.143875 1.054396 -0.08378101
v -0.13061 1.088478 -0.07852601
v -0.101108 1.059723 -0.129196
v -0.13061 1.088478 -0.07852601
v -0.143875 1.054396 -0.08378101
v -0.101108 1.059723 -0.129196
v -0.09788699 1.093128 -0.112844
v -0.13061 1.088478 -0.07852601
v -0.09788699 1.093128 -0.112844
v -0.101108 1.059723 -0.129196
v 1.264396E-08 1.066175 -0.14463
v -0.09788699 1.093128 -0.112844
v 1.264396E-08 1.066175 -0.14463
v 1.176046E-08 1.096297 -0.134524
v -1.061129E-08 1.034947 0.121379
v -0.09553701 0.9773 0.09702899
v -0.091878 1.034999 0.101452
v -1.061129E-08 1.034947 0.121379
v 8.799005E-05 0.980386 0.11383
v -0.09553701 0.9773 0.09702899
v -0.166633 0.989723 0.04913998
v -0.149757 1.047466 0.04757798
v -0.091878 1.034999 0.101452
v -0.166633 0.989723 0.04913998
v -0.091878 1.034999 0.101452
v -0.09553701 0.9773 0.09702899
v -0.179118 0.985234 -0.05799701
v -0.164298 1.050435 -0.05286302
v -0.149757 1.047466 0.04757798
v -0.179118 0.985234 -0.05799701
v -0.149757 1.047466 0.04757798
v -0.166633 0.989723 0.04913998
v -0.143875 1.054396 -0.08378101
v -0.164298 1.050435 -0.05286302
v -0.179118 0.985234 -0.05799701
v -0.143875 1.054396 -0.08378101
v -0.179118 0.985234 -0.05799701
v -0.152415 0.986261 -0.09143802
v -0.101108 1.059723 -0.129196
v -0.143875 1.054396 -0.08378101
v -0.152415 0.986261 -0.09143802
v -0.101108 1.059723 -0.129196
v -0.152415 0.986261 -0.09143802
v -0.104784 0.99479 -0.153501
v 1.264396E-08 1.066175 -0.14463
v -0.101108 1.059723 -0.129196
v -0.104784 0.99479 -0.153501
v -0.14809 0.916741 -0.09412602
v -0.104784 0.99479 -0.153501
v -0.152415 0.986261 -0.09143802
v -0.179118 0.985234 -0.05799701
v -0.14809 0.916741 -0.09412602
v -0.152415 0.986261 -0.09143802
v -0.14809 0.916741 -0.09412602
v -0.09544198 0.935096 -0.152062
v -0.104784 0.99479 -0.153501
v 1.013954E-06 1.005672 -0.15961
v -0.104784 0.99479 -0.153501
v -0.09544198 0.935096 -0.152062
v 1.264396E-08 1.066175 -0.14463
v -0.104784 0.99479 -0.153501
v 1.013954E-06 1.005672 -0.15961
v 1.013954E-06 1.005672 -0.15961
v -0.09544198 0.935096 -0.152062
v -2.986133E-06 0.950081 -0.158617
v -0.147625 0.84722 -0.09681401
v -0.09544198 0.935096 -0.152062
v -0.14809 0.916741 -0.09412602
v -0.147625 0.84722 -0.09681401
v -0.08609998 0.875402 -0.134194
v -0.09544198 0.935096 -0.152062
v -2.986133E-06 0.950081 -0.158617
v -0.09544198 0.935096 -0.152062
v -0.08609998 0.875402 -0.134194
v -2.986133E-06 0.950081 -0.158617
v -0.08609998 0.875402 -0.134194
v -5.987657E-06 0.894491 -0.141195
v -5.987657E-06 0.894491 -0.141195
v -0.08609998 0.875402 -0.134194
v -0.03448699 0.846355 -0.086335
v -5.987657E-06 0.894491 -0.141195
v -0.03448699 0.846355 -0.086335
v -0.0002629906 0.864735 -0.107639
v -0.0002629906 0.864735 -0.107639
v -0.03448699 0.846355 -0.086335
v -0.013316 0.831928 -0.053072
v -0.0002629906 0.864735 -0.107639
v -0.013316 0.831928 -0.053072
v 0.0002370041 0.834346 -0.047244
v 0.0002370041 0.834346 -0.047244
v -0.013316 0.831928 -0.053072
v -0.005128999 0.824522 -0.011875
v 0.0002370041 0.834346 -0.047244
v -0.005128999 0.824522 -0.011875
v 0.0002390004 0.829225 -0.004728
v -0.03448699 0.846355 -0.086335
v -0.03490199 0.796506 -0.076419
v -0.013316 0.831928 -0.053072
v -0.013316 0.831928 -0.053072
v -0.03490199 0.796506 -0.076419
v -0.008150999 0.769618 -0.019023
v -0.013316 0.831928 -0.053072
v -0.008150999 0.769618 -0.019023
v -0.005128999 0.824522 -0.011875
v -0.011409 0.695637 -0.033654
v -0.008150999 0.769618 -0.019023
v -0.03490199 0.796506 -0.076419
v -0.011409 0.695637 -0.033654
v -0.03490199 0.796506 -0.076419
v -0.08572699 0.762717 -0.125742
v -0.03448699 0.846355 -0.086335
v -0.08609998 0.875402 -0.134194
v -0.08572699 0.762717 -0.125742
v -0.03448699 0.846355 -0.086335
v -0.08572699 0.762717 -0.125742
v -0.03490199 0.796506 -0.076419
v -0.027244 0.564064 -0.035229
v -0.011409 0.695637 -0.033654
v -0.08572699 0.762717 -0.125742
v 0.0002390004 0.829225 -0.004728
v -0.005128999 0.824522 -0.011875
v -0.010199 0.829705 0.036712
v 0.0002390004 0.829225 -0.004728
v -0.010199 0.829705 0.036712
v 0.0002319978 0.829705 0.024741
v -0.01998701 0.825807 0.059009
v -0.010199 0.829705 0.036712
v -0.005128999 0.824522 -0.011875
v -0.01998701 0.825807 0.059009
v -0.005128999 0.824522 -0.011875
v -0.02148401 0.810268 0.05735699
v -0.01998701 0.825807 0.059009
v -0.02148401 0.810268 0.05735699
v -0.07292001 0.851652 0.09189199
v -0.01998701 0.825807 0.059009
v -0.07292001 0.851652 0.09189199
v -0.06138401 0.878631 0.08693299
v -0.06138401 0.878631 0.08693299
v -0.07292001 0.851652 0.09189199
v -0.121506 0.874051 0.07743999
v -0.01536601 0.836954 0.070177
v -0.010199 0.829705 0.036712
v -0.01998701 0.825807 0.059009
v -0.06138401 0.878631 0.08693299
v -0.01536601 0.836954 0.070177
v -0.01998701 0.825807 0.059009
v -0.01536601 0.836954 0.070177
v 0.0002319978 0.829705 0.024741
v -0.010199 0.829705 0.036712
v -0.06138401 0.878631 0.08693299
v -0.03950901 0.890434 0.096647
v -0.01536601 0.836954 0.070177
v -0.03950901 0.890434 0.096647
v 0.0002219933 0.836954 0.077072
v -0.01536601 0.836954 0.070177
v -0.01536601 0.836954 0.070177
v 0.0002219933 0.836954 0.077072
v 0.0002319978 0.829705 0.024741
v -0.03950901 0.890434 0.096647
v 0.0002129915 0.887115 0.096915
v 0.0002219933 0.836954 0.077072
v 8.799005E-05 0.980386 0.11383
v 0.0002129915 0.887115 0.096915
v -0.03950901 0.890434 0.096647
v 8.799005E-05 0.980386 0.11383
v -0.03950901 0.890434 0.096647
v -0.09553701 0.9773 0.09702899
v -0.07292001 0.851652 0.09189199
v -0.129658 0.715408 0.07953899
v -0.121506 0.874051 0.07743999
v -0.07292001 0.851652 0.09189199
v -0.09564301 0.714589 0.08415899
v -0.129658 0.715408 0.07953899
v -0.02148401 0.810268 0.05735699
v -0.09564301 0.714589 0.08415899
v -0.07292001 0.851652 0.09189199
v -0.129658 0.715408 0.07953899
v -0.09564301 0.714589 0.08415899
v -0.09426901 0.566623 0.05239599
v -0.09564301 0.714589 0.08415899
v -0.04050601 0.571548 0.024819
v -0.09426901 0.566623 0.05239599
v -0.09564301 0.714589 0.08415899
v -0.029341 0.728698 0.048682
v -0.04050601 0.571548 0.024819
v -0.02148401 0.810268 0.05735699
v -0.029341 0.728698 0.048682
v -0.09564301 0.714589 0.08415899
v -0.129658 0.715408 0.07953899
v -0.09426901 0.566623 0.05239599
v -0.13957 0.56368 0.04830499
v -0.13957 0.56368 0.04830499
v -0.09426901 0.566623 0.05239599
v -0.095101 0.51394 0.03690699
v -0.13957 0.56368 0.04830499
v -0.095101 0.51394 0.03690699
v -0.142574 0.509963 0.03299999
v -0.011409 0.695637 -0.033654
v -0.04050601 0.571548 0.024819
v -0.029341 0.728698 0.048682
v -0.011409 0.695637 -0.033654
v -0.027244 0.564064 -0.035229
v -0.04050601 0.571548 0.024819
v -0.008150999 0.769618 -0.019023
v -0.011409 0.695637 -0.033654
v -0.029341 0.728698 0.048682
v -0.008150999 0.769618 -0.019023
v -0.029341 0.728698 0.048682
v -0.02148401 0.810268 0.05735699
v -0.008150999 0.769618 -0.019023
v -0.02148401 0.810268 0.05735699
v -0.005128999 0.824522 -0.011875
v -0.144344 0.478709 0.02833999
v -0.18482 0.507268 -0.01231402
v -0.142574 0.509963 0.03299999
v -0.144344 0.478709 0.02833999
v -0.180893 0.478513 -0.01664601
v -0.18482 0.507268 -0.01231402
v -0.146004 0.449114 0.02435399
v -0.180893 0.478513 -0.01664601
v -0.144344 0.478709 0.02833999
v -0.024187 1.075405 -0.003911003
v -1.052308E-08 1.060552 0.12037
v -0.08872801 1.064313 0.09982199
v -0.145094 1.07148 0.04692899
v -0.024187 1.075405 -0.003911003
v -0.08872801 1.064313 0.09982199
v -0.159381 1.081687 -0.05056902
v -0.024187 1.075405 -0.003911003
v -0.145094 1.07148 0.04692899
v -0.159381 1.081687 -0.05056902
v -0.13061 1.088478 -0.07852601
v -0.024187 1.075405 -0.003911003
v -0.024187 1.075405 -0.003911003
v -0.13061 1.088478 -0.07852601
v -0.09788699 1.093128 -0.112844
v 1.176046E-08 1.096297 -0.134524
v -0.024187 1.075405 -0.003911003
v -0.09788699 1.093128 -0.112844
v 0.09557799 0.977304 0.09698401
v 0.04000799 0.890466 0.096395
v 0.0002129915 0.887115 0.096915
v 0.09557799 0.977304 0.09698401
v 0.0002129915 0.887115 0.096915
v 8.799005E-05 0.980386 0.11383
v 8.799005E-05 0.980386 0.11383
v 0.09187799 1.034999 0.101452
v 0.09557799 0.977304 0.09698401
v 8.799005E-05 0.980386 0.11383
v -1.061129E-08 1.034947 0.121379
v 0.09187799 1.034999 0.101452
v 0.09187799 1.034999 0.101452
v -1.061129E-08 1.034947 0.121379
v -1.052308E-08 1.060552 0.12037
v 0.09187799 1.034999 0.101452
v -1.052308E-08 1.060552 0.12037
v 0.088728 1.064313 0.09982201
v 0.088728 1.064313 0.09982201
v 0.149757 1.047466 0.04757801
v 0.09187799 1.034999 0.101452
v 0.149757 1.047466 0.04757801
v 0.09557799 0.977304 0.09698401
v 0.09187799 1.034999 0.101452
v 0.088728 1.064313 0.09982201
v 0.145094 1.07148 0.04692901
v 0.149757 1.047466 0.04757801
v 0.145094 1.07148 0.04692901
v 0.158752 1.0506 -0.03504698
v 0.149757 1.047466 0.04757801
v 0.145094 1.07148 0.04692901
v 0.153821 1.082254 -0.03258999
v 0.158752 1.0506 -0.03504698
v 0.158752 1.0506 -0.03504698
v 0.153821 1.082254 -0.03258999
v 0.13061 1.088478 -0.07852598
v 0.158752 1.0506 -0.03504698
v 0.13061 1.088478 -0.07852598
v 0.143875 1.054396 -0.08378098
v 0.101109 1.059723 -0.129196
v 0.143875 1.054396 -0.08378098
v 0.13061 1.088478 -0.07852598
v 0.101109 1.059723 -0.129196
v 0.13061 1.088478 -0.07852598
v 0.09788701 1.093128 -0.112844
v 1.176046E-08 1.096297 -0.134524
v 0.101109 1.059723 -0.129196
v 0.09788701 1.093128 -0.112844
v 1.176046E-08 1.096297 -0.134524
v 1.264396E-08 1.066175 -0.14463
v 0.101109 1.059723 -0.129196
v 0.158752 1.0506 -0.03504698
v 0.165165 0.989701 0.04930701
v 0.149757 1.047466 0.04757801
v 0.149757 1.047466 0.04757801
v 0.165165 0.989701 0.04930701
v 0.09557799 0.977304 0.09698401
v 0.158752 1.0506 -0.03504698
v 0.172237 0.984977 -0.04042799
v 0.165165 0.989701 0.04930701
v 0.143875 1.054396 -0.08378098
v 0.172237 0.984977 -0.04042799
v 0.158752 1.0506 -0.03504698
v 0.171261 0.923161 0.04339102
v 0.165165 0.989701 0.04930701
v 0.172237 0.984977 -0.04042799
v 0.171261 0.923161 0.04339102
v 0.172237 0.984977 -0.04042799
v 0.176801 0.919585 -0.03786799
v 0.143875 1.054396 -0.08378098
v 0.151479 0.98626 -0.09143998
v 0.172237 0.984977 -0.04042799
v 0.101109 1.059723 -0.129196
v 0.151479 0.98626 -0.09143998
v 0.143875 1.054396 -0.08378098
v 0.101109 1.059723 -0.129196
v 0.105364 0.993222 -0.146857
v 0.151479 0.98626 -0.09143998
v 0.105364 0.993222 -0.146857
v 0.150691 0.916733 -0.09405398
v 0.151479 0.98626 -0.09143998
v 0.172237 0.984977 -0.04042799
v 0.151479 0.98626 -0.09143998
v 0.150691 0.916733 -0.09405398
v 0.172237 0.984977 -0.04042799
v 0.150691 0.916733 -0.09405398
v 0.176801 0.919585 -0.03786799
v 0.176801 0.919585 -0.03786799
v 0.150691 0.916733 -0.09405398
v 0.153082 0.847205 -0.09666698
v 0.176801 0.919585 -0.03786799
v 0.153082 0.847205 -0.09666698
v 0.181364 0.854192 -0.03530899
v 0.181364 0.854192 -0.03530899
v 0.171261 0.923161 0.04339102
v 0.176801 0.919585 -0.03786799
v 0.153082 0.847205 -0.09666698
v 0.182865 0.737689 -0.04697398
v 0.181364 0.854192 -0.03530899
v 0.181364 0.854192 -0.03530899
v 0.182865 0.737689 -0.04697398
v 0.18327 0.717176 0.03456502
v 0.181364 0.854192 -0.03530899
v 0.18327 0.717176 0.03456502
v 0.177357 0.856622 0.03747502
v 0.181364 0.854192 -0.03530899
v 0.177357 0.856622 0.03747502
v 0.171261 0.923161 0.04339102
v 0.153082 0.847205 -0.09666698
v 0.147339 0.756065 -0.102118
v 0.182865 0.737689 -0.04697398
v 0.08605701 0.875385 -0.134046
v 0.147339 0.756065 -0.102118
v 0.153082 0.847205 -0.09666698
v 0.08605701 0.875385 -0.134046
v 0.08573001 0.762716 -0.125729
v 0.147339 0.756065 -0.102118
v 0.03503401 0.796505 -0.076297
v 0.08573001 0.762716 -0.125729
v 0.08605701 0.875385 -0.134046
v 0.03503401 0.796505 -0.076297
v 0.08605701 0.875385 -0.134046
v 0.03458501 0.846344 -0.086395
v 0.08605701 0.875385 -0.134046
v -0.0002629906 0.864735 -0.107639
v 0.03458501 0.846344 -0.086395
v 0.08605701 0.875385 -0.134046
v -5.987657E-06 0.894491 -0.141195
v -0.0002629906 0.864735 -0.107639
v 0.105364 0.993222 -0.146857
v 0.09571002 0.934303 -0.148666
v 0.150691 0.916733 -0.09405398
v 0.09571002 0.934303 -0.148666
v 0.08605701 0.875385 -0.134046
v 0.153082 0.847205 -0.09666698
v 0.09571002 0.934303 -0.148666
v 0.153082 0.847205 -0.09666698
v 0.150691 0.916733 -0.09405398
v 0.09571002 0.934303 -0.148666
v -5.987657E-06 0.894491 -0.141195
v 0.08605701 0.875385 -0.134046
v 0.03503401 0.796505 -0.076297
v 0.011411 0.695637 -0.033653
v 0.08573001 0.762716 -0.125729
v 0.03503401 0.796505 -0.076297
v 0.008258002 0.769594 -0.018631
v 0.011411 0.695637 -0.033653
v 0.03503401 0.796505 -0.076297
v 0.005421001 0.824511 -0.011679
v 0.008258002 0.769594 -0.018631
v 0.03503401 0.796505 -0.076297
v 0.013619 0.831928 -0.053011
v 0.005421001 0.824511 -0.011679
v 0.03458501 0.846344 -0.086395
v 0.013619 0.831928 -0.053011
v 0.03503401 0.796505 -0.076297
v 0.08642801 0.576846 -0.108943
v 0.08573001 0.762716 -0.125729
v 0.011411 0.695637 -0.033653
v 0.08642801 0.576846 -0.108943
v 0.011411 0.695637 -0.033653
v 0.029229 0.566031 -0.034766
v 0.033554 0.524106 -0.037702
v 0.08642801 0.576846 -0.108943
v 0.029229 0.566031 -0.034766
v 0.033554 0.524106 -0.037702
v 0.08779401 0.516725 -0.106093
v 0.08642801 0.576846 -0.108943
v 0.08779401 0.516725 -0.106093
v 0.147505 0.581022 -0.113745
v 0.08642801 0.576846 -0.108943
v 0.147505 0.581022 -0.113745
v 0.08573001 0.762716 -0.125729
v 0.08642801 0.576846 -0.108943
v 0.08779401 0.516725 -0.106093
v 0.146832 0.524386 -0.119923
v 0.147505 0.581022 -0.113745
v 0.147505 0.581022 -0.113745
v 0.146832 0.524386 -0.119923
v 0.190171 0.516366 -0.07802799
v 0.147505 0.581022 -0.113745
v 0.190171 0.516366 -0.07802799
v 0.188199 0.574466 -0.07130198
v 0.188199 0.574466 -0.07130198
v 0.190171 0.516366 -0.07802799
v 0.185132 0.50716 -0.009023984
v 0.188199 0.574466 -0.07130198
v 0.185132 0.50716 -0.009023984
v 0.184946 0.564757 0.006013016
v 0.037152 0.496424 -0.043664
v 0.08779401 0.516725 -0.106093
v 0.033554 0.524106 -0.037702
v 0.040504 0.468757 -0.044374
v 0.08779401 0.516725 -0.106093
v 0.037152 0.496424 -0.043664
v 0.040504 0.468757 -0.044374
v 0.09599901 0.493666 -0.11474
v 0.08779401 0.516725 -0.106093
v 0.09599901 0.493666 -0.11474
v 0.146832 0.524386 -0.119923
v 0.08779401 0.516725 -0.106093
v 0.051854 0.413609 -0.045771
v 0.09599901 0.493666 -0.11474
v 0.040504 0.468757 -0.044374
v 0.051854 0.413609 -0.045771
v 0.097463 0.469562 -0.114147
v 0.09599901 0.493666 -0.11474
v 0.185132 0.50716 -0.009023984
v 0.190171 0.516366 -0.07802799
v 0.190093 0.488279 -0.08433598
v 0.185132 0.50716 -0.009023984
v 0.190093 0.488279 -0.08433598
v 0.185487 0.478479 -0.01624198
v 0.09599901 0.493666 -0.11474
v 0.146929 0.496131 -0.129428
v 0.146832 0.524386 -0.119923
v 0.097463 0.469562 -0.114147
v 0.146929 0.496131 -0.129428
v 0.09599901 0.493666 -0.11474
v 0.146929 0.496131 -0.129428
v 0.190093 0.488279 -0.08433598
v 0.190171 0.516366 -0.07802799
v 0.146929 0.496131 -0.129428
v 0.190171 0.516366 -0.07802799
v 0.146832 0.524386 -0.119923
v 0.185487 0.478479 -0.01624198
v 0.190093 0.488279 -0.08433598
v 0.190949 0.460969 -0.09022398
v 0.185487 0.478479 -0.01624198
v 0.190949 0.460969 -0.09022398
v 0.18804 0.450237 -0.02201898
v 0.097463 0.469562 -0.114147
v 0.147274 0.469699 -0.133739
v 0.146929 0.496131 -0.129428
v 0.147274 0.469699 -0.133739
v 0.190949 0.460969 -0.09022398
v 0.190093 0.488279 -0.08433598
v 0.147274 0.469699 -0.133739
v 0.190093 0.488279 -0.08433598
v 0.146929 0.496131 -0.129428
v 0.18804 0.450237 -0.02201898
v 0.190949 0.460969 -0.09022398
v 0.19545 0.404702 -0.09754598
v 0.18804 0.450237 -0.02201898
v 0.19545 0.404702 -0.09754598
v 0.193438 0.394889 -0.02510698
v 0.19545 0.404702 -0.09754598
v 0.19602 0.212854 -0.04262798
v 0.193438 0.394889 -0.02510698
v 0.15516 0.392867 0.009484014
v 0.193438 0.394889 -0.02510698
v 0.19602 0.212854 -0.04262798
v 0.18804 0.450237 -0.02201898
v 0.193438 0.394889 -0.02510698
v 0.15516 0.392867 0.009484014
v 0.15516 0.392867 0.009484014
v 0.19602 0.212854 -0.04262798
v 0.169513 0.212238 -0.01846199
v 0.19545 0.404702 -0.09754598
v 0.195889 0.207017 -0.119102
v 0.19602 0.212854 -0.04262798
v 0.144753 0.413384 -0.140119
v 0.19545 0.404702 -0.09754598
v 0.190949 0.460969 -0.09022398
v 0.144753 0.413384 -0.140119
v 0.190949 0.460969 -0.09022398
v 0.147274 0.469699 -0.133739
v 0.144753 0.413384 -0.140119
v 0.195889 0.207017 -0.119102
v 0.19545 0.404702 -0.09754598
v 0.144753 0.413384 -0.140119
v 0.147274 0.469699 -0.133739
v 0.097463 0.469562 -0.114147
v 0.169513 0.212238 -0.01846199
v 0.19602 0.212854 -0.04262798
v 0.188571 0.176345 -0.009123983
v 0.144753 0.413384 -0.140119
v 0.155657 0.212877 -0.151014
v 0.195889 0.207017 -0.119102
v 0.19602 0.212854 -0.04262798
v 0.195889 0.207017 -0.119102
v 0.195197 0.178108 -0.122189
v 0.155657 0.212877 -0.151014
v 0.195197 0.178108 -0.122189
v 0.195889 0.207017 -0.119102
v 0.19602 0.212854 -0.04262798
v 0.195197 0.178108 -0.122189
v 0.209549 0.177301 -0.03501898
v 0.19602 0.212854 -0.04262798
v 0.209549 0.177301 -0.03501898
v 0.188571 0.176345 -0.009123983
v 0.209549 0.177301 -0.03501898
v 0.211669 0.099102 0.003726018
v 0.188571 0.176345 -0.009123983
v 0.188571 0.176345 -0.009123983
v 0.211669 0.099102 0.003726018
v 0.191843 0.1034 0.01977602
v 0.188571 0.176345 -0.009123983
v 0.191843 0.1034 0.01977602
v 0.168898 0.165316 -0.007689985
v 0.140643 0.188427 -0.01992099
v 0.188571 0.176345 -0.009123983
v 0.168898 0.165316 -0.007689985
v 0.140643 0.188427 -0.01992099
v 0.168898 0.165316 -0.007689985
v 0.136 0.168405 -0.02233799
v 0.136 0.168405 -0.02233799
v 0.092893 0.176477 -0.03553299
v 0.140643 0.188427 -0.01992099
v 0.140643 0.188427 -0.01992099
v 0.092893 0.176477 -0.03553299
v 0.084374 0.199617 -0.03109599
v 0.140643 0.188427 -0.01992099
v 0.084374 0.199617 -0.03109599
v 0.133379 0.210709 -0.003905988
v 0.133379 0.210709 -0.003905988
v 0.15516 0.392867 0.009484014
v 0.169513 0.212238 -0.01846199
v 0.133379 0.210709 -0.003905988
v 0.169513 0.212238 -0.01846199
v 0.188571 0.176345 -0.009123983
v 0.133379 0.210709 -0.003905988
v 0.188571 0.176345 -0.009123983
v 0.140643 0.188427 -0.01992099
v 0.101364 0.400743 0.02472001
v 0.133379 0.210709 -0.003905988
v 0.084374 0.199617 -0.03109599
v 0.101364 0.400743 0.02472001
v 0.084374 0.199617 -0.03109599
v 0.058004 0.402612 -5.994929E-06
v 0.094041 0.452301 0.03192901
v 0.101364 0.400743 0.02472001
v 0.058004 0.402612 -5.994929E-06
v 0.094041 0.452301 0.03192901
v 0.058004 0.402612 -5.994929E-06
v 0.054972 0.459383 0.003891005
v 0.094041 0.452301 0.03192901
v 0.054972 0.459383 0.003891005
v 0.052757 0.487862 0.001937005
v 0.094041 0.452301 0.03192901
v 0.052757 0.487862 0.001937005
v 0.093141 0.48228 0.03614001
v 0.093141 0.48228 0.03614001
v 0.052757 0.487862 0.001937005
v 0.047368 0.51602 0.012279
v 0.093141 0.48228 0.03614001
v 0.047368 0.51602 0.012279
v 0.095703 0.513938 0.04032001
v 0.043075 0.574269 0.02572
v 0.095703 0.513938 0.04032001
v 0.047368 0.51602 0.012279
v 0.043075 0.574269 0.02572
v 0.09529899 0.569249 0.05558101
v 0.095703 0.513938 0.04032001
v 0.09529899 0.569249 0.05558101
v 0.15411 0.508623 0.03498701
v 0.095703 0.513938 0.04032001
v 0.09529899 0.569249 0.05558101
v 0.150004 0.565379 0.05026802
v 0.15411 0.508623 0.03498701
v 0.095703 0.513938 0.04032001
v 0.15411 0.508623 0.03498701
v 0.15284 0.477709 0.02789001
v 0.095703 0.513938 0.04032001
v 0.15284 0.477709 0.02789001
v 0.093141 0.48228 0.03614001
v 0.052757 0.487862 0.001937005
v 0.033554 0.524106 -0.037702
v 0.047368 0.51602 0.012279
v 0.043075 0.574269 0.02572
v 0.047368 0.51602 0.012279
v 0.033554 0.524106 -0.037702
v 0.052757 0.487862 0.001937005
v 0.037152 0.496424 -0.043664
v 0.033554 0.524106 -0.037702
v 0.054972 0.459383 0.003891005
v 0.037152 0.496424 -0.043664
v 0.052757 0.487862 0.001937005
v 0.093141 0.48228 0.03614001
v 0.15284 0.477709 0.02789001
v 0.151297 0.448447 0.02331001
v 0.093141 0.48228 0.03614001
v 0.151297 0.448447 0.02331001
v 0.094041 0.452301 0.03192901
v 0.054972 0.459383 0.003891005
v 0.040504 0.468757 -0.044374
v 0.037152 0.496424 -0.043664
v 0.058004 0.402612 -5.994929E-06
v 0.040504 0.468757 -0.044374
v 0.054972 0.459383 0.003891005
v 0.094041 0.452301 0.03192901
v 0.151297 0.448447 0.02331001
v 0.15516 0.392867 0.009484014
v 0.094041 0.452301 0.03192901
v 0.15516 0.392867 0.009484014
v 0.101364 0.400743 0.02472001
v 0.043075 0.574269 0.02572
v 0.033554 0.524106 -0.037702
v 0.029229 0.566031 -0.034766
v 0.144367 0.715913 0.07833301
v 0.150004 0.565379 0.05026802
v 0.09529899 0.569249 0.05558101
v 0.144367 0.715913 0.07833301
v 0.09529899 0.569249 0.05558101
v 0.09654199 0.714635 0.08427801
v 0.030244 0.728692 0.04947
v 0.09654199 0.714635 0.08427801
v 0.09529899 0.569249 0.05558101
v 0.030244 0.728692 0.04947
v 0.09529899 0.569249 0.05558101
v 0.043075 0.574269 0.02572
v 0.030244 0.728692 0.04947
v 0.043075 0.574269 0.02572
v 0.029229 0.566031 -0.034766
v 0.030244 0.728692 0.04947
v 0.029229 0.566031 -0.034766
v 0.011411 0.695637 -0.033653
v 0.18804 0.450237 -0.02201898
v 0.15516 0.392867 0.009484014
v 0.151297 0.448447 0.02331001
v 0.185487 0.478479 -0.01624198
v 0.18804 0.450237 -0.02201898
v 0.151297 0.448447 0.02331001
v 0.185487 0.478479 -0.01624198
v 0.151297 0.448447 0.02331001
v 0.15284 0.477709 0.02789001
v 0.185132 0.50716 -0.009023984
v 0.185487 0.478479 -0.01624198
v 0.15284 0.477709 0.02789001
v 0.185132 0.50716 -0.009023984
v 0.15284 0.477709 0.02789001
v 0.15411 0.508623 0.03498701
v 0.150004 0.565379 0.05026802
v 0.185132 0.50716 -0.009023984
v 0.15411 0.508623 0.03498701
v 0.150004 0.565379 0.05026802
v 0.184946 0.564757 0.006013016
v 0.185132 0.50716 -0.009023984
v 0.144367 0.715913 0.07833301
v 0.184946 0.564757 0.006013016
v 0.150004 0.565379 0.05026802
v 0.144367 0.715913 0.07833301
v 0.18327 0.717176 0.03456502
v 0.184946 0.564757 0.006013016
v 0.182865 0.737689 -0.04697398
v 0.184946 0.564757 0.006013016
v 0.18327 0.717176 0.03456502
v 0.182865 0.737689 -0.04697398
v 0.188199 0.574466 -0.07130198
v 0.184946 0.564757 0.006013016
v 0.147339 0.756065 -0.102118
v 0.188199 0.574466 -0.07130198
v 0.182865 0.737689 -0.04697398
v 0.147339 0.756065 -0.102118
v 0.147505 0.581022 -0.113745
v 0.188199 0.574466 -0.07130198
v 0.147505 0.581022 -0.113745
v 0.147339 0.756065 -0.102118
v 0.08573001 0.762716 -0.125729
v 0.177357 0.856622 0.03747502
v 0.18327 0.717176 0.03456502
v 0.144367 0.715913 0.07833301
v 0.177357 0.856622 0.03747502
v 0.144367 0.715913 0.07833301
v 0.120236 0.874013 0.07744901
v 0.171261 0.923161 0.04339102
v 0.177357 0.856622 0.03747502
v 0.120236 0.874013 0.07744901
v 0.171261 0.923161 0.04339102
v 0.120236 0.874013 0.07744901
v 0.107907 0.925658 0.08721701
v 0.165165 0.989701 0.04930701
v 0.171261 0.923161 0.04339102
v 0.107907 0.925658 0.08721701
v 0.165165 0.989701 0.04930701
v 0.107907 0.925658 0.08721701
v 0.09557799 0.977304 0.09698401
v 0.09557799 0.977304 0.09698401
v 0.107907 0.925658 0.08721701
v 0.06069299 0.878898 0.08701701
v 0.120236 0.874013 0.07744901
v 0.06069299 0.878898 0.08701701
v 0.107907 0.925658 0.08721701
v 0.09557799 0.977304 0.09698401
v 0.06069299 0.878898 0.08701701
v 0.04000799 0.890466 0.096395
v 0.06069299 0.878898 0.08701701
v 0.01505699 0.836935 0.07011
v 0.04000799 0.890466 0.096395
v 0.01505699 0.836935 0.07011
v 0.0002129915 0.887115 0.096915
v 0.04000799 0.890466 0.096395
v 0.01505699 0.836935 0.07011
v 0.0002219933 0.836954 0.077072
v 0.0002129915 0.887115 0.096915
v 0.0002319978 0.829705 0.024741
v 0.0002219933 0.836954 0.077072
v 0.01505699 0.836935 0.07011
v 0.0002319978 0.829705 0.024741
v 0.01505699 0.836935 0.07011
v 0.010386 0.829705 0.037105
v 0.005421001 0.824511 -0.011679
v 0.0002319978 0.829705 0.024741
v 0.010386 0.829705 0.037105
v 0.005421001 0.824511 -0.011679
v 0.0002390004 0.829225 -0.004728
v 0.0002319978 0.829705 0.024741
v 0.06069299 0.878898 0.08701701
v 0.01882099 0.825807 0.060116
v 0.01505699 0.836935 0.07011
v 0.01505699 0.836935 0.07011
v 0.01882099 0.825807 0.060116
v 0.010386 0.829705 0.037105
v 0.01882099 0.825807 0.060116
v 0.005421001 0.824511 -0.011679
v 0.010386 0.829705 0.037105
v 0.120236 0.874013 0.07744901
v 0.07208199 0.853235 0.09187001
v 0.06069299 0.878898 0.08701701
v 0.07208199 0.853235 0.09187001
v 0.01882099 0.825807 0.060116
v 0.06069299 0.878898 0.08701701
v 0.120236 0.874013 0.07744901
v 0.09654199 0.714635 0.08427801
v 0.07208199 0.853235 0.09187001
v 0.030244 0.728692 0.04947
v 0.07208199 0.853235 0.09187001
v 0.09654199 0.714635 0.08427801
v 0.030244 0.728692 0.04947
v 0.02054599 0.81114 0.058508
v 0.07208199 0.853235 0.09187001
v 0.07208199 0.853235 0.09187001
v 0.02054599 0.81114 0.058508
v 0.01882099 0.825807 0.060116
v 0.01882099 0.825807 0.060116
v 0.02054599 0.81114 0.058508
v 0.005421001 0.824511 -0.011679
v 0.008258002 0.769594 -0.018631
v 0.02054599 0.81114 0.058508
v 0.030244 0.728692 0.04947
v 0.008258002 0.769594 -0.018631
v 0.005421001 0.824511 -0.011679
v 0.02054599 0.81114 0.058508
v 0.008258002 0.769594 -0.018631
v 0.030244 0.728692 0.04947
v 0.011411 0.695637 -0.033653
v 0.120236 0.874013 0.07744901
v 0.144367 0.715913 0.07833301
v 0.09654199 0.714635 0.08427801
v 0.105364 0.993222 -0.146857
v 1.013954E-06 1.005672 -0.15961
v -2.986133E-06 0.950081 -0.158617
v 0.105364 0.993222 -0.146857
v -2.986133E-06 0.950081 -0.158617
v 0.09571002 0.934303 -0.148666
v 0.101109 1.059723 -0.129196
v 1.013954E-06 1.005672 -0.15961
v 0.105364 0.993222 -0.146857
v 0.101109 1.059723 -0.129196
v 1.264396E-08 1.066175 -0.14463
v 1.013954E-06 1.005672 -0.15961
v 0.09571002 0.934303 -0.148666
v -2.986133E-06 0.950081 -0.158617
v -5.987657E-06 0.894491 -0.141195
v 0.058004 0.402612 -5.994929E-06
v 0.051854 0.413609 -0.045771
v 0.040504 0.468757 -0.044374
v 0.058004 0.402612 -5.994929E-06
v 0.06967101 0.194041 -0.07039399
v 0.051854 0.413609 -0.045771
v 0.058004 0.402612 -5.994929E-06
v 0.084374 0.199617 -0.03109599
v 0.06967101 0.194041 -0.07039399
v 0.092893 0.176477 -0.03553299
v 0.06967101 0.194041 -0.07039399
v 0.084374 0.199617 -0.03109599
v 0.092893 0.176477 -0.03553299
v 0.074907 0.167413 -0.07039099
v 0.06967101 0.194041 -0.07039399
v 0.09747 0.153871 -0.01371899
v 0.074907 0.167413 -0.07039099
v 0.092893 0.176477 -0.03553299
v 0.136 0.168405 -0.02233799
v 0.09747 0.153871 -0.01371899
v 0.092893 0.176477 -0.03553299
v 0.136 0.168405 -0.02233799
v 0.106333 0.08663 -0.0009649907
v 0.09747 0.153871 -0.01371899
v 0.136 0.168405 -0.02233799
v 0.130108 0.104751 0.02074001
v 0.106333 0.08663 -0.0009649907
v 0.09747 0.153871 -0.01371899
v 0.08440001 0.141926 -0.06987299
v 0.074907 0.167413 -0.07039099
v 0.168898 0.165316 -0.007689985
v 0.130108 0.104751 0.02074001
v 0.136 0.168405 -0.02233799
v 0.168898 0.165316 -0.007689985
v 0.191843 0.1034 0.01977602
v 0.130108 0.104751 0.02074001
v 0.09747 0.153871 -0.01371899
v 0.106333 0.08663 -0.0009649907
v 0.09387401 0.066329 -0.07030999
v 0.09747 0.153871 -0.01371899
v 0.09387401 0.066329 -0.07030999
v 0.08440001 0.141926 -0.06987299
v 0.10647 0.085332 -0.001256991
v 0.106333 0.08663 -0.0009649907
v 0.130108 0.104751 0.02074001
v 0.10647 0.085332 -0.001256991
v 0.09387401 0.066329 -0.07030999
v 0.106333 0.08663 -0.0009649907
v 0.10647 0.085332 -0.001256991
v 0.130108 0.104751 0.02074001
v 0.130279 0.103218 0.02069001
v 0.191843 0.1034 0.01977602
v 0.130279 0.103218 0.02069001
v 0.130108 0.104751 0.02074001
v 0.10647 0.085332 -0.001256991
v 0.09475701 0.066275 -0.07033099
v 0.09387401 0.066329 -0.07030999
v 0.191843 0.1034 0.01977602
v 0.191547 0.103096 0.01916802
v 0.130279 0.103218 0.02069001
v 0.130279 0.103218 0.02069001
v 0.12165 0.107497 -0.02278499
v 0.10647 0.085332 -0.001256991
v 0.191547 0.103096 0.01916802
v 0.12165 0.107497 -0.02278499
v 0.130279 0.103218 0.02069001
v 0.104951 0.098666 -0.08268599
v 0.09475701 0.066275 -0.07033099
v 0.10647 0.085332 -0.001256991
v 0.104951 0.098666 -0.08268599
v 0.10647 0.085332 -0.001256991
v 0.12165 0.107497 -0.02278499
v 0.191547 0.103096 0.01916802
v 0.191843 0.1034 0.01977602
v 0.211669 0.099102 0.003726018
v 0.191547 0.103096 0.01916802
v 0.211669 0.099102 0.003726018
v 0.210398 0.098817 0.002704018
v 0.191547 0.103096 0.01916802
v 0.161629 0.121116 -0.008730986
v 0.12165 0.107497 -0.02278499
v 0.210398 0.098817 0.002704018
v 0.161629 0.121116 -0.008730986
v 0.191547 0.103096 0.01916802
v 0.210398 0.098817 0.002704018
v 0.211669 0.099102 0.003726018
v 0.214503 0.089387 -0.02591698
v 0.209549 0.177301 -0.03501898
v 0.214503 0.089387 -0.02591698
v 0.211669 0.099102 0.003726018
v 0.195197 0.178108 -0.122189
v 0.214503 0.089387 -0.02591698
v 0.209549 0.177301 -0.03501898
v 0.195197 0.178108 -0.122189
v 0.209981 0.071972 -0.128356
v 0.214503 0.089387 -0.02591698
v 0.210398 0.098817 0.002704018
v 0.214503 0.089387 -0.02591698
v 0.213537 0.089689 -0.02656298
v 0.209981 0.071972 -0.128356
v 0.213537 0.089689 -0.02656298
v 0.214503 0.089387 -0.02591698
v 0.213537 0.089689 -0.02656298
v 0.161629 0.121116 -0.008730986
v 0.210398 0.098817 0.002704018
v 0.156217 0.176666 -0.159409
v 0.209981 0.071972 -0.128356
v 0.195197 0.178108 -0.122189
v 0.155657 0.212877 -0.151014
v 0.156217 0.176666 -0.159409
v 0.195197 0.178108 -0.122189
v 0.156217 0.176666 -0.159409
v 0.166177 0.064781 -0.185391
v 0.209981 0.071972 -0.128356
v 0.11586 0.064405 -0.178865
v 0.166177 0.064781 -0.185391
v 0.156217 0.176666 -0.159409
v 0.11586 0.064405 -0.178865
v 0.156217 0.176666 -0.159409
v 0.12465 0.130179 -0.153774
v 0.11586 0.064405 -0.178865
v 0.12465 0.130179 -0.153774
v 0.08118201 0.14201 -0.120563
v 0.156217 0.176666 -0.159409
v 0.08118201 0.14201 -0.120563
v 0.12465 0.130179 -0.153774
v 0.11586 0.064405 -0.178865
v 0.08118201 0.14201 -0.120563
v 0.09397101 0.060544 -0.130357
v 0.09387401 0.066329 -0.07030999
v 0.09397101 0.060544 -0.130357
v 0.08118201 0.14201 -0.120563
v 0.09387401 0.066329 -0.07030999
v 0.08118201 0.14201 -0.120563
v 0.08440001 0.141926 -0.06987299
v 0.074907 0.167413 -0.07039099
v 0.08440001 0.141926 -0.06987299
v 0.08118201 0.14201 -0.120563
v 0.074907 0.167413 -0.07039099
v 0.08118201 0.14201 -0.120563
v 0.07648801 0.171225 -0.118299
v 0.156217 0.176666 -0.159409
v 0.07648801 0.171225 -0.118299
v 0.08118201 0.14201 -0.120563
v 0.09475701 0.066275 -0.07033099
v 0.09397101 0.060544 -0.130357
v 0.09387401 0.066329 -0.07030999
v 0.09475701 0.066275 -0.07033099
v 0.09529001 0.060713 -0.129446
v 0.09397101 0.060544 -0.130357
v 0.09529001 0.060713 -0.129446
v 0.11586 0.064405 -0.178865
v 0.09397101 0.060544 -0.130357
v 0.209981 0.071972 -0.128356
v 0.204627 0.071946 -0.127547
v 0.213537 0.089689 -0.02656298
v 0.204627 0.071946 -0.127547
v 0.209981 0.071972 -0.128356
v 0.166177 0.064781 -0.185391
v 0.110558 0.09412 -0.135632
v 0.09529001 0.060713 -0.129446
v 0.09475701 0.066275 -0.07033099
v 0.110558 0.09412 -0.135632
v 0.09475701 0.066275 -0.07033099
v 0.104951 0.098666 -0.08268599
v 0.09529001 0.060713 -0.129446
v 0.123561 0.063922 -0.174025
v 0.11586 0.064405 -0.178865
v 0.110558 0.09412 -0.135632
v 0.123561 0.063922 -0.174025
v 0.09529001 0.060713 -0.129446
v 0.110558 0.09412 -0.135632
v 0.126943 0.095762 -0.157359
v 0.123561 0.063922 -0.174025
v 0.166357 0.064335 -0.180475
v 0.166177 0.064781 -0.185391
v 0.11586 0.064405 -0.178865
v 0.166357 0.064335 -0.180475
v 0.11586 0.064405 -0.178865
v 0.123561 0.063922 -0.174025
v 0.204627 0.071946 -0.127547
v 0.166177 0.064781 -0.185391
v 0.166357 0.064335 -0.180475
v 0.123561 0.063922 -0.174025
v 0.126943 0.095762 -0.157359
v 0.195304 0.10118 -0.132123
v 0.123561 0.063922 -0.174025
v 0.195304 0.10118 -0.132123
v 0.166357 0.064335 -0.180475
v 0.166357 0.064335 -0.180475
v 0.195304 0.10118 -0.132123
v 0.204627 0.071946 -0.127547
v 0.213537 0.089689 -0.02656298
v 0.204627 0.071946 -0.127547
v 0.195304 0.10118 -0.132123
v 0.213537 0.089689 -0.02656298
v 0.195304 0.10118 -0.132123
v 0.187743 0.114017 -0.04587099
v 0.213537 0.089689 -0.02656298
v 0.187743 0.114017 -0.04587099
v 0.161629 0.121116 -0.008730986
v 0.074907 0.167413 -0.07039099
v 0.07648801 0.171225 -0.118299
v 0.08148801 0.197505 -0.117335
v 0.156217 0.176666 -0.159409
v 0.08148801 0.197505 -0.117335
v 0.07648801 0.171225 -0.118299
v 0.156217 0.176666 -0.159409
v 0.155657 0.212877 -0.151014
v 0.08148801 0.197505 -0.117335
v 0.08148801 0.197505 -0.117335
v 0.155657 0.212877 -0.151014
v 0.144753 0.413384 -0.140119
v 0.08148801 0.197505 -0.117335
v 0.144753 0.413384 -0.140119
v 0.09383201 0.420687 -0.114664
v 0.144753 0.413384 -0.140119
v 0.097463 0.469562 -0.114147
v 0.09383201 0.420687 -0.114664
v 0.09383201 0.420687 -0.114664
v 0.097463 0.469562 -0.114147
v 0.051854 0.413609 -0.045771
v 0.051854 0.413609 -0.045771
v 0.08148801 0.197505 -0.117335
v 0.09383201 0.420687 -0.114664
v 0.051854 0.413609 -0.045771
v 0.06967101 0.194041 -0.07039399
v 0.08148801 0.197505 -0.117335
v 0.074907 0.167413 -0.07039099
v 0.08148801 0.197505 -0.117335
v 0.06967101 0.194041 -0.07039399
v -1.052308E-08 1.060552 0.12037
v -0.024187 1.075405 -0.003911003
v 0.088728 1.064313 0.09982201
v -0.024187 1.075405 -0.003911003
v 0.145094 1.07148 0.04692901
v 0.088728 1.064313 0.09982201
v -0.024187 1.075405 -0.003911003
v 0.153821 1.082254 -0.03258999
v 0.145094 1.07148 0.04692901
v 0.153821 1.082254 -0.03258999
v -0.024187 1.075405 -0.003911003
v 0.13061 1.088478 -0.07852598
v -0.024187 1.075405 -0.003911003
v 0.09788701 1.093128 -0.112844
v 0.13061 1.088478 -0.07852598
v -0.024187 1.075405 -0.003911003
v 1.176046E-08 1.096297 -0.134524
v 0.09788701 1.093128 -0.112844
v 0.133379 0.210709 -0.003905988
v 0.101364 0.400743 0.02472001
v 0.15516 0.392867 0.009484014
v -0.188644 0.176344 -0.009052017
v -0.196063 0.212856 -0.04261802
v -0.162618 0.211831 -0.02414102
v 0.013619 0.831928 -0.053011
v 0.0002370041 0.834346 -0.047244
v 0.0002390004 0.829225 -0.004728
v 0.013619 0.831928 -0.053011
v 0.0002390004 0.829225 -0.004728
v 0.005421001 0.824511 -0.011679
v 0.03458501 0.846344 -0.086395
v 0.0002370041 0.834346 -0.047244
v 0.013619 0.831928 -0.053011
v 0.03458501 0.846344 -0.086395
v -0.0002629906 0.864735 -0.107639
v 0.0002370041 0.834346 -0.047244
v -0.09553701 0.9773 0.09702899
v -0.172723 0.923182 0.04319398
v -0.166633 0.989723 0.04913998
v -0.166633 0.989723 0.04913998
v -0.172723 0.923182 0.04319398
v -0.18375 0.919802 -0.05611001
v -0.166633 0.989723 0.04913998
v -0.18375 0.919802 -0.05611001
v -0.179118 0.985234 -0.05799701
v -0.179118 0.985234 -0.05799701
v -0.18375 0.919802 -0.05611001
v -0.14809 0.916741 -0.09412602
v 0.199297 1.49861 0.02198802
v 0.132378 1.511386 0.03085001
v 0.147137 1.555224 -0.0005609872
v 0.117788 1.558028 -0.00423599
v 0.147137 1.555224 -0.0005609872
v 0.132378 1.511386 0.03085001
v 0.11615 1.5709 -0.03352999
v 0.147137 1.555224 -0.0005609872
v 0.117788 1.558028 -0.00423599
v 0.095919 1.575868 -0.03384799
v 0.11615 1.5709 -0.03352999
v 0.117788 1.558028 -0.00423599
v 0.095919 1.575868 -0.03384799
v 0.117788 1.558028 -0.00423599
v 0.092029 1.560489 -0.007461992
v 0.05920099 1.536232 0.02337701
v 0.092029 1.560489 -0.007461992
v 0.117788 1.558028 -0.00423599
v 0.05920099 1.536232 0.02337701
v 0.117788 1.558028 -0.00423599
v 0.087872 1.528954 0.02405301
v 0.117788 1.558028 -0.00423599
v 0.132378 1.511386 0.03085001
v 0.087872 1.528954 0.02405301
v 0.05481099 1.488075 0.06844001
v 0.087872 1.528954 0.02405301
v 0.132378 1.511386 0.03085001
v 0.05481099 1.488075 0.06844001
v 0.04905 1.513685 0.054674
v 0.087872 1.528954 0.02405301
v 0.04905 1.513685 0.054674
v 0.05920099 1.536232 0.02337701
v 0.087872 1.528954 0.02405301
v 0.184685 1.429262 0.02456702
v 0.132378 1.511386 0.03085001
v 0.199297 1.49861 0.02198802
v 0.184685 1.429262 0.02456702
v 0.133684 1.436685 0.06258502
v 0.132378 1.511386 0.03085001
v 0.05481099 1.488075 0.06844001
v 0.132378 1.511386 0.03085001
v 0.133684 1.436685 0.06258502
v 0.05481099 1.488075 0.06844001
v 0.133684 1.436685 0.06258502
v 0.05218899 1.443004 0.090624
v 0.001266991 1.445541 0.099821
v 0.05481099 1.488075 0.06844001
v 0.05218899 1.443004 0.090624
v 0.001266991 1.445541 0.099821
v -0.006782006 1.492236 0.067408
v 0.05481099 1.488075 0.06844001
v -0.182192 1.431307 0.03881599
v -0.155569 1.374988 0.07764398
v -0.175002 1.373022 0.03491699
v -0.182192 1.431307 0.03881599
v -0.175002 1.373022 0.03491699
v -0.18173 1.402315 0.02082798
vn -0.3102431 0.8150147 -0.4893877
vn -0.3419215 0.9244061 -0.169006
vn -0.1680747 0.9671119 -0.1909065
vn -0.3102431 0.8150147 -0.4893877
vn -0.1680747 0.9671119 -0.1909065
vn -0.1636784 0.8575837 -0.4876058
vn -0.3490196 0.9297459 0.1172938
vn -0.1680747 0.9671119 -0.1909065
vn -0.3419215 0.9244061 -0.169006
vn -0.3490196 0.9297459 0.1172938
vn 0.02426559 0.995749 0.08885495
vn -0.1680747 0.9671119 -0.1909065
vn -0.1953948 0.5639061 0.8023908
vn -0.1872597 0.4610354 0.8673986
vn -0.2861717 0.3596584 0.8881168
vn -0.1953948 0.5639061 0.8023908
vn -0.2861717 0.3596584 0.8881168
vn -0.06743995 0.2846087 0.9562687
vn -0.06743995 0.2846087 0.9562687
vn -0.2861717 0.3596584 0.8881168
vn -0.2947116 0.07848519 0.9523576
vn -0.06743995 0.2846087 0.9562687
vn -0.2947116 0.07848519 0.9523576
vn 0.1493641 0.1745153 0.9732599
vn -0.1536925 -0.2538244 0.9549617
vn -0.2181397 -0.4384614 0.8718755
vn -0.5683261 -0.5443687 0.6169831
vn -0.1536925 -0.2538244 0.9549617
vn -0.5683261 -0.5443687 0.6169831
vn -0.3141996 -0.7212793 0.6172802
vn -0.6715514 -0.7033192 0.2331537
vn -0.3141996 -0.7212793 0.6172802
vn -0.5683261 -0.5443687 0.6169831
vn -0.6715514 -0.7033192 0.2331537
vn -0.3590196 -0.9234624 0.1353592
vn -0.3141996 -0.7212793 0.6172802
vn -0.3141996 -0.7212793 0.6172802
vn -0.3590196 -0.9234624 0.1353592
vn -0.1208256 -0.9645929 0.234439
vn -0.3141996 -0.7212793 0.6172802
vn -0.1208256 -0.9645929 0.234439
vn -0.08275743 -0.6969376 0.7123407
vn -0.08275743 -0.6969376 0.7123407
vn -0.1536925 -0.2538244 0.9549617
vn -0.3141996 -0.7212793 0.6172802
vn -0.08275743 -0.6969376 0.7123407
vn -0.06431656 -0.1037535 0.9925213
vn -0.1536925 -0.2538244 0.9549617
vn -0.06431656 -0.1037535 0.9925213
vn -0.06811319 0.2596147 0.9633072
vn -0.1536925 -0.2538244 0.9549617
vn -0.06743995 0.2846087 0.9562687
vn -0.1536925 -0.2538244 0.9549617
vn -0.06811319 0.2596147 0.9633072
vn -0.06811319 0.2596147 0.9633072
vn -0.1953948 0.5639061 0.8023908
vn -0.06743995 0.2846087 0.9562687
vn -0.06431656 -0.1037535 0.9925213
vn -0.06934313 0.194646 0.9784194
vn -0.06811319 0.2596147 0.9633072
vn -0.05145408 0.8367729 0.5451271
vn -0.1956216 0.8197556 0.5382684
vn -0.2715304 0.8026842 0.5310078
vn -0.2715304 0.8026842 0.5310078
vn -0.1956216 0.8197556 0.5382684
vn -0.1953948 0.5639061 0.8023908
vn -0.05145408 0.8367729 0.5451271
vn -0.04390806 0.8386209 0.542943
vn -0.1956216 0.8197556 0.5382684
vn -0.04333159 0.9280667 -0.3698845
vn -0.05119735 0.7523009 -0.6568274
vn -0.0943699 0.9471865 -0.3064833
vn -0.04333159 0.9280667 -0.3698845
vn 0.03427838 0.7142472 -0.6990537
vn -0.05119735 0.7523009 -0.6568274
vn -0.0943699 0.9471865 -0.3064833
vn -0.05119735 0.7523009 -0.6568274
vn -0.1636784 0.8575837 -0.4876058
vn -0.0943699 0.9471865 -0.3064833
vn -0.1636784 0.8575837 -0.4876058
vn -0.1680747 0.9671119 -0.1909065
vn -0.1143607 0.990566 0.07550271
vn -0.0943699 0.9471865 -0.3064833
vn -0.1680747 0.9671119 -0.1909065
vn -0.05119735 0.7523009 -0.6568274
vn 0.03427838 0.7142472 -0.6990537
vn 0.084187 0.4015005 -0.9119812
vn -0.05119735 0.7523009 -0.6568274
vn 0.084187 0.4015005 -0.9119812
vn -0.1187313 0.2986162 -0.9469589
vn -0.1187313 0.2986162 -0.9469589
vn 0.084187 0.4015005 -0.9119812
vn 0.08499736 0.2576388 -0.9624956
vn -0.1187313 0.2986162 -0.9469589
vn 0.08499736 0.2576388 -0.9624956
vn -0.1275681 0.1722133 -0.9767646
vn -0.1570602 -0.6398939 -0.7522418
vn -0.006528757 -0.6430238 -0.7658184
vn -0.07062472 -0.7715833 -0.6321957
vn -0.1570602 -0.6398939 -0.7522418
vn -0.07062472 -0.7715833 -0.6321957
vn -0.3092292 -0.829418 -0.4652344
vn -0.1570602 -0.6398939 -0.7522418
vn -0.3092292 -0.829418 -0.4652344
vn -0.4151085 -0.6895372 -0.5934842
vn -0.6361791 -0.7484388 -0.1873912
vn -0.4151085 -0.6895372 -0.5934842
vn -0.3092292 -0.829418 -0.4652344
vn -0.6361791 -0.7484388 -0.1873912
vn -0.3092292 -0.829418 -0.4652344
vn -0.4248142 -0.8879298 -0.1763902
vn -0.3590196 -0.9234624 0.1353592
vn -0.6361791 -0.7484388 -0.1873912
vn -0.4248142 -0.8879298 -0.1763902
vn -0.3590196 -0.9234624 0.1353592
vn -0.6715514 -0.7033192 0.2331537
vn -0.6361791 -0.7484388 -0.1873912
vn -0.1570602 -0.6398939 -0.7522418
vn -0.4151085 -0.6895372 -0.5934842
vn -0.299036 -0.602758 -0.7397705
vn -0.3590196 -0.9234624 0.1353592
vn -0.4248142 -0.8879298 -0.1763902
vn -0.1181759 -0.9706824 -0.2093084
vn -0.3092292 -0.829418 -0.4652344
vn -0.07062472 -0.7715833 -0.6321957
vn -0.1181759 -0.9706824 -0.2093084
vn -0.3092292 -0.829418 -0.4652344
vn -0.1181759 -0.9706824 -0.2093084
vn -0.4248142 -0.8879298 -0.1763902
vn -0.3590196 -0.9234624 0.1353592
vn -0.1181759 -0.9706824 -0.2093084
vn -0.1208256 -0.9645929 0.234439
vn -0.2011241 0.1774791 -0.9633536
vn -0.1187313 0.2986162 -0.9469589
vn -0.1275681 0.1722133 -0.9767646
vn -0.3015964 0.3288728 -0.8949203
vn -0.1187313 0.2986162 -0.9469589
vn -0.2011241 0.1774791 -0.9633536
vn -0.2011241 0.1774791 -0.9633536
vn -0.2697599 0.2885384 -0.9186813
vn -0.3015964 0.3288728 -0.8949203
vn -0.2011241 0.1774791 -0.9633536
vn -0.3240444 0.1240234 -0.9378771
vn -0.2697599 0.2885384 -0.9186813
vn -0.2610548 -0.1418385 -0.9548467
vn -0.3240444 0.1240234 -0.9378771
vn -0.2011241 0.1774791 -0.9633536
vn -0.2610548 -0.1418385 -0.9548467
vn -0.2011241 0.1774791 -0.9633536
vn -0.07167967 -0.1598697 -0.9845322
vn -0.1974291 -0.4136798 -0.888758
vn -0.2610548 -0.1418385 -0.9548467
vn -0.07167967 -0.1598697 -0.9845322
vn -0.1974291 -0.4136798 -0.888758
vn -0.07167967 -0.1598697 -0.9845322
vn -0.02854815 -0.2226539 -0.9744795
vn -0.8719818 0.4889985 0.02298306
vn -0.8719818 0.4889985 0.02298306
vn -0.8719818 0.4889985 0.02298306
vn -0.1974291 -0.4136798 -0.888758
vn -0.1570602 -0.6398939 -0.7522418
vn -0.299036 -0.602758 -0.7397705
vn -0.3102431 0.8150147 -0.4893877
vn -0.1416129 0.7383129 -0.6594239
vn 0.09988621 0.8238165 -0.5579867
vn -0.3102431 0.8150147 -0.4893877
vn -0.1636784 0.8575837 -0.4876058
vn -0.1416129 0.7383129 -0.6594239
vn -0.05119735 0.7523009 -0.6568274
vn -0.1416129 0.7383129 -0.6594239
vn -0.1636784 0.8575837 -0.4876058
vn -0.05119735 0.7523009 -0.6568274
vn -0.1187313 0.2986162 -0.9469589
vn -0.1416129 0.7383129 -0.6594239
vn -0.1208256 -0.9645929 0.234439
vn -0.1181759 -0.9706824 -0.2093084
vn -0.1122939 -0.9647071 -0.2381813
vn -0.1181759 -0.9706824 -0.2093084
vn -0.08966674 -0.8399495 -0.5352052
vn -0.1122939 -0.9647071 -0.2381813
vn -0.1181759 -0.9706824 -0.2093084
vn -0.07062472 -0.7715833 -0.6321957
vn -0.08966674 -0.8399495 -0.5352052
vn -0.07062472 -0.7715833 -0.6321957
vn -0.04431285 -0.6856743 -0.7265584
vn -0.08966674 -0.8399495 -0.5352052
vn -0.07062472 -0.7715833 -0.6321957
vn -0.006528757 -0.6430238 -0.7658184
vn -0.04431285 -0.6856743 -0.7265584
vn 0.08178511 0.247808 -0.9653509
vn 0.08365751 0.3827148 -0.9200711
vn 0.08300354 0.2448406 -0.966004
vn 0.08499736 0.2576388 -0.9624956
vn 0.084187 0.4015005 -0.9119812
vn 0.08365751 0.3827148 -0.9200711
vn 0.08365751 0.3827148 -0.9200711
vn 0.084187 0.4015005 -0.9119812
vn 0.03427838 0.7142472 -0.6990537
vn 0.08365751 0.3827148 -0.9200711
vn 0.03427838 0.7142472 -0.6990537
vn 0.07814506 0.5121743 -0.8553191
vn -0.01127707 0.9584568 -0.2850149
vn -0.03759951 0.9468276 -0.3195369
vn -0.03111301 0.9635095 -0.2658597
vn 0.03427838 0.7142472 -0.6990537
vn -0.04333159 0.9280667 -0.3698845
vn -0.03759951 0.9468276 -0.3195369
vn -0.04889132 0.8322384 0.552258
vn -0.04390806 0.8386209 0.542943
vn -0.05145408 0.8367729 0.5451271
vn -0.04889132 0.8322384 0.552258
vn -0.05145408 0.8367729 0.5451271
vn -0.05450603 0.8248667 0.5626935
vn -0.08058675 0.04292322 0.995823
vn -0.08008248 0.2188765 0.9724607
vn -0.08007417 0.2188787 0.972461
vn -0.08058675 0.04292322 0.995823
vn -0.06934313 0.194646 0.9784194
vn -0.06431656 -0.1037535 0.9925213
vn -0.06454574 -0.3728828 0.9256307
vn -0.08058675 0.04292322 0.995823
vn -0.06431656 -0.1037535 0.9925213
vn -0.06454574 -0.3728828 0.9256307
vn -0.06431656 -0.1037535 0.9925213
vn -0.08275743 -0.6969376 0.7123407
vn -0.08275743 -0.6969376 0.7123407
vn -0.1211781 -0.9682007 0.2188679
vn -0.1103372 -0.8987498 0.4243519
vn -0.08275743 -0.6969376 0.7123407
vn -0.1208256 -0.9645929 0.234439
vn -0.1211781 -0.9682007 0.2188679
vn -0.05193912 0.8231658 0.5654205
vn -0.04889132 0.8322384 0.552258
vn -0.05450603 0.8248667 0.5626935
vn -0.03111301 0.9635095 -0.2658597
vn -0.06420851 0.9573319 -0.2817674
vn -0.06420851 0.9573319 -0.2817674
vn -0.05193912 0.8231658 0.5654205
vn -0.05450603 0.8248667 0.5626935
vn -0.06073967 0.8164522 0.5742095
vn -0.06897224 0.2341625 0.9697477
vn -0.08008248 0.2188765 0.9724607
vn -0.08058675 0.04292322 0.995823
vn -0.9957712 -0.0237757 0.08873789
vn -0.9945813 0.0286651 0.09993153
vn -0.9940941 -0.02996248 0.1043036
vn -0.9970754 -0.03585618 0.06749129
vn -0.9945813 0.0286651 0.09993153
vn -0.9957712 -0.0237757 0.08873789
vn -0.03111301 0.9635095 -0.2658597
vn -0.01779585 0.9729559 -0.2303044
vn -0.01779585 0.9729559 -0.2303044
vn -0.9970754 -0.03585618 0.06749129
vn -0.9957712 -0.0237757 0.08873789
vn -0.9953704 -0.0712475 0.06451006
vn -0.3529679 -0.9320307 -0.08205192
vn -0.3629996 -0.9059928 0.2177345
vn -0.2176325 -0.9470146 0.2362191
vn -0.3529679 -0.9320307 -0.08205192
vn -0.4929579 -0.8689175 -0.04444117
vn -0.3629996 -0.9059928 0.2177345
vn -0.3529679 -0.9320307 -0.08205192
vn -0.4551189 -0.8206914 -0.3454455
vn -0.4929579 -0.8689175 -0.04444117
vn -0.3529679 -0.9320307 -0.08205192
vn -0.3153504 -0.8370817 -0.4470441
vn -0.4551189 -0.8206914 -0.3454455
vn -0.9957712 -0.0237757 0.08873789
vn -0.9940941 -0.02996248 0.1043036
vn -0.9996802 -0.01930983 -0.01633045
vn -0.9953704 -0.0712475 0.06451006
vn -0.995579 -0.06763154 0.06518061
vn -0.9970754 -0.03585618 0.06749129
vn -0.9953704 -0.0712475 0.06451006
vn -0.9961977 -0.05933626 0.06379123
vn -0.995579 -0.06763154 0.06518061
vn -0.9961977 -0.05933626 0.06379123
vn -0.9949642 0.01664739 0.09883888
vn -0.995579 -0.06763154 0.06518061
vn -0.9961977 -0.05933626 0.06379123
vn -0.9975247 -0.04741898 0.05192347
vn -0.9949642 0.01664739 0.09883888
vn -0.6155089 -0.1578332 0.7721641
vn -0.666545 -0.2079582 0.7158709
vn -0.6224365 -0.1712624 0.7637028
vn -0.6155089 -0.1578332 0.7721641
vn -0.6224365 -0.1712624 0.7637028
vn -0.5332854 -0.330191 0.7788328
vn -0.5332854 -0.330191 0.7788328
vn -0.52451 -0.4947533 0.6928986
vn -0.52451 -0.4947533 0.6928986
vn -0.5332854 -0.330191 0.7788328
vn -0.3449349 -0.4583575 0.8191022
vn -0.4621544 -0.4341748 0.7732435
vn -0.3465456 0.7406794 0.5755869
vn -0.4900766 0.6752449 0.5512434
vn -0.461793 0.6445646 0.6093305
vn -0.9983012 -0.03530684 0.04634823
vn -0.9949642 0.01664739 0.09883888
vn -0.9983012 -0.03530684 0.04634823
vn -0.3465456 0.7406794 0.5755869
vn -0.461793 0.6445646 0.6093305
vn -0.4140403 0.7336342 0.5388427
vn -0.2716304 0.9247217 0.2666586
vn -0.3465456 0.7406794 0.5755869
vn -0.4140403 0.7336342 0.5388427
vn -0.2716304 0.9247217 0.2666586
vn -0.4140403 0.7336342 0.5388427
vn -0.4632908 0.8415693 0.2777099
vn -0.4608545 0.8752761 -0.1466453
vn -0.2716304 0.9247217 0.2666586
vn -0.4632908 0.8415693 0.2777099
vn -0.4608545 0.8752761 -0.1466453
vn -0.3775291 0.8834722 -0.2773963
vn -0.2716304 0.9247217 0.2666586
vn -0.9976625 0.06362726 0.02491978
vn -0.998716 0.03495791 0.03666459
vn -0.9987956 0.04364974 0.02240389
vn -0.9976625 0.06362726 0.02491978
vn -0.9987956 0.04364974 0.02240389
vn -0.9885329 0.1408888 0.05434249
vn -0.9885329 0.1408888 0.05434249
vn -0.976401 0.1843656 0.1124741
vn -0.9976625 0.06362726 0.02491978
vn -0.9885329 0.1408888 0.05434249
vn -0.957203 0.2352862 0.1685308
vn -0.976401 0.1843656 0.1124741
vn -0.976401 0.1843656 0.1124741
vn -0.957203 0.2352862 0.1685308
vn -0.9949642 0.01664739 0.09883888
vn 0.08300354 0.2448406 -0.966004
vn 0.08120787 0.3879587 -0.9180922
vn 0.08112689 0.2380808 -0.9678512
vn 0.08300354 0.2448406 -0.966004
vn 0.08365751 0.3827148 -0.9200711
vn 0.08120787 0.3879587 -0.9180922
vn 0.08120787 0.3879587 -0.9180922
vn 0.08365751 0.3827148 -0.9200711
vn 0.07814506 0.5121743 -0.8553191
vn 0.08120787 0.3879587 -0.9180922
vn 0.0672875 0.5337915 -0.8429348
vn 0.0672875 0.5337915 -0.8429348
vn -0.1122939 -0.9647071 -0.2381813
vn -0.09851161 -0.8544046 -0.5101846
vn -0.1048778 -0.9578227 -0.2675374
vn -0.1122939 -0.9647071 -0.2381813
vn -0.08966674 -0.8399495 -0.5352052
vn -0.09851161 -0.8544046 -0.5101846
vn -0.08966674 -0.8399495 -0.5352052
vn -0.01753482 -0.7194762 -0.6942958
vn -0.01753482 -0.7194762 -0.6942958
vn -0.08966674 -0.8399495 -0.5352052
vn -0.09572938 -0.7937151 -0.6007098
vn -0.09851161 -0.8544046 -0.5101846
vn -0.1211781 -0.9682007 0.2188679
vn -0.1122939 -0.9647071 -0.2381813
vn -0.1048778 -0.9578227 -0.2675374
vn -0.1211781 -0.9682007 0.2188679
vn -0.1217309 -0.9923804 -0.0190425
vn -0.1217309 -0.9923804 -0.0190425
vn -0.1208256 -0.9645929 0.234439
vn -0.1122939 -0.9647071 -0.2381813
vn -0.1211781 -0.9682007 0.2188679
vn -0.3775291 0.8834722 -0.2773963
vn -0.4608545 0.8752761 -0.1466453
vn -0.5509808 0.6455408 -0.5288641
vn -0.3775291 0.8834722 -0.2773963
vn -0.5509808 0.6455408 -0.5288641
vn -0.47542 0.8010567 -0.3637086
vn -0.624165 0.1731206 -0.761871
vn -0.6818804 0.2132691 -0.6996825
vn -0.5869396 0.0216685 -0.8093407
vn -0.624165 0.1731206 -0.761871
vn -0.5869396 0.0216685 -0.8093407
vn -0.5526463 -0.01773369 -0.8332272
vn -0.9827644 -0.1065401 0.1510742
vn -0.988385 -0.1421037 0.05386713
vn -0.9584508 -0.1687598 0.2299831
vn -0.9827644 -0.1065401 0.1510742
vn -0.9987956 0.04364974 0.02240389
vn -0.988385 -0.1421037 0.05386713
vn -0.9824833 0.02527303 0.1846292
vn -0.9827644 -0.1065401 0.1510742
vn -0.9584508 -0.1687598 0.2299831
vn -0.9824833 0.02527303 0.1846292
vn -0.9947982 0.01536507 0.1007003
vn -0.9980446 0.0518685 0.03488192
vn -0.1103372 -0.8987498 0.4243519
vn -0.1126655 -0.9003112 0.420412
vn -0.1075999 -0.9065456 0.4081634
vn -0.05247864 -0.07477647 0.9958185
vn -0.04770419 -0.2347258 0.9708903
vn 0.002181329 -0.147459 0.9890658
vn -0.1103372 -0.8987498 0.4243519
vn -0.1211781 -0.9682007 0.2188679
vn -0.1126655 -0.9003112 0.420412
vn -0.05247864 -0.07477647 0.9958185
vn -0.08058675 0.04292322 0.995823
vn -0.04770419 -0.2347258 0.9708903
vn -0.06897224 0.2341625 0.9697477
vn -0.08058675 0.04292322 0.995823
vn -0.05247864 -0.07477647 0.9958185
vn -0.9975368 0.0701244 0.0016897
vn -0.9824833 0.02527303 0.1846292
vn -0.9980446 0.0518685 0.03488192
vn -0.9975368 0.0701244 0.0016897
vn -0.9980446 0.0518685 0.03488192
vn -0.9996802 -0.01930983 -0.01633045
vn -0.5869396 0.0216685 -0.8093407
vn -0.5140386 -0.1602606 -0.842663
vn -0.5526463 -0.01773369 -0.8332272
vn -0.5869396 0.0216685 -0.8093407
vn -0.5399248 -0.1439753 -0.8293083
vn -0.5140386 -0.1602606 -0.842663
vn -0.5509808 0.6455408 -0.5288641
vn -0.4608545 0.8752761 -0.1466453
vn -0.6492721 0.4513339 -0.6121628
vn -0.6261799 0.6802193 0.3810517
vn -0.4608545 0.8752761 -0.1466453
vn -0.4632908 0.8415693 0.2777099
vn -0.4632908 0.8415693 0.2777099
vn -0.4140403 0.7336342 0.5388427
vn -0.6261799 0.6802193 0.3810517
vn -0.4140403 0.7336342 0.5388427
vn -0.461793 0.6445646 0.6093305
vn -0.6261799 0.6802193 0.3810517
vn -0.5924341 -0.269602 0.7591684
vn -0.6155089 -0.1578332 0.7721641
vn -0.5332854 -0.330191 0.7788328
vn -0.5509808 0.6455408 -0.5288641
vn -0.6492721 0.4513339 -0.6121628
vn -0.5869396 0.0216685 -0.8093407
vn -0.5924341 -0.269602 0.7591684
vn -0.5332854 -0.330191 0.7788328
vn -0.4621544 -0.4341748 0.7732435
vn -0.3629996 -0.9059928 0.2177345
vn -0.4929579 -0.8689175 -0.04444117
vn -0.5641128 -0.8248813 -0.03671058
vn -0.4929579 -0.8689175 -0.04444117
vn -0.4551189 -0.8206914 -0.3454455
vn -0.5641128 -0.8248813 -0.03671058
vn -0.5399248 -0.1439753 -0.8293083
vn -0.5869396 0.0216685 -0.8093407
vn -0.5824571 -0.1336399 -0.8018005
vn 0.1466019 0.5104063 0.8473448
vn 0.5640374 0.5886194 0.5791278
vn 0.5493743 0.5878379 0.5938305
vn 0.1466019 0.5104063 0.8473448
vn 0.5493743 0.5878379 0.5938305
vn 0.1497068 0.5081363 0.8481659
vn 0.5640374 0.5886194 0.5791278
vn 0.6589724 0.7352573 0.1585945
vn 0.5493743 0.5878379 0.5938305
vn 0.5640374 0.5886194 0.5791278
vn 0.7300938 0.5295982 0.4318435
vn 0.6589724 0.7352573 0.1585945
vn 0.1466019 0.5104063 0.8473448
vn 0.1497068 0.5081363 0.8481659
vn 0.01110703 0.484818 0.8745445
vn 0.1466019 0.5104063 0.8473448
vn 0.01110703 0.484818 0.8745445
vn -0.02462445 0.5154593 0.8565602
vn 0.3704814 -0.3505594 0.8601463
vn 0.3571734 -0.2693859 0.894348
vn 0.3598103 -0.2537059 0.8978696
vn 0.3704814 -0.3505594 0.8601463
vn 0.3631703 -0.2871736 0.8863626
vn 0.3571734 -0.2693859 0.894348
vn -0.9331226 0.3231483 0.1576618
vn -0.9400121 0.3164576 0.1274046
vn -0.9459284 0.2813721 0.1613977
vn -0.9331226 0.3231483 0.1576618
vn -0.9459284 0.2813721 0.1613977
vn -0.9347715 0.2931828 0.2006143
vn -0.8698275 0.3553498 0.3422377
vn -0.6949404 0.419934 0.5837065
vn -0.8015037 0.3249502 0.5019953
vn -0.8698275 0.3553498 0.3422377
vn -0.9400121 0.3164576 0.1274046
vn -0.9331226 0.3231483 0.1576618
vn 0.4778242 0.7848865 0.3945087
vn 0.5493743 0.5878379 0.5938305
vn 0.6589724 0.7352573 0.1585945
vn 0.4778242 0.7848865 0.3945087
vn 0.7672658 0.4984022 0.4036067
vn 0.5493743 0.5878379 0.5938305
vn 0.7897532 -0.4060951 0.4597571
vn 0.7897532 -0.4060951 0.4597571
vn 0.7835803 -0.1422509 0.6047865
vn 0.7897532 -0.4060951 0.4597571
vn 0.7243071 -0.6331125 0.2730345
vn 0.7897532 -0.4060951 0.4597571
vn -0.9459284 0.2813721 0.1613977
vn -0.9507126 0.2501437 0.1832312
vn -0.9347715 0.2931828 0.2006143
vn 0.1828013 0.4929791 0.8506206
vn 0.03821139 0.5439801 0.8382277
vn 0.01965654 0.4666831 0.8842061
vn 0.1828013 0.4929791 0.8506206
vn 0.01965654 0.4666831 0.8842061
vn 0.2801639 0.5644634 0.7764594
vn 0.2801639 0.5644634 0.7764594
vn 0.6975657 0.4546566 0.5537954
vn 0.6975657 0.4546566 0.5537954
vn 0.01110703 0.484818 0.8745445
vn 0.02341459 0.4774502 0.8783469
vn 0.2801639 0.5644634 0.7764594
vn 0.4778242 0.7848865 0.3945087
vn 0.6589724 0.7352573 0.1585945
vn 0.4116706 0.9099577 0.0500427
vn 0.4778242 0.7848865 0.3945087
vn 0.4116706 0.9099577 0.0500427
vn 0.187292 0.9310526 0.3131499
vn 0.4116706 0.9099577 0.0500427
vn 0.2344059 0.9681346 0.08814355
vn 0.187292 0.9310526 0.3131499
vn 0.4116706 0.9099577 0.0500427
vn 0.3356159 0.8771442 -0.343482
vn 0.2344059 0.9681346 0.08814355
vn 0.3356159 0.8771442 -0.343482
vn 0.1726446 0.9778895 -0.1180086
vn 0.2344059 0.9681346 0.08814355
vn 0.2344059 0.9681346 0.08814355
vn 0.1726446 0.9778895 -0.1180086
vn 0.1011557 0.9721217 0.2115349
vn 0.2344059 0.9681346 0.08814355
vn 0.1011557 0.9721217 0.2115349
vn 0.2001491 0.9536995 0.224494
vn 0.187292 0.9310526 0.3131499
vn 0.2344059 0.9681346 0.08814355
vn 0.2001491 0.9536995 0.224494
vn 0.3356159 0.8771442 -0.343482
vn 0.3131048 0.8044404 -0.5048177
vn 0.1726446 0.9778895 -0.1180086
vn 0.1726446 0.9778895 -0.1180086
vn 0.3131048 0.8044404 -0.5048177
vn 0.1594093 0.8510781 -0.5002548
vn 0.1726446 0.9778895 -0.1180086
vn 0.1594093 0.8510781 -0.5002548
vn 0.1792626 0.9739176 -0.1391023
vn 0.145196 0.979282 0.141156
vn 0.1011557 0.9721217 0.2115349
vn 0.1726446 0.9778895 -0.1180086
vn 0.145196 0.979282 0.141156
vn 0.1726446 0.9778895 -0.1180086
vn 0.1792626 0.9739176 -0.1391023
vn 0.2023134 0.312014 0.9282869
vn 0.1769292 0.4282446 0.886173
vn 0.1095973 0.4523277 0.8850921
vn 0.2023134 0.312014 0.9282869
vn 0.07597982 0.6428329 0.762229
vn 0.1769292 0.4282446 0.886173
vn 0.2023134 0.312014 0.9282869
vn 0.1095973 0.4523277 0.8850921
vn 0.1622941 0.2631737 0.9509996
vn 0.363005 -0.04859124 0.9305193
vn 0.2023134 0.312014 0.9282869
vn 0.1622941 0.2631737 0.9509996
vn 0.363005 -0.04859124 0.9305193
vn 0.1622941 0.2631737 0.9509996
vn 0.05324916 -0.09087311 0.9944378
vn 0.8654687 -0.1286468 0.4841631
vn 0.363005 -0.04859124 0.9305193
vn 0.05324916 -0.09087311 0.9944378
vn 0.8654687 -0.1286468 0.4841631
vn 0.9482128 -0.2173204 0.2316558
vn 0.9650699 -0.2271192 0.1306013
vn 0.9818194 -0.1829791 0.05048981
vn 0.8654687 -0.1286468 0.4841631
vn 0.9650699 -0.2271192 0.1306013
vn 0.9818194 -0.1829791 0.05048981
vn 0.9650699 -0.2271192 0.1306013
vn 0.9804687 -0.193827 0.03335142
vn 0.8654687 -0.1286468 0.4841631
vn 0.9818194 -0.1829791 0.05048981
vn 0.9927446 -0.08731426 0.08266992
vn 0.8654687 -0.1286468 0.4841631
vn 0.9927446 -0.08731426 0.08266992
vn 0.8972923 -0.01201923 0.4412733
vn 0.8654687 -0.1286468 0.4841631
vn 0.4931354 0.2196956 0.841755
vn 0.363005 -0.04859124 0.9305193
vn 0.8654687 -0.1286468 0.4841631
vn 0.5757422 0.137419 0.8060006
vn 0.4931354 0.2196956 0.841755
vn 0.4931354 0.2196956 0.841755
vn 0.5757422 0.137419 0.8060006
vn 0.2925554 0.2119311 0.9324679
vn 0.4931354 0.2196956 0.841755
vn 0.2925554 0.2119311 0.9324679
vn 0.2407189 0.3405831 0.9088771
vn 0.2407189 0.3405831 0.9088771
vn 0.2925554 0.2119311 0.9324679
vn 0.08517791 0.1881536 0.978439
vn 0.2407189 0.3405831 0.9088771
vn 0.08517791 0.1881536 0.978439
vn 0.0151128 0.4200887 0.9073572
vn 0.0151128 0.4200887 0.9073572
vn 0.08517791 0.1881536 0.978439
vn -0.09923547 0.1790357 0.978825
vn 0.0151128 0.4200887 0.9073572
vn -0.09923547 0.1790357 0.978825
vn -0.1427228 0.3759843 0.9155686
vn -0.1665522 0.536033 0.8276044
vn 0.0151128 0.4200887 0.9073572
vn -0.1427228 0.3759843 0.9155686
vn -0.1665522 0.536033 0.8276044
vn 0.03821139 0.5439801 0.8382277
vn 0.0151128 0.4200887 0.9073572
vn -0.1544465 0.5125965 0.8446249
vn 0.03821139 0.5439801 0.8382277
vn -0.1665522 0.536033 0.8276044
vn -0.1665522 0.536033 0.8276044
vn -0.2538806 0.5727881 0.7793962
vn -0.1544465 0.5125965 0.8446249
vn -0.1544465 0.5125965 0.8446249
vn -0.2538806 0.5727881 0.7793962
vn -0.4268014 0.5642106 0.7067581
vn -0.1404073 0.4709574 0.8709104
vn -0.1544465 0.5125965 0.8446249
vn -0.4268014 0.5642106 0.7067581
vn -0.1404073 0.4709574 0.8709104
vn -0.4268014 0.5642106 0.7067581
vn -0.5941219 0.5570589 0.5802624
vn -0.5941219 0.5570589 0.5802624
vn -0.4268014 0.5642106 0.7067581
vn -0.5397117 0.7784221 0.3205782
vn -0.5941219 0.5570589 0.5802624
vn -0.5397117 0.7784221 0.3205782
vn -0.7863888 0.6167435 -0.03492977
vn -0.1404073 0.4709574 0.8709104
vn 0.09655313 0.4941211 0.864015
vn -0.1544465 0.5125965 0.8446249
vn -0.1544465 0.5125965 0.8446249
vn 0.09655313 0.4941211 0.864015
vn 0.03821139 0.5439801 0.8382277
vn -0.1404073 0.4709574 0.8709104
vn 0.03732247 0.4127573 0.9100761
vn 0.09655313 0.4941211 0.864015
vn -0.3595311 -0.3736508 0.855057
vn -0.3342336 -0.3852946 0.8601372
vn -0.3448294 -0.3356229 0.8766128
vn -0.3595311 -0.3736508 0.855057
vn -0.3448294 -0.3356229 0.8766128
vn -0.3631707 -0.287174 0.8863623
vn 0.9498589 0.2174125 0.2247219
vn 0.9739482 0.09524775 0.2057981
vn 0.9498589 0.2174125 0.2247219
vn 0.8407219 -0.2799493 -0.4634815
vn 0.6505033 -0.5623427 -0.5105057
vn 0.6505033 -0.5623427 -0.5105057
vn 0.6505033 -0.5623427 -0.5105057
vn 0.383434 -0.7783007 -0.4972186
vn 0.6505033 -0.5623427 -0.5105057
vn 0.7999086 0.3826136 0.4623345
vn 0.9498589 0.2174125 0.2247219
vn 0.9498589 0.2174125 0.2247219
vn 0.7999086 0.3826136 0.4623345
vn 0.8471519 0.2735747 0.4555113
vn 0.7236894 0.3969724 0.5645233
vn -0.1665522 0.536033 0.8276044
vn -0.2125829 0.4938849 0.8431407
vn -0.2538806 0.5727881 0.7793962
vn -0.2538806 0.5727881 0.7793962
vn -0.2125829 0.4938849 0.8431407
vn -0.1177259 0.8312117 0.5433484
vn -0.2538806 0.5727881 0.7793962
vn -0.1177259 0.8312117 0.5433484
vn -0.2437828 0.8016267 0.5458614
vn -0.4268014 0.5642106 0.7067581
vn -0.2538806 0.5727881 0.7793962
vn -0.2437828 0.8016267 0.5458614
vn -0.4268014 0.5642106 0.7067581
vn -0.2437828 0.8016267 0.5458614
vn -0.5397117 0.7784221 0.3205782
vn -0.2437828 0.8016267 0.5458614
vn -0.1177259 0.8312117 0.5433484
vn -0.2921156 0.9393705 0.1795871
vn -0.2437828 0.8016267 0.5458614
vn -0.2921156 0.9393705 0.1795871
vn -0.3164335 0.887514 0.3349459
vn -0.5397117 0.7784221 0.3205782
vn -0.2437828 0.8016267 0.5458614
vn -0.3164335 0.887514 0.3349459
vn -0.2921156 0.9393705 0.1795871
vn -0.2878961 0.9575557 -0.01424858
vn -0.3164335 0.887514 0.3349459
vn -0.2878961 0.9575557 -0.01424858
vn -0.5397117 0.7784221 0.3205782
vn -0.3164335 0.887514 0.3349459
vn -0.2921156 0.9393705 0.1795871
vn -0.46864 0.8752158 0.1198912
vn -0.2878961 0.9575557 -0.01424858
vn -0.5477203 0.7923502 -0.2686701
vn -0.46864 0.8752158 0.1198912
vn -0.2921156 0.9393705 0.1795871
vn -0.5477203 0.7923502 -0.2686701
vn -0.2921156 0.9393705 0.1795871
vn -0.3712432 0.927268 -0.0485048
vn -0.1177259 0.8312117 0.5433484
vn -0.3712432 0.927268 -0.0485048
vn -0.2921156 0.9393705 0.1795871
vn -0.1177259 0.8312117 0.5433484
vn -0.2815282 0.9405329 0.1901042
vn -0.3712432 0.927268 -0.0485048
vn -0.2125829 0.4938849 0.8431407
vn -0.1779836 0.5210148 0.8347847
vn -0.1177259 0.8312117 0.5433484
vn -0.3712432 0.927268 -0.0485048
vn -0.3102431 0.8150147 -0.4893877
vn -0.5477203 0.7923502 -0.2686701
vn -0.3712432 0.927268 -0.0485048
vn -0.3419215 0.9244061 -0.169006
vn -0.3102431 0.8150147 -0.4893877
vn -0.3712432 0.927268 -0.0485048
vn -0.2815282 0.9405329 0.1901042
vn -0.3490196 0.9297459 0.1172938
vn -0.3712432 0.927268 -0.0485048
vn -0.3490196 0.9297459 0.1172938
vn -0.3419215 0.9244061 -0.169006
vn -0.0698492 0.4295875 0.9003197
vn 0.05201054 0.5644986 0.8237938
vn 0.05201054 0.5644986 0.8237938
vn -0.2125829 0.4938849 0.8431407
vn -0.0698492 0.4295875 0.9003197
vn -0.1779836 0.5210148 0.8347847
vn -0.4191349 0.3010866 0.8565471
vn -0.0698492 0.4295875 0.9003197
vn -0.2125829 0.4938849 0.8431407
vn -0.4191349 0.3010866 0.8565471
vn -0.2125829 0.4938849 0.8431407
vn -0.380763 0.4016775 0.8328714
vn -0.593289 0.3593097 0.7203505
vn -0.2861717 0.3596584 0.8881168
vn -0.593289 0.3593097 0.7203505
vn -0.7452614 -0.2216147 0.628866
vn -0.7530995 -0.06583554 0.6546043
vn -0.8203116 -0.1135364 0.5605341
vn -0.7452614 -0.2216147 0.628866
vn -0.2947116 0.07848519 0.9523576
vn -0.7530995 -0.06583554 0.6546043
vn -0.7452614 -0.2216147 0.628866
vn -0.5683261 -0.5443687 0.6169831
vn -0.7319741 -0.3598026 0.578581
vn -0.7452614 -0.2216147 0.628866
vn -0.5025178 -0.5892349 0.6326754
vn -0.5683261 -0.5443687 0.6169831
vn -0.5518382 -0.6856476 0.474723
vn -0.5683261 -0.5443687 0.6169831
vn -0.5025178 -0.5892349 0.6326754
vn -0.5518382 -0.6856476 0.474723
vn -0.6715514 -0.7033192 0.2331537
vn -0.5683261 -0.5443687 0.6169831
vn -0.380763 0.4016775 0.8328714
vn -0.7506849 0.07834544 0.6559985
vn -0.4191349 0.3010866 0.8565471
vn -0.380763 0.4016775 0.8328714
vn -0.2989946 0.1836482 0.9364163
vn -0.7506849 0.07834544 0.6559985
vn -0.1427228 0.3759843 0.9155686
vn -0.2989946 0.1836482 0.9364163
vn -0.380763 0.4016775 0.8328714
vn -0.1665522 0.536033 0.8276044
vn -0.1427228 0.3759843 0.9155686
vn -0.380763 0.4016775 0.8328714
vn -0.1665522 0.536033 0.8276044
vn -0.380763 0.4016775 0.8328714
vn -0.2125829 0.4938849 0.8431407
vn -0.1427228 0.3759843 0.9155686
vn -0.09923547 0.1790357 0.978825
vn -0.2989946 0.1836482 0.9364163
vn -0.2989946 0.1836482 0.9364163
vn -0.7015575 0.02562707 0.7121518
vn -0.7506849 0.07834544 0.6559985
vn -0.7506849 0.07834544 0.6559985
vn -0.7015575 0.02562707 0.7121518
vn -0.9561287 -0.04838691 0.2889234
vn -0.7015575 0.02562707 0.7121518
vn -0.9615616 -0.01415779 0.2742245
vn -0.9561287 -0.04838691 0.2889234
vn -0.9561287 -0.04838691 0.2889234
vn -0.9615616 -0.01415779 0.2742245
vn -0.9977145 -0.06287155 -0.02475654
vn -0.9561287 -0.04838691 0.2889234
vn -0.9977145 -0.06287155 -0.02475654
vn -0.9940187 -0.1037444 0.0341131
vn -0.9684029 -0.09080648 0.2322714
vn -0.9561287 -0.04838691 0.2889234
vn -0.9940187 -0.1037444 0.0341131
vn -0.7506849 0.07834544 0.6559985
vn -0.9561287 -0.04838691 0.2889234
vn -0.9684029 -0.09080648 0.2322714
vn -0.9684029 -0.09080648 0.2322714
vn -0.9906495 -0.1189091 0.06688999
vn -0.9762816 -0.1484182 0.157627
vn -0.9684029 -0.09080648 0.2322714
vn -0.9940187 -0.1037444 0.0341131
vn -0.9946342 -0.08549608 0.05825162
vn -0.9684029 -0.09080648 0.2322714
vn -0.9946342 -0.08549608 0.05825162
vn -0.9906495 -0.1189091 0.06688999
vn -0.9995874 -0.01910362 -0.02144774
vn -0.9977145 -0.06287155 -0.02475654
vn -0.9615616 -0.01415779 0.2742245
vn -0.9995874 -0.01910362 -0.02144774
vn -0.9615616 -0.01415779 0.2742245
vn -0.9695181 0.0228228 0.2439543
vn -0.7015575 0.02562707 0.7121518
vn -0.8002061 0.0005257507 0.599725
vn -0.9615616 -0.01415779 0.2742245
vn -0.9695181 0.0228228 0.2439543
vn -0.9615616 -0.01415779 0.2742245
vn -0.8002061 0.0005257507 0.599725
vn -0.9695181 0.0228228 0.2439543
vn -0.8002061 0.0005257507 0.599725
vn -0.7700806 0.01467755 0.6377778
vn -0.9695181 0.0228228 0.2439543
vn -0.9868611 0.1468427 -0.06739767
vn -0.9995874 -0.01910362 -0.02144774
vn -0.7700806 0.01467755 0.6377778
vn -0.8002061 0.0005257507 0.599725
vn -0.4373462 0.02725952 0.8988799
vn -0.7015575 0.02562707 0.7121518
vn -0.4373462 0.02725952 0.8988799
vn -0.8002061 0.0005257507 0.599725
vn -0.7700806 0.01467755 0.6377778
vn -0.4373462 0.02725952 0.8988799
vn -0.4490071 0.07422663 0.8904397
vn -0.4490071 0.07422663 0.8904397
vn -0.4373462 0.02725952 0.8988799
vn -0.1484291 0.07712098 0.9859114
vn -0.4490071 0.07422663 0.8904397
vn -0.1484291 0.07712098 0.9859114
vn -0.1287566 0.09791133 0.9868308
vn -0.1287566 0.09791133 0.9868308
vn -0.1484291 0.07712098 0.9859114
vn 0.04097492 0.08399125 0.9956236
vn -0.1287566 0.09791133 0.9868308
vn 0.04097492 0.08399125 0.9956236
vn 0.06320208 0.08336408 0.9945129
vn 0.06320208 0.08336408 0.9945129
vn 0.04097492 0.08399125 0.9956236
vn 0.2702806 0.07960851 0.9594848
vn 0.06320208 0.08336408 0.9945129
vn 0.2702806 0.07960851 0.9594848
vn 0.3591957 0.089727 0.9289389
vn 0.3591957 0.089727 0.9289389
vn 0.2702806 0.07960851 0.9594848
vn 0.6271451 0.02677868 0.7784421
vn 0.3591957 0.089727 0.9289389
vn 0.6271451 0.02677868 0.7784421
vn 0.7342911 0.07872684 0.6742542
vn 0.6154162 0.06925289 0.785154
vn 0.6271451 0.02677868 0.7784421
vn 0.2702806 0.07960851 0.9594848
vn 0.6154162 0.06925289 0.785154
vn 0.2702806 0.07960851 0.9594848
vn 0.2526276 0.09329371 0.9630553
vn 0.04097492 0.08399125 0.9956236
vn 0.2526276 0.09329371 0.9630553
vn 0.2702806 0.07960851 0.9594848
vn 0.7342911 0.07872684 0.6742542
vn 0.6271451 0.02677868 0.7784421
vn 0.8730088 -0.04155125 0.4859312
vn 0.7342911 0.07872684 0.6742542
vn 0.8730088 -0.04155125 0.4859312
vn 0.9102173 0.1141633 0.3980844
vn 0.9102173 0.1141633 0.3980844
vn 0.8730088 -0.04155125 0.4859312
vn 0.9661378 -0.02676614 0.2566347
vn 0.9102173 0.1141633 0.3980844
vn 0.9661378 -0.02676614 0.2566347
vn 0.9127729 -0.03288666 0.4071414
vn 0.9102173 0.1141633 0.3980844
vn 0.9127729 -0.03288666 0.4071414
vn 0.9248754 0.2077982 0.3184735
vn 0.5757422 0.137419 0.8060006
vn 0.6154162 0.06925289 0.785154
vn 0.2526276 0.09329371 0.9630553
vn 0.5757422 0.137419 0.8060006
vn 0.2526276 0.09329371 0.9630553
vn 0.2925554 0.2119311 0.9324679
vn 0.2526276 0.09329371 0.9630553
vn 0.08517791 0.1881536 0.978439
vn 0.2925554 0.2119311 0.9324679
vn 0.2526276 0.09329371 0.9630553
vn 0.0006260326 0.07969632 0.996819
vn 0.08517791 0.1881536 0.978439
vn 0.0006260326 0.07969632 0.996819
vn -0.09923547 0.1790357 0.978825
vn 0.08517791 0.1881536 0.978439
vn 0.0006260326 0.07969632 0.996819
vn -0.106036 0.09227213 0.9900719
vn -0.09923547 0.1790357 0.978825
vn -0.106036 0.09227213 0.9900719
vn -0.2989946 0.1836482 0.9364163
vn -0.09923547 0.1790357 0.978825
vn -0.106036 0.09227213 0.9900719
vn -0.2711959 0.07223348 0.9598099
vn -0.2989946 0.1836482 0.9364163
vn -0.2989946 0.1836482 0.9364163
vn -0.2711959 0.07223348 0.9598099
vn -0.7015575 0.02562707 0.7121518
vn 0.9661378 -0.02676614 0.2566347
vn 0.8730088 -0.04155125 0.4859312
vn 0.8972923 -0.01201923 0.4412733
vn 0.8972923 -0.01201923 0.4412733
vn 0.8730088 -0.04155125 0.4859312
vn 0.6271451 0.02677868 0.7784421
vn 0.8972923 -0.01201923 0.4412733
vn 0.6271451 0.02677868 0.7784421
vn 0.6154162 0.06925289 0.785154
vn 0.9661378 -0.02676614 0.2566347
vn 0.8972923 -0.01201923 0.4412733
vn 0.9927446 -0.08731426 0.08266992
vn 0.8654687 -0.1286468 0.4841631
vn 0.8972923 -0.01201923 0.4412733
vn 0.6154162 0.06925289 0.785154
vn 0.8654687 -0.1286468 0.4841631
vn 0.6154162 0.06925289 0.785154
vn 0.5757422 0.137419 0.8060006
vn -0.1484291 0.07712098 0.9859114
vn -0.106036 0.09227213 0.9900719
vn 0.0006260326 0.07969632 0.996819
vn -0.2711959 0.07223348 0.9598099
vn -0.106036 0.09227213 0.9900719
vn -0.1484291 0.07712098 0.9859114
vn -0.1484291 0.07712098 0.9859114
vn 0.0006260326 0.07969632 0.996819
vn 0.04097492 0.08399125 0.9956236
vn 0.04097492 0.08399125 0.9956236
vn 0.0006260326 0.07969632 0.996819
vn 0.2526276 0.09329371 0.9630553
vn -0.2711959 0.07223348 0.9598099
vn -0.1484291 0.07712098 0.9859114
vn -0.4373462 0.02725952 0.8988799
vn -0.7015575 0.02562707 0.7121518
vn -0.2711959 0.07223348 0.9598099
vn -0.4373462 0.02725952 0.8988799
vn 0.752997 0.5999172 -0.2703607
vn 0.8132644 0.4950203 -0.3058692
vn 0.7024302 0.6775349 -0.218033
vn 0.752997 0.5999172 -0.2703607
vn 0.7024302 0.6775349 -0.218033
vn 0.6589724 0.7352573 0.1585945
vn -0.0001430837 0.5858757 -0.8104008
vn 0.1925883 0.6433489 -0.7409533
vn 0.1528951 0.6082271 -0.7788985
vn -0.0001430837 0.5858757 -0.8104008
vn 0.1528951 0.6082271 -0.7788985
vn 1.285426E-07 0.5764377 -0.8171411
vn -0.0001430837 0.5858757 -0.8104008
vn 1.285426E-07 0.5764377 -0.8171411
vn -0.1528949 0.6082271 -0.7788985
vn -0.0001430837 0.5858757 -0.8104008
vn -0.1528949 0.6082271 -0.7788985
vn -0.1348652 0.646866 -0.7505837
vn -0.7863888 0.6167435 -0.03492977
vn -0.6441272 0.7055891 -0.295371
vn -0.8132644 0.4950204 -0.3058693
vn -0.7863888 0.6167435 -0.03492977
vn -0.5397117 0.7784221 0.3205782
vn -0.6441272 0.7055891 -0.295371
vn 0.6589724 0.7352573 0.1585945
vn 0.7024302 0.6775349 -0.218033
vn 0.4254323 0.8547603 -0.2973084
vn 0.6589724 0.7352573 0.1585945
vn 0.4254323 0.8547603 -0.2973084
vn 0.4116706 0.9099577 0.0500427
vn 0.4254323 0.8547603 -0.2973084
vn 0.3356159 0.8771442 -0.343482
vn 0.4116706 0.9099577 0.0500427
vn 0.280359 0.5346263 -0.7972287
vn 0.2207379 0.5258202 -0.8214548
vn 0.3356159 0.8771442 -0.343482
vn 0.2207379 0.5258202 -0.8214548
vn 0.3131048 0.8044404 -0.5048177
vn 0.3356159 0.8771442 -0.343482
vn 0.2207379 0.5258202 -0.8214548
vn 0.216212 0.5394933 -0.8137564
vn 0.3131048 0.8044404 -0.5048177
vn 0.1594093 0.8510781 -0.5002548
vn 0.3131048 0.8044404 -0.5048177
vn 0.216212 0.5394933 -0.8137564
vn 0.1594093 0.8510781 -0.5002548
vn 0.216212 0.5394933 -0.8137564
vn 0.124062 0.5358992 -0.8351172
vn 0.216212 0.5394933 -0.8137564
vn 0.1869509 0.1296274 -0.9737793
vn 0.124062 0.5358992 -0.8351172
vn 0.216212 0.5394933 -0.8137564
vn 0.2469684 0.1810412 -0.9519615
vn 0.1869509 0.1296274 -0.9737793
vn 0.2469684 0.1810412 -0.9519615
vn 0.216212 0.5394933 -0.8137564
vn 0.2207379 0.5258202 -0.8214548
vn 0.1869509 0.1296274 -0.9737793
vn 0.2469684 0.1810412 -0.9519615
vn 0.4214201 -0.09775166 -0.9015818
vn 0.1869509 0.1296274 -0.9737793
vn 0.4214201 -0.09775166 -0.9015818
vn 0.1898715 -0.1392598 -0.9718824
vn 0.1898715 -0.1392598 -0.9718824
vn 0.4214201 -0.09775166 -0.9015818
vn 0.5794345 -0.3377489 -0.741742
vn 0.1898715 -0.1392598 -0.9718824
vn 0.5794345 -0.3377489 -0.741742
vn 0.2277412 -0.4545663 -0.8611059
vn 0.5794345 -0.3377489 -0.741742
vn 0.5388395 -0.6218554 -0.5682849
vn 0.2277412 -0.4545663 -0.8611059
vn 0.5794345 -0.3377489 -0.741742
vn 0.9116456 -0.2549822 -0.3223141
vn 0.5388395 -0.6218554 -0.5682849
vn 0.85805 -0.5007512 -0.1140107
vn 0.8409822 -0.5079642 -0.1863369
vn 0.9116456 -0.2549822 -0.3223141
vn 0.85805 -0.5007512 -0.1140107
vn 0.9116456 -0.2549822 -0.3223141
vn 0.9821165 -0.1729962 -0.07429302
vn 0.9821165 -0.1729962 -0.07429302
vn 0.9804687 -0.193827 0.03335142
vn 0.85805 -0.5007512 -0.1140107
vn 0.9821165 -0.1729962 -0.07429302
vn 0.9818194 -0.1829791 0.05048981
vn 0.9804687 -0.193827 0.03335142
vn 0.9927446 -0.08731426 0.08266992
vn 0.9818194 -0.1829791 0.05048981
vn 0.9821165 -0.1729962 -0.07429302
vn 0.9927446 -0.08731426 0.08266992
vn 0.9821165 -0.1729962 -0.07429302
vn 0.9884927 -0.09851228 -0.1147931
vn 0.6577094 -0.1806923 -0.7312788
vn 0.5794345 -0.3377489 -0.741742
vn 0.4214201 -0.09775166 -0.9015818
vn 0.6577094 -0.1806923 -0.7312788
vn 0.9116456 -0.2549822 -0.3223141
vn 0.5794345 -0.3377489 -0.741742
vn 0.6577094 -0.1806923 -0.7312788
vn 0.4214201 -0.09775166 -0.9015818
vn 0.3994469 0.02426398 -0.9164352
vn 0.3994469 0.02426398 -0.9164352
vn 0.4214201 -0.09775166 -0.9015818
vn 0.2469684 0.1810412 -0.9519615
vn 0.6577094 -0.1806923 -0.7312788
vn 0.7738309 -0.3125028 -0.5509335
vn 0.9116456 -0.2549822 -0.3223141
vn 0.9821165 -0.1729962 -0.07429302
vn 0.9116456 -0.2549822 -0.3223141
vn 0.7738309 -0.3125028 -0.5509335
vn 0.9821165 -0.1729962 -0.07429302
vn 0.7738309 -0.3125028 -0.5509335
vn 0.9884927 -0.09851228 -0.1147931
vn 0.3855585 -0.1633535 -0.9081081
vn 0.6577094 -0.1806923 -0.7312788
vn 0.3994469 0.02426398 -0.9164352
vn 0.3855585 -0.1633535 -0.9081081
vn 0.7738309 -0.3125028 -0.5509335
vn 0.6577094 -0.1806923 -0.7312788
vn 0.3855585 -0.1633535 -0.9081081
vn 0.3994469 0.02426398 -0.9164352
vn 0.1743861 0.06300642 -0.9826595
vn 0.3855585 -0.1633535 -0.9081081
vn 0.4067525 -0.3910221 -0.8256235
vn 0.7738309 -0.3125028 -0.5509335
vn 0.6669948 -0.4791215 -0.5705791
vn 0.7738309 -0.3125028 -0.5509335
vn 0.4067525 -0.3910221 -0.8256235
vn 0.6669948 -0.4791215 -0.5705791
vn 0.4067525 -0.3910221 -0.8256235
vn 0.5799298 -0.2686292 -0.7691032
vn 0.8510686 -0.2070222 -0.4825186
vn 0.6669948 -0.4791215 -0.5705791
vn 0.5799298 -0.2686292 -0.7691032
vn 0.8510686 -0.2070222 -0.4825186
vn 0.5799298 -0.2686292 -0.7691032
vn 0.9567193 -0.04928239 -0.2868093
vn 0.07376225 -0.09496666 -0.9927439
vn 0.4067525 -0.3910221 -0.8256235
vn 0.3855585 -0.1633535 -0.9081081
vn 0.1743861 0.06300642 -0.9826595
vn 0.07376225 -0.09496666 -0.9927439
vn 0.3855585 -0.1633535 -0.9081081
vn 0.07376225 -0.09496666 -0.9927439
vn 0.1981475 -0.1534274 -0.9680896
vn 0.4067525 -0.3910221 -0.8256235
vn 0.5799298 -0.2686292 -0.7691032
vn 0.4067525 -0.3910221 -0.8256235
vn 0.1981475 -0.1534274 -0.9680896
vn 0.1743861 0.06300642 -0.9826595
vn 0.03331054 0.0193323 -0.999258
vn 0.07376225 -0.09496666 -0.9927439
vn 0.04243847 0.1057535 -0.9934863
vn 0.03331054 0.0193323 -0.999258
vn 0.1743861 0.06300642 -0.9826595
vn 0.04243847 0.1057535 -0.9934863
vn 0.1743861 0.06300642 -0.9826595
vn 0.2051873 0.1834145 -0.961383
vn 0.2051873 0.1834145 -0.961383
vn 0.1743861 0.06300642 -0.9826595
vn 0.3994469 0.02426398 -0.9164352
vn 0.5799298 -0.2686292 -0.7691032
vn 0.1981475 -0.1534274 -0.9680896
vn 0.2915421 -0.1478024 -0.9450702
vn 0.4022959 -0.1068154 -0.9092571
vn 0.5799298 -0.2686292 -0.7691032
vn 0.2915421 -0.1478024 -0.9450702
vn -0.03435236 0.006412482 -0.9993892
vn 0.07376225 -0.09496666 -0.9927439
vn 0.03331054 0.0193323 -0.999258
vn -0.03435236 0.006412482 -0.9993892
vn 0.03331054 0.0193323 -0.999258
vn 0.04243847 0.1057535 -0.9934863
vn -0.03435236 0.006412482 -0.9993892
vn -0.04297762 -0.02746728 -0.9986984
vn 0.07376225 -0.09496666 -0.9927439
vn -0.04297762 -0.02746728 -0.9986984
vn 0.1981475 -0.1534274 -0.9680896
vn 0.07376225 -0.09496666 -0.9927439
vn -0.04297762 -0.02746728 -0.9986984
vn -0.05293735 -0.1208865 -0.9912537
vn 0.1981475 -0.1534274 -0.9680896
vn 0.2915421 -0.1478024 -0.9450702
vn 0.1981475 -0.1534274 -0.9680896
vn -0.05293735 -0.1208865 -0.9912537
vn 0.2915421 -0.1478024 -0.9450702
vn -0.05293735 -0.1208865 -0.9912537
vn 0.003743117 -0.1407605 -0.9900366
vn 0.2983724 -0.1570206 -0.9414449
vn 0.2915421 -0.1478024 -0.9450702
vn 0.003743117 -0.1407605 -0.9900366
vn 0.4022959 -0.1068154 -0.9092571
vn 0.2915421 -0.1478024 -0.9450702
vn 0.2983724 -0.1570206 -0.9414449
vn 0.2983724 -0.1570206 -0.9414449
vn 0.003743117 -0.1407605 -0.9900366
vn 0.1741415 -0.09735266 -0.9798965
vn 0.9527755 0.1346661 -0.2721833
vn 0.8510686 -0.2070222 -0.4825186
vn 0.9567193 -0.04928239 -0.2868093
vn 0.8732785 -0.07266569 -0.4817722
vn 0.8510686 -0.2070222 -0.4825186
vn 0.9527755 0.1346661 -0.2721833
vn 0.8732785 -0.07266569 -0.4817722
vn 0.9179935 -0.05655569 -0.3925422
vn 0.8510686 -0.2070222 -0.4825186
vn 0.8924478 0.3524014 -0.2816916
vn 0.8732785 -0.07266569 -0.4817722
vn 0.9527755 0.1346661 -0.2721833
vn 0.8924478 0.3524014 -0.2816916
vn 0.9527755 0.1346661 -0.2721833
vn 0.8689207 0.4350951 -0.2359428
vn 0.9527755 0.1346661 -0.2721833
vn 0.9034761 0.334141 -0.2684788
vn 0.8689207 0.4350951 -0.2359428
vn 0.9527755 0.1346661 -0.2721833
vn 0.9908416 0.1033943 -0.08684636
vn 0.9034761 0.334141 -0.2684788
vn 0.9908416 0.1033943 -0.08684636
vn 0.8667597 0.1548327 -0.4740828
vn 0.9034761 0.334141 -0.2684788
vn 0.2432015 0.09865634 -0.9649456
vn 0.2828378 0.1687628 -0.9442044
vn 0.2520898 0.2438411 -0.9364787
vn 0.2432015 0.09865634 -0.9649456
vn 0.2983724 -0.1570206 -0.9414449
vn 0.2828378 0.1687628 -0.9442044
vn 0.2828378 0.1687628 -0.9442044
vn 0.2983724 -0.1570206 -0.9414449
vn 0.1741415 -0.09735266 -0.9798965
vn 0.2828378 0.1687628 -0.9442044
vn 0.1158367 0.351528 -0.9289833
vn 0.2520898 0.2438411 -0.9364787
vn 0.2828378 0.1687628 -0.9442044
vn 0.1551201 0.1974985 -0.9679525
vn 0.1158367 0.351528 -0.9289833
vn 0.2828378 0.1687628 -0.9442044
vn 0.1741415 -0.09735266 -0.9798965
vn 0.1551201 0.1974985 -0.9679525
vn 0.1551201 0.1974985 -0.9679525
vn -0.054115 0.4899636 -0.8700616
vn 0.1158367 0.351528 -0.9289833
vn 0.2247438 -0.2657056 -0.9374917
vn 0.2247438 -0.2657056 -0.9374917
vn -0.01619587 -0.4624619 -0.8864913
vn -0.3712054 -0.1518585 -0.9160489
vn -0.01619587 -0.4624619 -0.8864913
vn -0.4103684 -0.1584647 -0.898046
vn -0.3712054 -0.1518585 -0.9160489
vn -0.4103684 -0.1584647 -0.898046
vn -0.4296616 0.01341267 -0.9028904
vn -0.4491535 0.08531781 -0.8893718
vn -0.3712054 -0.1518585 -0.9160489
vn -0.4296616 0.01341267 -0.9028904
vn -0.4491535 0.08531781 -0.8893718
vn -0.4296616 0.01341267 -0.9028904
vn -0.467193 0.05580252 -0.8823926
vn -0.955783 0.0446047 -0.2906703
vn -0.9554537 -0.04000678 -0.2924168
vn -0.9580032 0.1199989 -0.2604425
vn -0.9554537 -0.04000678 -0.2924168
vn -0.9740456 -0.04542113 -0.2217478
vn -0.9580032 0.1199989 -0.2604425
vn -0.9580032 0.1199989 -0.2604425
vn -0.9740456 -0.04542113 -0.2217478
vn -0.9995874 -0.01910362 -0.02144774
vn -0.9580032 0.1199989 -0.2604425
vn -0.9995874 -0.01910362 -0.02144774
vn -0.9868611 0.1468427 -0.06739767
vn -0.9740456 -0.04542113 -0.2217478
vn -0.9977145 -0.06287155 -0.02475654
vn -0.9995874 -0.01910362 -0.02144774
vn -0.9740456 -0.04542113 -0.2217478
vn -0.9711834 -0.1410633 -0.192104
vn -0.9977145 -0.06287155 -0.02475654
vn -0.9711834 -0.1410633 -0.192104
vn -0.9940187 -0.1037444 0.0341131
vn -0.9977145 -0.06287155 -0.02475654
vn -0.9711834 -0.1410633 -0.192104
vn -0.9643412 -0.2541177 -0.07396153
vn -0.9940187 -0.1037444 0.0341131
vn -0.9554537 -0.04000678 -0.2924168
vn -0.965757 -0.05589673 -0.2533557
vn -0.9740456 -0.04542113 -0.2217478
vn -0.4296616 0.01341267 -0.9028904
vn -0.4217306 -0.05034976 -0.9053221
vn -0.467193 0.05580252 -0.8823926
vn -0.965757 -0.05589673 -0.2533557
vn -0.9711834 -0.1410633 -0.192104
vn -0.9740456 -0.04542113 -0.2217478
vn -0.9382991 -0.3030239 -0.166647
vn -0.9643412 -0.2541177 -0.07396153
vn -0.9711834 -0.1410633 -0.192104
vn -0.965757 -0.05589673 -0.2533557
vn -0.9382991 -0.3030239 -0.166647
vn -0.9711834 -0.1410633 -0.192104
vn -0.9382991 -0.3030239 -0.166647
vn -0.9449801 -0.3061089 -0.1153691
vn -0.9643412 -0.2541177 -0.07396153
vn -0.4296616 0.01341267 -0.9028904
vn -0.4801128 -0.1701465 -0.8605474
vn -0.4217306 -0.05034976 -0.9053221
vn -0.4801128 -0.1701465 -0.8605474
vn -0.5177874 -0.3661755 -0.7731829
vn -0.4217306 -0.05034976 -0.9053221
vn -0.4103684 -0.1584647 -0.898046
vn -0.4801128 -0.1701465 -0.8605474
vn -0.4296616 0.01341267 -0.9028904
vn -0.4103684 -0.1584647 -0.898046
vn -0.4659252 -0.1991674 -0.8621172
vn -0.4801128 -0.1701465 -0.8605474
vn -0.4659252 -0.1991674 -0.8621172
vn -0.4727862 -0.2796257 -0.8356331
vn -0.4801128 -0.1701465 -0.8605474
vn -0.4801128 -0.1701465 -0.8605474
vn -0.4727862 -0.2796257 -0.8356331
vn -0.5177874 -0.3661755 -0.7731829
vn -0.4727862 -0.2796257 -0.8356331
vn -0.5031619 -0.2687778 -0.8213322
vn -0.5177874 -0.3661755 -0.7731829
vn -0.4659252 -0.1991674 -0.8621172
vn -0.2043901 -0.04656816 -0.9777812
vn -0.4727862 -0.2796257 -0.8356331
vn 0.2247438 -0.2657056 -0.9374917
vn 0.1394278 -0.03084361 -0.9897518
vn 0.2247438 -0.2657056 -0.9374917
vn 0.1551201 0.1974985 -0.9679525
vn 0.1741415 -0.09735266 -0.9798965
vn 0.1394278 -0.03084361 -0.9897518
vn 0.1741415 -0.09735266 -0.9798965
vn -0.2043901 -0.04656816 -0.9777812
vn 0.1394278 -0.03084361 -0.9897518
vn -0.4727862 -0.2796257 -0.8356331
vn -0.4138309 -0.159904 -0.8962001
vn -0.5031619 -0.2687778 -0.8213322
vn -0.2043901 -0.04656816 -0.9777812
vn -0.4138309 -0.159904 -0.8962001
vn -0.4727862 -0.2796257 -0.8356331
vn -0.7955126 -0.2427021 -0.5552077
vn -0.5031619 -0.2687778 -0.8213322
vn -0.4138309 -0.159904 -0.8962001
vn -0.7955126 -0.2427021 -0.5552077
vn -0.4138309 -0.159904 -0.8962001
vn -0.3634657 -0.3066941 -0.8796769
vn -0.3634657 -0.3066941 -0.8796769
vn -0.4138309 -0.159904 -0.8962001
vn -0.2402306 -0.1512324 -0.9588628
vn -0.2043901 -0.04656816 -0.9777812
vn -0.2402306 -0.1512324 -0.9588628
vn -0.4138309 -0.159904 -0.8962001
vn -0.3634657 -0.3066941 -0.8796769
vn -0.2402306 -0.1512324 -0.9588628
vn -0.1637323 -0.1594591 -0.973532
vn -0.3634657 -0.3066941 -0.8796769
vn -0.1637323 -0.1594591 -0.973532
vn -0.06855781 -0.06145772 -0.9957524
vn -0.3634657 -0.3066941 -0.8796769
vn -0.06855781 -0.06145772 -0.9957524
vn -0.2378784 -0.0600286 -0.9694382
vn -0.1919121 0.1587934 -0.9684805
vn -0.2378784 -0.0600286 -0.9694382
vn -0.06855781 -0.06145772 -0.9957524
vn -0.1919121 0.1587934 -0.9684805
vn -0.06855781 -0.06145772 -0.9957524
vn -0.07161792 0.1147291 -0.9908118
vn -0.5496027 -0.4474898 -0.7054713
vn -0.7955126 -0.2427021 -0.5552077
vn -0.3634657 -0.3066941 -0.8796769
vn -0.5496027 -0.4474898 -0.7054713
vn -0.7052805 -0.5683687 -0.4237175
vn -0.7955126 -0.2427021 -0.5552077
vn -0.7955126 -0.2427021 -0.5552077
vn -0.7052805 -0.5683687 -0.4237175
vn -0.9024231 -0.3809234 -0.2013205
vn -0.7955126 -0.2427021 -0.5552077
vn -0.9024231 -0.3809234 -0.2013205
vn -0.9863734 -0.1105271 -0.1218657
vn -0.9906495 -0.1189091 0.06688999
vn -0.9863734 -0.1105271 -0.1218657
vn -0.9024231 -0.3809234 -0.2013205
vn -0.9906495 -0.1189091 0.06688999
vn -0.9946342 -0.08549608 0.05825162
vn -0.9863734 -0.1105271 -0.1218657
vn -0.7461532 -0.662152 -0.06935597
vn -0.6393872 -0.7594002 -0.1203963
vn -0.6361791 -0.7484388 -0.1873912
vn -0.6361791 -0.7484388 -0.1873912
vn -0.9024231 -0.3809234 -0.2013205
vn -0.7052805 -0.5683687 -0.4237175
vn -0.7461532 -0.662152 -0.06935597
vn -0.6361791 -0.7484388 -0.1873912
vn -0.6715514 -0.7033192 0.2331537
vn -0.6361791 -0.7484388 -0.1873912
vn -0.7052805 -0.5683687 -0.4237175
vn -0.4151085 -0.6895372 -0.5934842
vn -0.4151085 -0.6895372 -0.5934842
vn -0.7052805 -0.5683687 -0.4237175
vn -0.5496027 -0.4474898 -0.7054713
vn -0.4151085 -0.6895372 -0.5934842
vn -0.5496027 -0.4474898 -0.7054713
vn -0.299036 -0.602758 -0.7397705
vn -0.299036 -0.602758 -0.7397705
vn -0.5496027 -0.4474898 -0.7054713
vn -0.4181742 -0.4341204 -0.7979159
vn -0.299036 -0.602758 -0.7397705
vn -0.4181742 -0.4341204 -0.7979159
vn -0.1974291 -0.4136798 -0.888758
vn -0.4181742 -0.4341204 -0.7979159
vn -0.2610548 -0.1418385 -0.9548467
vn -0.1974291 -0.4136798 -0.888758
vn -0.4181742 -0.4341204 -0.7979159
vn -0.3553342 -0.0892213 -0.9304715
vn -0.2610548 -0.1418385 -0.9548467
vn -0.3553342 -0.0892213 -0.9304715
vn -0.3240444 0.1240234 -0.9378771
vn -0.2610548 -0.1418385 -0.9548467
vn -0.3553342 -0.0892213 -0.9304715
vn -0.2861313 0.2593862 -0.922414
vn -0.3240444 0.1240234 -0.9378771
vn -0.2861313 0.2593862 -0.922414
vn -0.3553342 -0.0892213 -0.9304715
vn -0.1145365 0.1302082 -0.9848489
vn -0.2861313 0.2593862 -0.922414
vn -0.1145365 0.1302082 -0.9848489
vn -0.1624686 0.3309736 -0.9295486
vn -0.2861313 0.2593862 -0.922414
vn -0.1624686 0.3309736 -0.9295486
vn -0.3056024 0.5385149 -0.7852445
vn -0.2861313 0.2593862 -0.922414
vn -0.3056024 0.5385149 -0.7852445
vn -0.4173728 0.4945514 -0.7623771
vn -0.2697599 0.2885384 -0.9186813
vn -0.3240444 0.1240234 -0.9378771
vn -0.2861313 0.2593862 -0.922414
vn 0.6482649 0.4996267 -0.5745657
vn 0.6681699 0.4617797 -0.5833598
vn 0.6482649 0.4996267 -0.5745657
vn 0.6271245 0.5365215 -0.5646765
vn 0.6482649 0.4996267 -0.5745657
vn 0.6482649 0.4996267 -0.5745657
vn -0.3056024 0.5385149 -0.7852445
vn -0.3878174 0.5975977 -0.7017654
vn -0.4173728 0.4945514 -0.7623771
vn -0.3056024 0.5385149 -0.7852445
vn -0.3163058 0.7468621 -0.5849339
vn -0.3878174 0.5975977 -0.7017654
vn -0.3056024 0.5385149 -0.7852445
vn -0.2859012 0.5929124 -0.752805
vn -0.3163058 0.7468621 -0.5849339
vn -0.3750536 0.7822093 -0.4974771
vn -0.3163058 0.7468621 -0.5849339
vn -0.2859012 0.5929124 -0.752805
vn -0.3750536 0.7822093 -0.4974771
vn -0.2878961 0.9575557 -0.01424858
vn -0.3163058 0.7468621 -0.5849339
vn -0.5477203 0.7923502 -0.2686701
vn -0.3102431 0.8150147 -0.4893877
vn -0.6240724 0.5817379 -0.5216463
vn -0.3750536 0.7822093 -0.4974771
vn -0.365428 0.9140797 -0.1758429
vn -0.2878961 0.9575557 -0.01424858
vn -0.3750536 0.7822093 -0.4974771
vn -0.6441272 0.7055891 -0.295371
vn -0.365428 0.9140797 -0.1758429
vn -0.2031098 0.5446207 -0.8137166
vn -0.6441272 0.7055891 -0.295371
vn -0.3750536 0.7822093 -0.4974771
vn -0.009112586 0.4637474 -0.8859205
vn -0.08100216 0.6123875 -0.7863969
vn -0.2031098 0.5446207 -0.8137166
vn -0.2031098 0.5446207 -0.8137166
vn 0.007807784 0.3629862 -0.9317619
vn -0.009112586 0.4637474 -0.8859205
vn -0.2031098 0.5446207 -0.8137166
vn -0.09332461 0.3081248 -0.9467574
vn 0.007807784 0.3629862 -0.9317619
vn -0.009112586 0.4637474 -0.8859205
vn 0.007807784 0.3629862 -0.9317619
vn 0.08833513 0.3869358 -0.9178659
vn -0.009112586 0.4637474 -0.8859205
vn 0.08833513 0.3869358 -0.9178659
vn 0.1618591 0.4793833 -0.8625504
vn 0.1618591 0.4793833 -0.8625504
vn 0.08833513 0.3869358 -0.9178659
vn 0.1449526 0.4140579 -0.898635
vn 0.1618591 0.4793833 -0.8625504
vn 0.1449526 0.4140579 -0.898635
vn 0.280359 0.5346263 -0.7972287
vn 0.1449526 0.4140579 -0.898635
vn 0.2207379 0.5258202 -0.8214548
vn 0.280359 0.5346263 -0.7972287
vn 0.1449526 0.4140579 -0.898635
vn 0.1722126 0.3806134 -0.9085572
vn 0.2207379 0.5258202 -0.8214548
vn -0.03261075 0.1890374 -0.9814283
vn 0.007807784 0.3629862 -0.9317619
vn -0.09332461 0.3081248 -0.9467574
vn -0.03261075 0.1890374 -0.9814283
vn -0.09332461 0.3081248 -0.9467574
vn -0.1141756 0.170539 -0.9787136
vn 0.007807784 0.3629862 -0.9317619
vn -0.03261075 0.1890374 -0.9814283
vn 0.07409856 0.3191505 -0.9448028
vn 0.007807784 0.3629862 -0.9317619
vn 0.07409856 0.3191505 -0.9448028
vn 0.08833513 0.3869358 -0.9178659
vn 0.1449526 0.4140579 -0.898635
vn 0.08833513 0.3869358 -0.9178659
vn 0.07409856 0.3191505 -0.9448028
vn 0.1449526 0.4140579 -0.898635
vn 0.07409856 0.3191505 -0.9448028
vn 0.1680365 0.334693 -0.927224
vn 0.1680365 0.334693 -0.927224
vn 0.1722126 0.3806134 -0.9085572
vn 0.1449526 0.4140579 -0.898635
vn -0.009112586 0.4637474 -0.8859205
vn -0.0001430837 0.5858757 -0.8104008
vn -0.08100216 0.6123875 -0.7863969
vn 0.1618591 0.4793833 -0.8625504
vn -0.0001430837 0.5858757 -0.8104008
vn -0.009112586 0.4637474 -0.8859205
vn 0.1618591 0.4793833 -0.8625504
vn 0.1925883 0.6433489 -0.7409533
vn -0.0001430837 0.5858757 -0.8104008
vn 0.4254323 0.8547603 -0.2973084
vn 0.1925883 0.6433489 -0.7409533
vn 0.1618591 0.4793833 -0.8625504
vn -0.1141756 0.170539 -0.9787136
vn -0.09332461 0.3081248 -0.9467574
vn -0.2257818 0.3950459 -0.8904837
vn -0.1141756 0.170539 -0.9787136
vn -0.2257818 0.3950459 -0.8904837
vn -0.1774777 0.1791244 -0.967686
vn -0.2031098 0.5446207 -0.8137166
vn -0.2257818 0.3950459 -0.8904837
vn -0.09332461 0.3081248 -0.9467574
vn -0.2031098 0.5446207 -0.8137166
vn -0.3750536 0.7822093 -0.4974771
vn -0.2257818 0.3950459 -0.8904837
vn -0.2257818 0.3950459 -0.8904837
vn -0.3750536 0.7822093 -0.4974771
vn -0.2859012 0.5929124 -0.752805
vn -0.2257818 0.3950459 -0.8904837
vn -0.2859012 0.5929124 -0.752805
vn -0.3056024 0.5385149 -0.7852445
vn -0.2257818 0.3950459 -0.8904837
vn -0.3056024 0.5385149 -0.7852445
vn -0.1624686 0.3309736 -0.9295486
vn -0.1774777 0.1791244 -0.967686
vn -0.2257818 0.3950459 -0.8904837
vn -0.1624686 0.3309736 -0.9295486
vn -0.1774777 0.1791244 -0.967686
vn -0.1624686 0.3309736 -0.9295486
vn -0.1145365 0.1302082 -0.9848489
vn -0.3931092 -0.1360912 -0.9093648
vn -0.1774777 0.1791244 -0.967686
vn -0.1145365 0.1302082 -0.9848489
vn -0.3553342 -0.0892213 -0.9304715
vn -0.3931092 -0.1360912 -0.9093648
vn -0.1145365 0.1302082 -0.9848489
vn -0.3553342 -0.0892213 -0.9304715
vn -0.4181742 -0.4341204 -0.7979159
vn -0.3931092 -0.1360912 -0.9093648
vn -0.5496027 -0.4474898 -0.7054713
vn -0.3931092 -0.1360912 -0.9093648
vn -0.4181742 -0.4341204 -0.7979159
vn -0.5496027 -0.4474898 -0.7054713
vn -0.3634657 -0.3066941 -0.8796769
vn -0.3931092 -0.1360912 -0.9093648
vn -0.3634657 -0.3066941 -0.8796769
vn -0.2378784 -0.0600286 -0.9694382
vn -0.3931092 -0.1360912 -0.9093648
vn -0.3931092 -0.1360912 -0.9093648
vn -0.2378784 -0.0600286 -0.9694382
vn -0.1919121 0.1587934 -0.9684805
vn -0.3931092 -0.1360912 -0.9093648
vn -0.1919121 0.1587934 -0.9684805
vn -0.1774777 0.1791244 -0.967686
vn -0.1141756 0.170539 -0.9787136
vn -0.1774777 0.1791244 -0.967686
vn -0.1919121 0.1587934 -0.9684805
vn -0.1141756 0.170539 -0.9787136
vn -0.1919121 0.1587934 -0.9684805
vn -0.07161792 0.1147291 -0.9908118
vn -0.1141756 0.170539 -0.9787136
vn -0.07161792 0.1147291 -0.9908118
vn -0.03791129 0.08552177 -0.9956148
vn -0.07161792 0.1147291 -0.9908118
vn -0.03435236 0.006412482 -0.9993892
vn -0.03791129 0.08552177 -0.9956148
vn -0.03435236 0.006412482 -0.9993892
vn 0.04243847 0.1057535 -0.9934863
vn -0.03791129 0.08552177 -0.9956148
vn -0.07161792 0.1147291 -0.9908118
vn -0.06855781 -0.06145772 -0.9957524
vn -0.03435236 0.006412482 -0.9993892
vn -0.1637323 -0.1594591 -0.973532
vn -0.03435236 0.006412482 -0.9993892
vn -0.06855781 -0.06145772 -0.9957524
vn -0.1637323 -0.1594591 -0.973532
vn -0.04297762 -0.02746728 -0.9986984
vn -0.03435236 0.006412482 -0.9993892
vn -0.1637323 -0.1594591 -0.973532
vn -0.05293735 -0.1208865 -0.9912537
vn -0.04297762 -0.02746728 -0.9986984
vn -0.1637323 -0.1594591 -0.973532
vn -0.2402306 -0.1512324 -0.9588628
vn -0.05293735 -0.1208865 -0.9912537
vn 0.003743117 -0.1407605 -0.9900366
vn -0.05293735 -0.1208865 -0.9912537
vn -0.2402306 -0.1512324 -0.9588628
vn 0.003743117 -0.1407605 -0.9900366
vn -0.2402306 -0.1512324 -0.9588628
vn -0.2043901 -0.04656816 -0.9777812
vn 0.1741415 -0.09735266 -0.9798965
vn 0.003743117 -0.1407605 -0.9900366
vn -0.2043901 -0.04656816 -0.9777812
vn -0.1141756 0.170539 -0.9787136
vn -0.03791129 0.08552177 -0.9956148
vn -0.03261075 0.1890374 -0.9814283
vn 0.04243847 0.1057535 -0.9934863
vn -0.03261075 0.1890374 -0.9814283
vn -0.03791129 0.08552177 -0.9956148
vn 0.04243847 0.1057535 -0.9934863
vn 0.07409856 0.3191505 -0.9448028
vn -0.03261075 0.1890374 -0.9814283
vn 0.1680365 0.334693 -0.927224
vn 0.07409856 0.3191505 -0.9448028
vn 0.04243847 0.1057535 -0.9934863
vn 0.1680365 0.334693 -0.927224
vn 0.04243847 0.1057535 -0.9934863
vn 0.2051873 0.1834145 -0.961383
vn 0.2373377 0.3164451 -0.9184407
vn 0.1680365 0.334693 -0.927224
vn 0.2051873 0.1834145 -0.961383
vn 0.2373377 0.3164451 -0.9184407
vn 0.2051873 0.1834145 -0.961383
vn 0.2733522 0.1283771 -0.9533089
vn 0.2733522 0.1283771 -0.9533089
vn 0.2469684 0.1810412 -0.9519615
vn 0.2373377 0.3164451 -0.9184407
vn 0.2469684 0.1810412 -0.9519615
vn 0.1722126 0.3806134 -0.9085572
vn 0.2373377 0.3164451 -0.9184407
vn 0.1680365 0.334693 -0.927224
vn 0.2373377 0.3164451 -0.9184407
vn 0.1722126 0.3806134 -0.9085572
vn 0.2733522 0.1283771 -0.9533089
vn 0.3994469 0.02426398 -0.9164352
vn 0.2469684 0.1810412 -0.9519615
vn 0.2051873 0.1834145 -0.961383
vn 0.3994469 0.02426398 -0.9164352
vn 0.2733522 0.1283771 -0.9533089
vn 0.2469684 0.1810412 -0.9519615
vn 0.2207379 0.5258202 -0.8214548
vn 0.1722126 0.3806134 -0.9085572
vn 0.1480211 -0.430733 0.8902578
vn 0.3369463 -0.1201998 0.9338197
vn 0.3631703 -0.2871736 0.8863626
vn 0.1480211 -0.430733 0.8902578
vn 0.3631703 -0.2871736 0.8863626
vn 0.3704814 -0.3505594 0.8601463
vn -0.6038826 0.7275124 0.3256556
vn -0.6651827 0.6544358 0.3595077
vn -0.6224301 0.7514475 0.2188778
vn -0.8923804 -0.2252349 -0.3910582
vn -0.8923804 -0.2252349 -0.3910582
vn -0.8923804 -0.2252349 -0.3910582
vn -0.7120175 0.566207 0.4152599
vn -0.6651827 0.6544358 0.3595077
vn -0.6038826 0.7275124 0.3256556
vn -0.7120175 0.566207 0.4152599
vn -0.7835825 0.4570005 0.4208908
vn -0.6651827 0.6544358 0.3595077
vn -0.7916521 0.440642 0.4232275
vn -0.7835825 0.4570005 0.4208908
vn -0.7120175 0.566207 0.4152599
vn -0.7916521 0.440642 0.4232275
vn -0.9108787 0.08401271 0.404032
vn -0.7835825 0.4570005 0.4208908
vn -0.1634084 0.3407296 0.9258515
vn -0.1632917 0.6523572 0.7401121
vn -1.092738E-07 0.614384 0.7890072
vn -0.1634084 0.3407296 0.9258515
vn -1.092738E-07 0.614384 0.7890072
vn -1.512724E-07 0.3831942 0.9236678
vn -0.954946 -0.2657073 0.1322035
vn -0.9108787 0.08401271 0.404032
vn -0.9244443 -0.2806895 0.2581008
vn -0.954946 -0.2657073 0.1322035
vn -0.9244443 -0.2806895 0.2581008
vn -0.962279 0.143402 0.2312034
vn -0.1634084 0.3407296 0.9258515
vn -1.512724E-07 0.3831942 0.9236678
vn -6.662151E-08 0.0747228 0.9972044
vn -0.1634084 0.3407296 0.9258515
vn -6.662151E-08 0.0747228 0.9972044
vn -0.2462393 0.01725629 0.9690554
vn -0.6404652 0.04595802 -0.7666109
vn -0.5810335 0.09740892 -0.8080294
vn -0.7493018 -0.009121504 -0.6621658
vn -0.6404652 0.04595802 -0.7666109
vn -0.7493018 -0.009121504 -0.6621658
vn -0.9686329 0.1146424 -0.2204707
vn -0.9686329 0.1146424 -0.2204707
vn -0.9421043 -0.3072827 -0.1342269
vn -0.9421043 -0.3072827 -0.1342269
vn -0.9686329 0.1146424 -0.2204707
vn -0.954946 -0.2657073 0.1322035
vn -0.962279 0.143402 0.2312034
vn 0.1296836 0.4784941 0.8684617
vn -1.512724E-07 0.3831942 0.9236678
vn -1.092738E-07 0.614384 0.7890072
vn 0.1296836 0.4784941 0.8684617
vn -6.662151E-08 0.0747228 0.9972044
vn -1.512724E-07 0.3831942 0.9236678
vn 0.1296836 0.4784941 0.8684617
vn -1.092738E-07 0.614384 0.7890072
vn 0.1632915 0.6523573 0.740112
vn 0.7916519 0.4406423 0.4232277
vn 0.7835822 0.4570008 0.420891
vn 0.9108785 0.08401268 0.4040322
vn 0.7916519 0.4406423 0.4232277
vn 0.7287683 0.5458627 0.4134376
vn 0.7835822 0.4570008 0.420891
vn 0.7287683 0.5458627 0.4134376
vn 0.7128713 0.6233594 0.3213061
vn 0.7835822 0.4570008 0.420891
vn 0.7287683 0.5458627 0.4134376
vn 0.6774558 0.6843306 0.2697132
vn 0.7128713 0.6233594 0.3213061
vn 0.6774558 0.6843306 0.2697132
vn 0.6985624 0.70803 0.103461
vn 0.7128713 0.6233594 0.3213061
vn 0.8609188 -0.2150641 -0.4610492
vn 0.8609188 -0.2150641 -0.4610492
vn 0.8609188 -0.2150641 -0.4610492
vn 0.9549459 -0.2657076 0.1322036
vn 0.9244443 -0.2806899 0.2581009
vn 0.9108785 0.08401268 0.4040322
vn 0.2392169 -0.1090915 0.9648183
vn 0.2392169 -0.1090915 0.9648183
vn -6.662151E-08 0.0747228 0.9972044
vn 0.9549459 -0.2657076 0.1322036
vn 0.9622789 0.143402 0.2312035
vn 0.9244443 -0.2806899 0.2581009
vn 0.6404653 0.04595797 -0.7666107
vn 0.8528961 -0.113824 -0.5095218
vn 0.7555545 0.03678536 -0.6540523
vn 0.6404653 0.04595797 -0.7666107
vn 0.9686331 0.1146423 -0.2204706
vn 0.8528961 -0.113824 -0.5095218
vn 0.9686331 0.1146423 -0.2204706
vn 0.9622789 0.143402 0.2312035
vn 0.9549459 -0.2657076 0.1322036
vn 0.9686331 0.1146423 -0.2204706
vn 0.9421043 -0.3072827 -0.1342269
vn 0.8528961 -0.113824 -0.5095218
vn -0.1903157 -0.2995002 -0.9349222
vn -0.3721361 -0.0736395 -0.9252524
vn -0.1903157 -0.2995002 -0.9349222
vn -0.1903157 -0.2995002 -0.9349222
vn -0.1903157 -0.2995002 -0.9349222
vn 0.007522629 -0.5001535 -0.8659042
vn -0.3560891 0.2432161 -0.9022453
vn -0.364894 0.1980226 -0.9097469
vn -0.3560891 0.2432161 -0.9022453
vn -0.5810335 0.09740892 -0.8080294
vn -0.6404652 0.04595802 -0.7666109
vn -0.364894 0.1980226 -0.9097469
vn 0.6797631 0.02957941 0.7328351
vn 0.5984044 -0.0266619 0.8007505
vn 0.8658829 0.1817482 0.4660627
vn 0.6797631 0.02957941 0.7328351
vn 0.8658829 0.1817482 0.4660627
vn 0.9220024 0.2230282 0.3164963
vn 0.9220024 0.2230282 0.3164963
vn 0.8658829 0.1817482 0.4660627
vn 0.9492742 0.2592287 0.1779858
vn 0.9220024 0.2230282 0.3164963
vn 0.9492742 0.2592287 0.1779858
vn 0.934294 0.3357464 -0.1198711
vn -0.01619278 0.576899 0.816655
vn 0.297879 0.6891909 0.6605181
vn 0.04128526 0.3767657 0.9253882
vn 0.04128526 0.3767657 0.9253882
vn 0.05974639 -0.1250921 0.9903446
vn -0.01619278 0.576899 0.816655
vn 0.04128526 0.3767657 0.9253882
vn 0.3168533 0.02764717 0.9480715
vn 0.05974639 -0.1250921 0.9903446
vn 0.6797631 0.02957941 0.7328351
vn 0.3168533 0.02764717 0.9480715
vn 0.5984044 -0.0266619 0.8007505
vn -0.7426497 0.5843816 -0.3270623
vn -0.8126346 0.4687046 -0.3463249
vn -0.6672896 0.6482614 -0.3667176
vn -0.8126346 0.4687046 -0.3463249
vn -0.7426497 0.5843816 -0.3270623
vn -0.9686329 0.1146424 -0.2204707
vn -0.8126346 0.4687046 -0.3463249
vn -0.9686329 0.1146424 -0.2204707
vn -0.9294466 0.3658442 0.04782447
vn 0.2740111 0.5731689 0.7722664
vn 0.3862598 0.678032 0.6253607
vn 0.297879 0.6891909 0.6605181
vn 0.3862598 0.678032 0.6253607
vn 0.2212221 0.8777397 0.4250104
vn 0.297879 0.6891909 0.6605181
vn -0.9294466 0.3658442 0.04782447
vn -0.9686329 0.1146424 -0.2204707
vn -0.962279 0.143402 0.2312034
vn -0.9294466 0.3658442 0.04782447
vn -0.962279 0.143402 0.2312034
vn -0.9257014 0.2618078 0.2730082
vn 0.1032988 0.8786189 0.466217
vn 0.2958611 0.8990658 0.3227179
vn 0.2212221 0.8777397 0.4250104
vn 0.3912138 0.8887594 0.2388691
vn 0.2212221 0.8777397 0.4250104
vn 0.2958611 0.8990658 0.3227179
vn 0.8928063 0.334853 -0.3012812
vn 0.934294 0.3357464 -0.1198711
vn 0.8636785 0.4902773 -0.1169948
vn 0.3912138 0.8887594 0.2388691
vn 0.2958611 0.8990658 0.3227179
vn 0.6721469 0.7306055 0.1201429
vn -0.8152645 0.3832882 0.4340898
vn -0.9257014 0.2618078 0.2730082
vn -0.962279 0.143402 0.2312034
vn 0.04706192 0.5497426 -0.8340073
vn 0.1865972 0.4261244 -0.8852115
vn 0.1245908 0.7296541 -0.6723705
vn 0.04706192 0.5497426 -0.8340073
vn 0.1245908 0.7296541 -0.6723705
vn 1.049678E-07 0.7659461 -0.6429048
vn -0.7426497 0.5843816 -0.3270623
vn -0.6672896 0.6482614 -0.3667176
vn -0.6130753 0.7762814 -0.1467173
vn -0.8152645 0.3832882 0.4340898
vn -0.962279 0.143402 0.2312034
vn -0.4809819 0.4563355 0.7486083
vn -0.07337861 0.2102722 0.9748853
vn -0.2135185 0.3252005 0.9212245
vn -0.4809819 0.4563355 0.7486083
vn -0.07337861 0.2102722 0.9748853
vn -0.2462393 0.01725629 0.9690554
vn -6.662151E-08 0.0747228 0.9972044
vn 0.8928063 0.334853 -0.3012812
vn 0.8692884 0.1596836 -0.4678021
vn 0.934294 0.3357464 -0.1198711
vn 0.04706192 0.5497426 -0.8340073
vn 0.2570527 0.2036617 -0.9446935
vn 0.1865972 0.4261244 -0.8852115
vn 0.04706192 0.5497426 -0.8340073
vn 0.04859981 0.3088732 -0.9498608
vn 0.2570527 0.2036617 -0.9446935
vn 0.144411 -0.9073071 -0.3948914
vn 0.1910349 -0.8681812 -0.4580035
vn 0.4668676 -0.7483805 -0.4711276
vn 0.4668676 -0.7483805 -0.4711276
vn 0.1910349 -0.8681812 -0.4580035
vn 0.5933947 -0.682443 -0.4267954
vn 0.4668676 -0.7483805 -0.4711276
vn 0.5933947 -0.682443 -0.4267954
vn 0.7344497 -0.6049633 -0.3075762
vn 0.7344497 -0.6049633 -0.3075762
vn 0.5933947 -0.682443 -0.4267954
vn 0.7510581 -0.5897701 -0.2967876
vn 0.7344497 -0.6049633 -0.3075762
vn 0.7510581 -0.5897701 -0.2967876
vn 0.7790557 -0.5612717 -0.2793676
vn 0.7790557 -0.5612717 -0.2793676
vn 0.7510581 -0.5897701 -0.2967876
vn 0.7899297 -0.5391049 -0.2921934
vn 0.7790557 -0.5612717 -0.2793676
vn 0.7899297 -0.5391049 -0.2921934
vn 0.8013024 -0.5342445 -0.269253
vn 0.3362249 0.3839326 0.8599701
vn 0.3362249 0.3839326 0.8599701
vn 0.3168533 0.02764717 0.9480715
vn -0.5468374 -0.5103567 0.6637054
vn -0.4546899 -0.5686824 0.6854615
vn -0.3238196 -0.5336369 0.7812634
vn -0.3238196 -0.5336369 0.7812634
vn -0.4546899 -0.5686824 0.6854615
vn 0.1480211 -0.430733 0.8902578
vn -0.3238196 -0.5336369 0.7812634
vn 0.1480211 -0.430733 0.8902578
vn 0.05974639 -0.1250921 0.9903446
vn 0.05974639 -0.1250921 0.9903446
vn 0.1480211 -0.430733 0.8902578
vn 0.3704814 -0.3505594 0.8601463
vn -0.569576 0.5035568 0.6496258
vn -0.6949404 0.419934 0.5837065
vn -0.569576 0.5035568 0.6496258
vn -0.5542557 -0.5269225 0.644324
vn -0.5542557 -0.5269225 0.644324
vn -0.4546899 -0.5686824 0.6854615
vn 0.144411 -0.9073071 -0.3948914
vn 0.02717752 -0.9603699 -0.2774005
vn 0.1910349 -0.8681812 -0.4580035
vn 3.275698E-08 -0.965916 -0.2588555
vn 0.02717752 -0.9603699 -0.2774005
vn 0.05133055 -0.9777252 -0.2035159
vn 3.275698E-08 -0.965916 -0.2588555
vn 3.745087E-08 -0.9496504 -0.3133115
vn 0.02717752 -0.9603699 -0.2774005
vn 3.275698E-08 -0.965916 -0.2588555
vn -0.02717748 -0.9603699 -0.2774005
vn 3.745087E-08 -0.9496504 -0.3133115
vn 3.275698E-08 -0.965916 -0.2588555
vn -0.0513305 -0.9777252 -0.203516
vn -0.02717748 -0.9603699 -0.2774005
vn -0.2541246 0.2125739 -0.9435216
vn -0.3043696 0.1198594 -0.9449831
vn -0.3043696 0.1198594 -0.9449831
vn -0.9481963 0.3126402 -0.05639022
vn -0.8692883 0.1596836 -0.4678024
vn -0.8928062 0.3348531 -0.3012815
vn -0.9481963 0.3126402 -0.05639022
vn -0.8928062 0.3348531 -0.3012815
vn -0.8061239 0.5619926 0.1852797
vn -0.9481963 0.3126402 -0.05639022
vn -0.8061239 0.5619926 0.1852797
vn -0.9097766 0.227956 0.3469042
vn -0.9481963 0.3126402 -0.05639022
vn -0.9097766 0.227956 0.3469042
vn -0.8471667 0.1868058 0.4974054
vn -0.8471667 0.1868058 0.4974054
vn -0.9097766 0.227956 0.3469042
vn -0.7540776 0.1699531 0.6344154
vn -0.8471667 0.1868058 0.4974054
vn -0.7540776 0.1699531 0.6344154
vn -0.5331656 0.1328598 0.8355134
vn -0.3912138 0.8887594 0.2388691
vn -0.3912138 0.8887594 0.2388691
vn -0.08395693 0.9130898 0.3990216
vn -0.3912138 0.8887594 0.2388691
vn -0.6721469 0.7306055 0.1201428
vn -0.3912138 0.8887594 0.2388691
vn 0.04706192 0.5497426 -0.8340073
vn -0.1245906 0.729654 -0.6723706
vn -0.1369633 0.6965165 -0.7043478
vn -0.2541246 0.2125739 -0.9435216
vn 0.04859981 0.3088732 -0.9498608
vn 0.04706192 0.5497426 -0.8340073
vn 0.04706192 0.5497426 -0.8340073
vn 1.049678E-07 0.7659461 -0.6429048
vn -0.1245906 0.729654 -0.6723706
vn 0.8152643 0.3832884 0.43409
vn 0.9622789 0.143402 0.2312035
vn 0.9257015 0.2618078 0.2730082
vn 0.9294466 0.3658441 0.04782463
vn 0.9257015 0.2618078 0.2730082
vn 0.9622789 0.143402 0.2312035
vn -0.2981616 0.8321396 0.467593
vn -0.3862598 0.6780321 0.6253605
vn -0.8061239 0.5619926 0.1852797
vn -0.2981616 0.8321396 0.467593
vn -0.08395693 0.9130898 0.3990216
vn -0.1032987 0.8786189 0.466217
vn 0.9294466 0.3658441 0.04782463
vn 0.9622789 0.143402 0.2312035
vn 0.9686331 0.1146423 -0.2204706
vn 0.8126347 0.4687046 -0.3463246
vn 0.9294466 0.3658441 0.04782463
vn 0.9686331 0.1146423 -0.2204706
vn -0.0827243 0.5812719 0.8094934
vn 0.01619271 0.5768991 0.816655
vn -0.1171857 0.6926691 0.7116721
vn -0.0827243 0.5812719 0.8094934
vn -0.3862598 0.6780321 0.6253605
vn -0.2740111 0.5731691 0.7722663
vn 0.01619271 0.5768991 0.816655
vn -0.0827243 0.5812719 0.8094934
vn 0.1488875 0.4367759 0.8871637
vn -0.2908092 -0.15448 0.9442277
vn 0.004357252 -0.2473235 0.9689232
vn -0.2029982 -0.08759259 0.9752534
vn -0.2029982 -0.08759259 0.9752534
vn -0.5331656 0.1328598 0.8355134
vn -0.2908092 -0.15448 0.9442277
vn 0.8126347 0.4687046 -0.3463246
vn 0.9686331 0.1146423 -0.2204706
vn 0.7426497 0.5843816 -0.327062
vn 0.7426497 0.5843816 -0.327062
vn 0.6672897 0.6482615 -0.3667172
vn 0.8126347 0.4687046 -0.3463246
vn 0.7426497 0.5843816 -0.327062
vn 0.6130752 0.7762816 -0.1467169
vn 0.6672897 0.6482615 -0.3667172
vn 0.8152643 0.3832884 0.43409
vn 0.4097563 0.355671 0.8399987
vn 0.9622789 0.143402 0.2312035
vn 0.2135181 0.325202 0.921224
vn 0.4097563 0.355671 0.8399987
vn 0.2135181 0.325202 0.921224
vn -0.07337861 0.2102722 0.9748853
vn -6.662151E-08 0.0747228 0.9972044
vn 0.4097563 0.355671 0.8399987
vn -0.2029982 -0.08759259 0.9752534
vn -0.3362251 0.3839327 0.85997
vn -0.5331656 0.1328598 0.8355134
vn -0.2029982 -0.08759259 0.9752534
vn 0.004357252 -0.2473235 0.9689232
vn -0.1480215 -0.4307332 0.8902575
vn 0.4000089 -0.5878061 0.7031904
vn -0.1480215 -0.4307332 0.8902575
vn 0.4000089 -0.5878061 0.7031904
vn 0.569576 0.503557 0.6496257
vn 0.7999086 0.3826136 0.4623345
vn 0.7236894 0.3969724 0.5645233
vn -0.3749002 -0.4104809 0.8312372
vn -0.3749002 -0.4104809 0.8312372
vn -0.1480215 -0.4307332 0.8902575
vn 0.5507699 -0.5175469 0.6548265
vn 0.557997 -0.5225757 0.6446348
vn 0.557997 -0.5225757 0.6446348
vn 0.5507699 -0.5175469 0.6548265
vn 0.4000089 -0.5878061 0.7031904
vn 0.4000089 -0.5878061 0.7031904
vn -0.7790559 -0.5612716 -0.2793674
vn -0.8013024 -0.5342445 -0.2692531
vn -0.7899298 -0.5391048 -0.2921932
vn -0.7790559 -0.5612716 -0.2793674
vn -0.7899298 -0.5391048 -0.2921932
vn -0.7510583 -0.58977 -0.2967874
vn -0.7344497 -0.6049632 -0.3075761
vn -0.7790559 -0.5612716 -0.2793674
vn -0.7510583 -0.58977 -0.2967874
vn -0.7344497 -0.6049632 -0.3075761
vn -0.7510583 -0.58977 -0.2967874
vn -0.5933947 -0.682443 -0.4267954
vn -0.4668675 -0.7483805 -0.4711277
vn -0.7344497 -0.6049632 -0.3075761
vn -0.5933947 -0.682443 -0.4267954
vn -0.4668675 -0.7483805 -0.4711277
vn -0.5933947 -0.682443 -0.4267954
vn -0.1910348 -0.8681811 -0.4580035
vn -0.144411 -0.9073071 -0.3948914
vn -0.4668675 -0.7483805 -0.4711277
vn -0.1910348 -0.8681811 -0.4580035
vn -0.144411 -0.9073071 -0.3948914
vn -0.1910348 -0.8681811 -0.4580035
vn -0.02717748 -0.9603699 -0.2774005
vn -0.1480215 -0.4307332 0.8902575
vn -0.3595311 -0.3736508 0.855057
vn -0.3631707 -0.287174 0.8863623
vn -0.1480215 -0.4307332 0.8902575
vn -0.3631707 -0.287174 0.8863623
vn -0.3369467 -0.1201998 0.9338195
vn 0.1333985 -0.2312682 -0.9637011
vn -0.04052615 -0.395131 -0.9177305
vn 0.2531678 0.02165647 -0.96718
vn 0.1333985 -0.2312682 -0.9637011
vn 0.2531678 0.02165647 -0.96718
vn 0.2994241 -0.053711 -0.9526072
vn 0.2531678 0.02165647 -0.96718
vn 0.3243099 0.3782316 -0.8670433
vn 0.3243099 0.3782316 -0.8670433
vn 0.2531678 0.02165647 -0.96718
vn 0.3729049 0.1523981 -0.9152687
vn 0.6404653 0.04595797 -0.7666107
vn 0.1594093 0.8510781 -0.5002548
vn 0.1636791 0.8575829 -0.4876073
vn 0.168075 0.9671119 -0.1909061
vn 0.1594093 0.8510781 -0.5002548
vn 0.168075 0.9671119 -0.1909061
vn 0.1792626 0.9739176 -0.1391023
vn 0.145196 0.979282 0.141156
vn 0.1792626 0.9739176 -0.1391023
vn 0.168075 0.9671119 -0.1909061
vn 0.145196 0.979282 0.141156
vn 0.168075 0.9671119 -0.1909061
vn 0.1972981 0.9522169 0.2331449
vn 0.102908 0.4809937 0.8706635
vn 0.1622941 0.2631737 0.9509996
vn 0.1872881 0.461028 0.8673963
vn 0.102908 0.4809937 0.8706635
vn 0.02991147 0.2901573 0.9565114
vn 0.1622941 0.2631737 0.9509996
vn 0.02991147 0.2901573 0.9565114
vn 0.05324916 -0.09087311 0.9944378
vn 0.1622941 0.2631737 0.9509996
vn 0.02991147 0.2901573 0.9565114
vn -0.01130487 0.0640907 0.99788
vn 0.05324916 -0.09087311 0.9944378
vn 0.1589998 -0.4627155 0.8721316
vn 0.3784796 -0.5599621 0.7370181
vn 0.05324916 -0.09087311 0.9944378
vn 0.1589998 -0.4627155 0.8721316
vn 0.3063771 -0.724004 0.6180221
vn 0.3784796 -0.5599621 0.7370181
vn 0.5451368 -0.7828382 0.2999837
vn 0.3784796 -0.5599621 0.7370181
vn 0.3063771 -0.724004 0.6180221
vn 0.5451368 -0.7828382 0.2999837
vn 0.3063771 -0.724004 0.6180221
vn 0.358983 -0.9231648 0.1374701
vn 0.3063771 -0.724004 0.6180221
vn 0.1201415 -0.964452 0.2353685
vn 0.358983 -0.9231648 0.1374701
vn 0.3063771 -0.724004 0.6180221
vn 0.08391713 -0.6990716 0.7101105
vn 0.1201415 -0.964452 0.2353685
vn 0.08391713 -0.6990716 0.7101105
vn 0.3063771 -0.724004 0.6180221
vn 0.1589998 -0.4627155 0.8721316
vn 0.1594093 0.8510781 -0.5002548
vn 0.1770093 0.6664273 -0.7242531
vn 0.1636791 0.8575829 -0.4876073
vn 0.09437105 0.9471866 -0.3064828
vn 0.168075 0.9671119 -0.1909061
vn 0.1636791 0.8575829 -0.4876073
vn 0.09437105 0.9471866 -0.3064828
vn 0.1636791 0.8575829 -0.4876073
vn 0.05119743 0.7523011 -0.6568272
vn 0.05119743 0.7523011 -0.6568272
vn 0.1636791 0.8575829 -0.4876073
vn 0.1770093 0.6664273 -0.7242531
vn 0.04333131 0.9280667 -0.3698845
vn 0.09437105 0.9471866 -0.3064828
vn 0.05119743 0.7523011 -0.6568272
vn 0.05145425 0.8367729 0.5451273
vn 0.1956201 0.8197573 0.5382665
vn 0.04391433 0.83862 0.5429439
vn 0.05145425 0.8367729 0.5451273
vn 0.271529 0.8026869 0.5310045
vn 0.1956201 0.8197573 0.5382665
vn -0.01130487 0.0640907 0.99788
vn 0.0809126 0.2787561 0.9569473
vn 0.06156882 0.1879896 0.9802393
vn 0.02991147 0.2901573 0.9565114
vn 0.0809126 0.2787561 0.9569473
vn -0.01130487 0.0640907 0.99788
vn 0.04333131 0.9280667 -0.3698845
vn 0.05119743 0.7523011 -0.6568272
vn -0.02676187 0.77004 -0.6374341
vn -0.01130487 0.0640907 0.99788
vn 0.06156882 0.1879896 0.9802393
vn 0.06921936 -0.09565592 0.9930049
vn 0.08391713 -0.6990716 0.7101105
vn -0.01130487 0.0640907 0.99788
vn 0.06921936 -0.09565592 0.9930049
vn 0.05119743 0.7523011 -0.6568272
vn -0.08418655 0.4015009 -0.9119812
vn -0.02676187 0.77004 -0.6374341
vn 0.05119743 0.7523011 -0.6568272
vn 0.1187281 0.298618 -0.9469587
vn -0.08418655 0.4015009 -0.9119812
vn 0.05119743 0.7523011 -0.6568272
vn 0.3093921 0.3307182 -0.8915728
vn 0.1187281 0.298618 -0.9469587
vn 0.1187281 0.298618 -0.9469587
vn -0.08439332 0.2580177 -0.9624473
vn -0.08418655 0.4015009 -0.9119812
vn 0.1187281 0.298618 -0.9469587
vn 0.1275631 0.1722155 -0.9767649
vn -0.08439332 0.2580177 -0.9624473
vn 0.07756022 -0.5453472 -0.8346142
vn 0.08270051 -0.8055822 -0.586684
vn 0.0308739 -0.6734985 -0.7385436
vn 0.07756022 -0.5453472 -0.8346142
vn 0.2214288 -0.8075024 -0.5467259
vn 0.08270051 -0.8055822 -0.586684
vn 0.2277412 -0.4545663 -0.8611059
vn 0.2214288 -0.8075024 -0.5467259
vn 0.07756022 -0.5453472 -0.8346142
vn 0.2277412 -0.4545663 -0.8611059
vn 0.5388395 -0.6218554 -0.5682849
vn 0.2214288 -0.8075024 -0.5467259
vn 0.4328406 -0.8765909 -0.2103269
vn 0.2214288 -0.8075024 -0.5467259
vn 0.5388395 -0.6218554 -0.5682849
vn 0.4328406 -0.8765909 -0.2103269
vn 0.8409822 -0.5079642 -0.1863369
vn 0.85805 -0.5007512 -0.1140107
vn 0.358983 -0.9231648 0.1374701
vn 0.4328406 -0.8765909 -0.2103269
vn 0.85805 -0.5007512 -0.1140107
vn 0.358983 -0.9231648 0.1374701
vn 0.85805 -0.5007512 -0.1140107
vn 0.5451368 -0.7828382 0.2999837
vn 0.2277412 -0.4545663 -0.8611059
vn 0.07756022 -0.5453472 -0.8346142
vn 0.07167496 -0.159868 -0.9845329
vn 0.2277412 -0.4545663 -0.8611059
vn 0.07167496 -0.159868 -0.9845329
vn 0.1898715 -0.1392598 -0.9718824
vn 0.1898715 -0.1392598 -0.9718824
vn 0.07167496 -0.159868 -0.9845329
vn 0.1388851 0.1629261 -0.9768142
vn 0.8719603 0.4890287 0.02315511
vn 0.8719603 0.4890287 0.02315511
vn 0.8719603 0.4890287 0.02315511
vn 0.3217194 0.204038 -0.9245892
vn 0.1275631 0.1722155 -0.9767649
vn 0.1187281 0.298618 -0.9469587
vn 0.1898715 -0.1392598 -0.9718824
vn 0.1388851 0.1629261 -0.9768142
vn 0.1869509 0.1296274 -0.9737793
vn 0.1388851 0.1629261 -0.9768142
vn 0.124062 0.5358992 -0.8351172
vn 0.1869509 0.1296274 -0.9737793
vn 0.1388851 0.1629261 -0.9768142
vn 0.1770093 0.6664273 -0.7242531
vn 0.124062 0.5358992 -0.8351172
vn 0.358983 -0.9231648 0.1374701
vn 0.1174879 -0.9779827 -0.1724719
vn 0.4328406 -0.8765909 -0.2103269
vn 0.1174879 -0.9779827 -0.1724719
vn 0.08270051 -0.8055822 -0.586684
vn 0.2214288 -0.8075024 -0.5467259
vn 0.1174879 -0.9779827 -0.1724719
vn 0.2214288 -0.8075024 -0.5467259
vn 0.4328406 -0.8765909 -0.2103269
vn 0.358983 -0.9231648 0.1374701
vn 0.1201415 -0.964452 0.2353685
vn 0.1174879 -0.9779827 -0.1724719
vn 0.1594093 0.8510781 -0.5002548
vn 0.124062 0.5358992 -0.8351172
vn 0.1770093 0.6664273 -0.7242531
vn 0.1770093 0.6664273 -0.7242531
vn 0.3217194 0.204038 -0.9245892
vn 0.1187281 0.298618 -0.9469587
vn 0.1201415 -0.964452 0.2353685
vn 0.1146308 -0.9709858 -0.209872
vn 0.1174879 -0.9779827 -0.1724719
vn 0.1146308 -0.9709858 -0.209872
vn 0.08270051 -0.8055822 -0.586684
vn 0.1174879 -0.9779827 -0.1724719
vn 0.1146308 -0.9709858 -0.209872
vn 0.08210862 -0.8045828 -0.5881366
vn 0.08270051 -0.8055822 -0.586684
vn 0.0308739 -0.6734985 -0.7385436
vn 0.08270051 -0.8055822 -0.586684
vn 0.08210862 -0.8045828 -0.5881366
vn 0.0308739 -0.6734985 -0.7385436
vn 0.08210862 -0.8045828 -0.5881366
vn 0.04973755 -0.7226444 -0.6894281
vn -0.0839974 0.2523514 -0.963983
vn -0.08300352 0.2448431 -0.9660033
vn -0.08365735 0.3827159 -0.9200706
vn -0.0839974 0.2523514 -0.963983
vn -0.08365735 0.3827159 -0.9200706
vn -0.08418655 0.4015009 -0.9119812
vn -0.08365735 0.3827159 -0.9200706
vn -0.02676187 0.77004 -0.6374341
vn -0.08418655 0.4015009 -0.9119812
vn -0.08365735 0.3827159 -0.9200706
vn -0.0745321 0.5194224 -0.851261
vn -0.02676187 0.77004 -0.6374341
vn -0.02676187 0.77004 -0.6374341
vn 0.03111282 0.9635097 -0.2658592
vn 0.04648683 0.9505687 -0.3070147
vn -0.02676187 0.77004 -0.6374341
vn 0.04648683 0.9505687 -0.3070147
vn 0.04333131 0.9280667 -0.3698845
vn 0.04889122 0.8322383 0.5522581
vn 0.05145425 0.8367729 0.5451273
vn 0.04390086 0.8386211 0.5429433
vn 0.04889122 0.8322383 0.5522581
vn 0.05450536 0.8248668 0.5626935
vn 0.05145425 0.8367729 0.5451273
vn 0.1201415 -0.964452 0.2353685
vn 0.1211781 -0.9682008 0.2188679
vn 0.1146308 -0.9709858 -0.209872
vn 0.06921936 -0.09565592 0.9930049
vn 0.07997936 0.1896051 0.9785976
vn 0.06826467 0.2078154 0.9757831
vn 0.06921936 -0.09565592 0.9930049
vn 0.06826467 0.2078154 0.9757831
vn 0.06796339 -0.01364264 0.9975945
vn 0.05193816 0.8231659 0.5654205
vn 0.05450536 0.8248668 0.5626935
vn 0.04889122 0.8322383 0.5522581
vn 0.03111282 0.9635097 -0.2658592
vn 0.04102774 0.9657534 -0.2561971
vn 0.04648683 0.9505687 -0.3070147
vn 0.05193816 0.8231659 0.5654205
vn 0.06073856 0.8164523 0.5742095
vn 0.05450536 0.8248668 0.5626935
vn 0.08009123 0.2198528 0.9722397
vn 0.06796339 -0.01364264 0.9975945
vn 0.08009123 0.2198528 0.9722397
vn 0.9956503 -0.003499719 0.09310323
vn 0.9984432 0.01961892 0.05221491
vn 0.9945894 0.02851777 0.09989304
vn 0.9970725 -0.03590539 0.06750781
vn 0.9956503 -0.003499719 0.09310323
vn 0.9945894 0.02851777 0.09989304
vn 0.03111282 0.9635097 -0.2658592
vn 0.01779615 0.9729559 -0.2303046
vn 0.04102774 0.9657534 -0.2561971
vn 0.9970725 -0.03590539 0.06750781
vn 0.9953575 -0.07132008 0.06462941
vn 0.9956503 -0.003499719 0.09310323
vn 0.3529652 -0.9320316 -0.08205387
vn 0.2176192 -0.9470177 0.236219
vn 0.3629971 -0.9059953 0.217728
vn 0.3529652 -0.9320316 -0.08205387
vn 0.3629971 -0.9059953 0.217728
vn 0.4929585 -0.8689168 -0.04444626
vn 0.3529652 -0.9320316 -0.08205387
vn 0.4929585 -0.8689168 -0.04444626
vn 0.455119 -0.8206913 -0.3454455
vn 0.3529652 -0.9320316 -0.08205387
vn 0.455119 -0.8206913 -0.3454455
vn 0.3153505 -0.8370816 -0.4470441
vn 0.9935307 -0.08519654 0.07508913
vn 0.9935307 -0.08519654 0.07508913
vn 0.9984432 0.01961892 0.05221491
vn 0.5613627 -0.05558614 -0.8257009
vn 0.4953542 -0.1760394 -0.850667
vn 0.5518519 -0.1325868 -0.8233349
vn 0.9984432 0.01961892 0.05221491
vn 0.993058 0.04604819 -0.1082381
vn 0.993058 0.04604819 -0.1082381
vn 0.5613627 -0.05558614 -0.8257009
vn 0.5518519 -0.1325868 -0.8233349
vn 0.6124628 0.0595693 -0.7882518
vn 0.6391376 0.1536193 -0.7535943
vn 0.5613627 -0.05558614 -0.8257009
vn 0.6124628 0.0595693 -0.7882518
vn 0.6391376 0.1536193 -0.7535943
vn 0.6124628 0.0595693 -0.7882518
vn 0.5908536 0.5578321 -0.5828509
vn 0.3775128 0.8834791 -0.2773963
vn 0.4754007 0.8010664 -0.3637125
vn 0.5908536 0.5578321 -0.5828509
vn 0.3775128 0.8834791 -0.2773963
vn 0.5908536 0.5578321 -0.5828509
vn 0.4608489 0.8752803 -0.1466383
vn 0.9890667 -0.07238412 0.1284823
vn 0.9583209 -0.1599978 0.2366891
vn 0.9884245 -0.1418734 0.05374939
vn 0.9890667 -0.07238412 0.1284823
vn 0.984919 0.02951364 0.1704804
vn 0.9583209 -0.1599978 0.2366891
vn 0.9890667 -0.07238412 0.1284823
vn 0.9884245 -0.1418734 0.05374939
vn 0.9988032 0.04347899 0.02240052
vn 0.9890667 -0.07238412 0.1284823
vn 0.9956005 0.05173935 0.07812025
vn 0.984919 0.02951364 0.1704804
vn 0.9984432 0.01961892 0.05221491
vn 0.984919 0.02951364 0.1704804
vn 0.9956005 0.05173935 0.07812025
vn 0.9953575 -0.07132008 0.06462941
vn 0.9970725 -0.03590539 0.06750781
vn 0.9955534 -0.06775039 0.06544702
vn 0.9953575 -0.07132008 0.06462941
vn 0.9955534 -0.06775039 0.06544702
vn 0.9961913 -0.05939173 0.06383882
vn 0.9961913 -0.05939173 0.06383882
vn 0.9955534 -0.06775039 0.06544702
vn 0.9949699 0.01664622 0.09878185
vn 0.9961913 -0.05939173 0.06383882
vn 0.9949699 0.01664622 0.09878185
vn 0.997953 -0.04149551 0.04866141
vn 0.622411 -0.1712661 0.7637228
vn 0.5976962 -0.2830752 0.7500851
vn 0.6664982 -0.2079448 0.7159184
vn 0.622411 -0.1712661 0.7637228
vn 0.5332811 -0.3301958 0.7788337
vn 0.5976962 -0.2830752 0.7500851
vn 0.411534 0.6790948 0.6078404
vn 0.4359778 0.7221866 0.5370008
vn 0.5727152 0.5689476 0.590166
vn 0.411534 0.6790948 0.6078404
vn 0.2680868 0.7989912 0.5382774
vn 0.4359778 0.7221866 0.5370008
vn 0.9949699 0.01664622 0.09878185
vn 0.9876691 0.08595735 0.1308472
vn 0.997953 -0.04149551 0.04866141
vn 0.4359778 0.7221866 0.5370008
vn 0.2680868 0.7989912 0.5382774
vn 0.2716153 0.9247262 0.266658
vn 0.4359778 0.7221866 0.5370008
vn 0.2716153 0.9247262 0.266658
vn 0.4632845 0.8415729 0.2777095
vn 0.4608489 0.8752803 -0.1466383
vn 0.4632845 0.8415729 0.2777095
vn 0.2716153 0.9247262 0.266658
vn 0.4608489 0.8752803 -0.1466383
vn 0.2716153 0.9247262 0.266658
vn 0.3775128 0.8834791 -0.2773963
vn 0.9977284 0.05551969 0.03815188
vn 0.9988032 0.04347899 0.02240052
vn 0.9987147 0.03496675 0.03669042
vn 0.9977284 0.05551969 0.03815188
vn 0.9966715 0.07689334 0.02708161
vn 0.9988032 0.04347899 0.02240052
vn 0.9822884 0.1760204 0.0642361
vn 0.9555851 0.2721427 0.1131175
vn 0.9757937 0.1864738 0.1142554
vn 0.9822884 0.1760204 0.0642361
vn 0.9757937 0.1864738 0.1142554
vn 0.9966715 0.07689334 0.02708161
vn 0.9949699 0.01664622 0.09878185
vn 0.9757937 0.1864738 0.1142554
vn 0.9876691 0.08595735 0.1308472
vn 0.5332811 -0.3301958 0.7788337
vn 0.4374285 -0.4795299 0.7607282
vn 0.5976962 -0.2830752 0.7500851
vn 0.5332811 -0.3301958 0.7788337
vn 0.4621471 -0.4341659 0.7732529
vn 0.4374285 -0.4795299 0.7607282
vn 0.02954759 -0.7951658 -0.6056718
vn 0.07405319 -0.7967352 -0.5997742
vn 0.02954759 -0.7951658 -0.6056718
vn -0.08300352 0.2448431 -0.9660033
vn -0.08112708 0.2380838 -0.9678504
vn -0.08539831 0.3365188 -0.9377965
vn -0.08300352 0.2448431 -0.9660033
vn -0.08539831 0.3365188 -0.9377965
vn -0.08365735 0.3827159 -0.9200706
vn -0.08539831 0.3365188 -0.9377965
vn -0.0745321 0.5194224 -0.851261
vn -0.08365735 0.3827159 -0.9200706
vn -0.0672885 0.5337903 -0.8429354
vn -0.0672885 0.5337903 -0.8429354
vn -0.0745321 0.5194224 -0.851261
vn 0.04973755 -0.7226444 -0.6894281
vn 0.08210862 -0.8045828 -0.5881366
vn 0.07405319 -0.7967352 -0.5997742
vn 0.1100313 -0.9404573 -0.3216101
vn 0.07405319 -0.7967352 -0.5997742
vn 0.08210862 -0.8045828 -0.5881366
vn 0.1100313 -0.9404573 -0.3216101
vn 0.08210862 -0.8045828 -0.5881366
vn 0.1146308 -0.9709858 -0.209872
vn 0.1211781 -0.9682008 0.2188679
vn 0.1183716 -0.9525952 0.2802685
vn 0.1217324 -0.9923803 -0.01904244
vn 0.1211781 -0.9682008 0.2188679
vn 0.1100313 -0.9404573 -0.3216101
vn 0.1146308 -0.9709858 -0.209872
vn 0.5908536 0.5578321 -0.5828509
vn 0.6489062 0.2608561 -0.7147551
vn 0.4608489 0.8752803 -0.1466383
vn 0.6261816 0.6802186 0.3810503
vn 0.4632845 0.8415729 0.2777095
vn 0.4608489 0.8752803 -0.1466383
vn 0.4632845 0.8415729 0.2777095
vn 0.6261816 0.6802186 0.3810503
vn 0.4359778 0.7221866 0.5370008
vn 0.4359778 0.7221866 0.5370008
vn 0.6261816 0.6802186 0.3810503
vn 0.5727152 0.5689476 0.590166
vn 0.6011407 -0.1309313 0.7883444
vn 0.5332811 -0.3301958 0.7788337
vn 0.6011407 -0.1309313 0.7883444
vn 0.6124628 0.0595693 -0.7882518
vn 0.6489062 0.2608561 -0.7147551
vn 0.5908536 0.5578321 -0.5828509
vn 0.5518519 -0.1325868 -0.8233349
vn 0.6489062 0.2608561 -0.7147551
vn 0.6124628 0.0595693 -0.7882518
vn 0.4929585 -0.8689168 -0.04444626
vn 0.564113 -0.8248808 -0.03671698
vn 0.455119 -0.8206913 -0.3454455
vn 0.3629971 -0.9059953 0.217728
vn 0.564113 -0.8248808 -0.03671698
vn 0.4929585 -0.8689168 -0.04444626
vn 0.5717845 -0.4028453 0.7146875
vn 0.4621471 -0.4341659 0.7732529
vn 0.5332811 -0.3301958 0.7788337
vn 0.9661378 -0.02676614 0.2566347
vn 0.9927446 -0.08731426 0.08266992
vn 0.9884927 -0.09851228 -0.1147931
vn 0.7964216 -0.4144088 -0.4404294
vn 0.6669948 -0.4791215 -0.5705791
vn 0.8510686 -0.2070222 -0.4825186
vn 0.9527755 0.1346661 -0.2721833
vn 0.9567193 -0.04928239 -0.2868093
vn 0.9908416 0.1033943 -0.08684636
vn 0.3782883 -0.08209489 -0.9220404
vn 0.4022959 -0.1068154 -0.9092571
vn 0.2983724 -0.1570206 -0.9414449
vn -0.9863734 -0.1105271 -0.1218657
vn -0.9643412 -0.2541177 -0.07396153
vn -0.9449801 -0.3061089 -0.1153691
vn -0.9863734 -0.1105271 -0.1218657
vn -0.9488593 -0.0283894 -0.3144204
vn -0.7955126 -0.2427021 -0.5552077
vn -0.9940187 -0.1037444 0.0341131
vn -0.9643412 -0.2541177 -0.07396153
vn -0.9863734 -0.1105271 -0.1218657
vn -0.9940187 -0.1037444 0.0341131
vn -0.9863734 -0.1105271 -0.1218657
vn -0.9946342 -0.08549608 0.05825162
vn 0.1972981 0.9522169 0.2331449
vn 0.168075 0.9671119 -0.1909061
vn 0.09437105 0.9471866 -0.3064828
vn 0.271529 0.8026869 0.5310045
vn 0.1972981 0.9522169 0.2331449
vn 0.1956201 0.8197573 0.5382665
vn 0.0809126 0.2787561 0.9569473
vn 0.02991147 0.2901573 0.9565114
vn 0.07802296 0.4942632 0.8658039
vn 0.08391713 -0.6990716 0.7101105
vn 0.08619469 -0.6747297 0.7330145
vn 0.1211781 -0.9682008 0.2188679
vn 0.08391713 -0.6990716 0.7101105
vn 0.1211781 -0.9682008 0.2188679
vn 0.1201415 -0.964452 0.2353685
vn 0.08619469 -0.6747297 0.7330145
vn 0.1183716 -0.9525952 0.2802685
vn 0.1211781 -0.9682008 0.2188679
vn 0.08619469 -0.6747297 0.7330145
vn 0.1076001 -0.9065468 0.4081608
vn 0.1183716 -0.9525952 0.2802685
vn 0.08619469 -0.6747297 0.7330145
vn 0.08391713 -0.6990716 0.7101105
vn 0.06921936 -0.09565592 0.9930049
vn 0.08619469 -0.6747297 0.7330145
vn 0.06921936 -0.09565592 0.9930049
vn 0.06796339 -0.01364264 0.9975945
vn 0.05359421 -0.2293897 0.971858
vn 0.08619469 -0.6747297 0.7330145
vn 0.06796339 -0.01364264 0.9975945
vn 0.05359421 -0.2293897 0.971858
vn 0.06796339 -0.01364264 0.9975945
vn 0.07401595 0.05290698 0.9958526
vn 0.0578309 0.2504006 0.9664136
vn 0.07401595 0.05290698 0.9958526
vn 0.06796339 -0.01364264 0.9975945
vn -0.9180673 0.3903294 0.06924926
vn -0.9665517 0.2187379 0.1339084
vn -0.9190184 0.3931546 0.0288913
vn -0.07203583 0.9973494 -0.01024816
vn -0.2565266 0.9658777 0.03569942
vn -0.2076754 0.9781973 0.0009320014
vn -0.07203583 0.9973494 -0.01024816
vn -0.2076754 0.9781973 0.0009320014
vn 0.003271498 0.9967548 0.08043031
vn 0.1655466 0.9861959 0.003455881
vn -0.07203583 0.9973494 -0.01024816
vn 0.003271498 0.9967548 0.08043031
vn 0.1655466 0.9861959 0.003455881
vn 0.003271498 0.9967548 0.08043031
vn 0.1311039 0.9871279 0.09159851
vn 0.9250469 0.3790321 0.02495878
vn 0.8544923 0.5079737 0.1086541
vn 0.8572584 0.5094234 0.07480547
vn 0.8952614 0.4449109 -0.02368844
vn 0.9250469 0.3790321 0.02495878
vn 0.8572584 0.5094234 0.07480547
vn 0.8952614 0.4449109 -0.02368844
vn 0.9836791 0.1617395 -0.07884102
vn 0.9250469 0.3790321 0.02495878
vn -0.551515 0.3088886 0.7748671
vn -0.7319575 0.1110013 0.6722476
vn -0.363097 0.09995202 0.9263748
vn -0.9665517 0.2187379 0.1339084
vn -0.9390939 0.204948 0.2758604
vn -0.7319575 0.1110013 0.6722476
vn -0.551515 0.3088886 0.7748671
vn -0.6836177 0.4862845 0.5442374
vn -0.7319575 0.1110013 0.6722476
vn 0.6016924 0.3050023 0.7382004
vn 0.4156924 0.06901385 0.9068831
vn 0.2373146 0.3086462 0.9210968
vn 0.2373146 0.3086462 0.9210968
vn 0.4156924 0.06901385 0.9068831
vn -0.05056423 -0.00359166 0.9987144
vn 0.6016924 0.3050023 0.7382004
vn 0.8462222 0.09098366 0.5250049
vn 0.4156924 0.06901385 0.9068831
vn 0.9392848 0.3423688 -0.0229721
vn 0.9836791 0.1617395 -0.07884102
vn 0.8952614 0.4449109 -0.02368844
vn 0.9392848 0.3423688 -0.0229721
vn 0.9742272 0.1659411 -0.1527898
vn 0.9836791 0.1617395 -0.07884102
vn 0.9742272 0.1659411 -0.1527898
vn 0.9392848 0.3423688 -0.0229721
vn 0.963553 0.2529731 0.0870067
vn 0.9742272 0.1659411 -0.1527898
vn 0.963553 0.2529731 0.0870067
vn 0.9932401 0.08341002 -0.08072679
vn 0.008600133 0.9538672 0.3001056
vn 0.1181744 0.9470199 0.298644
vn 0.1087335 0.9777496 0.1793953
vn 0.008600133 0.9538672 0.3001056
vn 0.1311039 0.9871279 0.09159851
vn 0.003271498 0.9967548 0.08043031
vn 0.04300092 0.9301001 0.3647805
vn 0.1181744 0.9470199 0.298644
vn 0.008600133 0.9538672 0.3001056
vn -0.1425402 0.9551397 0.2595967
vn 0.008600133 0.9538672 0.3001056
vn 0.003271498 0.9967548 0.08043031
vn -0.1371595 0.8991677 0.4155537
vn 0.008600133 0.9538672 0.3001056
vn -0.1425402 0.9551397 0.2595967
vn -0.9844984 0.1677795 -0.05111697
vn -0.9585881 0.2600362 0.1161471
vn -0.9225546 0.3826088 0.05003637
vn -0.9844984 0.1677795 -0.05111697
vn -0.9940732 0.1052232 0.02732669
vn -0.9585881 0.2600362 0.1161471
vn -0.9665517 0.2187379 0.1339084
vn -0.9844984 0.1677795 -0.05111697
vn -0.9225546 0.3826088 0.05003637
vn -0.9665517 0.2187379 0.1339084
vn -0.9225546 0.3826088 0.05003637
vn -0.9190184 0.3931546 0.0288913
vn -0.961946 0.1444039 0.2319645
vn -0.9585881 0.2600362 0.1161471
vn -0.9940732 0.1052232 0.02732669
vn -0.1292609 0.9737756 0.1872238
vn -0.04890053 0.9543234 0.2947468
vn -0.03465589 0.9749212 0.2198358
vn -0.03465589 0.9749212 0.2198358
vn -0.04890053 0.9543234 0.2947468
vn 0.008600133 0.9538672 0.3001056
vn 0.04300092 0.9301001 0.3647805
vn 0.008600133 0.9538672 0.3001056
vn -0.04890053 0.9543234 0.2947468
vn 0.008636482 0.9516665 0.3070117
vn 0.04300092 0.9301001 0.3647805
vn -0.04890053 0.9543234 0.2947468
vn -0.1292609 0.9737756 0.1872238
vn -0.1133722 0.9398921 0.3221017
vn -0.04890053 0.9543234 0.2947468
vn 0.008636482 0.9516665 0.3070117
vn -0.04890053 0.9543234 0.2947468
vn -0.1133722 0.9398921 0.3221017
vn -0.961946 0.1444039 0.2319645
vn -0.9940732 0.1052232 0.02732669
vn -0.9909265 0.04084757 0.1280471
vn -0.1425402 0.9551397 0.2595967
vn 0.003271498 0.9967548 0.08043031
vn -0.1686656 0.9641725 0.2047519
vn -0.9991137 0.01153404 -0.04048043
vn -0.9909265 0.04084757 0.1280471
vn -0.9940732 0.1052232 0.02732669
vn -0.9991137 0.01153404 -0.04048043
vn -0.9940732 0.1052232 0.02732669
vn -0.9844984 0.1677795 -0.05111697
vn -0.9991137 0.01153404 -0.04048043
vn -0.9855756 0.04762542 0.1623965
vn -0.9909265 0.04084757 0.1280471
vn -0.9855756 0.04762542 0.1623965
vn -0.9913296 0.044482 0.1236411
vn -0.9909265 0.04084757 0.1280471
vn -0.9855756 0.04762542 0.1623965
vn -0.9619437 0.1476603 0.2299147
vn -0.9913296 0.044482 0.1236411
vn -0.9991137 0.01153404 -0.04048043
vn -0.9844984 0.1677795 -0.05111697
vn -0.9916019 0.06625327 -0.1110676
vn -0.995704 0.05265056 0.07616752
vn -0.9916019 0.06625327 -0.1110676
vn -0.9844984 0.1677795 -0.05111697
vn -0.995704 0.05265056 0.07616752
vn -0.9844984 0.1677795 -0.05111697
vn -0.9665517 0.2187379 0.1339084
vn -0.8541578 -0.001662615 0.5200112
vn -0.995704 0.05265056 0.07616752
vn -0.9665517 0.2187379 0.1339084
vn -0.8541578 -0.001662615 0.5200112
vn -0.9665517 0.2187379 0.1339084
vn -0.7319575 0.1110013 0.6722476
vn -0.4006938 -0.1324223 0.9065919
vn -0.8541578 -0.001662615 0.5200112
vn -0.7319575 0.1110013 0.6722476
vn -0.4006938 -0.1324223 0.9065919
vn -0.7319575 0.1110013 0.6722476
vn -0.3220844 -0.183072 0.9288414
vn 0.1573602 -0.196222 0.9678506
vn -0.4006938 -0.1324223 0.9065919
vn -0.3220844 -0.183072 0.9288414
vn 0.1573602 -0.196222 0.9678506
vn -0.05056423 -0.00359166 0.9987144
vn 0.4156924 0.06901385 0.9068831
vn 0.7257499 -0.0750412 0.6838539
vn 0.1573602 -0.196222 0.9678506
vn 0.4156924 0.06901385 0.9068831
vn 0.7257499 -0.0750412 0.6838539
vn 0.4156924 0.06901385 0.9068831
vn 0.8462222 0.09098366 0.5250049
vn 0.969988 0.05724923 0.2363174
vn 0.7257499 -0.0750412 0.6838539
vn 0.8462222 0.09098366 0.5250049
vn 0.969988 0.05724923 0.2363174
vn 0.8462222 0.09098366 0.5250049
vn 0.9709653 0.02125421 0.2382746
vn 0.9933293 -0.00484454 -0.1152106
vn 0.969988 0.05724923 0.2363174
vn 0.9709653 0.02125421 0.2382746
vn 0.9933293 -0.00484454 -0.1152106
vn 0.9709653 0.02125421 0.2382746
vn 0.9836791 0.1617395 -0.07884102
vn 0.9933293 -0.00484454 -0.1152106
vn 0.9836791 0.1617395 -0.07884102
vn 0.9742272 0.1659411 -0.1527898
vn 0.9933293 -0.00484454 -0.1152106
vn 0.9742272 0.1659411 -0.1527898
vn 0.9727486 0.07908463 -0.2179585
vn 0.9932401 0.08341002 -0.08072679
vn 0.9727486 0.07908463 -0.2179585
vn 0.9742272 0.1659411 -0.1527898
vn 0.9932401 0.08341002 -0.08072679
vn 0.9792944 0.03282004 -0.1997634
vn 0.9727486 0.07908463 -0.2179585
vn 0.9946277 0.002949954 -0.103475
vn 0.9792944 0.03282004 -0.1997634
vn 0.9932401 0.08341002 -0.08072679
vn 0.9946277 0.002949954 -0.103475
vn 0.9932401 0.08341002 -0.08072679
vn 0.9910629 0.02368588 -0.1312762
vn 0.9414718 0.006015205 -0.337038
vn 0.9946277 0.002949954 -0.103475
vn 0.9910629 0.02368588 -0.1312762
vn 0.9414718 0.006015205 -0.337038
vn 0.9451295 0.04035649 -0.3241936
vn 0.9946277 0.002949954 -0.103475
vn 0.7572534 0.01170094 -0.6530165
vn 0.9451295 0.04035649 -0.3241936
vn 0.9414718 0.006015205 -0.337038
vn 0.7572534 0.01170094 -0.6530165
vn 0.9414718 0.006015205 -0.337038
vn 0.8476636 0.02714727 -0.529839
vn 0.3283927 -0.03501472 -0.9438921
vn 0.7572534 0.01170094 -0.6530165
vn 0.3207669 -0.05562648 -0.9455233
vn 0.08988567 -0.05293873 -0.9945441
vn 0.3283927 -0.03501472 -0.9438921
vn 0.3207669 -0.05562648 -0.9455233
vn 0.08988567 -0.05293873 -0.9945441
vn 0.3207669 -0.05562648 -0.9455233
vn 0.02695612 0.01663068 -0.9994982
vn 0.9250469 0.3790321 0.02495878
vn 0.9836791 0.1617395 -0.07884102
vn 0.9709653 0.02125421 0.2382746
vn 0.872241 0.03821478 0.487581
vn 0.7721812 -0.126424 0.6226984
vn 0.9709653 0.02125421 0.2382746
vn 0.872241 0.03821478 0.487581
vn 0.9709653 0.02125421 0.2382746
vn 0.8462222 0.09098366 0.5250049
vn 0.9910629 0.02368588 -0.1312762
vn 0.934109 0.1212577 -0.3357628
vn 0.9414718 0.006015205 -0.337038
vn 0.934109 0.1212577 -0.3357628
vn 0.8476636 0.02714727 -0.529839
vn 0.9414718 0.006015205 -0.337038
vn 0.934109 0.1212577 -0.3357628
vn 0.5884745 0.2858665 -0.7562924
vn 0.8476636 0.02714727 -0.529839
vn 0.5884745 0.2858665 -0.7562924
vn 0.02695612 0.01663068 -0.9994982
vn 0.30604 0.1000288 -0.946749
vn 0.5884745 0.2858665 -0.7562924
vn -0.04748329 0.2537695 -0.9660985
vn 0.02695612 0.01663068 -0.9994982
vn 0.9910629 0.02368588 -0.1312762
vn 0.8921149 0.298792 -0.3389019
vn 0.934109 0.1212577 -0.3357628
vn 0.8921149 0.298792 -0.3389019
vn 0.5884745 0.2858665 -0.7562924
vn 0.934109 0.1212577 -0.3357628
vn 0.9910629 0.02368588 -0.1312762
vn 0.9950937 0.07600841 -0.06333275
vn 0.8921149 0.298792 -0.3389019
vn -0.04748329 0.2537695 -0.9660985
vn 0.5884745 0.2858665 -0.7562924
vn 0.5260286 0.5031765 -0.6856438
vn 0.8921149 0.298792 -0.3389019
vn 0.5260286 0.5031765 -0.6856438
vn 0.5884745 0.2858665 -0.7562924
vn 0.9950937 0.07600841 -0.06333275
vn 0.9910629 0.02368588 -0.1312762
vn 0.9932401 0.08341002 -0.08072679
vn 0.9950937 0.07600841 -0.06333275
vn 0.9932401 0.08341002 -0.08072679
vn 0.963553 0.2529731 0.0870067
vn 0.07978463 -0.9191049 0.3858506
vn -0.02682717 -0.9359699 0.3510563
vn 0.02107261 -0.9785486 0.2049355
vn 0.02107261 -0.9785486 0.2049355
vn 0.1005577 -0.934582 0.3412399
vn 0.07978463 -0.9191049 0.3858506
vn 0.02107261 -0.9785486 0.2049355
vn 0.001598551 -0.9954396 0.0953802
vn 0.1005577 -0.934582 0.3412399
vn 6.461546E-05 -0.9988957 -0.04698274
vn 0.001598551 -0.9954396 0.0953802
vn 0.02107261 -0.9785486 0.2049355
vn 6.461546E-05 -0.9988957 -0.04698274
vn -0.0005168419 -0.9989055 -0.04677223
vn 0.001598551 -0.9954396 0.0953802
vn -0.08461588 -0.9484925 0.3052903
vn 0.02107261 -0.9785486 0.2049355
vn -0.02682717 -0.9359699 0.3510563
vn -0.08461588 -0.9484925 0.3052903
vn -0.1529557 -0.9535111 0.259656
vn -0.1529557 -0.9535111 0.259656
vn -1.591829E-05 -0.9995993 -0.02830508
vn 6.461546E-05 -0.9988957 -0.04698274
vn 0.02107261 -0.9785486 0.2049355
vn -1.591829E-05 -0.9995993 -0.02830508
vn 0.02107261 -0.9785486 0.2049355
vn -0.001251117 -0.9999564 0.009256462
vn 6.750422E-05 -0.9627123 -0.2705274
vn 6.461546E-05 -0.9988957 -0.04698274
vn -1.591829E-05 -0.9995993 -0.02830508
vn 6.750422E-05 -0.9627123 -0.2705274
vn 0.0002126297 -0.9947813 -0.1020306
vn 0.0002126297 -0.9947813 -0.1020306
vn 6.461546E-05 -0.9988957 -0.04698274
vn 6.750422E-05 -0.9627123 -0.2705274
vn -0.001498599 -0.9629105 -0.2698167
vn 6.461546E-05 -0.9988957 -0.04698274
vn -0.001498599 -0.9629105 -0.2698167
vn -0.0005168419 -0.9989055 -0.04677223
vn 6.750422E-05 -0.9627123 -0.2705274
vn 0.0008956057 -0.9029465 -0.4297521
vn 0.0009055006 -0.9029531 -0.4297382
vn 6.750422E-05 -0.9627123 -0.2705274
vn 0.0009055006 -0.9029531 -0.4297382
vn -0.0009348933 -0.9029311 -0.4297844
vn -0.001498599 -0.9629105 -0.2698167
vn 6.750422E-05 -0.9627123 -0.2705274
vn -0.0009348933 -0.9029311 -0.4297844
vn -0.000198157 -0.941457 0.337133
vn 8.567802E-05 -0.8708075 0.491624
vn -0.001044512 -0.871532 0.4903375
vn -0.000198157 -0.941457 0.337133
vn -0.0002808034 -0.9674156 0.2531934
vn 8.567802E-05 -0.8708075 0.491624
vn -0.000198157 -0.941457 0.337133
vn 0.001922275 -0.9998916 -0.01460089
vn -0.0002808034 -0.9674156 0.2531934
vn 0.0006693445 -0.9999989 -0.001335046
vn 0.0006693445 -0.9999989 -0.001335046
vn 0.001922275 -0.9998916 -0.01460089
vn -0.0002808034 -0.9674156 0.2531934
vn 0.001922275 -0.9998916 -0.01460089
vn -0.006861998 -0.9998329 -0.0169413
vn -0.0002808034 -0.9674156 0.2531934
vn -0.006861998 -0.9998329 -0.0169413
vn -0.001287474 -0.9679236 0.2512412
vn -0.0002808034 -0.9674156 0.2531934
vn -0.001287474 -0.9679236 0.2512412
vn -0.0008777968 -0.8718101 0.4898434
vn -0.0002808034 -0.9674156 0.2531934
vn -0.0008777968 -0.8718101 0.4898434
vn 8.567802E-05 -0.8708075 0.491624
vn -0.001498599 -0.9629105 -0.2698167
vn -0.0007159831 -0.9043345 -0.4268237
vn -0.0007159831 -0.9043345 -0.4268237
vn -0.006861998 -0.9998329 -0.0169413
vn 0.001922275 -0.9998916 -0.01460089
vn -0.0103414 -0.999554 -0.02801384
vn 0.001922275 -0.9998916 -0.01460089
vn 0.0005885168 -0.9998068 -0.01964797
vn -0.0103414 -0.999554 -0.02801384
vn -0.006861998 -0.9998329 -0.0169413
vn -0.0103414 -0.999554 -0.02801384
vn -0.02800616 -0.998637 -0.04404421
vn 0.001922275 -0.9998916 -0.01460089
vn -0.001996091 -0.9994749 -0.03233913
vn -0.001996091 -0.9994749 -0.03233913
vn 0.001922275 -0.9998916 -0.01460089
vn 0.01506031 -0.9996741 -0.02061481
vn 0.01506031 -0.9996741 -0.02061481
vn 0.001922275 -0.9998916 -0.01460089
vn 0.005096475 -0.9997644 -0.02109613
vn 0.0005885168 -0.9998068 -0.01964797
vn -0.4598682 -0.06337788 -0.8857226
vn -0.3746517 -0.04696415 -0.9259754
vn -0.6741929 0.03764188 -0.7375954
vn -0.9797598 0.07595957 -0.185205
vn -0.9122369 0.1341713 -0.3870683
vn -0.6741929 0.03764188 -0.7375954
vn -0.9797598 0.07595957 -0.185205
vn -0.6741929 0.03764188 -0.7375954
vn -0.9820658 0.002055451 -0.1885273
vn -0.9913296 0.044482 0.1236411
vn -0.9797598 0.07595957 -0.185205
vn -0.9820658 0.002055451 -0.1885273
vn -0.9913296 0.044482 0.1236411
vn -0.9971114 0.06859487 0.03261154
vn -0.9797598 0.07595957 -0.185205
vn -0.8912755 0.1920427 -0.4107891
vn -0.9820658 0.002055451 -0.1885273
vn -0.6741929 0.03764188 -0.7375954
vn -0.8912755 0.1920427 -0.4107891
vn -0.9816003 0.1709703 -0.08502825
vn -0.9820658 0.002055451 -0.1885273
vn -0.9820658 0.002055451 -0.1885273
vn -0.9816003 0.1709703 -0.08502825
vn -0.9821387 0.04436816 0.1828527
vn -0.9820658 0.002055451 -0.1885273
vn -0.9821387 0.04436816 0.1828527
vn -0.9913296 0.044482 0.1236411
vn -0.9821387 0.04436816 0.1828527
vn -0.9909265 0.04084757 0.1280471
vn -0.9913296 0.044482 0.1236411
vn -0.975368 0.1238759 0.182516
vn -0.9821387 0.04436816 0.1828527
vn -0.9816003 0.1709703 -0.08502825
vn -0.975368 0.1238759 0.182516
vn -0.9816003 0.1709703 -0.08502825
vn -0.9743653 0.2197832 0.04803817
vn -0.6038731 0.484568 -0.6328752
vn -0.6543221 0.3061956 -0.6914528
vn -0.6543221 0.3061956 -0.6914528
vn -0.6038731 0.484568 -0.6328752
vn -0.9816003 0.1709703 -0.08502825
vn -0.8912755 0.1920427 -0.4107891
vn -0.961946 0.1444039 0.2319645
vn -0.9909265 0.04084757 0.1280471
vn -0.9821387 0.04436816 0.1828527
vn -0.961946 0.1444039 0.2319645
vn -0.9821387 0.04436816 0.1828527
vn -0.975368 0.1238759 0.182516
vn -0.3746517 -0.04696415 -0.9259754
vn 0.02695612 0.01663068 -0.9994982
vn -0.6741929 0.03764188 -0.7375954
vn -0.1863782 -0.07840046 -0.979345
vn 0.08988567 -0.05293873 -0.9945441
vn 0.02695612 0.01663068 -0.9994982
vn -0.04748329 0.2537695 -0.9660985
vn -0.2749511 0.2841788 -0.9185011
vn -0.271667 0.0847377 -0.9586535
vn -0.04748329 0.2537695 -0.9660985
vn -0.6741929 0.03764188 -0.7375954
vn 0.02695612 0.01663068 -0.9994982
vn -0.2749511 0.2841788 -0.9185011
vn -0.04748329 0.2537695 -0.9660985
vn -0.6038731 0.484568 -0.6328752
vn 0.9377179 0.3005326 0.1742566
vn 0.9190292 0.3931282 0.02890758
vn 0.966538 0.2187446 0.1339959
vn 0.07202969 0.9973499 -0.01024184
vn 0.1955987 0.9782318 0.06930826
vn 0.2564922 0.9658874 0.03568265
vn 0.07202969 0.9973499 -0.01024184
vn -0.003272012 0.9967532 0.0804503
vn 0.1955987 0.9782318 0.06930826
vn -0.1655551 0.9861944 0.003469487
vn -0.003272012 0.9967532 0.0804503
vn 0.07202969 0.9973499 -0.01024184
vn -0.1655551 0.9861944 0.003469487
vn -0.1311179 0.987125 0.09161
vn -0.003272012 0.9967532 0.0804503
vn -0.9250586 0.3789768 0.02536054
vn -0.8572589 0.5094053 0.07492256
vn -0.8544994 0.5079547 0.1086873
vn -0.8952236 0.4450125 -0.0232109
vn -0.8572589 0.5094053 0.07492256
vn -0.9250586 0.3789768 0.02536054
vn -0.8952236 0.4450125 -0.0232109
vn -0.9250586 0.3789768 0.02536054
vn -0.9837429 0.1615568 -0.07841805
vn 0.3912524 0.2787945 0.8770377
vn 0.3631237 0.09992336 0.9263674
vn 0.7319543 0.1109869 0.6722535
vn 0.966538 0.2187446 0.1339959
vn 0.7319543 0.1109869 0.6722535
vn 0.9377179 0.3005326 0.1742566
vn 0.3912524 0.2787945 0.8770377
vn 0.7319543 0.1109869 0.6722535
vn 0.6836327 0.4862666 0.5442346
vn -0.7335677 0.2789914 0.6197113
vn -0.4980893 0.3942304 0.7723273
vn -0.6017272 0.3049626 0.7381884
vn 0.3912524 0.2787945 0.8770377
vn 0.0465291 0.1928518 0.9801241
vn -0.2963764 -0.06033263 0.9531637
vn -0.7335677 0.2789914 0.6197113
vn -0.6017272 0.3049626 0.7381884
vn -0.8462301 0.09096622 0.5249951
vn -0.9394476 0.3418738 -0.02367644
vn -0.8952236 0.4450125 -0.0232109
vn -0.9837429 0.1615568 -0.07841805
vn -0.9394476 0.3418738 -0.02367644
vn -0.9837429 0.1615568 -0.07841805
vn -0.9741828 0.1656842 -0.1533506
vn -0.9741828 0.1656842 -0.1533506
vn -0.9637388 0.2525774 0.08609401
vn -0.9394476 0.3418738 -0.02367644
vn -0.9741828 0.1656842 -0.1533506
vn -0.9932369 0.08341301 -0.08076371
vn -0.9637388 0.2525774 0.08609401
vn -0.008551722 0.9538061 0.3003011
vn -0.003272012 0.9967532 0.0804503
vn -0.1311179 0.987125 0.09161
vn -0.008551722 0.9538061 0.3003011
vn -0.10868 0.9777351 0.179507
vn -0.10868 0.9777351 0.179507
vn -0.06695613 0.9146639 0.3986312
vn -0.008551722 0.9538061 0.3003011
vn -0.1257179 0.9016663 0.4137546
vn 0.1291535 0.9491568 0.2870901
vn -0.003272012 0.9967532 0.0804503
vn -0.008551722 0.9538061 0.3003011
vn 0.09943215 0.9107024 0.400917
vn 0.1291535 0.9491568 0.2870901
vn -0.008551722 0.9538061 0.3003011
vn 0.9845167 0.1677558 -0.05084155
vn 0.922516 0.3826553 0.05039024
vn 0.9587153 0.2597279 0.1157861
vn 0.9845167 0.1677558 -0.05084155
vn 0.9587153 0.2597279 0.1157861
vn 0.9941125 0.104991 0.02678115
vn 0.966538 0.2187446 0.1339959
vn 0.922516 0.3826553 0.05039024
vn 0.9845167 0.1677558 -0.05084155
vn 0.966538 0.2187446 0.1339959
vn 0.9190292 0.3931282 0.02890758
vn 0.922516 0.3826553 0.05039024
vn 0.9621173 0.1442213 0.2313664
vn 0.9941125 0.104991 0.02678115
vn 0.9587153 0.2597279 0.1157861
vn 0.1293024 0.973796 0.1870893
vn 0.006711574 0.9988237 0.04802243
vn 0.04902389 0.9543691 0.2945782
vn 0.09943215 0.9107024 0.400917
vn -0.008551722 0.9538061 0.3003011
vn 0.04902389 0.9543691 0.2945782
vn -0.06695613 0.9146639 0.3986312
vn 0.04902389 0.9543691 0.2945782
vn -0.008551722 0.9538061 0.3003011
vn -0.008412467 0.9518568 0.3064277
vn 0.04902389 0.9543691 0.2945782
vn 0.005865835 0.9554625 0.2950543
vn 0.1293024 0.973796 0.1870893
vn 0.04902389 0.9543691 0.2945782
vn 0.1133946 0.9400467 0.3216426
vn -0.008412467 0.9518568 0.3064277
vn 0.1133946 0.9400467 0.3216426
vn 0.04902389 0.9543691 0.2945782
vn 0.9621173 0.1442213 0.2313664
vn 0.9909598 0.04084437 0.1277912
vn 0.9941125 0.104991 0.02678115
vn 0.1686818 0.964159 0.2048022
vn 0.1955987 0.9782318 0.06930826
vn -0.003272012 0.9967532 0.0804503
vn 0.9991053 0.01150898 -0.04069701
vn 0.9941125 0.104991 0.02678115
vn 0.9909598 0.04084437 0.1277912
vn 0.9991053 0.01150898 -0.04069701
vn 0.9845167 0.1677558 -0.05084155
vn 0.9941125 0.104991 0.02678115
vn 0.9991053 0.01150898 -0.04069701
vn 0.9909598 0.04084437 0.1277912
vn 0.9856013 0.04768067 0.162224
vn 0.9856013 0.04768067 0.162224
vn 0.9909598 0.04084437 0.1277912
vn 0.9913303 0.04451359 0.1236238
vn 0.9856013 0.04768067 0.162224
vn 0.9913303 0.04451359 0.1236238
vn 0.9852535 0.108858 0.1320055
vn 0.9991053 0.01150898 -0.04069701
vn 0.9916205 0.06627478 -0.1108896
vn 0.9845167 0.1677558 -0.05084155
vn 0.9956873 0.05265211 0.07638349
vn 0.966538 0.2187446 0.1339959
vn 0.9845167 0.1677558 -0.05084155
vn 0.9956873 0.05265211 0.07638349
vn 0.9845167 0.1677558 -0.05084155
vn 0.9916205 0.06627478 -0.1108896
vn 0.8541563 -0.001625409 0.5200139
vn 0.966538 0.2187446 0.1339959
vn 0.9956873 0.05265211 0.07638349
vn 0.8541563 -0.001625409 0.5200139
vn 0.7319543 0.1109869 0.6722535
vn 0.966538 0.2187446 0.1339959
vn 0.4006519 -0.1324548 0.9066056
vn 0.7319543 0.1109869 0.6722535
vn 0.8541563 -0.001625409 0.5200139
vn 0.4006519 -0.1324548 0.9066056
vn 0.2318567 -0.1905491 0.9539043
vn 0.7319543 0.1109869 0.6722535
vn -0.1573584 -0.1962942 0.9678362
vn 0.2318567 -0.1905491 0.9539043
vn 0.4006519 -0.1324548 0.9066056
vn -0.1573584 -0.1962942 0.9678362
vn -0.2963764 -0.06033263 0.9531637
vn 0.2318567 -0.1905491 0.9539043
vn -0.7257434 -0.07508824 0.6838555
vn -0.2963764 -0.06033263 0.9531637
vn -0.1573584 -0.1962942 0.9678362
vn -0.7257434 -0.07508824 0.6838555
vn -0.8462301 0.09096622 0.5249951
vn -0.2963764 -0.06033263 0.9531637
vn -0.9699537 0.05726549 0.2364538
vn -0.8462301 0.09096622 0.5249951
vn -0.7257434 -0.07508824 0.6838555
vn -0.9699537 0.05726549 0.2364538
vn -0.9708688 0.02106451 0.2386842
vn -0.8462301 0.09096622 0.5249951
vn -0.9933572 -0.004941101 -0.1149654
vn -0.9708688 0.02106451 0.2386842
vn -0.9699537 0.05726549 0.2364538
vn -0.9933572 -0.004941101 -0.1149654
vn -0.9837429 0.1615568 -0.07841805
vn -0.9708688 0.02106451 0.2386842
vn -0.9933572 -0.004941101 -0.1149654
vn -0.9741828 0.1656842 -0.1533506
vn -0.9837429 0.1615568 -0.07841805
vn -0.9933572 -0.004941101 -0.1149654
vn -0.9727166 0.07916162 -0.2180733
vn -0.9741828 0.1656842 -0.1533506
vn -0.9932369 0.08341301 -0.08076371
vn -0.9741828 0.1656842 -0.1533506
vn -0.9727166 0.07916162 -0.2180733
vn -0.9932369 0.08341301 -0.08076371
vn -0.9727166 0.07916162 -0.2180733
vn -0.979285 0.03281564 -0.19981
vn -0.9946281 0.002964585 -0.1034711
vn -0.9932369 0.08341301 -0.08076371
vn -0.979285 0.03281564 -0.19981
vn -0.9946281 0.002964585 -0.1034711
vn -0.9910617 0.02369839 -0.1312827
vn -0.9932369 0.08341301 -0.08076371
vn -0.9414709 0.006030759 -0.3370403
vn -0.9910617 0.02369839 -0.1312827
vn -0.9946281 0.002964585 -0.1034711
vn -0.9414709 0.006030759 -0.3370403
vn -0.9946281 0.002964585 -0.1034711
vn -0.9451267 0.04035751 -0.3242021
vn -0.757261 0.01170441 -0.6530074
vn -0.9414709 0.006030759 -0.3370403
vn -0.9451267 0.04035751 -0.3242021
vn -0.757261 0.01170441 -0.6530074
vn -0.7786624 -0.001638229 -0.6274409
vn -0.9414709 0.006030759 -0.3370403
vn -0.3283835 -0.0349896 -0.9438962
vn -0.7786624 -0.001638229 -0.6274409
vn -0.757261 0.01170441 -0.6530074
vn -0.2260936 -0.03858691 -0.973341
vn -0.2535775 0.00779961 -0.9672837
vn -0.3283835 -0.0349896 -0.9438962
vn -0.2260936 -0.03858691 -0.973341
vn -0.02695612 0.01663068 -0.9994982
vn -0.2535775 0.00779961 -0.9672837
vn -0.9250586 0.3789768 0.02536054
vn -0.9708688 0.02106451 0.2386842
vn -0.9837429 0.1615568 -0.07841805
vn -0.7720773 -0.1266072 0.6227899
vn -0.9708688 0.02106451 0.2386842
vn -0.7720773 -0.1266072 0.6227899
vn -0.7335677 0.2789914 0.6197113
vn -0.8462301 0.09096622 0.5249951
vn -0.9708688 0.02106451 0.2386842
vn -0.9910617 0.02369839 -0.1312827
vn -0.9414709 0.006030759 -0.3370403
vn -0.9341082 0.121262 -0.3357638
vn -0.9341082 0.121262 -0.3357638
vn -0.9414709 0.006030759 -0.3370403
vn -0.7786624 -0.001638229 -0.6274409
vn -0.9341082 0.121262 -0.3357638
vn -0.7786624 -0.001638229 -0.6274409
vn -0.8387483 0.211324 -0.50184
vn -0.306002 0.2174528 -0.9268641
vn -0.2535775 0.00779961 -0.9672837
vn -0.02695612 0.01663068 -0.9994982
vn -0.306002 0.2174528 -0.9268641
vn -0.02695612 0.01663068 -0.9994982
vn 0.04747864 0.2535722 -0.9661506
vn -0.9910617 0.02369839 -0.1312827
vn -0.9341082 0.121262 -0.3357638
vn -0.8921414 0.2987203 -0.3388952
vn -0.8921414 0.2987203 -0.3388952
vn -0.9341082 0.121262 -0.3357638
vn -0.8387483 0.211324 -0.50184
vn -0.9910617 0.02369839 -0.1312827
vn -0.8921414 0.2987203 -0.3388952
vn -0.9950935 0.07599153 -0.06335735
vn 0.04747864 0.2535722 -0.9661506
vn -0.5261564 0.5028645 -0.6857746
vn -0.306002 0.2174528 -0.9268641
vn -0.8921414 0.2987203 -0.3388952
vn -0.7098626 0.5266484 -0.4676928
vn -0.5261564 0.5028645 -0.6857746
vn -0.9950935 0.07599153 -0.06335735
vn -0.9637388 0.2525774 0.08609401
vn -0.9932369 0.08341301 -0.08076371
vn -0.9950935 0.07599153 -0.06335735
vn -0.9932369 0.08341301 -0.08076371
vn -0.9910617 0.02369839 -0.1312827
vn 0.03793951 -0.9347745 0.3532101
vn -0.02107402 -0.978546 0.2049475
vn 0.06905494 -0.9443963 0.3214763
vn -0.02107402 -0.978546 0.2049475
vn -0.1963307 -0.8894866 0.4126352
vn -0.1963307 -0.8894866 0.4126352
vn -0.02107402 -0.978546 0.2049475
vn -0.00318393 -0.9644404 0.2642811
vn -0.002085051 -0.9903817 0.1383466
vn -7.958477E-05 -0.9988964 -0.04696826
vn -0.02107402 -0.978546 0.2049475
vn -0.002085051 -0.9903817 0.1383466
vn -7.958477E-05 -0.9988964 -0.04696826
vn -0.0006924263 -0.9999526 0.009713075
vn -0.0006924263 -0.9999526 0.009713075
vn 0.05739162 -0.9762987 0.2086791
vn 0.06905494 -0.9443963 0.3214763
vn -0.02107402 -0.978546 0.2049475
vn 0.05739162 -0.9762987 0.2086791
vn 0.1529334 -0.9535071 0.2596836
vn 0.06905494 -0.9443963 0.3214763
vn -4.297513E-05 -0.9989058 -0.04676642
vn 0.05739162 -0.9762987 0.2086791
vn -0.02107402 -0.978546 0.2049475
vn -4.297513E-05 -0.9989058 -0.04676642
vn -0.02107402 -0.978546 0.2049475
vn -7.958477E-05 -0.9988964 -0.04696826
vn -7.292542E-05 -0.9627198 -0.2705006
vn -4.297513E-05 -0.9989058 -0.04676642
vn -7.958477E-05 -0.9988964 -0.04696826
vn -7.292542E-05 -0.9627198 -0.2705006
vn -0.0005760476 -0.9629234 -0.2697745
vn -4.297513E-05 -0.9989058 -0.04676642
vn -7.958477E-05 -0.9988964 -0.04696826
vn 0.001698646 -0.9946773 -0.1030252
vn 0.001768998 -0.9765959 -0.215075
vn -7.958477E-05 -0.9988964 -0.04696826
vn 0.001768998 -0.9765959 -0.215075
vn -7.292542E-05 -0.9627198 -0.2705006
vn -7.292542E-05 -0.9627198 -0.2705006
vn -0.0009163503 -0.9029839 -0.4296736
vn -0.0005760476 -0.9629234 -0.2697745
vn -7.292542E-05 -0.9627198 -0.2705006
vn 0.000883149 -0.9034377 -0.4287184
vn -0.0009163503 -0.9029839 -0.4296736
vn 0.001768998 -0.9765959 -0.215075
vn 0.000883149 -0.9034377 -0.4287184
vn -7.292542E-05 -0.9627198 -0.2705006
vn -2.385213E-05 -0.9673395 0.2534845
vn 0.001044436 -0.871532 0.4903376
vn -9.708895E-05 -0.8708078 0.4916237
vn -2.385213E-05 -0.9673395 0.2534845
vn -9.708895E-05 -0.8708078 0.4916237
vn 0.0002734977 -0.9674176 0.253186
vn -2.385213E-05 -0.9673395 0.2534845
vn 0.0002734977 -0.9674176 0.253186
vn -0.00192225 -0.9998916 -0.01460081
vn -2.385213E-05 -0.9673395 0.2534845
vn -0.00192225 -0.9998916 -0.01460081
vn 0.0006634541 -0.999858 -0.01683913
vn 0.0002734977 -0.9674176 0.253186
vn 0.006862299 -0.9998329 -0.0169421
vn -0.00192225 -0.9998916 -0.01460081
vn 0.0002734977 -0.9674176 0.253186
vn 0.001283221 -0.9679292 0.2512198
vn 0.006862299 -0.9998329 -0.0169421
vn 0.0002734977 -0.9674176 0.253186
vn -9.708895E-05 -0.8708078 0.4916237
vn 0.0008565861 -0.8718212 0.4898235
vn 0.0002734977 -0.9674176 0.253186
vn 0.0008565861 -0.8718212 0.4898235
vn 0.001283221 -0.9679292 0.2512198
vn 0.0007148404 -0.9044018 -0.4266813
vn 0.0007148404 -0.9044018 -0.4266813
vn 0.000883149 -0.9034377 -0.4287184
vn 0.006862299 -0.9998329 -0.0169421
vn 0.0103418 -0.999554 -0.02801492
vn -0.00192225 -0.9998916 -0.01460081
vn -0.00192225 -0.9998916 -0.01460081
vn 0.0103418 -0.999554 -0.02801492
vn -0.0005878728 -0.9998068 -0.01964776
vn 0.006862299 -0.9998329 -0.0169421
vn 0.0280077 -0.9986368 -0.04404719
vn 0.0103418 -0.999554 -0.02801492
vn -0.00192225 -0.9998916 -0.01460081
vn -0.006532825 -0.9996281 -0.02647814
vn 0.0006634541 -0.999858 -0.01683913
vn -0.00192225 -0.9998916 -0.01460081
vn -0.01007824 -0.9997317 -0.02085527
vn -0.006532825 -0.9996281 -0.02647814
vn -0.00192225 -0.9998916 -0.01460081
vn -0.0005878728 -0.9998068 -0.01964776
vn -0.01007824 -0.9997317 -0.02085527
vn 0.4598682 -0.06337788 -0.8857226
vn 0.345595 0.0002921839 -0.9383837
vn 0.3130734 -0.0577279 -0.9479729
vn 0.9630126 0.07767115 -0.2580192
vn 0.9011294 0.06923486 -0.4279866
vn 0.9122231 0.1341613 -0.3871044
vn 0.9630126 0.07767115 -0.2580192
vn 0.9820657 0.002054531 -0.1885282
vn 0.9011294 0.06923486 -0.4279866
vn 0.9913303 0.04451359 0.1236238
vn 0.9820657 0.002054531 -0.1885282
vn 0.9630126 0.07767115 -0.2580192
vn 0.9913303 0.04451359 0.1236238
vn 0.9971073 0.06868019 0.03255894
vn 0.9852535 0.108858 0.1320055
vn 0.8912848 0.1919906 -0.4107932
vn 0.9011294 0.06923486 -0.4279866
vn 0.9820657 0.002054531 -0.1885282
vn 0.8912848 0.1919906 -0.4107932
vn 0.9820657 0.002054531 -0.1885282
vn 0.9816027 0.1709459 -0.08505124
vn 0.9820657 0.002054531 -0.1885282
vn 0.9913303 0.04451359 0.1236238
vn 0.9821418 0.04435629 0.182839
vn 0.9820657 0.002054531 -0.1885282
vn 0.9821418 0.04435629 0.182839
vn 0.9816027 0.1709459 -0.08505124
vn 0.9821418 0.04435629 0.182839
vn 0.9913303 0.04451359 0.1236238
vn 0.9909598 0.04084437 0.1277912
vn 0.9753709 0.1238795 0.182498
vn 0.9816027 0.1709459 -0.08505124
vn 0.9821418 0.04435629 0.182839
vn 0.9753709 0.1238795 0.182498
vn 0.9743653 0.2197895 0.04800958
vn 0.9816027 0.1709459 -0.08505124
vn 0.7420281 0.461429 -0.4862897
vn 0.8912848 0.1919906 -0.4107932
vn 0.9816027 0.1709459 -0.08505124
vn 0.7420281 0.461429 -0.4862897
vn 0.6546192 0.3062034 -0.691168
vn 0.6546192 0.3062034 -0.691168
vn 0.9621173 0.1442213 0.2313664
vn 0.9753709 0.1238795 0.182498
vn 0.9821418 0.04435629 0.182839
vn 0.9621173 0.1442213 0.2313664
vn 0.9821418 0.04435629 0.182839
vn 0.9909598 0.04084437 0.1277912
vn 0.3130734 -0.0577279 -0.9479729
vn 0.345595 0.0002921839 -0.9383837
vn -0.02695612 0.01663068 -0.9994982
vn 0.3130734 -0.0577279 -0.9479729
vn -0.02695612 0.01663068 -0.9994982
vn 0.1863781 -0.07840046 -0.979345
vn 0.04747864 0.2535722 -0.9661506
vn -0.02695612 0.01663068 -0.9994982
vn 0.345595 0.0002921839 -0.9383837
vn 0.04747864 0.2535722 -0.9661506
vn 0.2716578 0.08473078 -0.9586568
vn 0.2716578 0.08473078 -0.9586568
vn 0.2668766 0.4714235 -0.8405575
vn 0.2668766 0.4714235 -0.8405575
vn 0.04747864 0.2535722 -0.9661506
vn -0.9377378 -0.2177025 0.2706535
vn -0.7776831 -0.2333557 0.5837415
vn -0.8053 -0.4758526 0.3536327
vn -0.9377378 -0.2177025 0.2706535
vn -0.8053 -0.4758526 0.3536327
vn -0.9234053 -0.3212129 0.2101065
vn -0.9234053 -0.3212129 0.2101065
vn -0.9951068 -0.05753595 0.08032481
vn -0.9377378 -0.2177025 0.2706535
vn -0.9234053 -0.3212129 0.2101065
vn -0.9908412 -0.1276434 0.04405489
vn -0.9951068 -0.05753595 0.08032481
vn -0.7776831 -0.2333557 0.5837415
vn -0.5564724 -0.5150602 0.6519598
vn -0.8053 -0.4758526 0.3536327
vn -0.7776831 -0.2333557 0.5837415
vn -0.5025689 -0.2818016 0.8173202
vn -0.5564724 -0.5150602 0.6519598
vn -0.3128481 -0.9446645 -0.0986668
vn -0.2031128 -0.9710739 -0.1255411
vn -0.36668 -0.9301316 -0.0200254
vn -0.3128481 -0.9446645 -0.0986668
vn -0.36668 -0.9301316 -0.0200254
vn -0.4961444 -0.8680721 0.01707237
vn -0.7700806 0.01467755 0.6377778
vn -0.7776831 -0.2333557 0.5837415
vn -0.9377378 -0.2177025 0.2706535
vn -0.7700806 0.01467755 0.6377778
vn -0.9377378 -0.2177025 0.2706535
vn -0.9695181 0.0228228 0.2439543
vn -0.9695181 0.0228228 0.2439543
vn -0.9377378 -0.2177025 0.2706535
vn -0.9951068 -0.05753595 0.08032481
vn -0.2503587 -0.9668338 -0.05052498
vn -0.1180179 -0.9922624 -0.03856212
vn -0.1660288 -0.9860722 -0.00979763
vn -0.2503587 -0.9668338 -0.05052498
vn -0.1660288 -0.9860722 -0.00979763
vn -0.3456412 -0.9383613 -0.003209841
vn -0.4049936 -0.9141238 -0.0189183
vn -0.2503587 -0.9668338 -0.05052498
vn -0.3456412 -0.9383613 -0.003209841
vn -0.4049936 -0.9141238 -0.0189183
vn -0.3456412 -0.9383613 -0.003209841
vn -0.4961444 -0.8680721 0.01707237
vn -0.9695181 0.0228228 0.2439543
vn -0.9951068 -0.05753595 0.08032481
vn -0.9868611 0.1468427 -0.06739767
vn -0.7776831 -0.2333557 0.5837415
vn -0.7700806 0.01467755 0.6377778
vn -0.4490071 0.07422663 0.8904397
vn -0.7776831 -0.2333557 0.5837415
vn -0.4490071 0.07422663 0.8904397
vn -0.5025689 -0.2818016 0.8173202
vn -0.1180179 -0.9922624 -0.03856212
vn -0.0278828 -0.9988364 -0.0393502
vn -0.1660288 -0.9860722 -0.00979763
vn -0.1180179 -0.9922624 -0.03856212
vn -0.02981782 -0.9983538 -0.04899632
vn -0.0278828 -0.9988364 -0.0393502
vn -0.5025689 -0.2818016 0.8173202
vn -0.3459692 -0.4967175 0.7959755
vn -0.5564724 -0.5150602 0.6519598
vn -0.0278828 -0.9988364 -0.0393502
vn -0.02981782 -0.9983538 -0.04899632
vn 0.02041415 -0.9990015 -0.03974063
vn 0.03651927 -0.4972952 0.8668125
vn 0.01476894 -0.4885246 0.8724251
vn -0.1738413 -0.2107324 0.9619621
vn -0.5025689 -0.2818016 0.8173202
vn -0.1738413 -0.2107324 0.9619621
vn -0.3459692 -0.4967175 0.7959755
vn -0.4490071 0.07422663 0.8904397
vn -0.1738413 -0.2107324 0.9619621
vn -0.5025689 -0.2818016 0.8173202
vn 0.03651927 -0.4972952 0.8668125
vn -0.1738413 -0.2107324 0.9619621
vn 0.03484693 -0.2304628 0.9724569
vn 0.2472561 -0.5079228 0.8251538
vn 0.03651927 -0.4972952 0.8668125
vn 0.03484693 -0.2304628 0.9724569
vn 0.2472561 -0.5079228 0.8251538
vn 0.03484693 -0.2304628 0.9724569
vn 0.3865924 -0.5323607 0.7530859
vn 0.3865924 -0.5323607 0.7530859
vn 0.6182702 -0.515091 0.5936524
vn 0.2472561 -0.5079228 0.8251538
vn 0.3865924 -0.5323607 0.7530859
vn 0.7108662 -0.4953138 0.499333
vn 0.6182702 -0.515091 0.5936524
vn 0.0795197 -0.9885617 -0.1281501
vn 0.1232733 -0.9800845 -0.1556862
vn 0.1096079 -0.9824707 -0.150789
vn 0.0795197 -0.9885617 -0.1281501
vn 0.1096079 -0.9824707 -0.150789
vn 0.05605529 -0.9937648 -0.09638058
vn 0.02074986 -0.9966391 -0.07924633
vn 0.0795197 -0.9885617 -0.1281501
vn 0.05605529 -0.9937648 -0.09638058
vn 0.02074986 -0.9966391 -0.07924633
vn 0.05605529 -0.9937648 -0.09638058
vn 0.02536155 -0.9973457 -0.0682523
vn -0.0278828 -0.9988364 -0.0393502
vn 0.02074986 -0.9966391 -0.07924633
vn 0.02536155 -0.9973457 -0.0682523
vn 0.2340615 0.08686888 0.9683331
vn 0.03484693 -0.2304628 0.9724569
vn 0.06320208 0.08336408 0.9945129
vn 0.2340615 0.08686888 0.9683331
vn 0.06320208 0.08336408 0.9945129
vn 0.3591957 0.089727 0.9289389
vn 0.3591957 0.089727 0.9289389
vn 0.6148722 0.1301799 0.7778081
vn 0.2340615 0.08686888 0.9683331
vn 0.3591957 0.089727 0.9289389
vn 0.7342911 0.07872684 0.6742542
vn 0.6148722 0.1301799 0.7778081
vn 0.03484693 -0.2304628 0.9724569
vn -0.1738413 -0.2107324 0.9619621
vn -0.1287566 0.09791133 0.9868308
vn 0.03484693 -0.2304628 0.9724569
vn -0.1287566 0.09791133 0.9868308
vn 0.06320208 0.08336408 0.9945129
vn -0.4490071 0.07422663 0.8904397
vn -0.1287566 0.09791133 0.9868308
vn -0.1738413 -0.2107324 0.9619621
vn 0.1232733 -0.9800845 -0.1556862
vn 0.1460081 -0.9816811 -0.122409
vn 0.1096079 -0.9824707 -0.150789
vn 0.1232733 -0.9800845 -0.1556862
vn 0.2147244 -0.9727617 -0.08733917
vn 0.1460081 -0.9816811 -0.122409
vn 0.7108662 -0.4953138 0.499333
vn 0.7987823 -0.4429429 0.407122
vn 0.6182702 -0.515091 0.5936524
vn 0.2147244 -0.9727617 -0.08733917
vn 0.2591247 -0.9592934 -0.1122971
vn 0.1460081 -0.9816811 -0.122409
vn 0.2147244 -0.9727617 -0.08733917
vn 0.3070132 -0.9495404 -0.06415626
vn 0.2591247 -0.9592934 -0.1122971
vn 0.9300119 -0.3637856 0.05232573
vn 0.8935111 -0.3822024 0.2357104
vn 0.9166085 -0.07858441 0.3919868
vn 0.7108662 -0.4953138 0.499333
vn 0.9166085 -0.07858441 0.3919868
vn 0.7987823 -0.4429429 0.407122
vn 0.7342911 0.07872684 0.6742542
vn 0.9166085 -0.07858441 0.3919868
vn 0.6148722 0.1301799 0.7778081
vn 0.9300119 -0.3637856 0.05232573
vn 0.9166085 -0.07858441 0.3919868
vn 0.9286447 -0.3468904 -0.1314763
vn 0.9102173 0.1141633 0.3980844
vn 0.8939869 0.4237682 0.1456294
vn 0.9166085 -0.07858441 0.3919868
vn 0.7342911 0.07872684 0.6742542
vn 0.9102173 0.1141633 0.3980844
vn 0.9166085 -0.07858441 0.3919868
vn 0.9102173 0.1141633 0.3980844
vn 0.9248754 0.2077982 0.3184735
vn 0.8939869 0.4237682 0.1456294
vn -0.9908412 -0.1276434 0.04405489
vn -0.9111485 -0.2269349 -0.3439607
vn -0.975929 0.1110117 -0.1877207
vn -0.9908412 -0.1276434 0.04405489
vn -0.975929 0.1110117 -0.1877207
vn -0.9951068 -0.05753595 0.08032481
vn -0.9111485 -0.2269349 -0.3439607
vn -0.7494978 -0.3058261 -0.5871314
vn -0.975929 0.1110117 -0.1877207
vn -0.9111485 -0.2269349 -0.3439607
vn -0.6277623 -0.3410185 -0.699729
vn -0.7494978 -0.3058261 -0.5871314
vn -0.6277623 -0.3410185 -0.699729
vn -0.4052659 -0.2686189 -0.8738441
vn -0.7494978 -0.3058261 -0.5871314
vn -0.6277623 -0.3410185 -0.699729
vn -0.2564628 -0.205476 -0.9444609
vn -0.4052659 -0.2686189 -0.8738441
vn -0.2564628 -0.205476 -0.9444609
vn -0.03623319 -0.1776868 -0.9834198
vn -0.4052659 -0.2686189 -0.8738441
vn -0.2564628 -0.205476 -0.9444609
vn 0.03772323 -0.2513815 -0.9671527
vn -0.03623319 -0.1776868 -0.9834198
vn 0.2189554 -0.3359491 -0.9160768
vn -0.03623319 -0.1776868 -0.9834198
vn 0.03772323 -0.2513815 -0.9671527
vn 0.2189554 -0.3359491 -0.9160768
vn 0.03772323 -0.2513815 -0.9671527
vn 0.3215838 -0.2738895 -0.9064041
vn 0.5613129 -0.1527382 -0.8133873
vn 0.2189554 -0.3359491 -0.9160768
vn 0.3215838 -0.2738895 -0.9064041
vn 0.5613129 -0.1527382 -0.8133873
vn 0.3215838 -0.2738895 -0.9064041
vn 0.3390356 0.0284774 -0.9403424
vn 0.7872847 -0.3034329 -0.53676
vn 0.8700722 -0.1090463 -0.4807112
vn 0.5613129 -0.1527382 -0.8133873
vn 0.7872847 -0.3034329 -0.53676
vn 0.8833537 -0.3573402 -0.3033055
vn 0.8700722 -0.1090463 -0.4807112
vn 0.9117576 -0.3373107 -0.234349
vn 0.8700722 -0.1090463 -0.4807112
vn 0.8833537 -0.3573402 -0.3033055
vn 0.9117576 -0.3373107 -0.234349
vn 0.8833537 -0.3573402 -0.3033055
vn 0.9038269 -0.3270673 -0.2759055
vn 0.9286447 -0.3468904 -0.1314763
vn 0.9117576 -0.3373107 -0.234349
vn 0.9038269 -0.3270673 -0.2759055
vn 0.9286447 -0.3468904 -0.1314763
vn 0.9038269 -0.3270673 -0.2759055
vn 0.9300119 -0.3637856 0.05232573
vn 0.331892 -0.9165304 -0.2232032
vn 0.3574139 -0.9028862 -0.2388556
vn 0.2815937 -0.9372774 -0.2054656
vn 0.2815937 -0.9372774 -0.2054656
vn 0.3664188 -0.9177854 -0.1529943
vn 0.3664188 -0.9177854 -0.1529943
vn 0.331892 -0.9165304 -0.2232032
vn 0.2815937 -0.9372774 -0.2054656
vn 0.2591247 -0.9592934 -0.1122971
vn 0.8850954 0.4251895 -0.1892616
vn 0.8689207 0.4350951 -0.2359428
vn 0.8868597 0.356849 -0.2934939
vn 0.8939869 0.4237682 0.1456294
vn 0.8924478 0.3524014 -0.2816916
vn 0.8689207 0.4350951 -0.2359428
vn 0.8667597 0.1548327 -0.4740828
vn 0.5613129 -0.1527382 -0.8133873
vn 0.8700722 -0.1090463 -0.4807112
vn 0.8667597 0.1548327 -0.4740828
vn 0.8700722 -0.1090463 -0.4807112
vn 0.9034761 0.334141 -0.2684788
vn 0.9034761 0.334141 -0.2684788
vn 0.8328519 0.5336484 -0.1468915
vn 0.8328519 0.5336484 -0.1468915
vn 0.9034761 0.334141 -0.2684788
vn 0.8868597 0.356849 -0.2934939
vn 0.8689207 0.4350951 -0.2359428
vn 0.03208975 -0.9966905 -0.07468873
vn 0.0489235 -0.9986587 -0.01695138
vn 0.04079622 -0.9981241 -0.0456501
vn 0.03208975 -0.9966905 -0.07468873
vn 0.04079622 -0.9981241 -0.0456501
vn 0.05996029 -0.9926695 -0.104938
vn 0.08138496 -0.9863581 -0.1430884
vn 0.03208975 -0.9966905 -0.07468873
vn 0.05996029 -0.9926695 -0.104938
vn 0.08138496 -0.9863581 -0.1430884
vn 0.05996029 -0.9926695 -0.104938
vn 0.09401487 -0.9801657 -0.1744602
vn 0.2815937 -0.9372774 -0.2054656
vn 0.08138496 -0.9863581 -0.1430884
vn 0.09401487 -0.9801657 -0.1744602
vn 0.0489235 -0.9986587 -0.01695138
vn 0.03733175 -0.9968598 -0.06983544
vn 0.04079622 -0.9981241 -0.0456501
vn 0.04032833 -0.9932061 -0.1091576
vn 0.01495518 -0.9940152 -0.1082134
vn 0.03733175 -0.9968598 -0.06983544
vn 0.01495518 -0.9940152 -0.1082134
vn -0.01611675 -0.9907126 -0.135014
vn 0.03733175 -0.9968598 -0.06983544
vn -0.04056666 -0.9866112 -0.157964
vn -0.04056666 -0.9866112 -0.157964
vn -0.01611675 -0.9907126 -0.135014
vn -0.01611675 -0.9907126 -0.135014
vn -0.01498953 -0.9867942 -0.1612844
vn 0.0008111836 -0.9913402 -0.1313166
vn -0.01611675 -0.9907126 -0.135014
vn 0.0008111836 -0.9913402 -0.1313166
vn 0.008711423 -0.993179 -0.1162747
vn 0.0008111836 -0.9913402 -0.1313166
vn -0.1092393 -0.979265 -0.1706068
vn 0.008711423 -0.993179 -0.1162747
vn -0.1269789 -0.9812756 -0.1448261
vn -0.1269789 -0.9812756 -0.1448261
vn -0.1092393 -0.979265 -0.1706068
vn -0.1092393 -0.979265 -0.1706068
vn -0.1257368 -0.9783354 -0.1644692
vn -0.1257368 -0.9783354 -0.1644692
vn -0.1092393 -0.979265 -0.1706068
vn -0.2031128 -0.9710739 -0.1255411
vn -0.3128481 -0.9446645 -0.0986668
vn 0.1158367 0.351528 -0.9289833
vn 0.5613129 -0.1527382 -0.8133873
vn 0.2520898 0.2438411 -0.9364787
vn 0.4260616 0.5176957 -0.7419317
vn 0.1258724 0.5470572 -0.8275775
vn 0.4260616 0.5176957 -0.7419317
vn -0.054115 0.4899636 -0.8700616
vn 0.1258724 0.5470572 -0.8275775
vn 0.1158367 0.351528 -0.9289833
vn -0.054115 0.4899636 -0.8700616
vn -0.08831616 0.7395777 -0.667252
vn 0.1258724 0.5470572 -0.8275775
vn -0.1514564 0.7747127 -0.6139065
vn -0.08831616 0.7395777 -0.667252
vn -0.313098 0.5915744 -0.7429734
vn -0.1514564 0.7747127 -0.6139065
vn -0.09951214 0.8973145 -0.4300278
vn -0.08831616 0.7395777 -0.667252
vn -0.4113492 0.70519 -0.5774937
vn -0.09951214 0.8973145 -0.4300278
vn -0.2192997 0.8826567 -0.415722
vn -0.4113492 0.70519 -0.5774937
vn -0.8179215 0.3436077 -0.4614524
vn -0.5645066 0.4610494 -0.6846648
vn -0.9580032 0.1199989 -0.2604425
vn -0.8179215 0.3436077 -0.4614524
vn -0.955783 0.0446047 -0.2906703
vn -0.9580032 0.1199989 -0.2604425
vn -0.975929 0.1110117 -0.1877207
vn -0.8179215 0.3436077 -0.4614524
vn -0.9868611 0.1468427 -0.06739767
vn -0.975929 0.1110117 -0.1877207
vn -0.9580032 0.1199989 -0.2604425
vn -0.9868611 0.1468427 -0.06739767
vn -0.9951068 -0.05753595 0.08032481
vn -0.975929 0.1110117 -0.1877207
vn -0.182399 -0.152006 0.9714035
vn -0.4086485 -0.071411 0.9098939
vn -0.3427475 -0.09256821 0.9348558
vn -0.182399 -0.152006 0.9714035
vn -0.3427475 -0.09256821 0.9348558
vn -0.1700498 -0.3208145 0.9317517
vn -0.182399 -0.152006 0.9714035
vn -0.3586343 0.03169293 0.9329399
vn -0.4086485 -0.071411 0.9098939
vn -0.4086485 -0.071411 0.9098939
vn -0.3586343 0.03169293 0.9329399
vn -0.5731315 0.002272424 0.8194602
vn -0.4086485 -0.071411 0.9098939
vn -0.5731315 0.002272424 0.8194602
vn -0.5638147 -0.0196269 0.8256681
vn -0.3427475 -0.09256821 0.9348558
vn -0.4086485 -0.071411 0.9098939
vn -0.5638147 -0.0196269 0.8256681
vn -0.9912997 0.07867894 0.10552
vn -0.9929586 0.05958828 0.1023838
vn -0.9947668 0.04849621 0.08992885
vn -0.9912997 0.07867894 0.10552
vn -0.9947668 0.04849621 0.08992885
vn -0.9911276 0.07592437 0.1090947
vn -0.9975274 0.01910117 0.06763329
vn -0.9947668 0.04849621 0.08992885
vn -0.9929586 0.05958828 0.1023838
vn -0.9975274 0.01910117 0.06763329
vn -0.9987057 0.009893741 0.04988931
vn -0.9947668 0.04849621 0.08992885
vn -0.7241051 0.02686818 -0.6891661
vn -0.7452422 -0.01029962 -0.6667143
vn -0.7277008 0.03175471 -0.6851593
vn -0.7241051 0.02686818 -0.6891661
vn -0.5899365 0.00705748 -0.8074188
vn -0.7452422 -0.01029962 -0.6667143
vn -0.6791255 0.1457589 -0.7194045
vn -0.5899365 0.00705748 -0.8074188
vn -0.6996312 0.1599955 -0.6963603
vn -0.6791255 0.1457589 -0.7194045
vn -0.3846038 0.05034741 -0.9217077
vn -0.5899365 0.00705748 -0.8074188
vn -0.3677896 -0.01689949 -0.9297555
vn -0.5899365 0.00705748 -0.8074188
vn -0.3846038 0.05034741 -0.9217077
vn -0.3677896 -0.01689949 -0.9297555
vn -0.1679013 -0.3764711 -0.9110864
vn -0.5899365 0.00705748 -0.8074188
vn -0.4135956 -0.0794205 0.9069901
vn -0.6397474 -0.06779678 0.7655892
vn -0.6397722 0.007461708 0.7685284
vn -0.4135956 -0.0794205 0.9069901
vn -0.5731315 0.002272424 0.8194602
vn -0.3586343 0.03169293 0.9329399
vn -0.4135956 -0.0794205 0.9069901
vn -0.6814424 -0.1535069 0.715592
vn -0.6397474 -0.06779678 0.7655892
vn -0.4135956 -0.0794205 0.9069901
vn -0.3345373 -0.2151828 0.9174863
vn -0.6814424 -0.1535069 0.715592
vn -0.6814424 -0.1535069 0.715592
vn -0.3345373 -0.2151828 0.9174863
vn -0.6974589 -0.1842543 0.6925326
vn -0.6814424 -0.1535069 0.715592
vn -0.6974589 -0.1842543 0.6925326
vn -0.9077464 -0.1077738 0.4054396
vn -0.9077464 -0.1077738 0.4054396
vn -0.9956352 -0.0005015346 0.09332955
vn -0.9951431 -0.01948361 0.09649185
vn -0.9956352 -0.0005015346 0.09332955
vn -0.9987057 0.009893741 0.04988931
vn -0.9975274 0.01910117 0.06763329
vn -0.9956352 -0.0005015346 0.09332955
vn -0.9951459 -0.01920872 0.09651849
vn -0.9951431 -0.01948361 0.09649185
vn -0.9077464 -0.1077738 0.4054396
vn -0.9894307 -0.05301493 0.1349683
vn -0.9956352 -0.0005015346 0.09332955
vn -0.4837597 0.08140777 -0.8714065
vn -0.4459797 0.2080745 -0.8705212
vn -0.4666317 0.1533295 -0.8710597
vn -0.4837597 0.08140777 -0.8714065
vn -0.4666317 0.1533295 -0.8710597
vn -0.3177776 0.07016952 -0.9455652
vn -0.5850169 0.05104699 -0.809413
vn -0.4837597 0.08140777 -0.8714065
vn -0.3177776 0.07016952 -0.9455652
vn -0.5850169 0.05104699 -0.809413
vn -0.3177776 0.07016952 -0.9455652
vn -0.3846038 0.05034741 -0.9217077
vn 0.2120044 0.158841 -0.9642736
vn 0.02531778 0.0134104 -0.9995895
vn -0.3177776 0.07016952 -0.9455652
vn 0.02531778 0.0134104 -0.9995895
vn -0.3677896 -0.01689949 -0.9297555
vn -0.3846038 0.05034741 -0.9217077
vn 0.02531778 0.0134104 -0.9995895
vn -0.3846038 0.05034741 -0.9217077
vn -0.3177776 0.07016952 -0.9455652
vn 0.2120044 0.158841 -0.9642736
vn 0.6296342 0.009721422 -0.7768309
vn 0.02531778 0.0134104 -0.9995895
vn 0.7816104 -0.0317403 -0.622959
vn 0.7794713 -0.0583024 -0.6237188
vn 0.6296342 0.009721422 -0.7768309
vn 0.7816104 -0.0317403 -0.622959
vn 0.7664831 -0.06977706 -0.6384629
vn 0.7794713 -0.0583024 -0.6237188
vn 0.7664831 -0.06977706 -0.6384629
vn 0.7617868 -0.06921444 -0.6441198
vn 0.7794713 -0.0583024 -0.6237188
vn 0.7741078 -0.02652104 -0.632498
vn 0.7816104 -0.0317403 -0.622959
vn 0.6296342 0.009721422 -0.7768309
vn 0.8458182 -0.1531024 -0.5110297
vn 0.7741078 -0.02652104 -0.632498
vn 0.6296342 0.009721422 -0.7768309
vn 0.8458182 -0.1531024 -0.5110297
vn 0.6296342 0.009721422 -0.7768309
vn 0.7831953 -0.1020977 -0.6133362
vn 0.2714238 0.1754582 -0.9463317
vn 0.6296342 0.009721422 -0.7768309
vn 0.2120044 0.158841 -0.9642736
vn 0.8266178 -0.0528563 -0.5602759
vn 0.8458182 -0.1531024 -0.5110297
vn 0.7831953 -0.1020977 -0.6133362
vn 0.8266178 -0.0528563 -0.5602759
vn 0.7831953 -0.1020977 -0.6133362
vn 0.5510631 0.03650958 -0.8336645
vn -0.9120595 -0.06489438 0.4048903
vn -0.9894307 -0.05301493 0.1349683
vn -0.9077464 -0.1077738 0.4054396
vn -0.9120595 -0.06489438 0.4048903
vn -0.9869556 0.01281787 0.1604816
vn -0.9894307 -0.05301493 0.1349683
vn 0.2714238 0.1754582 -0.9463317
vn 0.2120044 0.158841 -0.9642736
vn 0.3084136 0.1375661 -0.9412526
vn 0.5510631 0.03650958 -0.8336645
vn 0.2714238 0.1754582 -0.9463317
vn 0.3084136 0.1375661 -0.9412526
vn -0.4780746 0.210029 -0.852838
vn -0.4666317 0.1533295 -0.8710597
vn -0.4459797 0.2080745 -0.8705212
vn -0.4780746 0.210029 -0.852838
vn -0.4925154 0.1903565 -0.8492308
vn -0.4915687 0.1684962 -0.8543825
vn -0.901134 0.03445266 0.4321696
vn -0.9869556 0.01281787 0.1604816
vn -0.9120595 -0.06489438 0.4048903
vn -0.901134 0.03445266 0.4321696
vn -0.9889783 0.07504173 0.1276343
vn -0.9869556 0.01281787 0.1604816
vn 0.5510631 0.03650958 -0.8336645
vn 0.3084136 0.1375661 -0.9412526
vn 0.3624852 0.1454464 -0.9205704
vn -0.4785855 0.1642866 -0.8625345
vn -0.4780746 0.210029 -0.852838
vn -0.4915687 0.1684962 -0.8543825
vn -0.4785855 0.1642866 -0.8625345
vn -0.4738016 0.1917907 -0.8594931
vn -0.4738016 0.1917907 -0.8594931
vn -0.9905452 0.08135366 0.1104626
vn -0.9889783 0.07504173 0.1276343
vn -0.901134 0.03445266 0.4321696
vn -0.9905452 0.08135366 0.1104626
vn -0.9978406 0.02013537 0.06251939
vn -0.9889783 0.07504173 0.1276343
vn -0.9648135 0.1942383 0.1772182
vn -0.9978406 0.02013537 0.06251939
vn -0.9905452 0.08135366 0.1104626
vn -0.4329193 -0.1074678 0.8950037
vn -0.5775587 -0.1063966 0.809386
vn -0.6653914 -0.06292823 0.7438375
vn -0.4329193 -0.1074678 0.8950037
vn -0.6637853 0.07742167 0.7439052
vn -0.901134 0.03445266 0.4321696
vn -0.4329193 -0.1074678 0.8950037
vn -0.3923722 -0.1851182 0.9009858
vn -0.5775587 -0.1063966 0.809386
vn 0.2584563 -0.2680577 0.9280869
vn -0.3923722 -0.1851182 0.9009858
vn -0.4329193 -0.1074678 0.8950037
vn 0.2584563 -0.2680577 0.9280869
vn -0.4329193 -0.1074678 0.8950037
vn -0.04657065 -0.2200821 0.974369
vn -0.7743999 -0.04870159 0.6308193
vn -0.901134 0.03445266 0.4321696
vn -0.9120595 -0.06489438 0.4048903
vn -0.4329193 -0.1074678 0.8950037
vn -0.901134 0.03445266 0.4321696
vn -0.7743999 -0.04870159 0.6308193
vn 0.2584563 -0.2680577 0.9280869
vn -0.04657065 -0.2200821 0.974369
vn -0.1183653 -0.1949738 0.97364
vn 0.599921 -0.2034754 0.7737523
vn 0.7343879 -0.3041803 0.6067526
vn 0.2584563 -0.2680577 0.9280869
vn 0.599921 -0.2034754 0.7737523
vn 0.8524829 -0.1398505 0.503701
vn 0.7343879 -0.3041803 0.6067526
vn 0.599921 -0.2034754 0.7737523
vn 0.8222897 -0.1750934 0.5414628
vn 0.8524829 -0.1398505 0.503701
vn 0.599921 -0.2034754 0.7737523
vn 0.254989 -0.1489432 0.9554039
vn 0.8222897 -0.1750934 0.5414628
vn 0.254989 -0.1489432 0.9554039
vn 0.5060084 -0.2330248 0.8304546
vn 0.8222897 -0.1750934 0.5414628
vn 0.254989 -0.1489432 0.9554039
vn 0.1497 -0.1896229 0.9703778
vn 0.5060084 -0.2330248 0.8304546
vn 0.190692 -0.239674 0.9519417
vn 0.5060084 -0.2330248 0.8304546
vn 0.1497 -0.1896229 0.9703778
vn 0.190692 -0.239674 0.9519417
vn 0.4717737 -0.2000372 0.8587286
vn 0.5060084 -0.2330248 0.8304546
vn 0.9615065 -0.1472129 0.2320208
vn 0.9533249 -0.1994887 0.2266628
vn 0.9589357 -0.1630047 0.2321032
vn 0.9615065 -0.1472129 0.2320208
vn 0.9500155 -0.2176592 0.2238192
vn 0.9533249 -0.1994887 0.2266628
vn 0.8222897 -0.1750934 0.5414628
vn 0.9533249 -0.1994887 0.2266628
vn 0.9500155 -0.2176592 0.2238192
vn 0.254989 -0.1489432 0.9554039
vn -0.08259916 -0.1610552 0.9834829
vn 0.1497 -0.1896229 0.9703778
vn 0.254989 -0.1489432 0.9554039
vn -0.1201196 -0.1232612 0.9850776
vn -0.08259916 -0.1610552 0.9834829
vn -0.1183653 -0.1949738 0.97364
vn -0.04657065 -0.2200821 0.974369
vn -0.1201196 -0.1232612 0.9850776
vn -0.1183653 -0.1949738 0.97364
vn -0.1201196 -0.1232612 0.9850776
vn 0.254989 -0.1489432 0.9554039
vn 0.8222897 -0.1750934 0.5414628
vn 0.9385768 -0.1951945 0.2845571
vn 0.9457296 -0.1239792 0.3003744
vn 0.8524829 -0.1398505 0.503701
vn 0.8222897 -0.1750934 0.5414628
vn 0.9457296 -0.1239792 0.3003744
vn 0.8524829 -0.1398505 0.503701
vn 0.9569589 -0.1227242 0.2629991
vn 0.9555795 -0.1403748 0.2591576
vn 0.7343879 -0.3041803 0.6067526
vn 0.8524829 -0.1398505 0.503701
vn 0.9555795 -0.1403748 0.2591576
vn 0.9797766 -0.1999542 -0.007487517
vn 0.8458182 -0.1531024 -0.5110297
vn 0.97863 -0.1685387 0.1178052
vn 0.97863 -0.1685387 0.1178052
vn 0.9434276 -0.2080036 0.2582225
vn 0.9797766 -0.1999542 -0.007487517
vn 0.5252866 -0.1347098 0.8401948
vn 0.3340796 -0.3414809 0.878511
vn 0.3817823 -0.3781846 0.8433378
vn 0.97863 -0.1685387 0.1178052
vn 0.885315 -0.2178801 0.4107866
vn 0.9434276 -0.2080036 0.2582225
vn 0.25892 -0.4517984 0.8537204
vn 0.3817823 -0.3781846 0.8433378
vn 0.3340796 -0.3414809 0.878511
vn 0.25892 -0.4517984 0.8537204
vn 0.3340796 -0.3414809 0.878511
vn 0.2380074 -0.2664095 0.9340121
vn 0.8928461 -0.1159477 0.4351803
vn 0.9434276 -0.2080036 0.2582225
vn 0.885315 -0.2178801 0.4107866
vn -0.5386276 -0.3689754 0.7574546
vn -0.3923722 -0.1851182 0.9009858
vn -0.5651649 -0.1728961 0.806657
vn -0.5682071 0.03037081 0.8223249
vn -0.5651649 -0.1728961 0.806657
vn -0.3923722 -0.1851182 0.9009858
vn 0.5252866 -0.1347098 0.8401948
vn 0.5840368 -0.1615951 0.7954798
vn 0.2584563 -0.2680577 0.9280869
vn 0.1380742 0.3000694 0.9438718
vn 0.1005322 0.3981911 0.911777
vn -0.1269428 0.4655235 0.8758843
vn 0.5423192 0.3776585 0.7505091
vn 0.2513466 0.5256695 0.8127094
vn 0.3796338 0.6028157 0.7017773
vn 0.5423192 0.3776585 0.7505091
vn 0.163911 0.4497921 0.8779637
vn 0.2513466 0.5256695 0.8127094
vn 0.163911 0.4497921 0.8779637
vn 0.1005322 0.3981911 0.911777
vn 0.2513466 0.5256695 0.8127094
vn 0.8928461 -0.1159477 0.4351803
vn 0.885315 -0.2178801 0.4107866
vn 0.9832314 -0.118404 0.1386957
vn 0.5423192 0.3776585 0.7505091
vn 0.8928461 -0.1159477 0.4351803
vn 0.9832314 -0.118404 0.1386957
vn 0.163911 0.4497921 0.8779637
vn 0.04376811 0.4138246 0.909304
vn 0.1005322 0.3981911 0.911777
vn 0.9418753 -0.2081637 0.2637021
vn 0.9832314 -0.118404 0.1386957
vn 0.9634726 -0.2044266 0.1730038
vn 0.5423192 0.3776585 0.7505091
vn 0.1178501 0.4081444 0.9052787
vn 0.163911 0.4497921 0.8779637
vn 0.1178501 0.4081444 0.9052787
vn 0.04376811 0.4138246 0.909304
vn 0.163911 0.4497921 0.8779637
vn 0.5423192 0.3776585 0.7505091
vn 0.8779885 -0.1171659 0.4641211
vn 0.6317865 -0.09853838 0.7688537
vn 0.9634726 -0.2044266 0.1730038
vn 0.8779885 -0.1171659 0.4641211
vn 0.9418753 -0.2081637 0.2637021
vn 0.9634726 -0.2044266 0.1730038
vn 0.9819354 -0.140577 0.1266529
vn 0.8779885 -0.1171659 0.4641211
vn -0.7331527 -0.2211518 0.6431011
vn -0.7331527 -0.2211518 0.6431011
vn -0.7436157 -0.3116973 0.591507
vn -0.7331527 -0.2211518 0.6431011
vn -0.7793424 0.1930893 0.5961057
vn -0.7331527 -0.2211518 0.6431011
vn 0.1178501 0.4081444 0.9052787
vn -0.01902831 0.1703079 0.9852071
vn 0.04376811 0.4138246 0.909304
vn -0.7776936 0.3501714 0.5220849
vn -0.7793424 0.1930893 0.5961057
vn -0.6055523 0.5024015 0.6171703
vn -0.7776936 0.3501714 0.5220849
vn -0.9833409 0.1675709 0.07043242
vn -0.7793424 0.1930893 0.5961057
vn -0.9862251 -0.1167774 -0.1171458
vn -0.9898597 -0.07710616 -0.1192994
vn -0.9933611 0.07302547 -0.08888762
vn -0.9933611 0.07302547 -0.08888762
vn -0.9898597 -0.07710616 -0.1192994
vn -0.9926476 0.1131498 -0.0429856
vn -0.9933611 0.07302547 -0.08888762
vn -0.9926476 0.1131498 -0.0429856
vn -0.9648135 0.1942383 0.1772182
vn -0.5535296 0.4998957 0.666115
vn -0.7058437 0.3963258 0.5871206
vn -0.9648135 0.1942383 0.1772182
vn -0.9648135 0.1942383 0.1772182
vn -0.9926476 0.1131498 -0.0429856
vn -0.9978406 0.02013537 0.06251939
vn -0.4280843 0.09727286 -0.8984886
vn -0.3343164 0.09302372 -0.9378588
vn -0.3479338 0.05319688 -0.9360087
vn -0.3479338 0.05319688 -0.9360087
vn -0.3338339 0.08839086 -0.9384785
vn -0.3338339 0.08839086 -0.9384785
vn -0.4280843 0.09727286 -0.8984886
vn -0.3479338 0.05319688 -0.9360087
vn -0.4728155 0.1175367 -0.8732873
vn -0.4728155 0.1175367 -0.8732873
vn -0.4745657 0.1506358 -0.8672348
vn -0.4280843 0.09727286 -0.8984886
vn -0.4728155 0.1175367 -0.8732873
vn -0.4785855 0.1642866 -0.8625345
vn -0.4745657 0.1506358 -0.8672348
vn -0.9862251 -0.1167774 -0.1171458
vn -0.9920831 0.07453504 -0.1010726
vn -0.9898597 -0.07710616 -0.1192994
vn -0.9833409 0.1675709 0.07043242
vn -0.9920831 0.07453504 -0.1010726
vn -0.9866656 0.1091468 -0.1207389
vn -0.9833409 0.1675709 0.07043242
vn -0.9767982 0.2028274 -0.06874898
vn -0.9920831 0.07453504 -0.1010726
vn 0.7582727 -0.1717302 0.6289127
vn 0.8779885 -0.1171659 0.4641211
vn 0.9819354 -0.140577 0.1266529
vn 0.7582727 -0.1717302 0.6289127
vn 0.6317865 -0.09853838 0.7688537
vn 0.8779885 -0.1171659 0.4641211
vn 0.7582727 -0.1717302 0.6289127
vn 0.6348581 -0.09822682 0.7663593
vn 0.6317865 -0.09853838 0.7688537
vn 0.05227852 -0.9603587 0.2738215
vn 0.05227852 -0.9603587 0.2738215
vn 0.01620833 -0.9877318 0.1553172
vn -0.0147965 -0.0335411 0.9993278
vn -0.01902831 0.1703079 0.9852071
vn -0.0147965 -0.0335411 0.9993278
vn -0.009208154 -0.8958818 0.444197
vn 0.05803298 -0.9469572 0.3160762
vn -0.09500863 -0.9078134 0.4084705
vn -0.5474722 -0.8151165 -0.1893657
vn -0.7338383 -0.6593587 -0.1634854
vn -0.6259837 -0.7616914 -0.1672443
vn -0.9105465 -0.4127829 -0.02270057
vn -0.6259837 -0.7616914 -0.1672443
vn -0.7338383 -0.6593587 -0.1634854
vn -0.9105465 -0.4127829 -0.02270057
vn -0.9442468 -0.3213895 -0.07146247
vn -0.9442468 -0.3213895 -0.07146247
vn 0.05803298 -0.9469572 0.3160762
vn 0.1937912 -0.9577293 0.2126019
vn -0.09500863 -0.9078134 0.4084705
vn 0.05803298 -0.9469572 0.3160762
vn 0.4383839 -0.8976046 0.04610322
vn 0.1937912 -0.9577293 0.2126019
vn 0.4383839 -0.8976046 0.04610322
vn 0.1093813 -0.9830073 0.1474197
vn 0.1937912 -0.9577293 0.2126019
vn 0.386227 -0.8808702 -0.2736719
vn 0.01480875 -0.8468248 -0.5316657
vn 0.01480875 -0.8468248 -0.5316657
vn -0.3687302 -0.9150343 -0.1635551
vn -0.5474722 -0.8151165 -0.1893657
vn -0.6259837 -0.7616914 -0.1672443
vn 0.386227 -0.8808702 -0.2736719
vn 0.4383839 -0.8976046 0.04610322
vn 0.5168055 -0.8561015 0.001534482
vn 0.386227 -0.8808702 -0.2736719
vn 0.6600847 -0.7487443 -0.06058175
vn 0.4383839 -0.8976046 0.04610322
vn 0.4383839 -0.8976046 0.04610322
vn -0.02812991 -0.9898586 0.1392436
vn 0.1093813 -0.9830073 0.1474197
vn 0.7476203 -0.6505672 0.1335144
vn 0.7658845 -0.6273701 0.1408115
vn 0.7658845 -0.6273701 0.1408115
vn 0.7476203 -0.6505672 0.1335144
vn 0.4383839 -0.8976046 0.04610322
vn 0.6600847 -0.7487443 -0.06058175
vn 0.4201128 -0.3451849 0.8392572
vn 0.4201128 -0.3451849 0.8392572
vn 0.4201128 -0.3451849 0.8392572
vn -0.2306966 -0.6398167 0.7330851
vn -0.1600156 -0.695559 0.7004232
vn -0.2306966 -0.6398167 0.7330851
vn -0.2306966 -0.6398167 0.7330851
vn -0.2306966 -0.6398167 0.7330851
vn -0.2992621 -0.5782073 0.7590247
vn -0.08195686 -0.9962585 -0.02742164
vn -0.1008657 -0.9940751 -0.04050669
vn -0.100225 -0.9947588 -0.02024166
vn -0.1059997 -0.9927976 0.0558291
vn -0.1008657 -0.9940751 -0.04050669
vn -0.08195686 -0.9962585 -0.02742164
vn -0.08195686 -0.9962585 -0.02742164
vn -0.100225 -0.9947588 -0.02024166
vn -0.1167511 -0.9931369 -0.006943648
vn 0.3418484 0.2189483 -0.9138935
vn 0.3313359 0.3043654 -0.8930724
vn 0.3294876 0.3033806 -0.8940907
vn 0.3418484 0.2189483 -0.9138935
vn 0.3294876 0.3033806 -0.8940907
vn 0.3276374 0.3023942 -0.8951042
vn 0.9706228 0.1420255 -0.1942169
vn 0.9706228 0.1420255 -0.1942169
vn 0.9706228 0.1420255 -0.1942169
vn -0.100225 -0.9947588 -0.02024166
vn -0.1673078 -0.9857013 -0.02002276
vn -0.1167511 -0.9931369 -0.006943648
vn 0.5421662 0.1526116 -0.8262963
vn 0.6169265 -0.004624 -0.7870072
vn 0.5790046 0.1338599 -0.8042607
vn 0.5082172 0.1912375 -0.8397282
vn 0.5421662 0.1526116 -0.8262963
vn 0.5790046 0.1338599 -0.8042607
vn 0.3418484 0.2189483 -0.9138935
vn 0.5421662 0.1526116 -0.8262963
vn -0.1417178 0.04289881 -0.9889771
vn 0.5082172 0.1912375 -0.8397282
vn 0.5790046 0.1338599 -0.8042607
vn 0.4745905 -0.007599322 -0.8801739
vn 0.9832314 -0.118404 0.1386957
vn 0.9993643 0.01723249 -0.03120772
vn 0.9675487 -0.2525799 0.007267075
vn 0.9832314 -0.118404 0.1386957
vn 0.9675487 -0.2525799 0.007267075
vn 0.9634726 -0.2044266 0.1730038
vn 0.9890646 -0.1424395 0.03824098
vn 0.9872663 -0.1584878 0.01367421
vn 0.9819354 -0.140577 0.1266529
vn 0.9890646 -0.1424395 0.03824098
vn 0.9819354 -0.140577 0.1266529
vn 0.9634726 -0.2044266 0.1730038
vn -0.3289281 0.07031763 -0.9417334
vn -0.4028682 0.2002282 -0.8930879
vn -0.1417178 0.04289881 -0.9889771
vn -0.3289281 0.07031763 -0.9417334
vn -0.1417178 0.04289881 -0.9889771
vn -0.2500298 -0.05676043 -0.966573
vn -0.3479338 0.05319688 -0.9360087
vn -0.2500298 -0.05676043 -0.966573
vn -0.1417178 0.04289881 -0.9889771
vn 0.01620833 -0.9877318 0.1553172
vn 0.05856288 -0.9936919 0.09563892
vn -0.001957843 -0.9954737 0.09501755
vn 0.01620833 -0.9877318 0.1553172
vn -0.001957843 -0.9954737 0.09501755
vn -0.1044084 -0.9939743 0.03337673
vn -0.4704235 0.229201 -0.8521553
vn -0.5277613 0.2871862 -0.7993699
vn -0.5277613 0.2871862 -0.7993699
vn -0.4704235 0.229201 -0.8521553
vn -0.4028682 0.2002282 -0.8930879
vn -0.4086466 0.169053 -0.8968997
vn -0.9295275 -0.3443525 0.1319088
vn -0.9398913 -0.3305288 0.08576158
vn -0.9122418 -0.4070026 0.04651814
vn -0.9295275 -0.3443525 0.1319088
vn -0.9105465 -0.4127829 -0.02270057
vn -0.9398913 -0.3305288 0.08576158
vn -0.100225 -0.9947588 -0.02024166
vn -0.1044084 -0.9939743 0.03337673
vn -0.1673078 -0.9857013 -0.02002276
vn -0.9021514 -0.3693929 0.2228716
vn -0.9021514 -0.3693929 0.2228716
vn -0.9295275 -0.3443525 0.1319088
vn -0.1059997 -0.9927976 0.0558291
vn -0.03054387 -0.9878865 0.1521422
vn 0.1093813 -0.9830073 0.1474197
vn 0.9832314 -0.118404 0.1386957
vn 0.9904253 0.001580549 -0.1380404
vn 0.9993643 0.01723249 -0.03120772
vn 0.5082172 0.1912375 -0.8397282
vn 0.4793911 0.1243738 -0.8687436
vn 0.4398007 0.110677 -0.8912496
vn 0.5082172 0.1912375 -0.8397282
vn 0.4398007 0.110677 -0.8912496
vn 0.4331409 0.1385836 -0.8906085
vn 0.402642 0.03851838 -0.9145467
vn 0.4331409 0.1385836 -0.8906085
vn 0.4398007 0.110677 -0.8912496
vn 0.402642 0.03851838 -0.9145467
vn 0.4398007 0.110677 -0.8912496
vn 0.4118754 0.02375428 -0.9109305
vn 0.9202502 0.04626456 -0.3885863
vn 0.9696927 0.04434979 -0.2402691
vn 0.9661658 -0.07117087 -0.247908
vn 0.9832314 -0.118404 0.1386957
vn 0.9661658 -0.07117087 -0.247908
vn 0.9904253 0.001580549 -0.1380404
vn 0.9202502 0.04626456 -0.3885863
vn 0.8875649 -0.004155852 -0.4606639
vn 0.8875649 -0.004155852 -0.4606639
vn 0.402642 0.03851838 -0.9145467
vn 0.4118754 0.02375428 -0.9109305
vn 0.5510631 0.03650958 -0.8336645
vn 0.5510631 0.03650958 -0.8336645
vn 0.9202502 0.04626456 -0.3885863
vn 0.8266178 -0.0528563 -0.5602759
vn 0.402642 0.03851838 -0.9145467
vn 0.5510631 0.03650958 -0.8336645
vn 0.3654749 0.06197917 -0.9287555
vn -0.3807307 0.07844862 0.9213522
vn 0.07146256 0.05274012 0.996048
vn -0.06689656 -0.03014096 0.9973046
vn -0.3807307 0.07844862 0.9213522
vn -0.06689656 -0.03014096 0.9973046
vn -0.5083757 0.07840178 0.8575589
vn -0.5083757 0.07840178 0.8575589
vn -0.8046408 0.1586095 0.5721855
vn -0.3807307 0.07844862 0.9213522
vn -0.5083757 0.07840178 0.8575589
vn -0.9103242 0.2080102 0.3578289
vn -0.8046408 0.1586095 0.5721855
vn -0.9103242 0.2080102 0.3578289
vn -0.9737059 0.1678643 0.154008
vn -0.8046408 0.1586095 0.5721855
vn -0.9103242 0.2080102 0.3578289
vn -0.9757568 0.204159 -0.07885262
vn -0.9737059 0.1678643 0.154008
vn -0.7596925 0.2753141 -0.589126
vn -0.7297522 0.3221925 -0.6030371
vn -0.7070844 0.1617771 -0.6883748
vn -0.7596925 0.2753141 -0.589126
vn -0.7696871 0.2638006 -0.58137
vn -0.7297522 0.3221925 -0.6030371
vn -0.5675021 0.3436356 -0.7482352
vn -0.7297522 0.3221925 -0.6030371
vn -0.7696871 0.2638006 -0.58137
vn -0.5675021 0.3436356 -0.7482352
vn -0.3736039 0.3910177 -0.8411453
vn -0.7297522 0.3221925 -0.6030371
vn -0.3736039 0.3910177 -0.8411453
vn -0.5675021 0.3436356 -0.7482352
vn -0.05045564 0.3217631 -0.9454749
vn -0.3736039 0.3910177 -0.8411453
vn -0.05045564 0.3217631 -0.9454749
vn 0.05274016 0.3643719 -0.9297589
vn -0.06689656 -0.03014096 0.9973046
vn -0.3427475 -0.09256821 0.9348558
vn -0.5083757 0.07840178 0.8575589
vn -0.06689656 -0.03014096 0.9973046
vn 0.03206852 -0.1353783 0.9902749
vn -0.3427475 -0.09256821 0.9348558
vn -0.5929267 0.05284267 0.8035207
vn -0.9103242 0.2080102 0.3578289
vn -0.5083757 0.07840178 0.8575589
vn -0.5929267 0.05284267 0.8035207
vn -0.5083757 0.07840178 0.8575589
vn -0.3427475 -0.09256821 0.9348558
vn -0.9747315 0.1885308 0.1198108
vn -0.9757568 0.204159 -0.07885262
vn -0.9103242 0.2080102 0.3578289
vn -0.9747315 0.1885308 0.1198108
vn -0.9103242 0.2080102 0.3578289
vn -0.9543642 0.2816122 0.09941562
vn -0.7696871 0.2638006 -0.58137
vn -0.9757568 0.204159 -0.07885262
vn -0.7989523 0.1240812 -0.5884548
vn -0.7696871 0.2638006 -0.58137
vn -0.7989523 0.1240812 -0.5884548
vn -0.7768572 0.1083595 -0.6202832
vn -0.5675021 0.3436356 -0.7482352
vn -0.7696871 0.2638006 -0.58137
vn -0.7768572 0.1083595 -0.6202832
vn -0.5675021 0.3436356 -0.7482352
vn -0.7768572 0.1083595 -0.6202832
vn -0.7745435 0.03465558 -0.6315705
vn -0.05045564 0.3217631 -0.9454749
vn -0.5675021 0.3436356 -0.7482352
vn -0.1631638 0.3539468 -0.9209231
vn -0.7452422 -0.01029962 -0.6667143
vn -0.7745435 0.03465558 -0.6315705
vn -0.7768572 0.1083595 -0.6202832
vn -0.7989523 0.1240812 -0.5884548
vn -0.7452422 -0.01029962 -0.6667143
vn -0.7768572 0.1083595 -0.6202832
vn -0.7452422 -0.01029962 -0.6667143
vn -0.4948932 -0.1908203 -0.8477431
vn -0.7745435 0.03465558 -0.6315705
vn 0.03792047 0.1135647 -0.9928067
vn -0.06868959 0.1044459 -0.9921556
vn -0.06026173 -0.02522538 -0.9978638
vn -0.05045564 0.3217631 -0.9454749
vn -0.06868959 0.1044459 -0.9921556
vn 0.03792047 0.1135647 -0.9928067
vn 0.03792047 0.1135647 -0.9928067
vn -0.06026173 -0.02522538 -0.9978638
vn 0.0297565 -0.1536085 -0.9876836
vn -0.5899365 0.00705748 -0.8074188
vn -0.4948932 -0.1908203 -0.8477431
vn -0.7452422 -0.01029962 -0.6667143
vn -0.5899365 0.00705748 -0.8074188
vn -0.1679013 -0.3764711 -0.9110864
vn -0.4948932 -0.1908203 -0.8477431
vn 0.0297565 -0.1536085 -0.9876836
vn -0.4948932 -0.1908203 -0.8477431
vn -0.1679013 -0.3764711 -0.9110864
vn 0.0297565 -0.1536085 -0.9876836
vn -0.1679013 -0.3764711 -0.9110864
vn 0.01176567 -0.5438716 -0.839086
vn 0.01176567 -0.5438716 -0.839086
vn -0.1679013 -0.3764711 -0.9110864
vn 0.09325535 -0.8034738 -0.5879909
vn 0.01176567 -0.5438716 -0.839086
vn 0.09325535 -0.8034738 -0.5879909
vn 0.01797937 -0.832723 -0.5533979
vn 0.01797937 -0.832723 -0.5533979
vn 0.09325535 -0.8034738 -0.5879909
vn 0.2560278 -0.8893086 -0.3789194
vn 0.01797937 -0.832723 -0.5533979
vn 0.2560278 -0.8893086 -0.3789194
vn 0.453864 -0.8545569 -0.2524678
vn 0.453864 -0.8545569 -0.2524678
vn 0.2560278 -0.8893086 -0.3789194
vn 0.5557846 -0.83132 -0.003244408
vn 0.453864 -0.8545569 -0.2524678
vn 0.5557846 -0.83132 -0.003244408
vn 0.449955 -0.8926296 0.02744263
vn 0.813105 -0.1200741 -0.5695984
vn 0.8171858 -0.1070933 -0.5663378
vn 0.8968033 -0.1168406 -0.4267226
vn 0.8968033 -0.1168406 -0.4267226
vn 0.8171858 -0.1070933 -0.5663378
vn 0.9939764 -0.08349042 -0.07099575
vn 0.8968033 -0.1168406 -0.4267226
vn 0.9939764 -0.08349042 -0.07099575
vn 0.9984146 -0.05585828 0.006944213
vn 0.80693 -0.05304926 -0.5882599
vn 0.9939764 -0.08349042 -0.07099575
vn 0.8171858 -0.1070933 -0.5663378
vn 0.80693 -0.05304926 -0.5882599
vn 0.8171858 -0.1070933 -0.5663378
vn 0.7107431 -0.102639 -0.6959234
vn 0.7006989 -0.0961919 -0.7069429
vn 0.6624888 -0.05384635 -0.747134
vn 0.7107431 -0.102639 -0.6959234
vn 0.7006989 -0.0961919 -0.7069429
vn 0.7107431 -0.102639 -0.6959234
vn 0.8171858 -0.1070933 -0.5663378
vn 0.7664831 -0.06977706 -0.6384629
vn 0.80693 -0.05304926 -0.5882599
vn 0.7617868 -0.06921444 -0.6441198
vn 0.449955 -0.8926296 0.02744263
vn 0.5557846 -0.83132 -0.003244408
vn 0.47642 -0.8629562 0.1683168
vn 0.449955 -0.8926296 0.02744263
vn 0.47642 -0.8629562 0.1683168
vn -0.02401165 -0.9879766 0.1527272
vn 0.8374556 -0.5049018 0.2091473
vn 0.47642 -0.8629562 0.1683168
vn 0.5557846 -0.83132 -0.003244408
vn 0.8374556 -0.5049018 0.2091473
vn 0.9717581 -0.1154952 0.205784
vn 0.9728304 -0.09843859 0.2095491
vn 0.4900774 -0.09825704 0.8661234
vn 0.4808926 -0.1350985 0.8663086
vn 0.4866014 -0.1083465 0.8668795
vn 0.4900774 -0.09825704 0.8661234
vn 0.4866014 -0.1083465 0.8668795
vn 0.5061177 -0.05824468 0.8604955
vn -0.182399 -0.152006 0.9714035
vn -0.1946021 0.0811293 0.9775214
vn -0.3586343 0.03169293 0.9329399
vn 0.5597591 -0.7877721 0.2570696
vn 0.47642 -0.8629562 0.1683168
vn 0.8374556 -0.5049018 0.2091473
vn -0.2897203 -0.6148099 0.7335332
vn -0.2533467 -0.5491619 0.7963898
vn -0.2897203 -0.6148099 0.7335332
vn 0.5597591 -0.7877721 0.2570696
vn -0.02401165 -0.9879766 0.1527272
vn 0.47642 -0.8629562 0.1683168
vn -0.182399 -0.152006 0.9714035
vn -0.1700498 -0.3208145 0.9317517
vn -0.2533467 -0.5491619 0.7963898
vn -0.1700498 -0.3208145 0.9317517
vn 0.007458998 -0.4370711 0.899396
vn -0.2533467 -0.5491619 0.7963898
vn -0.06057613 -0.9887243 0.1369485
vn -0.06057613 -0.9887243 0.1369485
vn -0.02401165 -0.9879766 0.1527272
vn -0.1700498 -0.3208145 0.9317517
vn 0.09755012 -0.2619376 0.960142
vn 0.007458998 -0.4370711 0.899396
vn 0.03206852 -0.1353783 0.9902749
vn 0.09755012 -0.2619376 0.960142
vn -0.1700498 -0.3208145 0.9317517
vn 0.03206852 -0.1353783 0.9902749
vn -0.1700498 -0.3208145 0.9317517
vn -0.3427475 -0.09256821 0.9348558
vn -0.1946021 0.0811293 0.9775214
vn -0.4135956 -0.0794205 0.9069901
vn -0.3586343 0.03169293 0.9329399
vn -0.1946021 0.0811293 0.9775214
vn 0.2887498 -0.1497228 0.9456251
vn -0.4135956 -0.0794205 0.9069901
vn 0.4808926 -0.1350985 0.8663086
vn 0.2887498 -0.1497228 0.9456251
vn 0.4866014 -0.1083465 0.8668795
vn -0.4135956 -0.0794205 0.9069901
vn 0.2887498 -0.1497228 0.9456251
vn 0.190692 -0.239674 0.9519417
vn 0.2887498 -0.1497228 0.9456251
vn 0.4717737 -0.2000372 0.8587286
vn 0.190692 -0.239674 0.9519417
vn 0.2887498 -0.1497228 0.9456251
vn 0.4912358 -0.1517554 0.8577049
vn 0.4717737 -0.2000372 0.8587286
vn 0.4808926 -0.1350985 0.8663086
vn 0.4912358 -0.1517554 0.8577049
vn 0.2887498 -0.1497228 0.9456251
vn -0.4135956 -0.0794205 0.9069901
vn 0.190692 -0.239674 0.9519417
vn -0.3345373 -0.2151828 0.9174863
vn -0.3345373 -0.2151828 0.9174863
vn 0.190692 -0.239674 0.9519417
vn 0.1497 -0.1896229 0.9703778
vn -0.3345373 -0.2151828 0.9174863
vn 0.1497 -0.1896229 0.9703778
vn -0.08259916 -0.1610552 0.9834829
vn 0.9643892 -0.1056647 0.2424633
vn 0.9641204 -0.1128438 0.2402878
vn 0.963295 -0.09896773 0.2495359
vn 0.9643892 -0.1056647 0.2424633
vn 0.9615065 -0.1472129 0.2320208
vn 0.9641204 -0.1128438 0.2402878
vn 0.9939764 -0.08349042 -0.07099575
vn 0.9643892 -0.1056647 0.2424633
vn 0.963295 -0.09896773 0.2495359
vn 0.9939764 -0.08349042 -0.07099575
vn 0.9657757 -0.1176118 0.2311812
vn 0.9657757 -0.1176118 0.2311812
vn 0.9939764 -0.08349042 -0.07099575
vn 0.9728304 -0.09843859 0.2095491
vn 0.9984146 -0.05585828 0.006944213
vn -0.7466137 -0.1291835 0.6525944
vn -0.9077464 -0.1077738 0.4054396
vn -0.728295 -0.06052871 0.6825852
vn -0.7466137 -0.1291835 0.6525944
vn -0.9120595 -0.06489438 0.4048903
vn -0.9077464 -0.1077738 0.4054396
vn -0.7743999 -0.04870159 0.6308193
vn -0.9120595 -0.06489438 0.4048903
vn -0.775379 -0.04137867 0.6301391
vn -0.003285612 0.9902229 0.1394551
vn 0.0006645049 0.9929492 0.1185394
vn 0.01530064 0.9931644 0.1157167
vn 0.01681 0.9930318 0.1166417
vn -0.003285612 0.9902229 0.1394551
vn 0.01681 0.9930318 0.1166417
vn 0.01082885 0.9946696 0.1025438
vn -0.003285612 0.9902229 0.1394551
vn 0.01082885 0.9946696 0.1025438
vn -0.02694978 0.9773977 0.2096839
vn -0.02694978 0.9773977 0.2096839
vn -0.003285612 0.9902229 0.1394551
vn -0.003285612 0.9902229 0.1394551
vn 0.01649514 0.9885968 0.1496807
vn 0.01649514 0.9885968 0.1496807
vn 0.003142101 0.987352 0.1585124
vn -0.003285612 0.9902229 0.1394551
vn 0.003142101 0.987352 0.1585124
vn 0.3362205 -0.06172333 0.9397585
vn 0.1272186 -0.2982356 0.9459762
vn 0.09755012 -0.2619376 0.960142
vn 0.3362205 -0.06172333 0.9397585
vn 0.09755012 -0.2619376 0.960142
vn 0.03206852 -0.1353783 0.9902749
vn 0.03206852 -0.1353783 0.9902749
vn 0.3734315 0.002974901 0.927653
vn 0.3362205 -0.06172333 0.9397585
vn 0.03206852 -0.1353783 0.9902749
vn -0.06689656 -0.03014096 0.9973046
vn 0.3734315 0.002974901 0.927653
vn 0.3734315 0.002974901 0.927653
vn -0.06689656 -0.03014096 0.9973046
vn 0.07146256 0.05274012 0.996048
vn 0.3734315 0.002974901 0.927653
vn 0.07146256 0.05274012 0.996048
vn 0.5328181 0.1165353 0.8381673
vn 0.5328181 0.1165353 0.8381673
vn 0.6726967 0.08314311 0.7352322
vn 0.3734315 0.002974901 0.927653
vn 0.6726967 0.08314311 0.7352322
vn 0.3362205 -0.06172333 0.9397585
vn 0.3734315 0.002974901 0.927653
vn 0.5328181 0.1165353 0.8381673
vn 0.6664786 0.1491566 0.730451
vn 0.6726967 0.08314311 0.7352322
vn 0.9784636 0.1677431 0.1202958
vn 0.970457 0.229079 -0.07573666
vn 0.9674655 0.225918 0.1138926
vn 0.9784636 0.1677431 0.1202958
vn 0.9741478 0.1638248 -0.1555551
vn 0.970457 0.229079 -0.07573666
vn 0.970457 0.229079 -0.07573666
vn 0.9741478 0.1638248 -0.1555551
vn 0.8104986 0.3294022 -0.484341
vn 0.970457 0.229079 -0.07573666
vn 0.8104986 0.3294022 -0.484341
vn 0.8572668 0.2600119 -0.4443954
vn 0.5162349 0.3168949 -0.7956627
vn 0.8572668 0.2600119 -0.4443954
vn 0.8104986 0.3294022 -0.484341
vn 0.5162349 0.3168949 -0.7956627
vn 0.8104986 0.3294022 -0.484341
vn 0.4709826 0.4240734 -0.7735226
vn 0.05274016 0.3643719 -0.9297589
vn 0.5162349 0.3168949 -0.7956627
vn 0.4709826 0.4240734 -0.7735226
vn 0.05274016 0.3643719 -0.9297589
vn -0.05045564 0.3217631 -0.9454749
vn 0.5162349 0.3168949 -0.7956627
vn 0.970457 0.229079 -0.07573666
vn 0.9799154 0.1802862 0.08522178
vn 0.9674655 0.225918 0.1138926
vn 0.5366538 0.1678961 0.8269302
vn 0.5366538 0.1678961 0.8269302
vn 0.3362205 -0.06172333 0.9397585
vn 0.970457 0.229079 -0.07573666
vn 0.977078 0.1117752 -0.181176
vn 0.9799154 0.1802862 0.08522178
vn 0.8572668 0.2600119 -0.4443954
vn 0.977078 0.1117752 -0.181176
vn 0.970457 0.229079 -0.07573666
vn 0.9948516 0.07875037 0.063785
vn 0.9799154 0.1802862 0.08522178
vn 0.977078 0.1117752 -0.181176
vn 0.9948516 0.07875037 0.063785
vn 0.977078 0.1117752 -0.181176
vn 0.9702643 0.05860471 -0.2348461
vn 0.8572668 0.2600119 -0.4443954
vn 0.8342136 0.1076793 -0.5408261
vn 0.977078 0.1117752 -0.181176
vn 0.5162349 0.3168949 -0.7956627
vn 0.8342136 0.1076793 -0.5408261
vn 0.8572668 0.2600119 -0.4443954
vn 0.5162349 0.3168949 -0.7956627
vn 0.4655606 0.07074736 -0.8821837
vn 0.8342136 0.1076793 -0.5408261
vn 0.4655606 0.07074736 -0.8821837
vn 0.8310064 0.01235489 -0.5561256
vn 0.8342136 0.1076793 -0.5408261
vn 0.977078 0.1117752 -0.181176
vn 0.8342136 0.1076793 -0.5408261
vn 0.8310064 0.01235489 -0.5561256
vn 0.977078 0.1117752 -0.181176
vn 0.8310064 0.01235489 -0.5561256
vn 0.9702643 0.05860471 -0.2348461
vn 0.9702643 0.05860471 -0.2348461
vn 0.8310064 0.01235489 -0.5561256
vn 0.7688151 -0.01219554 -0.6393548
vn 0.9702643 0.05860471 -0.2348461
vn 0.7688151 -0.01219554 -0.6393548
vn 0.9918194 0.05361503 -0.1158443
vn 0.9918194 0.05361503 -0.1158443
vn 0.9948516 0.07875037 0.063785
vn 0.9702643 0.05860471 -0.2348461
vn 0.7688151 -0.01219554 -0.6393548
vn 0.9678241 0.03265027 -0.2495006
vn 0.9918194 0.05361503 -0.1158443
vn 0.9918194 0.05361503 -0.1158443
vn 0.9678241 0.03265027 -0.2495006
vn 0.9996228 0.02188594 0.01659634
vn 0.9918194 0.05361503 -0.1158443
vn 0.9996228 0.02188594 0.01659634
vn 0.8511847 0.04783519 0.522682
vn 0.9918194 0.05361503 -0.1158443
vn 0.8511847 0.04783519 0.522682
vn 0.9948516 0.07875037 0.063785
vn 0.7688151 -0.01219554 -0.6393548
vn 0.6283071 0.02493668 -0.7775657
vn 0.9678241 0.03265027 -0.2495006
vn 0.3188258 -0.1471297 -0.9363242
vn 0.6283071 0.02493668 -0.7775657
vn 0.7688151 -0.01219554 -0.6393548
vn 0.3188258 -0.1471297 -0.9363242
vn 0.3503882 -0.06996214 -0.9339879
vn 0.6283071 0.02493668 -0.7775657
vn -0.8237814 -0.1140883 -0.555309
vn -0.7336317 -0.07487562 -0.6754096
vn -0.6691615 -0.1056733 -0.7355652
vn -0.8237814 -0.1140883 -0.555309
vn -0.6691615 -0.1056733 -0.7355652
vn -0.7253683 -0.1429642 -0.6733514
vn -0.09350488 -0.7791139 -0.6198696
vn 0.01797937 -0.832723 -0.5533979
vn -0.1362868 -0.8486409 -0.5111112
vn -0.09350488 -0.7791139 -0.6198696
vn 0.01176567 -0.5438716 -0.839086
vn 0.01797937 -0.832723 -0.5533979
vn 0.4655606 0.07074736 -0.8821837
vn 0.346698 -0.1508052 -0.9257745
vn 0.8310064 0.01235489 -0.5561256
vn 0.346698 -0.1508052 -0.9257745
vn 0.3188258 -0.1471297 -0.9363242
vn 0.7688151 -0.01219554 -0.6393548
vn 0.346698 -0.1508052 -0.9257745
vn 0.7688151 -0.01219554 -0.6393548
vn 0.8310064 0.01235489 -0.5561256
vn 0.346698 -0.1508052 -0.9257745
vn 0.01176567 -0.5438716 -0.839086
vn 0.3188258 -0.1471297 -0.9363242
vn -0.8237814 -0.1140883 -0.555309
vn -0.8031163 -0.05907073 -0.5928868
vn -0.7336317 -0.07487562 -0.6754096
vn -0.8237814 -0.1140883 -0.555309
vn -0.9980618 -0.05434373 -0.03032172
vn -0.8031163 -0.05907073 -0.5928868
vn -0.8237814 -0.1140883 -0.555309
vn -0.9657547 -0.2331539 -0.1138293
vn -0.9980618 -0.05434373 -0.03032172
vn -0.8237814 -0.1140883 -0.555309
vn -0.7707718 -0.4691113 -0.4310979
vn -0.9657547 -0.2331539 -0.1138293
vn -0.7253683 -0.1429642 -0.6733514
vn -0.7707718 -0.4691113 -0.4310979
vn -0.8237814 -0.1140883 -0.555309
vn -0.7775024 -0.06237609 -0.625779
vn -0.7336317 -0.07487562 -0.6754096
vn -0.8031163 -0.05907073 -0.5928868
vn -0.7775024 -0.06237609 -0.625779
vn -0.8031163 -0.05907073 -0.5928868
vn -0.7849695 -0.07022829 -0.6155412
vn -0.785536 -0.01761916 -0.6185651
vn -0.7775024 -0.06237609 -0.625779
vn -0.7849695 -0.07022829 -0.6155412
vn -0.785536 -0.01761916 -0.6185651
vn -0.6979184 0.02667218 -0.7156805
vn -0.7775024 -0.06237609 -0.625779
vn -0.158542 0.02978259 -0.986903
vn -0.1298654 -0.0103405 -0.9914777
vn -0.07346956 -0.06946307 -0.9948754
vn -0.1298654 -0.0103405 -0.9914777
vn 0.1496335 -0.01433298 -0.9886376
vn -0.07346956 -0.06946307 -0.9948754
vn -0.158542 0.02978259 -0.986903
vn -0.2575406 0.2253574 -0.9396206
vn -0.1298654 -0.0103405 -0.9914777
vn 0.6395473 0.07151027 -0.7654186
vn 0.6999527 0.06922141 -0.7108267
vn 0.7098034 0.1346994 -0.6914009
vn 0.6395473 0.07151027 -0.7654186
vn 0.7098034 0.1346994 -0.6914009
vn 0.7258846 0.1033593 -0.6800063
vn 0.9742924 0.04138984 -0.2214526
vn 0.9973078 0.003225188 0.07325851
vn 0.9375745 -0.0733622 0.339959
vn 0.9742924 0.04138984 -0.2214526
vn 0.9375745 -0.0733622 0.339959
vn 0.9354802 -0.0580877 0.3485721
vn -0.7729772 -0.02162151 -0.6340653
vn -0.6979184 0.02667218 -0.7156805
vn -0.785536 -0.01761916 -0.6185651
vn -0.764907 -0.08533837 -0.6384627
vn -0.6979184 0.02667218 -0.7156805
vn -0.7729772 -0.02162151 -0.6340653
vn -0.764907 -0.08533837 -0.6384627
vn -0.5578865 0.05002559 -0.8284081
vn -0.6979184 0.02667218 -0.7156805
vn -0.5578865 0.05002559 -0.8284081
vn -0.2575406 0.2253574 -0.9396206
vn -0.6979184 0.02667218 -0.7156805
vn -0.8221794 -0.02004648 -0.5688754
vn -0.5578865 0.05002559 -0.8284081
vn -0.764907 -0.08533837 -0.6384627
vn -0.8221794 -0.02004648 -0.5688754
vn -0.5420332 0.0478252 -0.8389951
vn -0.5578865 0.05002559 -0.8284081
vn 0.9375745 -0.0733622 0.339959
vn 0.9973078 0.003225188 0.07325851
vn 0.9976135 -0.00227652 0.06900749
vn 0.9375745 -0.0733622 0.339959
vn 0.9976135 -0.00227652 0.06900749
vn 0.9364729 -0.041851 0.3482341
vn -0.5578865 0.05002559 -0.8284081
vn -0.3084371 0.1383832 -0.9411252
vn -0.2575406 0.2253574 -0.9396206
vn -0.5420332 0.0478252 -0.8389951
vn -0.3084371 0.1383832 -0.9411252
vn -0.5578865 0.05002559 -0.8284081
vn 0.7132754 0.1896645 -0.6747337
vn 0.7274177 0.1341052 -0.6729631
vn 0.7271618 0.1485017 -0.6702112
vn 0.7132754 0.1896645 -0.6747337
vn 0.7098034 0.1346994 -0.6914009
vn 0.6980284 0.2304654 -0.6779691
vn 0.9364729 -0.041851 0.3482341
vn 0.9976135 -0.00227652 0.06900749
vn 0.9966593 0.05589904 0.05954383
vn 0.9364729 -0.041851 0.3482341
vn 0.9966593 0.05589904 0.05954383
vn 0.9953853 0.08205973 0.04974243
vn -0.5420332 0.0478252 -0.8389951
vn -0.3630874 0.1331769 -0.9221884
vn -0.3084371 0.1383832 -0.9411252
vn 0.7175286 0.1123825 -0.687403
vn 0.7124457 0.1087145 -0.6932549
vn 0.7123991 0.1691694 -0.6810796
vn 0.7175286 0.1123825 -0.687403
vn 0.7274177 0.1341052 -0.6729631
vn 0.7275174 0.1196798 -0.6755704
vn 0.9953853 0.08205973 0.04974243
vn 0.9966593 0.05589904 0.05954383
vn 0.9985067 0.04534155 0.03047323
vn 0.9953853 0.08205973 0.04974243
vn 0.9985067 0.04534155 0.03047323
vn 0.9979786 0.05310147 0.03491259
vn 0.9985067 0.04534155 0.03047323
vn 0.9963613 0.07930101 -0.03123387
vn 0.9979786 0.05310147 0.03491259
vn 0.4947651 -0.09640748 0.8636626
vn 0.6709003 -0.01887576 0.7413073
vn 0.6661941 0.1237762 0.7354351
vn 0.743409 -0.04538562 0.6672956
vn 0.6709003 -0.01887576 0.7413073
vn 0.4947651 -0.09640748 0.8636626
vn 0.4947651 -0.09640748 0.8636626
vn 0.6661941 0.1237762 0.7354351
vn 0.5173566 0.1858685 0.8353412
vn 0.9985067 0.04534155 0.03047323
vn 0.9999418 -0.01075831 -0.0008917058
vn 0.9963613 0.07930101 -0.03123387
vn 0.6600388 0.08935621 -0.7458982
vn 0.6503266 0.1164726 -0.7506727
vn 0.6507428 0.1489428 -0.7445467
vn 0.6600388 0.08935621 -0.7458982
vn 0.7124457 0.1087145 -0.6932549
vn 0.7175286 0.1123825 -0.687403
vn 0.6600388 0.08935621 -0.7458982
vn 0.6339748 0.07602871 -0.7696074
vn 0.6503266 0.1164726 -0.7506727
vn -0.4034131 0.0817474 -0.9113591
vn -0.3630874 0.1331769 -0.9221884
vn -0.5420332 0.0478252 -0.8389951
vn 0.5173566 0.1858685 0.8353412
vn 0.6661941 0.1237762 0.7354351
vn 0.6081774 0.3865528 0.6933234
vn 0.6600388 0.08935621 -0.7458982
vn 0.6441769 0.1070188 -0.7573527
vn 0.6339748 0.07602871 -0.7696074
vn 0.9963613 0.07930101 -0.03123387
vn 0.9999418 -0.01075831 -0.0008917058
vn 0.9879531 0.1212499 -0.09616198
vn 0.6441769 0.1070188 -0.7573527
vn 0.6526854 0.1223895 -0.7476782
vn 0.6339748 0.07602871 -0.7696074
vn 0.9963613 0.07930101 -0.03123387
vn 0.9879531 0.1212499 -0.09616198
vn 0.946448 0.24772 0.2070527
vn 0.7067826 0.3946122 0.5871453
vn 0.946448 0.24772 0.2070527
vn 0.6081774 0.3865528 0.6933234
vn 0.946448 0.24772 0.2070527
vn 0.6859892 0.3143002 0.6562272
vn 0.6081774 0.3865528 0.6933234
vn 0.6081774 0.3865528 0.6933234
vn 0.6859892 0.3143002 0.6562272
vn 0.6380492 0.3081836 0.7056317
vn -0.1290588 0.3508045 0.9275128
vn -0.03283518 0.2530147 0.9669051
vn -0.1934755 0.3411069 0.9198986
vn -0.2970186 -0.2193068 0.9293463
vn -0.1290588 0.3508045 0.9275128
vn -0.1934755 0.3411069 0.9198986
vn -0.2970186 -0.2193068 0.9293463
vn -0.1934755 0.3411069 0.9198986
vn -0.2056874 0.2959554 0.9327931
vn -0.2056874 0.2959554 0.9327931
vn -0.2711437 -0.1571825 0.9496182
vn -0.2970186 -0.2193068 0.9293463
vn -0.2970186 -0.2193068 0.9293463
vn -0.2711437 -0.1571825 0.9496182
vn -0.5772929 -0.3324682 0.7457867
vn -0.2970186 -0.2193068 0.9293463
vn -0.5772929 -0.3324682 0.7457867
vn -0.3505707 -0.4931575 0.7961758
vn 0.3642032 0.1473805 0.9195842
vn 0.4947651 -0.09640748 0.8636626
vn 0.5173566 0.1858685 0.8353412
vn 0.3642032 0.1473805 0.9195842
vn 0.5173566 0.1858685 0.8353412
vn 0.6081774 0.3865528 0.6933234
vn -0.3505707 -0.4931575 0.7961758
vn -0.3178622 -0.6195061 0.7177575
vn -0.2970186 -0.2193068 0.9293463
vn -0.4747418 -0.196199 0.8579779
vn -0.3505707 -0.4931575 0.7961758
vn -0.5772929 -0.3324682 0.7457867
vn -0.4747418 -0.196199 0.8579779
vn -0.5772929 -0.3324682 0.7457867
vn -0.6464931 -0.167257 0.74436
vn -0.5820258 -0.09785515 0.807261
vn -0.4747418 -0.196199 0.8579779
vn -0.6464931 -0.167257 0.74436
vn -0.5820258 -0.09785515 0.807261
vn -0.6464931 -0.167257 0.74436
vn -0.8513526 -0.06767979 0.5202097
vn -0.5820258 -0.09785515 0.807261
vn -0.8513526 -0.06767979 0.5202097
vn -0.8246616 -0.1725561 0.5386629
vn -0.5820258 -0.09785515 0.807261
vn -0.8246616 -0.1725561 0.5386629
vn -0.6025875 -0.1922185 0.7745581
vn -0.6025875 -0.1922185 0.7745581
vn -0.8246616 -0.1725561 0.5386629
vn -0.5495619 -0.2275196 0.8038759
vn -0.6025875 -0.1922185 0.7745581
vn -0.5495619 -0.2275196 0.8038759
vn -0.2173811 -0.2044623 0.9544321
vn -0.4990766 -0.211981 0.8402302
vn -0.2173811 -0.2044623 0.9544321
vn -0.5495619 -0.2275196 0.8038759
vn -0.4990766 -0.211981 0.8402302
vn -0.1703759 -0.2189464 0.9607469
vn -0.2173811 -0.2044623 0.9544321
vn -0.1703759 -0.2189464 0.9607469
vn 0.06920273 -0.2483791 0.9661878
vn -0.2173811 -0.2044623 0.9544321
vn -0.1703759 -0.2189464 0.9607469
vn 0.07913812 -0.2170569 0.9729457
vn 0.06920273 -0.2483791 0.9661878
vn -0.2173811 -0.2044623 0.9544321
vn 0.06920273 -0.2483791 0.9661878
vn 0.1055513 -0.175346 0.9788323
vn -0.2173811 -0.2044623 0.9544321
vn 0.1055513 -0.175346 0.9788323
vn 0.128968 -0.1444368 0.9810736
vn -0.8246616 -0.1725561 0.5386629
vn -0.9491136 -0.1908587 0.250512
vn -0.9531332 -0.1941777 0.2320173
vn -0.9634638 -0.1200048 0.2394502
vn -0.9531332 -0.1941777 0.2320173
vn -0.9491136 -0.1908587 0.250512
vn -0.8246616 -0.1725561 0.5386629
vn -0.9498826 -0.1198204 0.2887322
vn -0.9491136 -0.1908587 0.250512
vn -0.8513526 -0.06767979 0.5202097
vn -0.9498826 -0.1198204 0.2887322
vn -0.8246616 -0.1725561 0.5386629
vn 0.128968 -0.1444368 0.9810736
vn 0.1055513 -0.175346 0.9788323
vn 0.1306021 -0.1749338 0.9758797
vn 0.128968 -0.1444368 0.9810736
vn 0.1306021 -0.1749338 0.9758797
vn 0.1760057 -0.1546178 0.9721704
vn -0.8513526 -0.06767979 0.5202097
vn -0.9691944 -0.1325904 0.207562
vn -0.9498826 -0.1198204 0.2887322
vn -0.9800476 -0.1225349 0.1564989
vn -0.9691944 -0.1325904 0.207562
vn -0.8513526 -0.06767979 0.5202097
vn 0.1760057 -0.1546178 0.9721704
vn 0.1306021 -0.1749338 0.9758797
vn 0.4947651 -0.09640748 0.8636626
vn 0.1760057 -0.1546178 0.9721704
vn 0.4947651 -0.09640748 0.8636626
vn 0.2576209 -0.09958745 0.9611003
vn -0.9634638 -0.1200048 0.2394502
vn -0.9646407 -0.1160839 0.2366284
vn -0.9646069 -0.1163153 0.2366522
vn 0.1110067 -0.116784 0.9869341
vn 0.07913812 -0.2170569 0.9729457
vn -0.1703759 -0.2189464 0.9607469
vn 0.1110067 -0.116784 0.9869341
vn -0.1703759 -0.2189464 0.9607469
vn -0.0920957 -0.09987231 0.990729
vn -0.4797298 -0.1548823 0.8636382
vn -0.0920957 -0.09987231 0.990729
vn -0.1703759 -0.2189464 0.9607469
vn -0.4797298 -0.1548823 0.8636382
vn -0.1703759 -0.2189464 0.9607469
vn -0.4990766 -0.211981 0.8402302
vn -0.9605149 -0.1142972 0.2536675
vn -0.9634638 -0.1200048 0.2394502
vn -0.9646069 -0.1163153 0.2366522
vn -0.9605149 -0.1142972 0.2536675
vn -0.9538051 -0.1334389 0.2691653
vn -0.9538051 -0.1334389 0.2691653
vn 0.743409 -0.04538562 0.6672956
vn 0.4947651 -0.09640748 0.8636626
vn 0.7759051 -0.0797594 0.6257873
vn 0.9364729 -0.041851 0.3482341
vn 0.743409 -0.04538562 0.6672956
vn 0.7759051 -0.0797594 0.6257873
vn 0.9364729 -0.041851 0.3482341
vn 0.7977934 -0.1340741 0.5878348
vn 0.7975959 -0.1360254 0.5876547
vn 0.9375745 -0.0733622 0.339959
vn 0.9364729 -0.041851 0.3482341
vn 0.7975959 -0.1360254 0.5876547
vn 0.9375745 -0.0733622 0.339959
vn 0.8036674 -0.1643181 0.5719426
vn 0.8036674 -0.1643181 0.5719426
vn 0.7936674 -0.1270266 0.5949422
vn 0.9375745 -0.0733622 0.339959
vn 0.8120559 -0.09622449 0.5755919
vn 0.7936674 -0.1270266 0.5949422
vn 0.9354802 -0.0580877 0.3485721
vn 0.9375745 -0.0733622 0.339959
vn 0.7218791 -0.02237843 0.6916573
vn 0.9354802 -0.0580877 0.3485721
vn 0.7813548 -0.0859837 0.6181355
vn 0.7218791 -0.02237843 0.6916573
vn 0.7472346 -0.04874901 0.6627699
vn 0.9354802 -0.0580877 0.3485721
vn 0.9678241 0.03265027 -0.2495006
vn 0.9354802 -0.0580877 0.3485721
vn 0.9996228 0.02188594 0.01659634
vn 0.9678241 0.03265027 -0.2495006
vn 0.9742924 0.04138984 -0.2214526
vn 0.9354802 -0.0580877 0.3485721
vn 0.6283071 0.02493668 -0.7775657
vn 0.9742924 0.04138984 -0.2214526
vn 0.9678241 0.03265027 -0.2495006
vn 0.6283071 0.02493668 -0.7775657
vn 0.6395473 0.07151027 -0.7654186
vn 0.9742924 0.04138984 -0.2214526
vn 0.6395473 0.07151027 -0.7654186
vn 0.6283071 0.02493668 -0.7775657
vn 0.1496335 -0.01433298 -0.9886376
vn 0.8511847 0.04783519 0.522682
vn 0.7472346 -0.04874901 0.6627699
vn 0.7218791 -0.02237843 0.6916573
vn 0.8511847 0.04783519 0.522682
vn 0.7218791 -0.02237843 0.6916573
vn 0.3618383 0.02691883 0.9318521
vn 0.568474 -0.02065906 0.8224418
vn 0.8511847 0.04783519 0.522682
vn 0.3618383 0.02691883 0.9318521
vn 0.568474 -0.02065906 0.8224418
vn 0.3618383 0.02691883 0.9318521
vn 0.4096912 -0.0743843 0.9091864
vn 0.5678776 -0.02062885 0.8228545
vn 0.568474 -0.02065906 0.8224418
vn 0.4096912 -0.0743843 0.9091864
vn 0.5678776 -0.02062885 0.8228545
vn 0.4096912 -0.0743843 0.9091864
vn 0.3362205 -0.06172333 0.9397585
vn 0.3362205 -0.06172333 0.9397585
vn 0.4096912 -0.0743843 0.9091864
vn 0.2017948 -0.2306119 0.9518913
vn 0.3618383 0.02691883 0.9318521
vn 0.2017948 -0.2306119 0.9518913
vn 0.4096912 -0.0743843 0.9091864
vn 0.3362205 -0.06172333 0.9397585
vn 0.2017948 -0.2306119 0.9518913
vn 0.1272186 -0.2982356 0.9459762
vn 0.2017948 -0.2306119 0.9518913
vn 0.2122748 -0.4750029 0.8539975
vn 0.1272186 -0.2982356 0.9459762
vn 0.2122748 -0.4750029 0.8539975
vn 0.09755012 -0.2619376 0.960142
vn 0.1272186 -0.2982356 0.9459762
vn 0.2122748 -0.4750029 0.8539975
vn 0.007458998 -0.4370711 0.899396
vn 0.09755012 -0.2619376 0.960142
vn -0.02401165 -0.9879766 0.1527272
vn 0.0630035 -0.9885722 0.1369511
vn -0.1194154 -0.9736695 0.1941843
vn -0.02401165 -0.9879766 0.1527272
vn -0.1194154 -0.9736695 0.1941843
vn -0.2225701 -0.9576281 0.1827868
vn -0.5309755 -0.8418683 0.09655475
vn -0.02401165 -0.9879766 0.1527272
vn -0.2225701 -0.9576281 0.1827868
vn -0.5309755 -0.8418683 0.09655475
vn -0.7534548 -0.6457443 -0.1237745
vn -0.6639964 -0.7476392 0.0120199
vn 0.2017948 -0.2306119 0.9518913
vn 0.2640591 -0.5934936 0.7602882
vn 0.2122748 -0.4750029 0.8539975
vn -0.8428503 -0.4882794 0.2262446
vn -0.7843983 -0.5912798 0.1873701
vn -0.7843983 -0.5912798 0.1873701
vn -0.7843983 -0.5912798 0.1873701
vn -0.5309755 -0.8418683 0.09655475
vn -0.7843983 -0.5912798 0.1873701
vn 0.3618383 0.02691883 0.9318521
vn 0.2330424 0.1288995 0.963886
vn 0.2017948 -0.2306119 0.9518913
vn -0.4909188 -0.05342587 0.8695656
vn -0.4703502 -0.1015334 0.8766195
vn -0.4909188 -0.05342587 0.8695656
vn 0.3618383 0.02691883 0.9318521
vn -0.0920957 -0.09987231 0.990729
vn 0.2330424 0.1288995 0.963886
vn -0.4797298 -0.1548823 0.8636382
vn -0.4599476 -0.1437962 0.8762254
vn -0.0920957 -0.09987231 0.990729
vn -0.4797298 -0.1548823 0.8636382
vn -0.4484724 -0.1493554 0.8812296
vn -0.4599476 -0.1437962 0.8762254
vn -0.4599476 -0.1437962 0.8762254
vn -0.4484724 -0.1493554 0.8812296
vn -0.4703502 -0.1015334 0.8766195
vn -0.9736245 -0.1346984 0.1841511
vn -0.9736245 -0.1346984 0.1841511
vn -0.9657547 -0.2331539 -0.1138293
vn -0.9980618 -0.05434373 -0.03032172
vn -0.9713322 -0.1069289 0.2123205
vn -0.9637693 -0.1383625 0.2280454
vn -0.9980618 -0.05434373 -0.03032172
vn -0.9657547 -0.2331539 -0.1138293
vn -0.9713322 -0.1069289 0.2123205
vn -0.9980618 -0.05434373 -0.03032172
vn -0.9605149 -0.1142972 0.2536675
vn -0.9624806 -0.09282432 0.25498
vn 0.3618383 0.02691883 0.9318521
vn 0.1110067 -0.116784 0.9869341
vn -0.0920957 -0.09987231 0.990729
vn 0.4655606 0.07074736 -0.8821837
vn 0.03792047 0.1135647 -0.9928067
vn 0.0297565 -0.1536085 -0.9876836
vn 0.4655606 0.07074736 -0.8821837
vn 0.0297565 -0.1536085 -0.9876836
vn 0.346698 -0.1508052 -0.9257745
vn 0.1464716 0.2626527 -0.9537084
vn 0.03792047 0.1135647 -0.9928067
vn 0.4655606 0.07074736 -0.8821837
vn 0.5162349 0.3168949 -0.7956627
vn -0.05045564 0.3217631 -0.9454749
vn 0.03792047 0.1135647 -0.9928067
vn 0.346698 -0.1508052 -0.9257745
vn 0.0297565 -0.1536085 -0.9876836
vn 0.01176567 -0.5438716 -0.839086
vn -0.9800476 -0.1225349 0.1564989
vn -0.9929299 -0.117272 -0.01837365
vn -0.9691944 -0.1325904 0.207562
vn -0.9800476 -0.1225349 0.1564989
vn -0.9715696 -0.1857784 0.1467613
vn -0.9929299 -0.117272 -0.01837365
vn -0.6464931 -0.167257 0.74436
vn -0.5772929 -0.3324682 0.7457867
vn -0.9715696 -0.1857784 0.1467613
vn -0.8930251 -0.1174061 0.4344214
vn -0.9715696 -0.1857784 0.1467613
vn -0.5772929 -0.3324682 0.7457867
vn -0.8930251 -0.1174061 0.4344214
vn -0.9831665 -0.119449 0.1382596
vn -0.9715696 -0.1857784 0.1467613
vn -0.9322975 -0.06238238 0.356272
vn -0.9831665 -0.119449 0.1382596
vn -0.8930251 -0.1174061 0.4344214
vn -0.2056874 0.2959554 0.9327931
vn 0.02398398 0.4621266 0.8864896
vn -0.094615 0.6812878 0.7258753
vn -0.2056874 0.2959554 0.9327931
vn 0.1404749 0.2023473 0.9691865
vn 0.02398398 0.4621266 0.8864896
vn -0.7653713 0.4078008 0.497901
vn -0.6103883 0.1707911 0.7734704
vn -0.7653713 0.4078008 0.497901
vn -0.9322975 -0.06238238 0.356272
vn -0.9582675 -0.2336705 0.164686
vn -0.9831665 -0.119449 0.1382596
vn -0.1934755 0.3411069 0.9198986
vn -0.6103883 0.1707911 0.7734704
vn -0.2056874 0.2959554 0.9327931
vn -0.1934755 0.3411069 0.9198986
vn -0.03283518 0.2530147 0.9669051
vn 0.01959642 0.1958967 0.9804287
vn -0.968403 -0.1061153 0.2256881
vn -0.9752836 -0.09030119 0.2016621
vn -0.9802358 -0.1293974 0.1496466
vn -0.968403 -0.1061153 0.2256881
vn -0.9802358 -0.1293974 0.1496466
vn -0.9582675 -0.2336705 0.164686
vn -0.5943042 -0.167587 0.7865857
vn -0.5495559 -0.2381525 0.8007945
vn -0.6103883 0.1707911 0.7734704
vn -0.9643841 -0.1506912 0.2173833
vn -0.9802358 -0.1293974 0.1496466
vn -0.9643841 -0.1506912 0.2173833
vn -0.5943042 -0.167587 0.7865857
vn -0.6103883 0.1707911 0.7734704
vn -0.6347832 -0.09581763 0.7667263
vn -0.03283518 0.2530147 0.9669051
vn 0.01492893 -0.03093173 0.99941
vn 0.01959642 0.1958967 0.9804287
vn -0.05222039 -0.9603644 0.2738124
vn -0.01620628 -0.9877322 0.155314
vn -0.05558769 -0.9810726 0.1854903
vn 0.009235088 -0.8961807 0.443593
vn -0.04968169 -0.9840159 0.1710097
vn 0.002517794 -0.9836273 0.1801971
vn 0.7021869 -0.6814079 -0.2064386
vn 0.7332287 -0.6602215 -0.1627367
vn 0.7332287 -0.6602215 -0.1627367
vn -0.04968169 -0.9840159 0.1710097
vn -0.004393543 -0.9952663 -0.09708649
vn 0.002517794 -0.9836273 0.1801971
vn 0.9095737 -0.4149373 -0.02242346
vn 0.9563949 -0.290868 0.02654691
vn 0.9434628 -0.3238656 -0.07063255
vn 0.9095737 -0.4149373 -0.02242346
vn 0.7332287 -0.6602215 -0.1627367
vn 0.7332287 -0.6602215 -0.1627367
vn -0.04968169 -0.9840159 0.1710097
vn 0.122743 -0.9102786 0.3953821
vn 0.03203689 -0.9460478 0.3224394
vn -0.04968169 -0.9840159 0.1710097
vn 0.03203689 -0.9460478 0.3224394
vn -0.2643519 -0.9489366 0.1721551
vn 0.4312489 -0.4732679 -0.7681419
vn 0.4312489 -0.4732679 -0.7681419
vn 0.4312489 -0.4732679 -0.7681419
vn -0.2643519 -0.9489366 0.1721551
vn -0.4729733 -0.878105 -0.0723042
vn -0.04968169 -0.9840159 0.1710097
vn -0.2643519 -0.9489366 0.1721551
vn 0.03203689 -0.9460478 0.3224394
vn -0.2351912 -0.9326581 0.273558
vn 0.946448 0.24772 0.2070527
vn 0.9952848 0.08181911 -0.05209325
vn 0.9951991 0.06376712 0.074247
vn 0.9879531 0.1212499 -0.09616198
vn 0.9952848 0.08181911 -0.05209325
vn 0.946448 0.24772 0.2070527
vn 0.9879531 0.1212499 -0.09616198
vn 0.9876239 0.1414999 -0.06765247
vn 0.9952848 0.08181911 -0.05209325
vn -0.2643519 -0.9489366 0.1721551
vn -0.2351912 -0.9326581 0.273558
vn -0.3166186 -0.9268055 0.201951
vn -0.1873555 -0.966617 0.174784
vn -0.3166186 -0.9268055 0.201951
vn -0.3962739 -0.9020956 0.1708524
vn -0.3166186 -0.9268055 0.201951
vn -0.4729733 -0.878105 -0.0723042
vn -0.2643519 -0.9489366 0.1721551
vn 0.7084905 0.1747494 -0.6837426
vn 0.7240638 0.1738579 -0.6674617
vn 0.6814578 0.1366982 -0.7189776
vn 0.6441769 0.1070188 -0.7573527
vn 0.7084905 0.1747494 -0.6837426
vn 0.6526854 0.1223895 -0.7476782
vn 0.7084905 0.1747494 -0.6837426
vn 0.762434 0.2100004 -0.6120411
vn 0.7240638 0.1738579 -0.6674617
vn -0.435057 0.3196685 -0.8417466
vn -0.1272214 0.2136038 -0.9686012
vn -0.4562248 0.1942371 -0.8684071
vn -0.435057 0.3196685 -0.8417466
vn -0.4562248 0.1942371 -0.8684071
vn -0.5597697 0.3286695 -0.7606801
vn -0.435057 0.3196685 -0.8417466
vn -0.5597697 0.3286695 -0.7606801
vn -0.5056428 0.2128917 -0.8360637
vn -0.4562248 0.1942371 -0.8684071
vn -0.5056428 0.2128917 -0.8360637
vn -0.5597697 0.3286695 -0.7606801
vn -0.9048557 -0.09208039 -0.415641
vn -0.9816216 -0.1788757 -0.06650266
vn -0.9701728 -0.1275179 -0.2061645
vn -0.9802358 -0.1293974 0.1496466
vn -0.9701728 -0.1275179 -0.2061645
vn -0.9816216 -0.1788757 -0.06650266
vn -0.9802358 -0.1293974 0.1496466
vn -0.9816216 -0.1788757 -0.06650266
vn -0.9582675 -0.2336705 0.164686
vn -0.9831665 -0.119449 0.1382596
vn -0.9582675 -0.2336705 0.164686
vn -0.9816216 -0.1788757 -0.06650266
vn -0.9831665 -0.119449 0.1382596
vn -0.9816216 -0.1788757 -0.06650266
vn -0.9993629 0.01645152 -0.03167081
vn -0.4562248 0.1942371 -0.8684071
vn -0.4606332 0.05777851 -0.885708
vn -0.5056428 0.2128917 -0.8360637
vn -0.01620628 -0.9877322 0.155314
vn 0.04758658 -0.9971806 0.05801995
vn -0.05558769 -0.9810726 0.1854903
vn -0.01620628 -0.9877322 0.155314
vn 0.06299371 -0.9980137 -0.0006837224
vn 0.04758658 -0.9971806 0.05801995
vn 0.06299371 -0.9980137 -0.0006837224
vn 0.04060408 -0.9971845 -0.06304234
vn 0.04758658 -0.9971806 0.05801995
vn -0.1873555 -0.966617 0.174784
vn 0.1266392 -0.9900266 0.06172346
vn -0.3166186 -0.9268055 0.201951
vn 0.1266392 -0.9900266 0.06172346
vn 0.02128804 -0.9938191 0.1089515
vn 0.02128804 -0.9938191 0.1089515
vn 0.888044 -0.337365 0.3123503
vn 0.8914521 -0.3553653 0.2811202
vn 0.9117599 -0.40807 0.04661524
vn 0.888044 -0.337365 0.3123503
vn 0.9563949 -0.290868 0.02654691
vn 0.9095737 -0.4149373 -0.02242346
vn 0.06299371 -0.9980137 -0.0006837224
vn -0.008392517 -0.9962541 -0.08606583
vn 0.04060408 -0.9971845 -0.06304234
vn 0.888044 -0.337365 0.3123503
vn 0.7891423 -0.3237819 0.5219383
vn 0.8914521 -0.3553653 0.2811202
vn 0.888044 -0.337365 0.3123503
vn 0.7565064 -0.3645533 0.5429539
vn 0.7891423 -0.3237819 0.5219383
vn 0.1074415 -0.9913034 0.07598578
vn 0.1609705 -0.9823747 -0.09501868
vn -0.004256294 -0.9959149 -0.09019759
vn 0.1074415 -0.9913034 0.07598578
vn 0.04060408 -0.9971845 -0.06304234
vn -0.008392517 -0.9962541 -0.08606583
vn 0.1266392 -0.9900266 0.06172346
vn 0.1609705 -0.9823747 -0.09501868
vn 0.1074415 -0.9913034 0.07598578
vn -0.1006132 -0.6517205 0.7517562
vn -0.2846567 -0.4206506 0.861408
vn -0.1006132 -0.6517205 0.7517562
vn -0.1006132 -0.6517205 0.7517562
vn -0.1006132 -0.6517205 0.7517562
vn 0.1074415 -0.9913034 0.07598578
vn -0.7890983 -0.158767 0.5933944
vn -0.8697894 -0.4099669 0.2745789
vn -0.8984265 -0.2277481 0.3754472
vn -0.7789 -0.6267074 -0.02350772
vn -0.8984265 -0.2277481 0.3754472
vn -0.8697894 -0.4099669 0.2745789
vn -0.7789 -0.6267074 -0.02350772
vn -0.8697894 -0.4099669 0.2745789
vn -0.6413156 -0.7605315 -0.1015184
vn -0.7789 -0.6267074 -0.02350772
vn -0.6413156 -0.7605315 -0.1015184
vn -0.4729733 -0.878105 -0.0723042
vn -0.9831665 -0.119449 0.1382596
vn -0.9993629 0.01645152 -0.03167081
vn -0.9821095 0.1874964 -0.01749154
vn -0.4562248 0.1942371 -0.8684071
vn -0.5380727 0.08881468 -0.8382062
vn -0.4606332 0.05777851 -0.885708
vn -0.4388672 0.1964878 -0.8768057
vn -0.4388672 0.1964878 -0.8768057
vn -0.5380727 0.08881468 -0.8382062
vn -0.5380727 0.08881468 -0.8382062
vn -0.4178773 0.02661933 -0.9081134
vn -0.4303909 0.03091985 -0.9021129
vn -0.5380727 0.08881468 -0.8382062
vn -0.4303909 0.03091985 -0.9021129
vn -0.6760156 0.05208978 -0.7350439
vn -0.4034131 0.0817474 -0.9113591
vn -0.5420332 0.0478252 -0.8389951
vn -0.6760156 0.05208978 -0.7350439
vn -0.6760156 0.05208978 -0.7350439
vn -0.5420332 0.0478252 -0.8389951
vn -0.8221794 -0.02004648 -0.5688754
vn -0.8221794 -0.02004648 -0.5688754
vn -0.5380727 0.08881468 -0.8382062
vn -0.6760156 0.05208978 -0.7350439
vn -0.9929299 -0.117272 -0.01837365
vn -0.9715696 -0.1857784 0.1467613
vn -0.9607358 -0.1190219 -0.2506403
vn -0.9831665 -0.119449 0.1382596
vn -0.9607358 -0.1190219 -0.2506403
vn -0.9715696 -0.1857784 0.1467613
vn 0.0006645049 0.9929492 0.1185394
vn -0.003285612 0.9902229 0.1394551
vn -0.01356873 0.9925715 0.1209033
vn -0.003285612 0.9902229 0.1394551
vn -0.01498074 0.9918593 0.1264549
vn -0.01356873 0.9925715 0.1209033
vn -0.003285612 0.9902229 0.1394551
vn -0.01601602 0.9904248 0.1371209
vn -0.01498074 0.9918593 0.1264549
vn -0.01601602 0.9904248 0.1371209
vn -0.003285612 0.9902229 0.1394551
vn -0.01410368 0.9894626 0.1440998
vn -0.003285612 0.9902229 0.1394551
vn -0.007933137 0.9883621 0.1519125
vn -0.01410368 0.9894626 0.1440998
vn -0.003285612 0.9902229 0.1394551
vn -0.002895058 0.9875271 0.1574224
vn -0.007933137 0.9883621 0.1519125
vn 0.2573229 -0.1014087 0.9609897
vn 0.2576209 -0.09958745 0.9611003
vn 0.4947651 -0.09640748 0.8636626
vn -0.5535296 0.4998957 0.666115
vn -0.3789823 0.5833867 0.718354
vn -0.1269428 0.4655235 0.8758843
vn -0.2250019 -0.9673676 -0.1165075
vn -0.2711999 -0.8843554 -0.3799554
vn -0.2250019 -0.9673676 -0.1165075
vn -0.7707718 -0.4691113 -0.4310979
vn -0.7534548 -0.6457443 -0.1237745
vn -0.9657547 -0.2331539 -0.1138293
vn -0.3736017 -0.7429082 -0.5554361
vn -0.2711999 -0.8843554 -0.3799554
vn -0.7707718 -0.4691113 -0.4310979
vn -0.1362868 -0.8486409 -0.5111112
vn 0.01797937 -0.832723 -0.5533979
vn -0.2711999 -0.8843554 -0.3799554
vn -0.3427475 -0.09256821 0.9348558
vn -0.5638147 -0.0196269 0.8256681
vn -0.5929267 0.05284267 0.8035207
vn -0.9909429 0.07724939 0.1098396
vn -0.9912997 0.07867894 0.10552
vn -0.9911276 0.07592437 0.1090947
vn -0.9909429 0.07724939 0.1098396
vn -0.9911276 0.07592437 0.1090947
vn -0.9747315 0.1885308 0.1198108
vn -0.7277007 0.03175526 -0.6851593
vn -0.7277008 0.03175471 -0.6851593
vn -0.7452422 -0.01029962 -0.6667143
vn 0.2023134 0.312014 0.9282869
vn 0.2216641 0.4650703 0.8570734
vn 0.07597982 0.6428329 0.762229
vn 0.07188449 0.7768697 0.6255447
vn 0.07597982 0.6428329 0.762229
vn 0.2216641 0.4650703 0.8570734
vn 0.187292 0.9310526 0.3131499
vn 0.07597982 0.6428329 0.762229
vn 0.07188449 0.7768697 0.6255447
vn 0.4778242 0.7848865 0.3945087
vn 0.187292 0.9310526 0.3131499
vn 0.07188449 0.7768697 0.6255447
vn 0.4778242 0.7848865 0.3945087
vn 0.07188449 0.7768697 0.6255447
vn 0.008538317 0.8267341 0.5625281
vn 0.1064227 0.7301316 0.6749682
vn 0.008538317 0.8267341 0.5625281
vn 0.07188449 0.7768697 0.6255447
vn 0.1064227 0.7301316 0.6749682
vn 0.07188449 0.7768697 0.6255447
vn 0.2029105 0.6420642 0.7393111
vn 0.07188449 0.7768697 0.6255447
vn 0.2216641 0.4650703 0.8570734
vn 0.2029105 0.6420642 0.7393111
vn 0.1828013 0.4929791 0.8506206
vn 0.2029105 0.6420642 0.7393111
vn 0.2216641 0.4650703 0.8570734
vn 0.1828013 0.4929791 0.8506206
vn 0.2801639 0.5644634 0.7764594
vn 0.2029105 0.6420642 0.7393111
vn 0.2801639 0.5644634 0.7764594
vn 0.1064227 0.7301316 0.6749682
vn 0.2029105 0.6420642 0.7393111
vn 0.363005 -0.04859124 0.9305193
vn 0.2216641 0.4650703 0.8570734
vn 0.2023134 0.312014 0.9282869
vn 0.363005 -0.04859124 0.9305193
vn 0.4931354 0.2196956 0.841755
vn 0.2216641 0.4650703 0.8570734
vn 0.1828013 0.4929791 0.8506206
vn 0.2216641 0.4650703 0.8570734
vn 0.4931354 0.2196956 0.841755
vn 0.1828013 0.4929791 0.8506206
vn 0.4931354 0.2196956 0.841755
vn 0.2407189 0.3405831 0.9088771
vn 0.0151128 0.4200887 0.9073572
vn 0.1828013 0.4929791 0.8506206
vn 0.2407189 0.3405831 0.9088771
vn 0.0151128 0.4200887 0.9073572
vn 0.03821139 0.5439801 0.8382277
vn 0.1828013 0.4929791 0.8506206
vn -0.9427487 -0.1366481 0.3042238
vn -0.7506849 0.07834544 0.6559985
vn -0.9684029 -0.09080648 0.2322714
vn -0.9427487 -0.1366481 0.3042238
vn -0.9684029 -0.09080648 0.2322714
vn -0.9730088 -0.1326613 0.1888249
vt 0.84995 0.314901
vt 0.832989 0.319394
vt 0.835151 0.322787
vt 0.84995 0.314901
vt 0.835151 0.322787
vt 0.850935 0.318982
vt 0.814125 0.320785
vt 0.835151 0.322787
vt 0.832989 0.319394
vt 0.814125 0.320785
vt 0.815056 0.324068
vt 0.835151 0.322787
vt 0.815056 0.324068
vt 0.814125 0.320785
vt 0.790603 0.323474
vt 0.815056 0.324068
vt 0.790603 0.323474
vt 0.793638 0.327042
vt 0.793638 0.327042
vt 0.790603 0.323474
vt 0.755298 0.322719
vt 0.793638 0.327042
vt 0.755298 0.322719
vt 0.759248 0.328034
vt 0.759248 0.328034
vt 0.755298 0.322719
vt 0.72637 0.322772
vt 0.759248 0.328034
vt 0.72637 0.322772
vt 0.730502 0.327507
vt 0.711392 0.325069
vt 0.730502 0.327507
vt 0.72637 0.322772
vt 0.711392 0.325069
vt 0.716147 0.334495
vt 0.730502 0.327507
vt 0.730502 0.327507
vt 0.716147 0.334495
vt 0.7211 0.356562
vt 0.730502 0.327507
vt 0.7211 0.356562
vt 0.736586 0.350481
vt 0.736586 0.350481
vt 0.759248 0.328034
vt 0.730502 0.327507
vt 0.736586 0.350481
vt 0.763735 0.351591
vt 0.759248 0.328034
vt 0.763735 0.351591
vt 0.79699 0.348314
vt 0.759248 0.328034
vt 0.793638 0.327042
vt 0.759248 0.328034
vt 0.79699 0.348314
vt 0.79699 0.348314
vt 0.815056 0.324068
vt 0.793638 0.327042
vt 0.763735 0.351591
vt 0.798639 0.366417
vt 0.79699 0.348314
vt 0.798639 0.366417
vt 0.834179 0.348784
vt 0.79699 0.348314
vt 0.79699 0.348314
vt 0.834179 0.348784
vt 0.815056 0.324068
vt 0.798639 0.366417
vt 0.833923 0.367315
vt 0.834179 0.348784
vt 0.833923 0.367315
vt 0.857801 0.349431
vt 0.834179 0.348784
vt 0.833923 0.367315
vt 0.859285 0.368531
vt 0.857801 0.349431
vt 0.834179 0.348784
vt 0.857801 0.349431
vt 0.850935 0.318982
vt 0.834179 0.348784
vt 0.850935 0.318982
vt 0.835151 0.322787
vt 0.815056 0.324068
vt 0.834179 0.348784
vt 0.835151 0.322787
vt 0.857801 0.349431
vt 0.859285 0.368531
vt 0.891352 0.359371
vt 0.857801 0.349431
vt 0.891352 0.359371
vt 0.891707 0.337976
vt 0.891707 0.337976
vt 0.891352 0.359371
vt 0.913649 0.351716
vt 0.891707 0.337976
vt 0.913649 0.351716
vt 0.915327 0.328453
vt 0.915327 0.328453
vt 0.913649 0.351716
vt 0.942907 0.342108
vt 0.915327 0.328453
vt 0.942907 0.342108
vt 0.945516 0.31698
vt 0.915327 0.328453
vt 0.945516 0.31698
vt 0.947847 0.31076
vt 0.963577 0.309074
vt 0.947847 0.31076
vt 0.945516 0.31698
vt 0.963577 0.309074
vt 0.945516 0.31698
vt 0.962379 0.315907
vt 0.9792 0.321927
vt 0.963577 0.309074
vt 0.962379 0.315907
vt 0.9792 0.321927
vt 0.980449 0.310522
vt 0.963577 0.309074
vt 0.915327 0.328453
vt 0.947847 0.31076
vt 0.933854 0.312995
vt 0.9792 0.321927
vt 0.962379 0.315907
vt 0.959669 0.34123
vt 0.945516 0.31698
vt 0.942907 0.342108
vt 0.959669 0.34123
vt 0.945516 0.31698
vt 0.959669 0.34123
vt 0.962379 0.315907
vt 0.9792 0.321927
vt 0.959669 0.34123
vt 0.977649 0.345911
vt 0.894945 0.315495
vt 0.891707 0.337976
vt 0.915327 0.328453
vt 0.872565 0.314416
vt 0.891707 0.337976
vt 0.894945 0.315495
vt 0.894945 0.315495
vt 0.87518 0.31024
vt 0.872565 0.314416
vt 0.894945 0.315495
vt 0.898378 0.310214
vt 0.87518 0.31024
vt 0.908714 0.314
vt 0.898378 0.310214
vt 0.894945 0.315495
vt 0.908714 0.314
vt 0.894945 0.315495
vt 0.90466 0.321707
vt 0.91986 0.315231
vt 0.908714 0.314
vt 0.90466 0.321707
vt 0.91986 0.315231
vt 0.90466 0.321707
vt 0.915327 0.328453
vt 0.894945 0.315495
vt 0.915327 0.328453
vt 0.90466 0.321707
vt 0.91986 0.315231
vt 0.915327 0.328453
vt 0.933854 0.312995
vt 0.84995 0.314901
vt 0.872565 0.314416
vt 0.87518 0.31024
vt 0.84995 0.314901
vt 0.850935 0.318982
vt 0.872565 0.314416
vt 0.857801 0.349431
vt 0.872565 0.314416
vt 0.850935 0.318982
vt 0.857801 0.349431
vt 0.891707 0.337976
vt 0.872565 0.314416
vt 0.977649 0.345911
vt 0.959669 0.34123
vt 0.955159 0.389954
vt 0.959669 0.34123
vt 0.938283 0.39081
vt 0.955159 0.389954
vt 0.959669 0.34123
vt 0.942907 0.342108
vt 0.938283 0.39081
vt 0.942907 0.342108
vt 0.910533 0.395841
vt 0.938283 0.39081
vt 0.942907 0.342108
vt 0.913649 0.351716
vt 0.910533 0.395841
vt 0.913649 0.351716
vt 0.890936 0.399646
vt 0.910533 0.395841
vt 0.913649 0.351716
vt 0.891352 0.359371
vt 0.890936 0.399646
vt 0.890936 0.399646
vt 0.891352 0.359371
vt 0.859285 0.368531
vt 0.890936 0.399646
vt 0.859285 0.368531
vt 0.862088 0.403702
vt 0.859285 0.368531
vt 0.83316 0.401896
vt 0.862088 0.403702
vt 0.859285 0.368531
vt 0.833923 0.367315
vt 0.83316 0.401896
vt 0.83316 0.401896
vt 0.833923 0.367315
vt 0.798639 0.366417
vt 0.83316 0.401896
vt 0.798639 0.366417
vt 0.800971 0.40158
vt 0.770182 0.395597
vt 0.800971 0.40158
vt 0.798639 0.366417
vt 0.770182 0.395597
vt 0.798639 0.366417
vt 0.763735 0.351591
vt 0.746729 0.394344
vt 0.770182 0.395597
vt 0.763735 0.351591
vt 0.746729 0.394344
vt 0.763735 0.351591
vt 0.736586 0.350481
vt 0.736586 0.350481
vt 0.729727 0.398599
vt 0.746729 0.394344
vt 0.736586 0.350481
vt 0.7211 0.356562
vt 0.729727 0.398599
vt 0.832397 0.436478
vt 0.83316 0.401896
vt 0.800971 0.40158
vt 0.862088 0.403702
vt 0.83316 0.401896
vt 0.832397 0.436478
vt 0.832397 0.436478
vt 0.800971 0.40158
vt 0.803303 0.436744
vt 0.803303 0.436744
vt 0.800971 0.40158
vt 0.770182 0.395597
vt 0.832013 0.439822
vt 0.832397 0.436478
vt 0.803303 0.436744
vt 0.864892 0.438872
vt 0.832397 0.436478
vt 0.832013 0.439822
vt 0.862088 0.403702
vt 0.832397 0.436478
vt 0.864892 0.438872
vt 0.864892 0.438872
vt 0.832013 0.439822
vt 0.866088 0.441569
vt 0.832013 0.439822
vt 0.864059 0.450221
vt 0.866088 0.441569
vt 0.832013 0.439822
vt 0.833721 0.450221
vt 0.864059 0.450221
vt 0.832013 0.439822
vt 0.805066 0.450221
vt 0.833721 0.450221
vt 0.832013 0.439822
vt 0.802845 0.437861
vt 0.805066 0.450221
vt 0.832013 0.439822
vt 0.803303 0.436744
vt 0.802845 0.437861
vt 0.866088 0.441569
vt 0.89052 0.439922
vt 0.864892 0.438872
vt 0.866088 0.441569
vt 0.891372 0.441194
vt 0.89052 0.439922
vt 0.891372 0.441194
vt 0.907417 0.439966
vt 0.89052 0.439922
vt 0.891372 0.441194
vt 0.907435 0.440915
vt 0.907417 0.439966
vt 0.91069 0.450221
vt 0.907435 0.440915
vt 0.891372 0.441194
vt 0.91069 0.450221
vt 0.891372 0.441194
vt 0.891618 0.450221
vt 0.891618 0.450221
vt 0.891372 0.441194
vt 0.866088 0.441569
vt 0.891618 0.450221
vt 0.866088 0.441569
vt 0.864059 0.450221
vt 0.933667 0.440824
vt 0.907435 0.440915
vt 0.91069 0.450221
vt 0.933667 0.440824
vt 0.907417 0.439966
vt 0.907435 0.440915
vt 0.933667 0.440824
vt 0.91069 0.450221
vt 0.934387 0.450221
vt 0.950509 0.439708
vt 0.933667 0.440824
vt 0.934387 0.450221
vt 0.950509 0.439708
vt 0.934387 0.450221
vt 0.951767 0.450221
vt 0.97133 0.450221
vt 0.950509 0.439708
vt 0.951767 0.450221
vt 0.97133 0.450221
vt 0.972477 0.438648
vt 0.950509 0.439708
vt 0.950509 0.439708
vt 0.972477 0.438648
vt 0.972819 0.437719
vt 0.950509 0.439708
vt 0.972819 0.437719
vt 0.950649 0.438677
vt 0.950649 0.438677
vt 0.933667 0.440824
vt 0.950509 0.439708
vt 0.950649 0.438677
vt 0.933659 0.439512
vt 0.933667 0.440824
vt 0.933667 0.440824
vt 0.933659 0.439512
vt 0.907417 0.439966
vt 0.910533 0.395841
vt 0.89052 0.439922
vt 0.907417 0.439966
vt 0.910533 0.395841
vt 0.890936 0.399646
vt 0.89052 0.439922
vt 0.89052 0.439922
vt 0.890936 0.399646
vt 0.862088 0.403702
vt 0.89052 0.439922
vt 0.862088 0.403702
vt 0.864892 0.438872
vt 0.955159 0.389954
vt 0.933659 0.439512
vt 0.950649 0.438677
vt 0.955159 0.389954
vt 0.938283 0.39081
vt 0.933659 0.439512
vt 0.938283 0.39081
vt 0.910533 0.395841
vt 0.907417 0.439966
vt 0.938283 0.39081
vt 0.907417 0.439966
vt 0.933659 0.439512
vt 0.975234 0.391815
vt 0.955159 0.389954
vt 0.950649 0.438677
vt 0.975234 0.391815
vt 0.950649 0.438677
vt 0.972819 0.437719
vt 0.977649 0.345911
vt 0.955159 0.389954
vt 0.975234 0.391815
vt 0.738753 0.441488
vt 0.737889 0.450221
vt 0.752605 0.450221
vt 0.738753 0.441488
vt 0.752605 0.450221
vt 0.756855 0.439108
vt 0.756855 0.439108
vt 0.752605 0.450221
vt 0.777272 0.450221
vt 0.756855 0.439108
vt 0.777272 0.450221
vt 0.776728 0.438976
vt 0.756873 0.438208
vt 0.738753 0.441488
vt 0.756855 0.439108
vt 0.756873 0.438208
vt 0.738355 0.440637
vt 0.738753 0.441488
vt 0.776481 0.4379
vt 0.756873 0.438208
vt 0.756855 0.439108
vt 0.776481 0.4379
vt 0.756855 0.439108
vt 0.776728 0.438976
vt 0.746729 0.394344
vt 0.738355 0.440637
vt 0.756873 0.438208
vt 0.776481 0.4379
vt 0.746729 0.394344
vt 0.756873 0.438208
vt 0.746729 0.394344
vt 0.729727 0.398599
vt 0.738355 0.440637
vt 0.776481 0.4379
vt 0.770182 0.395597
vt 0.746729 0.394344
vt 0.803303 0.436744
vt 0.770182 0.395597
vt 0.776481 0.4379
vt 0.803303 0.436744
vt 0.776481 0.4379
vt 0.776728 0.438976
vt 0.803303 0.436744
vt 0.776728 0.438976
vt 0.802845 0.437861
vt 0.777272 0.450221
vt 0.802845 0.437861
vt 0.776728 0.438976
vt 0.777272 0.450221
vt 0.805066 0.450221
vt 0.802845 0.437861
vt 0.920262 0.192246
vt 0.916624 0.187996
vt 0.924306 0.18291
vt 0.924306 0.18291
vt 0.916624 0.187996
vt 0.914669 0.181861
vt 0.914669 0.181861
vt 0.915734 0.176429
vt 0.924306 0.18291
vt 0.915734 0.176429
vt 0.918922 0.172195
vt 0.924306 0.18291
vt 0.924306 0.18291
vt 0.918922 0.172195
vt 0.923511 0.172175
vt 0.920262 0.192246
vt 0.924306 0.18291
vt 0.92727 0.192115
vt 0.924306 0.18291
vt 0.923511 0.172175
vt 0.92941 0.17215
vt 0.92941 0.17215
vt 0.93599 0.181381
vt 0.924306 0.18291
vt 0.93599 0.181381
vt 0.934838 0.186536
vt 0.924306 0.18291
vt 0.934838 0.186536
vt 0.92727 0.192115
vt 0.924306 0.18291
vt 0.297817 0.896036
vt 0.331002 0.948959
vt 0.339964 0.935325
vt 0.297817 0.896036
vt 0.339964 0.935325
vt 0.304593 0.884878
vt 0.331002 0.948959
vt 0.364782 0.977596
vt 0.339964 0.935325
vt 0.331002 0.948959
vt 0.352935 0.990832
vt 0.364782 0.977596
vt 0.297817 0.896036
vt 0.304593 0.884878
vt 0.256524 0.858607
vt 0.297817 0.896036
vt 0.256524 0.858607
vt 0.259278 0.87493
vt 0.264194 0.896593
vt 0.297817 0.896036
vt 0.259278 0.87493
vt 0.264194 0.896593
vt 0.292347 0.905021
vt 0.297817 0.896036
vt 0.258338 0.876559
vt 0.259278 0.87493
vt 0.256524 0.858607
vt 0.258338 0.876559
vt 0.256524 0.858607
vt 0.255525 0.860174
vt 0.262712 0.898884
vt 0.264194 0.896593
vt 0.259278 0.87493
vt 0.262712 0.898884
vt 0.259278 0.87493
vt 0.258338 0.876559
vt 0.370468 0.963449
vt 0.339964 0.935325
vt 0.364782 0.977596
vt 0.370468 0.963449
vt 0.361879 0.933753
vt 0.339964 0.935325
vt 0.361879 0.933753
vt 0.304593 0.884878
vt 0.339964 0.935325
vt 0.361879 0.933753
vt 0.326623 0.899753
vt 0.304593 0.884878
vt 0.256524 0.858607
vt 0.254564 0.849628
vt 0.255525 0.860174
vt 0.314106 0.848889
vt 0.254564 0.849628
vt 0.256524 0.858607
vt 0.314106 0.848889
vt 0.256524 0.858607
vt 0.308307 0.870826
vt 0.308307 0.870826
vt 0.304593 0.884878
vt 0.326623 0.899753
vt 0.256524 0.858607
vt 0.304593 0.884878
vt 0.308307 0.870826
vt 0.370468 0.963449
vt 0.364782 0.977596
vt 0.369705 0.988925
vt 0.370468 0.963449
vt 0.369705 0.988925
vt 0.390074 0.953357
vt 0.369705 0.988925
vt 0.432817 0.931356
vt 0.390074 0.953357
vt 0.369705 0.988925
vt 0.43389 0.96399
vt 0.432817 0.931356
vt 0.43389 0.96399
vt 0.481354 0.912961
vt 0.432817 0.931356
vt 0.432817 0.931356
vt 0.481354 0.912961
vt 0.472252 0.887189
vt 0.432817 0.931356
vt 0.472252 0.887189
vt 0.415116 0.908177
vt 0.390074 0.953357
vt 0.432817 0.931356
vt 0.415116 0.908177
vt 0.43389 0.96399
vt 0.497424 0.93848
vt 0.481354 0.912961
vt 0.481354 0.912961
vt 0.497424 0.93848
vt 0.500599 0.937235
vt 0.481354 0.912961
vt 0.500599 0.937235
vt 0.488921 0.911633
vt 0.479619 0.888536
vt 0.472252 0.887189
vt 0.481354 0.912961
vt 0.479619 0.888536
vt 0.481354 0.912961
vt 0.488921 0.911633
vt 0.460599 0.845388
vt 0.472252 0.887189
vt 0.479619 0.888536
vt 0.460599 0.845388
vt 0.415116 0.908177
vt 0.472252 0.887189
vt 0.460599 0.845388
vt 0.479619 0.888536
vt 0.46562 0.840801
vt 0.452325 0.789938
vt 0.460599 0.845388
vt 0.46562 0.840801
vt 0.452325 0.789938
vt 0.46562 0.840801
vt 0.462594 0.79134
vt 0.472886 0.739639
vt 0.452325 0.789938
vt 0.462594 0.79134
vt 0.472886 0.739639
vt 0.462594 0.79134
vt 0.479158 0.745759
vt 0.499523 0.725726
vt 0.472886 0.739639
vt 0.479158 0.745759
vt 0.499523 0.725726
vt 0.479158 0.745759
vt 0.499578 0.729161
vt 0.472886 0.739639
vt 0.499523 0.725726
vt 0.499003 0.675931
vt 0.472886 0.739639
vt 0.499003 0.675931
vt 0.444012 0.677452
vt 0.472886 0.739639
vt 0.389973 0.797383
vt 0.452325 0.789938
vt 0.472886 0.739639
vt 0.389372 0.735823
vt 0.389973 0.797383
vt 0.389973 0.797383
vt 0.389372 0.735823
vt 0.318164 0.743679
vt 0.389973 0.797383
vt 0.318164 0.743679
vt 0.310845 0.805946
vt 0.310845 0.805946
vt 0.318164 0.743679
vt 0.270519 0.745043
vt 0.310845 0.805946
vt 0.270519 0.745043
vt 0.263273 0.804185
vt 0.263273 0.804185
vt 0.270519 0.745043
vt 0.219531 0.740425
vt 0.263273 0.804185
vt 0.219531 0.740425
vt 0.21463 0.798312
vt 0.206721 0.851697
vt 0.263273 0.804185
vt 0.21463 0.798312
vt 0.206721 0.851697
vt 0.254564 0.849628
vt 0.263273 0.804185
vt 0.21097 0.888845
vt 0.254564 0.849628
vt 0.206721 0.851697
vt 0.206721 0.851697
vt 0.1571 0.915592
vt 0.21097 0.888845
vt 0.21097 0.888845
vt 0.1571 0.915592
vt 0.176113 0.927481
vt 0.215183 0.901748
vt 0.21097 0.888845
vt 0.176113 0.927481
vt 0.215183 0.901748
vt 0.176113 0.927481
vt 0.190217 0.9421
vt 0.190217 0.9421
vt 0.176113 0.927481
vt 0.150748 0.970102
vt 0.190217 0.9421
vt 0.150748 0.970102
vt 0.162023 0.98004
vt 0.215183 0.901748
vt 0.254355 0.864051
vt 0.21097 0.888845
vt 0.21097 0.888845
vt 0.254355 0.864051
vt 0.254564 0.849628
vt 0.215183 0.901748
vt 0.253641 0.884369
vt 0.254355 0.864051
vt 0.242697 0.907334
vt 0.253641 0.884369
vt 0.215183 0.901748
vt 0.242697 0.907334
vt 0.215183 0.901748
vt 0.205015 0.920528
vt 0.255922 0.885468
vt 0.254355 0.864051
vt 0.253641 0.884369
vt 0.255922 0.885468
vt 0.255472 0.8659
vt 0.254355 0.864051
vt 0.255472 0.8659
vt 0.254564 0.849628
vt 0.254355 0.864051
vt 0.243569 0.909183
vt 0.255922 0.885468
vt 0.253641 0.884369
vt 0.243569 0.909183
vt 0.253641 0.884369
vt 0.242697 0.907334
vt 0.206721 0.851697
vt 0.142549 0.86843
vt 0.1571 0.915592
vt 0.1571 0.915592
vt 0.142549 0.86843
vt 0.107733 0.912476
vt 0.1571 0.915592
vt 0.107733 0.912476
vt 0.137537 0.937689
vt 0.176113 0.927481
vt 0.1571 0.915592
vt 0.137537 0.937689
vt 0.176113 0.927481
vt 0.137537 0.937689
vt 0.150748 0.970102
vt 0.137537 0.937689
vt 0.107733 0.912476
vt 0.095377 0.940049
vt 0.137537 0.937689
vt 0.095377 0.940049
vt 0.131939 0.956306
vt 0.150748 0.970102
vt 0.137537 0.937689
vt 0.131939 0.956306
vt 0.095377 0.940049
vt 0.138664 0.98718
vt 0.131939 0.956306
vt 0.138664 0.98718
vt 0.150748 0.970102
vt 0.131939 0.956306
vt 0.095377 0.940049
vt 0.093306 0.970655
vt 0.138664 0.98718
vt 0.009627 0.940411
vt 0.093306 0.970655
vt 0.095377 0.940049
vt 0.009627 0.940411
vt 0.095377 0.940049
vt 0.038077 0.917897
vt 0.107733 0.912476
vt 0.038077 0.917897
vt 0.095377 0.940049
vt 0.107733 0.912476
vt 0.046874 0.899386
vt 0.038077 0.917897
vt 0.142549 0.86843
vt 0.046874 0.899386
vt 0.107733 0.912476
vt 0.038077 0.917897
vt 0.007102 0.939464
vt 0.009627 0.940411
vt 0.038077 0.917897
vt 0.02229 0.915439
vt 0.007102 0.939464
vt 0.038077 0.917897
vt 0.046874 0.899386
vt 0.035082 0.892602
vt 0.038077 0.917897
vt 0.035082 0.892602
vt 0.02229 0.915439
vt 0.065592 0.846835
vt 0.035082 0.892602
vt 0.046874 0.899386
vt 0.142549 0.86843
vt 0.065592 0.846835
vt 0.046874 0.899386
vt 0.078591 0.788066
vt 0.065592 0.846835
vt 0.142549 0.86843
vt 0.078591 0.788066
vt 0.142549 0.86843
vt 0.151008 0.798312
vt 0.065592 0.846835
vt 0.055134 0.844385
vt 0.035082 0.892602
vt 0.078591 0.788066
vt 0.055134 0.844385
vt 0.065592 0.846835
vt 0.078591 0.788066
vt 0.061001 0.792863
vt 0.055134 0.844385
vt 0.078591 0.788066
vt 0.047274 0.758501
vt 0.061001 0.792863
vt 0.078591 0.788066
vt 0.061539 0.760388
vt 0.047274 0.758501
vt 0.027043 0.723907
vt 0.047274 0.758501
vt 0.061539 0.760388
vt 0.027043 0.723907
vt 0.019969 0.728957
vt 0.047274 0.758501
vt 0.151008 0.798312
vt 0.109091 0.738179
vt 0.078591 0.788066
vt 0.151008 0.798312
vt 0.1628 0.740425
vt 0.109091 0.738179
vt 0.21463 0.798312
vt 0.1628 0.740425
vt 0.151008 0.798312
vt 0.206721 0.851697
vt 0.21463 0.798312
vt 0.151008 0.798312
vt 0.206721 0.851697
vt 0.151008 0.798312
vt 0.142549 0.86843
vt 0.21463 0.798312
vt 0.219531 0.740425
vt 0.1628 0.740425
vt 0.1628 0.740425
vt 0.120689 0.686111
vt 0.109091 0.738179
vt 0.109091 0.738179
vt 0.120689 0.686111
vt 0.069804 0.688806
vt 0.120689 0.686111
vt 0.068486 0.628519
vt 0.069804 0.688806
vt 0.069804 0.688806
vt 0.068486 0.628519
vt 0.018873 0.649195
vt 0.069804 0.688806
vt 0.018873 0.649195
vt 0.019245 0.675783
vt 0.066533 0.72651
vt 0.069804 0.688806
vt 0.019245 0.675783
vt 0.109091 0.738179
vt 0.069804 0.688806
vt 0.066533 0.72651
vt 0.066533 0.72651
vt 0.027043 0.723907
vt 0.061539 0.760388
vt 0.066533 0.72651
vt 0.019245 0.675783
vt 0.025911 0.716922
vt 0.066533 0.72651
vt 0.025911 0.716922
vt 0.027043 0.723907
vt 0.018149 0.596021
vt 0.018873 0.649195
vt 0.068486 0.628519
vt 0.018149 0.596021
vt 0.068486 0.628519
vt 0.064297 0.533052
vt 0.120689 0.686111
vt 0.115411 0.609712
vt 0.068486 0.628519
vt 0.064297 0.533052
vt 0.068486 0.628519
vt 0.115411 0.609712
vt 0.064297 0.533052
vt 0.115411 0.609712
vt 0.115534 0.545304
vt 0.064297 0.533052
vt 0.017054 0.51624
vt 0.018149 0.596021
vt 0.115534 0.545304
vt 0.115411 0.609712
vt 0.162485 0.612055
vt 0.120689 0.686111
vt 0.162485 0.612055
vt 0.115411 0.609712
vt 0.115534 0.545304
vt 0.162485 0.612055
vt 0.160208 0.542544
vt 0.160208 0.542544
vt 0.162485 0.612055
vt 0.212265 0.610009
vt 0.160208 0.542544
vt 0.212265 0.610009
vt 0.207291 0.539636
vt 0.207291 0.539636
vt 0.212265 0.610009
vt 0.268482 0.609727
vt 0.207291 0.539636
vt 0.268482 0.609727
vt 0.266535 0.544989
vt 0.266535 0.544989
vt 0.268482 0.609727
vt 0.329569 0.607704
vt 0.266535 0.544989
vt 0.329569 0.607704
vt 0.329173 0.550648
vt 0.329173 0.550648
vt 0.329569 0.607704
vt 0.393583 0.60761
vt 0.329173 0.550648
vt 0.393583 0.60761
vt 0.394784 0.540261
vt 0.390312 0.679614
vt 0.393583 0.60761
vt 0.329569 0.607704
vt 0.390312 0.679614
vt 0.329569 0.607704
vt 0.324757 0.686181
vt 0.268482 0.609727
vt 0.324757 0.686181
vt 0.329569 0.607704
vt 0.394784 0.540261
vt 0.393583 0.60761
vt 0.445837 0.608386
vt 0.394784 0.540261
vt 0.445837 0.608386
vt 0.448599 0.531741
vt 0.448599 0.531741
vt 0.445837 0.608386
vt 0.499244 0.622682
vt 0.448599 0.531741
vt 0.499244 0.622682
vt 0.500117 0.569471
vt 0.448599 0.531741
vt 0.500117 0.569471
vt 0.501565 0.51624
vt 0.389372 0.735823
vt 0.390312 0.679614
vt 0.324757 0.686181
vt 0.389372 0.735823
vt 0.324757 0.686181
vt 0.318164 0.743679
vt 0.324757 0.686181
vt 0.270519 0.745043
vt 0.318164 0.743679
vt 0.324757 0.686181
vt 0.269923 0.687366
vt 0.270519 0.745043
vt 0.269923 0.687366
vt 0.219531 0.740425
vt 0.270519 0.745043
vt 0.269923 0.687366
vt 0.21692 0.685604
vt 0.219531 0.740425
vt 0.21692 0.685604
vt 0.1628 0.740425
vt 0.219531 0.740425
vt 0.21692 0.685604
vt 0.167541 0.685864
vt 0.1628 0.740425
vt 0.1628 0.740425
vt 0.167541 0.685864
vt 0.120689 0.686111
vt 0.499244 0.622682
vt 0.445837 0.608386
vt 0.444012 0.677452
vt 0.444012 0.677452
vt 0.445837 0.608386
vt 0.393583 0.60761
vt 0.444012 0.677452
vt 0.393583 0.60761
vt 0.390312 0.679614
vt 0.499244 0.622682
vt 0.444012 0.677452
vt 0.499003 0.675931
vt 0.472886 0.739639
vt 0.444012 0.677452
vt 0.390312 0.679614
vt 0.472886 0.739639
vt 0.390312 0.679614
vt 0.389372 0.735823
vt 0.212265 0.610009
vt 0.21692 0.685604
vt 0.269923 0.687366
vt 0.167541 0.685864
vt 0.21692 0.685604
vt 0.212265 0.610009
vt 0.212265 0.610009
vt 0.269923 0.687366
vt 0.268482 0.609727
vt 0.268482 0.609727
vt 0.269923 0.687366
vt 0.324757 0.686181
vt 0.167541 0.685864
vt 0.212265 0.610009
vt 0.162485 0.612055
vt 0.120689 0.686111
vt 0.167541 0.685864
vt 0.162485 0.612055
vt 0.847736 0.997865
vt 0.799786 0.978767
vt 0.810267 0.966804
vt 0.847736 0.997865
vt 0.810267 0.966804
vt 0.859829 0.988455
vt 0.747894 0.959665
vt 0.810267 0.966804
vt 0.799786 0.978767
vt 0.747894 0.959665
vt 0.799786 0.978767
vt 0.747985 0.969841
vt 0.747894 0.959665
vt 0.747985 0.969841
vt 0.696086 0.978177
vt 0.747894 0.959665
vt 0.696086 0.978177
vt 0.686511 0.967246
vt 0.647875 0.996729
vt 0.686511 0.967246
vt 0.696086 0.978177
vt 0.647875 0.996729
vt 0.637587 0.988347
vt 0.686511 0.967246
vt 0.859829 0.988455
vt 0.810267 0.966804
vt 0.839891 0.962522
vt 0.859829 0.988455
vt 0.839891 0.962522
vt 0.860066 0.988791
vt 0.839891 0.962522
vt 0.912539 0.96464
vt 0.860066 0.988791
vt 0.839891 0.962522
vt 0.904551 0.927773
vt 0.912539 0.96464
vt 0.904551 0.927773
vt 0.964494 0.939932
vt 0.912539 0.96464
vt 0.904551 0.927773
vt 0.94961 0.91151
vt 0.964494 0.939932
vt 0.967051 0.938727
vt 0.964494 0.939932
vt 0.94961 0.91151
vt 0.967051 0.938727
vt 0.94961 0.91151
vt 0.9596 0.91313
vt 0.94961 0.91151
vt 0.949739 0.865161
vt 0.9596 0.91313
vt 0.94961 0.91151
vt 0.935488 0.85828
vt 0.949739 0.865161
vt 0.935488 0.85828
vt 0.94961 0.91151
vt 0.904551 0.927773
vt 0.949739 0.865161
vt 0.935488 0.85828
vt 0.933175 0.831893
vt 0.949739 0.865161
vt 0.933175 0.831893
vt 0.947441 0.840787
vt 0.947441 0.840787
vt 0.933175 0.831893
vt 0.933637 0.804342
vt 0.947441 0.840787
vt 0.933637 0.804342
vt 0.944459 0.808329
vt 0.933637 0.804342
vt 0.958851 0.769056
vt 0.944459 0.808329
vt 0.933637 0.804342
vt 0.954527 0.76248
vt 0.958851 0.769056
vt 0.973001 0.748537
vt 0.958851 0.769056
vt 0.954527 0.76248
vt 0.973001 0.748537
vt 0.954527 0.76248
vt 0.969394 0.740898
vt 0.969394 0.740898
vt 0.991666 0.732263
vt 0.973001 0.748537
vt 0.969394 0.740898
vt 0.991611 0.728834
vt 0.991666 0.732263
vt 0.991054 0.678975
vt 0.991611 0.728834
vt 0.969394 0.740898
vt 0.991054 0.678975
vt 0.969394 0.740898
vt 0.948498 0.693951
vt 0.906442 0.790197
vt 0.933637 0.804342
vt 0.933175 0.831893
vt 0.906442 0.790197
vt 0.954527 0.76248
vt 0.933637 0.804342
vt 0.906442 0.790197
vt 0.933175 0.831893
vt 0.902405 0.81663
vt 0.902405 0.81663
vt 0.933175 0.831893
vt 0.935488 0.85828
vt 0.906442 0.790197
vt 0.916598 0.726443
vt 0.954527 0.76248
vt 0.969394 0.740898
vt 0.954527 0.76248
vt 0.916598 0.726443
vt 0.969394 0.740898
vt 0.916598 0.726443
vt 0.948498 0.693951
vt 0.883199 0.783748
vt 0.906442 0.790197
vt 0.902405 0.81663
vt 0.883199 0.783748
vt 0.916598 0.726443
vt 0.906442 0.790197
vt 0.883199 0.783748
vt 0.902405 0.81663
vt 0.879493 0.810695
vt 0.883199 0.783748
vt 0.884014 0.72926
vt 0.916598 0.726443
vt 0.948498 0.693951
vt 0.916598 0.726443
vt 0.884014 0.72926
vt 0.948498 0.693951
vt 0.884014 0.72926
vt 0.883437 0.685459
vt 0.931316 0.6412
vt 0.948498 0.693951
vt 0.883437 0.685459
vt 0.931316 0.6412
vt 0.883437 0.685459
vt 0.885774 0.631143
vt 0.800186 0.781091
vt 0.884014 0.72926
vt 0.883199 0.783748
vt 0.879493 0.810695
vt 0.800186 0.781091
vt 0.883199 0.783748
vt 0.800186 0.781091
vt 0.803682 0.733246
vt 0.884014 0.72926
vt 0.883437 0.685459
vt 0.884014 0.72926
vt 0.803682 0.733246
vt 0.879493 0.810695
vt 0.79771 0.80552
vt 0.800186 0.781091
vt 0.796145 0.82741
vt 0.79771 0.80552
vt 0.879493 0.810695
vt 0.796145 0.82741
vt 0.879493 0.810695
vt 0.872097 0.83136
vt 0.872097 0.83136
vt 0.879493 0.810695
vt 0.902405 0.81663
vt 0.883437 0.685459
vt 0.803682 0.733246
vt 0.810563 0.687934
vt 0.885774 0.631143
vt 0.883437 0.685459
vt 0.810563 0.687934
vt 0.739495 0.801373
vt 0.800186 0.781091
vt 0.79771 0.80552
vt 0.739495 0.801373
vt 0.79771 0.80552
vt 0.796145 0.82741
vt 0.739495 0.801373
vt 0.744286 0.775313
vt 0.800186 0.781091
vt 0.744286 0.775313
vt 0.803682 0.733246
vt 0.800186 0.781091
vt 0.744286 0.775313
vt 0.756936 0.729687
vt 0.803682 0.733246
vt 0.810563 0.687934
vt 0.803682 0.733246
vt 0.756936 0.729687
vt 0.810563 0.687934
vt 0.756936 0.729687
vt 0.761739 0.682807
vt 0.825224 0.623343
vt 0.810563 0.687934
vt 0.761739 0.682807
vt 0.885774 0.631143
vt 0.810563 0.687934
vt 0.825224 0.623343
vt 0.825224 0.623343
vt 0.761739 0.682807
vt 0.773169 0.61772
vt 0.9219 0.557346
vt 0.931316 0.6412
vt 0.885774 0.631143
vt 0.991796 0.572415
vt 0.931316 0.6412
vt 0.9219 0.557346
vt 0.991796 0.572415
vt 0.991147 0.625704
vt 0.931316 0.6412
vt 0.992908 0.519145
vt 0.991796 0.572415
vt 0.9219 0.557346
vt 0.992908 0.519145
vt 0.9219 0.557346
vt 0.935004 0.527227
vt 0.9219 0.557346
vt 0.909203 0.529469
vt 0.935004 0.527227
vt 0.9219 0.557346
vt 0.888221 0.574251
vt 0.909203 0.529469
vt 0.888221 0.574251
vt 0.865738 0.517847
vt 0.909203 0.529469
vt 0.888221 0.574251
vt 0.838806 0.5635
vt 0.865738 0.517847
vt 0.888221 0.574251
vt 0.825224 0.623343
vt 0.838806 0.5635
vt 0.838806 0.5635
vt 0.825224 0.623343
vt 0.773169 0.61772
vt 0.838806 0.5635
vt 0.799419 0.522778
vt 0.865738 0.517847
vt 0.838806 0.5635
vt 0.784887 0.550988
vt 0.799419 0.522778
vt 0.838806 0.5635
vt 0.773169 0.61772
vt 0.784887 0.550988
vt 0.784887 0.550988
vt 0.732155 0.534455
vt 0.799419 0.522778
vt 0.784887 0.550988
vt 0.736325 0.552786
vt 0.732155 0.534455
vt 0.662851 0.532509
vt 0.732155 0.534455
vt 0.736325 0.552786
vt 0.662851 0.532509
vt 0.736325 0.552786
vt 0.654826 0.561127
vt 0.58454 0.520276
vt 0.662851 0.532509
vt 0.654826 0.561127
vt 0.58454 0.520276
vt 0.654826 0.561127
vt 0.580091 0.539145
vt 0.58454 0.520276
vt 0.580091 0.539145
vt 0.534606 0.523927
vt 0.580091 0.539145
vt 0.532789 0.602572
vt 0.534606 0.523927
vt 0.534606 0.523927
vt 0.532789 0.602572
vt 0.51329 0.600552
vt 0.534606 0.523927
vt 0.51329 0.600552
vt 0.511937 0.520554
vt 0.532789 0.602572
vt 0.513809 0.653896
vt 0.51329 0.600552
vt 0.532789 0.602572
vt 0.536386 0.656047
vt 0.513809 0.653896
vt 0.536386 0.656047
vt 0.513921 0.68055
vt 0.513809 0.653896
vt 0.536386 0.656047
vt 0.537701 0.681551
vt 0.513921 0.68055
vt 0.580091 0.539145
vt 0.579694 0.602758
vt 0.532789 0.602572
vt 0.654826 0.561127
vt 0.579694 0.602758
vt 0.580091 0.539145
vt 0.579694 0.602758
vt 0.536386 0.656047
vt 0.532789 0.602572
vt 0.579294 0.66676
vt 0.537701 0.681551
vt 0.536386 0.656047
vt 0.579694 0.602758
vt 0.579294 0.66676
vt 0.536386 0.656047
vt 0.579294 0.66676
vt 0.578701 0.68624
vt 0.537701 0.681551
vt 0.654826 0.561127
vt 0.647947 0.614399
vt 0.579694 0.602758
vt 0.647947 0.614399
vt 0.579294 0.66676
vt 0.579694 0.602758
vt 0.736325 0.552786
vt 0.647947 0.614399
vt 0.654826 0.561127
vt 0.736325 0.552786
vt 0.726002 0.61765
vt 0.647947 0.614399
vt 0.726002 0.61765
vt 0.641128 0.667205
vt 0.647947 0.614399
vt 0.647947 0.614399
vt 0.641128 0.667205
vt 0.579294 0.66676
vt 0.641128 0.667205
vt 0.578701 0.68624
vt 0.579294 0.66676
vt 0.726002 0.61765
vt 0.71304 0.675716
vt 0.641128 0.667205
vt 0.784887 0.550988
vt 0.726002 0.61765
vt 0.736325 0.552786
vt 0.784887 0.550988
vt 0.773169 0.61772
vt 0.726002 0.61765
vt 0.773169 0.61772
vt 0.71304 0.675716
vt 0.726002 0.61765
vt 0.641128 0.667205
vt 0.642294 0.703569
vt 0.578701 0.68624
vt 0.71304 0.675716
vt 0.642294 0.703569
vt 0.641128 0.667205
vt 0.562464 0.73269
vt 0.578701 0.68624
vt 0.642294 0.703569
vt 0.562464 0.73269
vt 0.642294 0.703569
vt 0.635123 0.750634
vt 0.635123 0.750634
vt 0.642294 0.703569
vt 0.703699 0.717558
vt 0.71304 0.675716
vt 0.703699 0.717558
vt 0.642294 0.703569
vt 0.635123 0.750634
vt 0.703699 0.717558
vt 0.692359 0.762803
vt 0.635123 0.750634
vt 0.692359 0.762803
vt 0.69233 0.799318
vt 0.635123 0.750634
vt 0.69233 0.799318
vt 0.641861 0.797824
vt 0.636254 0.823173
vt 0.641861 0.797824
vt 0.69233 0.799318
vt 0.636254 0.823173
vt 0.69233 0.799318
vt 0.689934 0.822175
vt 0.572997 0.790079
vt 0.562464 0.73269
vt 0.635123 0.750634
vt 0.572997 0.790079
vt 0.554072 0.764834
vt 0.562464 0.73269
vt 0.562464 0.73269
vt 0.554072 0.764834
vt 0.535679 0.74452
vt 0.562464 0.73269
vt 0.535679 0.74452
vt 0.536347 0.7267
vt 0.513661 0.730558
vt 0.536347 0.7267
vt 0.535679 0.74452
vt 0.513661 0.730558
vt 0.513699 0.723299
vt 0.536347 0.7267
vt 0.513661 0.730558
vt 0.535679 0.74452
vt 0.533976 0.749835
vt 0.533976 0.749835
vt 0.535679 0.74452
vt 0.554072 0.764834
vt 0.513661 0.730558
vt 0.533976 0.749835
vt 0.513643 0.733894
vt 0.533976 0.749835
vt 0.554072 0.764834
vt 0.54986 0.769945
vt 0.54986 0.769945
vt 0.554072 0.764834
vt 0.572997 0.790079
vt 0.54986 0.769945
vt 0.572997 0.790079
vt 0.56011 0.793318
vt 0.56011 0.793318
vt 0.572997 0.790079
vt 0.583084 0.815045
vt 0.56011 0.793318
vt 0.583084 0.815045
vt 0.564744 0.818341
vt 0.583084 0.815045
vt 0.564689 0.84379
vt 0.564744 0.818341
vt 0.583084 0.815045
vt 0.582943 0.838352
vt 0.564689 0.84379
vt 0.582943 0.838352
vt 0.561186 0.869035
vt 0.564689 0.84379
vt 0.582943 0.838352
vt 0.571194 0.862955
vt 0.561186 0.869035
vt 0.571194 0.862955
vt 0.582943 0.838352
vt 0.599974 0.854534
vt 0.571194 0.862955
vt 0.599974 0.854534
vt 0.596673 0.872869
vt 0.571194 0.862955
vt 0.596673 0.872869
vt 0.571009 0.92566
vt 0.571194 0.862955
vt 0.571009 0.92566
vt 0.551955 0.916708
vt 0.547154 0.91806
vt 0.561186 0.869035
vt 0.571194 0.862955
vt 0.547154 0.91806
vt 0.571194 0.862955
vt 0.551955 0.916708
vt 0.538869 0.944473
vt 0.547154 0.91806
vt 0.551955 0.916708
vt 0.571009 0.92566
vt 0.538869 0.944473
vt 0.551955 0.916708
vt 0.571009 0.92566
vt 0.601184 0.972295
vt 0.538869 0.944473
vt 0.571009 0.92566
vt 0.607968 0.93895
vt 0.601184 0.972295
vt 0.657345 0.959527
vt 0.601184 0.972295
vt 0.607968 0.93895
vt 0.657345 0.959527
vt 0.636309 0.987938
vt 0.601184 0.972295
vt 0.538869 0.944473
vt 0.53696 0.943602
vt 0.547154 0.91806
vt 0.657345 0.959527
vt 0.637587 0.988347
vt 0.636309 0.987938
vt 0.657345 0.959527
vt 0.686511 0.967246
vt 0.637587 0.988347
vt 0.685155 0.954822
vt 0.686511 0.967246
vt 0.657345 0.959527
vt 0.743131 0.949579
vt 0.686511 0.967246
vt 0.685155 0.954822
vt 0.685155 0.954822
vt 0.735715 0.875091
vt 0.743131 0.949579
vt 0.685155 0.954822
vt 0.678415 0.876181
vt 0.735715 0.875091
vt 0.743131 0.949579
vt 0.735715 0.875091
vt 0.795598 0.876345
vt 0.743131 0.949579
vt 0.795598 0.876345
vt 0.803133 0.95278
vt 0.803133 0.95278
vt 0.795598 0.876345
vt 0.850262 0.876265
vt 0.803133 0.95278
vt 0.850262 0.876265
vt 0.839891 0.962522
vt 0.850262 0.876265
vt 0.904551 0.927773
vt 0.839891 0.962522
vt 0.850262 0.876265
vt 0.87754 0.879971
vt 0.904551 0.927773
vt 0.737261 0.848828
vt 0.735715 0.875091
vt 0.678415 0.876181
vt 0.737261 0.848828
vt 0.678415 0.876181
vt 0.686975 0.851731
vt 0.735715 0.875091
vt 0.737261 0.848828
vt 0.794297 0.849946
vt 0.735715 0.875091
vt 0.794297 0.849946
vt 0.795598 0.876345
vt 0.850262 0.876265
vt 0.795598 0.876345
vt 0.794297 0.849946
vt 0.850262 0.876265
vt 0.794297 0.849946
vt 0.862322 0.856244
vt 0.862322 0.856244
vt 0.87754 0.879971
vt 0.850262 0.876265
vt 0.743131 0.949579
vt 0.747894 0.959665
vt 0.686511 0.967246
vt 0.803133 0.95278
vt 0.747894 0.959665
vt 0.743131 0.949579
vt 0.803133 0.95278
vt 0.810267 0.966804
vt 0.747894 0.959665
vt 0.839891 0.962522
vt 0.810267 0.966804
vt 0.803133 0.95278
vt 0.686975 0.851731
vt 0.678415 0.876181
vt 0.61985 0.882025
vt 0.686975 0.851731
vt 0.61985 0.882025
vt 0.63015 0.851687
vt 0.685155 0.954822
vt 0.61985 0.882025
vt 0.678415 0.876181
vt 0.685155 0.954822
vt 0.657345 0.959527
vt 0.61985 0.882025
vt 0.61985 0.882025
vt 0.657345 0.959527
vt 0.607968 0.93895
vt 0.61985 0.882025
vt 0.607968 0.93895
vt 0.571009 0.92566
vt 0.61985 0.882025
vt 0.571009 0.92566
vt 0.596673 0.872869
vt 0.63015 0.851687
vt 0.61985 0.882025
vt 0.596673 0.872869
vt 0.63015 0.851687
vt 0.596673 0.872869
vt 0.599974 0.854534
vt 0.608062 0.807813
vt 0.63015 0.851687
vt 0.599974 0.854534
vt 0.582943 0.838352
vt 0.608062 0.807813
vt 0.599974 0.854534
vt 0.582943 0.838352
vt 0.583084 0.815045
vt 0.608062 0.807813
vt 0.572997 0.790079
vt 0.608062 0.807813
vt 0.583084 0.815045
vt 0.572997 0.790079
vt 0.635123 0.750634
vt 0.608062 0.807813
vt 0.635123 0.750634
vt 0.641861 0.797824
vt 0.608062 0.807813
vt 0.608062 0.807813
vt 0.641861 0.797824
vt 0.636254 0.823173
vt 0.608062 0.807813
vt 0.636254 0.823173
vt 0.63015 0.851687
vt 0.686975 0.851731
vt 0.63015 0.851687
vt 0.636254 0.823173
vt 0.686975 0.851731
vt 0.636254 0.823173
vt 0.689934 0.822175
vt 0.686975 0.851731
vt 0.689934 0.822175
vt 0.738488 0.822577
vt 0.689934 0.822175
vt 0.739495 0.801373
vt 0.738488 0.822577
vt 0.739495 0.801373
vt 0.796145 0.82741
vt 0.738488 0.822577
vt 0.689934 0.822175
vt 0.69233 0.799318
vt 0.739495 0.801373
vt 0.692359 0.762803
vt 0.739495 0.801373
vt 0.69233 0.799318
vt 0.692359 0.762803
vt 0.744286 0.775313
vt 0.739495 0.801373
vt 0.692359 0.762803
vt 0.756936 0.729687
vt 0.744286 0.775313
vt 0.692359 0.762803
vt 0.703699 0.717558
vt 0.756936 0.729687
vt 0.761739 0.682807
vt 0.756936 0.729687
vt 0.703699 0.717558
vt 0.761739 0.682807
vt 0.703699 0.717558
vt 0.71304 0.675716
vt 0.773169 0.61772
vt 0.761739 0.682807
vt 0.71304 0.675716
vt 0.686975 0.851731
vt 0.738488 0.822577
vt 0.737261 0.848828
vt 0.796145 0.82741
vt 0.737261 0.848828
vt 0.738488 0.822577
vt 0.796145 0.82741
vt 0.794297 0.849946
vt 0.737261 0.848828
vt 0.862322 0.856244
vt 0.794297 0.849946
vt 0.796145 0.82741
vt 0.862322 0.856244
vt 0.796145 0.82741
vt 0.872097 0.83136
vt 0.885358 0.856514
vt 0.862322 0.856244
vt 0.872097 0.83136
vt 0.885358 0.856514
vt 0.872097 0.83136
vt 0.90229 0.825408
vt 0.90229 0.825408
vt 0.935488 0.85828
vt 0.885358 0.856514
vt 0.935488 0.85828
vt 0.87754 0.879971
vt 0.885358 0.856514
vt 0.862322 0.856244
vt 0.885358 0.856514
vt 0.87754 0.879971
vt 0.90229 0.825408
vt 0.902405 0.81663
vt 0.935488 0.85828
vt 0.872097 0.83136
vt 0.902405 0.81663
vt 0.90229 0.825408
vt 0.935488 0.85828
vt 0.904551 0.927773
vt 0.87754 0.879971
vt 0.255402 0.216168
vt 0.285607 0.213127
vt 0.259447 0.207899
vt 0.255402 0.216168
vt 0.259447 0.207899
vt 0.206041 0.219678
vt 0.032994 0.234476
vt 0.038869 0.221933
vt 0.013275 0.221199
vt 0.032994 0.234476
vt 0.013275 0.221199
vt 0.011159 0.234476
vt 0.062573 0.234475
vt 0.038869 0.221933
vt 0.032994 0.234476
vt 0.062573 0.234475
vt 0.062208 0.221499
vt 0.038869 0.221933
vt 0.077004 0.234475
vt 0.062208 0.221499
vt 0.062573 0.234475
vt 0.077004 0.234475
vt 0.084258 0.217973
vt 0.062208 0.221499
vt 0.084258 0.217973
vt 0.077004 0.234475
vt 0.107908 0.234476
vt 0.084258 0.217973
vt 0.107908 0.234476
vt 0.108007 0.219111
vt 0.062208 0.221499
vt 0.084258 0.217973
vt 0.086882 0.204387
vt 0.062208 0.221499
vt 0.086882 0.204387
vt 0.061847 0.208034
vt 0.084258 0.217973
vt 0.108007 0.219111
vt 0.108093 0.205382
vt 0.084258 0.217973
vt 0.108093 0.205382
vt 0.086882 0.204387
vt 0.012874 0.209478
vt 0.013275 0.221199
vt 0.038869 0.221933
vt 0.012874 0.209478
vt 0.038869 0.221933
vt 0.039289 0.207885
vt 0.039289 0.207885
vt 0.038869 0.221933
vt 0.062208 0.221499
vt 0.039289 0.207885
vt 0.062208 0.221499
vt 0.061847 0.208034
vt 0.13178 0.21798
vt 0.108007 0.219111
vt 0.107908 0.234476
vt 0.13178 0.21798
vt 0.108093 0.205382
vt 0.108007 0.219111
vt 0.13178 0.21798
vt 0.107908 0.234476
vt 0.138849 0.234475
vt 0.138849 0.234475
vt 0.153759 0.221588
vt 0.13178 0.21798
vt 0.138849 0.234475
vt 0.153218 0.234475
vt 0.153759 0.221588
vt 0.153218 0.234475
vt 0.177165 0.222935
vt 0.153759 0.221588
vt 0.153218 0.234475
vt 0.182662 0.234476
vt 0.177165 0.222935
vt 0.182662 0.234476
vt 0.202806 0.221199
vt 0.177165 0.222935
vt 0.182662 0.234476
vt 0.204533 0.234475
vt 0.202806 0.221199
vt 0.153759 0.221588
vt 0.129314 0.204396
vt 0.13178 0.21798
vt 0.13178 0.21798
vt 0.129314 0.204396
vt 0.108093 0.205382
vt 0.153759 0.221588
vt 0.154282 0.20813
vt 0.129314 0.204396
vt 0.20322 0.209478
vt 0.177165 0.222935
vt 0.202806 0.221199
vt 0.20322 0.209478
vt 0.176854 0.208374
vt 0.177165 0.222935
vt 0.176854 0.208374
vt 0.154282 0.20813
vt 0.153759 0.221588
vt 0.176854 0.208374
vt 0.153759 0.221588
vt 0.177165 0.222935
vt 0.061355 0.966032
vt 0.024076 0.951974
vt 0.019931 0.957993
vt 0.061355 0.966032
vt 0.019931 0.957993
vt 0.048301 0.971606
vt 0.019931 0.957993
vt 0.032237 0.977441
vt 0.048301 0.971606
vt 0.019931 0.957993
vt 0.009366 0.971168
vt 0.032237 0.977441
vt 0.045075 0.012311
vt 0.042977 0.041906
vt 0.08439 0.039669
vt 0.045075 0.012311
vt 0.08439 0.039669
vt 0.070848 0.012507
vt 0.070848 0.012507
vt 0.08439 0.039669
vt 0.126386 0.040965
vt 0.070848 0.012507
vt 0.126386 0.040965
vt 0.123655 0.010535
vt 0.04433 0.050268
vt 0.08439 0.039669
vt 0.042977 0.041906
vt 0.042977 0.041906
vt 0.022634 0.065498
vt 0.04433 0.050268
vt 0.042977 0.041906
vt 0.017366 0.034382
vt 0.022634 0.065498
vt 0.045075 0.012311
vt 0.017366 0.034382
vt 0.042977 0.041906
vt 0.038538 0.058823
vt 0.04433 0.050268
vt 0.022634 0.065498
vt 0.04433 0.050268
vt 0.038538 0.058823
vt 0.086488 0.055932
vt 0.04433 0.050268
vt 0.086488 0.055932
vt 0.087245 0.047515
vt 0.04433 0.050268
vt 0.087245 0.047515
vt 0.08439 0.039669
vt 0.087245 0.047515
vt 0.126386 0.040965
vt 0.08439 0.039669
vt 0.087245 0.047515
vt 0.086488 0.055932
vt 0.127439 0.056202
vt 0.087245 0.047515
vt 0.127439 0.056202
vt 0.126691 0.048438
vt 0.087245 0.047515
vt 0.126691 0.048438
vt 0.126386 0.040965
vt 0.170251 0.037133
vt 0.126386 0.040965
vt 0.126691 0.048438
vt 0.170251 0.037133
vt 0.123655 0.010535
vt 0.126386 0.040965
vt 0.170251 0.037133
vt 0.126691 0.048438
vt 0.171768 0.041224
vt 0.171768 0.041224
vt 0.126691 0.048438
vt 0.127439 0.056202
vt 0.211471 0.038824
vt 0.170251 0.037133
vt 0.171768 0.041224
vt 0.211471 0.038824
vt 0.171768 0.041224
vt 0.211443 0.043057
vt 0.038538 0.058823
vt 0.022634 0.065498
vt 0.024161 0.112223
vt 0.171768 0.041224
vt 0.127439 0.056202
vt 0.172885 0.049582
vt 0.211443 0.043057
vt 0.171768 0.041224
vt 0.172885 0.049582
vt 0.211443 0.043057
vt 0.172885 0.049582
vt 0.211391 0.051387
vt 0.170251 0.037133
vt 0.164054 0.011023
vt 0.123655 0.010535
vt 0.211471 0.038824
vt 0.164054 0.011023
vt 0.170251 0.037133
vt 0.211471 0.038824
vt 0.211629 0.014115
vt 0.164054 0.011023
vt 0.164054 0.011023
vt 0.120982 0.003639
vt 0.123655 0.010535
vt 0.123655 0.010535
vt 0.120982 0.003639
vt 0.07187 0.003639
vt 0.123655 0.010535
vt 0.07187 0.003639
vt 0.070848 0.012507
vt 0.070848 0.012507
vt 0.07187 0.003639
vt 0.045497 0.003639
vt 0.070848 0.012507
vt 0.045497 0.003639
vt 0.045075 0.012311
vt 0.045075 0.012311
vt 0.045497 0.003639
vt 0.020638 0.003639
vt 0.045075 0.012311
vt 0.020638 0.003639
vt 0.01957 0.011158
vt 0.045075 0.012311
vt 0.01957 0.011158
vt 0.017366 0.034382
vt 0.01957 0.011158
vt 0.010292 0.030006
vt 0.017366 0.034382
vt 0.017366 0.034382
vt 0.010292 0.030006
vt 0.010292 0.043325
vt 0.017366 0.034382
vt 0.010292 0.043325
vt 0.022634 0.065498
vt 0.022634 0.065498
vt 0.010292 0.043325
vt 0.010292 0.110707
vt 0.022634 0.065498
vt 0.010292 0.110707
vt 0.024161 0.112223
vt 0.01957 0.011158
vt 0.010292 0.011158
vt 0.010292 0.030006
vt 0.164054 0.011023
vt 0.1642 0.003639
vt 0.120982 0.003639
vt 0.211629 0.014115
vt 0.1642 0.003639
vt 0.164054 0.011023
vt 0.211629 0.014115
vt 0.211697 0.003639
vt 0.1642 0.003639
vt 0.211629 0.014115
vt 0.259146 0.003639
vt 0.211697 0.003639
vt 0.211629 0.014115
vt 0.259203 0.011028
vt 0.259146 0.003639
vt 0.252695 0.037144
vt 0.259203 0.011028
vt 0.211629 0.014115
vt 0.299549 0.010568
vt 0.259203 0.011028
vt 0.252695 0.037144
vt 0.299549 0.010568
vt 0.252695 0.037144
vt 0.29647 0.04111
vt 0.299549 0.010568
vt 0.29647 0.04111
vt 0.338467 0.04022
vt 0.299549 0.010568
vt 0.338467 0.04022
vt 0.352273 0.012626
vt 0.352273 0.012626
vt 0.338467 0.04022
vt 0.379647 0.042013
vt 0.352273 0.012626
vt 0.379647 0.042013
vt 0.377988 0.012345
vt 0.252695 0.037144
vt 0.29608 0.048602
vt 0.29647 0.04111
vt 0.252695 0.037144
vt 0.251129 0.041235
vt 0.29608 0.048602
vt 0.211471 0.038824
vt 0.251129 0.041235
vt 0.252695 0.037144
vt 0.252695 0.037144
vt 0.211629 0.014115
vt 0.211471 0.038824
vt 0.211471 0.038824
vt 0.211443 0.043057
vt 0.251129 0.041235
vt 0.251129 0.041235
vt 0.295239 0.056375
vt 0.29608 0.048602
vt 0.335539 0.048217
vt 0.29608 0.048602
vt 0.295239 0.056375
vt 0.335539 0.048217
vt 0.338467 0.04022
vt 0.29647 0.04111
vt 0.335539 0.048217
vt 0.29647 0.04111
vt 0.29608 0.048602
vt 0.335539 0.048217
vt 0.295239 0.056375
vt 0.336214 0.056818
vt 0.378308 0.05037
vt 0.335539 0.048217
vt 0.336214 0.056818
vt 0.378308 0.05037
vt 0.379647 0.042013
vt 0.338467 0.04022
vt 0.378308 0.05037
vt 0.338467 0.04022
vt 0.335539 0.048217
vt 0.379647 0.042013
vt 0.378308 0.05037
vt 0.39936 0.066162
vt 0.379647 0.042013
vt 0.39936 0.066162
vt 0.404425 0.034476
vt 0.404425 0.034476
vt 0.377988 0.012345
vt 0.379647 0.042013
vt 0.378308 0.05037
vt 0.336214 0.056818
vt 0.384077 0.058823
vt 0.384077 0.058823
vt 0.39936 0.066162
vt 0.378308 0.05037
vt 0.384077 0.058823
vt 0.398022 0.114629
vt 0.39936 0.066162
vt 0.251129 0.041235
vt 0.249914 0.049597
vt 0.295239 0.056375
vt 0.211443 0.043057
vt 0.249914 0.049597
vt 0.251129 0.041235
vt 0.211443 0.043057
vt 0.211391 0.051387
vt 0.249914 0.049597
vt 0.404425 0.034476
vt 0.403758 0.011158
vt 0.377988 0.012345
vt 0.404425 0.034476
vt 0.39936 0.066162
vt 0.411111 0.043325
vt 0.404425 0.034476
vt 0.411111 0.043325
vt 0.411111 0.030022
vt 0.39936 0.066162
vt 0.398022 0.114629
vt 0.411111 0.11312
vt 0.39936 0.066162
vt 0.411111 0.11312
vt 0.411111 0.043325
vt 0.411111 0.010889
vt 0.403758 0.011158
vt 0.404425 0.034476
vt 0.411111 0.010889
vt 0.404425 0.034476
vt 0.411111 0.030022
vt 0.377988 0.012345
vt 0.403758 0.011158
vt 0.402733 0.003639
vt 0.377988 0.012345
vt 0.402733 0.003639
vt 0.377748 0.003639
vt 0.352273 0.012626
vt 0.377988 0.012345
vt 0.377748 0.003639
vt 0.352273 0.012626
vt 0.377748 0.003639
vt 0.351353 0.003639
vt 0.299549 0.010568
vt 0.352273 0.012626
vt 0.351353 0.003639
vt 0.299549 0.010568
vt 0.351353 0.003639
vt 0.302298 0.003639
vt 0.259203 0.011028
vt 0.299549 0.010568
vt 0.302298 0.003639
vt 0.259203 0.011028
vt 0.302298 0.003639
vt 0.259146 0.003639
vt 0.255402 0.216168
vt 0.206041 0.219678
vt 0.259447 0.207899
vt 0.255402 0.216168
vt 0.259447 0.207899
vt 0.285607 0.213127
vt 0.061355 0.966032
vt 0.048301 0.971606
vt 0.019931 0.957993
vt 0.061355 0.966032
vt 0.019931 0.957993
vt 0.024076 0.951974
vt 0.019931 0.957993
vt 0.048301 0.971606
vt 0.032237 0.977441
vt 0.019931 0.957993
vt 0.032237 0.977441
vt 0.009366 0.971168
vt 0.569633 0.309642
vt 0.568648 0.313723
vt 0.584432 0.317529
vt 0.569633 0.309642
vt 0.584432 0.317529
vt 0.586594 0.314136
vt 0.605457 0.315527
vt 0.586594 0.314136
vt 0.584432 0.317529
vt 0.605457 0.315527
vt 0.584432 0.317529
vt 0.604527 0.31881
vt 0.604527 0.31881
vt 0.62898 0.318215
vt 0.605457 0.315527
vt 0.604527 0.31881
vt 0.625945 0.321783
vt 0.62898 0.318215
vt 0.625945 0.321783
vt 0.664285 0.31746
vt 0.62898 0.318215
vt 0.625945 0.321783
vt 0.660335 0.322776
vt 0.664285 0.31746
vt 0.660335 0.322776
vt 0.693213 0.317513
vt 0.664285 0.31746
vt 0.660335 0.322776
vt 0.689081 0.322248
vt 0.693213 0.317513
vt 0.70819 0.31981
vt 0.693213 0.317513
vt 0.689081 0.322248
vt 0.70819 0.31981
vt 0.689081 0.322248
vt 0.703436 0.329236
vt 0.689081 0.322248
vt 0.698483 0.351303
vt 0.703436 0.329236
vt 0.689081 0.322248
vt 0.682997 0.345222
vt 0.698483 0.351303
vt 0.682997 0.345222
vt 0.689081 0.322248
vt 0.660335 0.322776
vt 0.569633 0.309642
vt 0.547018 0.309157
vt 0.568648 0.313723
vt 0.585404 0.343525
vt 0.584432 0.317529
vt 0.568648 0.313723
vt 0.585404 0.343525
vt 0.568648 0.313723
vt 0.561781 0.344172
vt 0.561781 0.344172
vt 0.568648 0.313723
vt 0.547018 0.309157
vt 0.58566 0.362056
vt 0.585404 0.343525
vt 0.561781 0.344172
vt 0.620944 0.361158
vt 0.585404 0.343525
vt 0.58566 0.362056
vt 0.620944 0.361158
vt 0.622593 0.343055
vt 0.585404 0.343525
vt 0.660335 0.322776
vt 0.622593 0.343055
vt 0.620944 0.361158
vt 0.625945 0.321783
vt 0.622593 0.343055
vt 0.660335 0.322776
vt 0.58566 0.362056
vt 0.561781 0.344172
vt 0.560298 0.363272
vt 0.660335 0.322776
vt 0.620944 0.361158
vt 0.65572 0.346386
vt 0.682997 0.345222
vt 0.660335 0.322776
vt 0.65572 0.346386
vt 0.561781 0.344172
vt 0.528231 0.354112
vt 0.560298 0.363272
vt 0.561781 0.344172
vt 0.527876 0.332717
vt 0.528231 0.354112
vt 0.561781 0.344172
vt 0.547018 0.309157
vt 0.527876 0.332717
vt 0.527876 0.332717
vt 0.505934 0.346457
vt 0.528231 0.354112
vt 0.527876 0.332717
vt 0.504256 0.323194
vt 0.505934 0.346457
vt 0.504256 0.323194
vt 0.476675 0.336849
vt 0.505934 0.346457
vt 0.504256 0.323194
vt 0.474067 0.311721
vt 0.476675 0.336849
vt 0.499723 0.309972
vt 0.474067 0.311721
vt 0.504256 0.323194
vt 0.499723 0.309972
vt 0.471735 0.305501
vt 0.474067 0.311721
vt 0.457204 0.310648
vt 0.474067 0.311721
vt 0.471735 0.305501
vt 0.457204 0.310648
vt 0.471735 0.305501
vt 0.456006 0.303815
vt 0.440383 0.316668
vt 0.457204 0.310648
vt 0.456006 0.303815
vt 0.440383 0.316668
vt 0.456006 0.303815
vt 0.439133 0.305264
vt 0.499723 0.309972
vt 0.504256 0.323194
vt 0.514923 0.316448
vt 0.499723 0.309972
vt 0.514923 0.316448
vt 0.510869 0.308741
vt 0.510869 0.308741
vt 0.514923 0.316448
vt 0.524638 0.310237
vt 0.524638 0.310237
vt 0.514923 0.316448
vt 0.504256 0.323194
vt 0.524638 0.310237
vt 0.504256 0.323194
vt 0.527876 0.332717
vt 0.510869 0.308741
vt 0.524638 0.310237
vt 0.521205 0.304955
vt 0.524638 0.310237
vt 0.544403 0.304981
vt 0.521205 0.304955
vt 0.524638 0.310237
vt 0.547018 0.309157
vt 0.544403 0.304981
vt 0.440383 0.316668
vt 0.459914 0.335972
vt 0.457204 0.310648
vt 0.459914 0.335972
vt 0.476675 0.336849
vt 0.474067 0.311721
vt 0.459914 0.335972
vt 0.474067 0.311721
vt 0.457204 0.310648
vt 0.440383 0.316668
vt 0.441933 0.340652
vt 0.459914 0.335972
vt 0.569633 0.309642
vt 0.544403 0.304981
vt 0.547018 0.309157
vt 0.547018 0.309157
vt 0.524638 0.310237
vt 0.527876 0.332717
vt 0.441933 0.340652
vt 0.464424 0.384695
vt 0.459914 0.335972
vt 0.464424 0.384695
vt 0.476675 0.336849
vt 0.459914 0.335972
vt 0.464424 0.384695
vt 0.481299 0.385552
vt 0.476675 0.336849
vt 0.505934 0.346457
vt 0.476675 0.336849
vt 0.481299 0.385552
vt 0.505934 0.346457
vt 0.481299 0.385552
vt 0.50905 0.390582
vt 0.505934 0.346457
vt 0.50905 0.390582
vt 0.528647 0.394388
vt 0.505934 0.346457
vt 0.528647 0.394388
vt 0.528231 0.354112
vt 0.528647 0.394388
vt 0.560298 0.363272
vt 0.528231 0.354112
vt 0.528647 0.394388
vt 0.557495 0.398443
vt 0.560298 0.363272
vt 0.560298 0.363272
vt 0.557495 0.398443
vt 0.586423 0.396638
vt 0.560298 0.363272
vt 0.586423 0.396638
vt 0.58566 0.362056
vt 0.586423 0.396638
vt 0.620944 0.361158
vt 0.58566 0.362056
vt 0.586423 0.396638
vt 0.618612 0.396322
vt 0.620944 0.361158
vt 0.441933 0.340652
vt 0.444349 0.386556
vt 0.464424 0.384695
vt 0.65572 0.346386
vt 0.620944 0.361158
vt 0.618612 0.396322
vt 0.65572 0.346386
vt 0.618612 0.396322
vt 0.649307 0.390357
vt 0.587186 0.431219
vt 0.618612 0.396322
vt 0.586423 0.396638
vt 0.557495 0.398443
vt 0.587186 0.431219
vt 0.586423 0.396638
vt 0.587186 0.431219
vt 0.61628 0.431485
vt 0.618612 0.396322
vt 0.61628 0.431485
vt 0.649307 0.390357
vt 0.618612 0.396322
vt 0.58757 0.434563
vt 0.61628 0.431485
vt 0.587186 0.431219
vt 0.554691 0.433614
vt 0.58757 0.434563
vt 0.587186 0.431219
vt 0.557495 0.398443
vt 0.554691 0.433614
vt 0.587186 0.431219
vt 0.554691 0.433614
vt 0.553495 0.43631
vt 0.58757 0.434563
vt 0.58757 0.434563
vt 0.553495 0.43631
vt 0.555524 0.444962
vt 0.58757 0.434563
vt 0.555524 0.444962
vt 0.585862 0.444963
vt 0.58757 0.434563
vt 0.585862 0.444963
vt 0.614517 0.444963
vt 0.58757 0.434563
vt 0.614517 0.444963
vt 0.616738 0.432602
vt 0.58757 0.434563
vt 0.616738 0.432602
vt 0.61628 0.431485
vt 0.642055 0.433683
vt 0.616738 0.432602
vt 0.614517 0.444963
vt 0.61628 0.431485
vt 0.616738 0.432602
vt 0.642055 0.433683
vt 0.642055 0.433683
vt 0.614517 0.444963
vt 0.641992 0.444962
vt 0.662728 0.43385
vt 0.642055 0.433683
vt 0.641992 0.444962
vt 0.662728 0.43385
vt 0.641992 0.444962
vt 0.666978 0.444962
vt 0.68083 0.436229
vt 0.662728 0.43385
vt 0.666978 0.444962
vt 0.68083 0.436229
vt 0.666978 0.444962
vt 0.681694 0.444962
vt 0.66271 0.432949
vt 0.662728 0.43385
vt 0.68083 0.436229
vt 0.66271 0.432949
vt 0.642055 0.433683
vt 0.662728 0.43385
vt 0.66271 0.432949
vt 0.68083 0.436229
vt 0.681228 0.435378
vt 0.66271 0.432949
vt 0.643101 0.432641
vt 0.642055 0.433683
vt 0.61628 0.431485
vt 0.642055 0.433683
vt 0.643101 0.432641
vt 0.553495 0.43631
vt 0.554691 0.433614
vt 0.529062 0.434663
vt 0.553495 0.43631
vt 0.529062 0.434663
vt 0.528211 0.435936
vt 0.528211 0.435936
vt 0.529062 0.434663
vt 0.512166 0.434707
vt 0.528211 0.435936
vt 0.512166 0.434707
vt 0.512148 0.435656
vt 0.508892 0.444962
vt 0.528211 0.435936
vt 0.512148 0.435656
vt 0.508892 0.444962
vt 0.527964 0.444962
vt 0.528211 0.435936
vt 0.512148 0.435656
vt 0.485196 0.444962
vt 0.508892 0.444962
vt 0.512148 0.435656
vt 0.485915 0.435565
vt 0.485196 0.444962
vt 0.512166 0.434707
vt 0.485915 0.435565
vt 0.512148 0.435656
vt 0.485196 0.444962
vt 0.485915 0.435565
vt 0.469074 0.434449
vt 0.485196 0.444962
vt 0.469074 0.434449
vt 0.467816 0.444962
vt 0.448253 0.444962
vt 0.467816 0.444962
vt 0.469074 0.434449
vt 0.448253 0.444962
vt 0.469074 0.434449
vt 0.447106 0.43339
vt 0.469074 0.434449
vt 0.446764 0.43246
vt 0.447106 0.43339
vt 0.469074 0.434449
vt 0.468934 0.433418
vt 0.446764 0.43246
vt 0.469074 0.434449
vt 0.485915 0.435565
vt 0.485923 0.434254
vt 0.469074 0.434449
vt 0.485923 0.434254
vt 0.468934 0.433418
vt 0.512166 0.434707
vt 0.485923 0.434254
vt 0.485915 0.435565
vt 0.527964 0.444962
vt 0.553495 0.43631
vt 0.528211 0.435936
vt 0.527964 0.444962
vt 0.555524 0.444962
vt 0.553495 0.43631
vt 0.50905 0.390582
vt 0.485923 0.434254
vt 0.512166 0.434707
vt 0.50905 0.390582
vt 0.512166 0.434707
vt 0.529062 0.434663
vt 0.50905 0.390582
vt 0.529062 0.434663
vt 0.528647 0.394388
vt 0.529062 0.434663
vt 0.557495 0.398443
vt 0.528647 0.394388
vt 0.529062 0.434663
vt 0.554691 0.433614
vt 0.557495 0.398443
vt 0.50905 0.390582
vt 0.481299 0.385552
vt 0.485923 0.434254
vt 0.468934 0.433418
vt 0.485923 0.434254
vt 0.481299 0.385552
vt 0.468934 0.433418
vt 0.481299 0.385552
vt 0.464424 0.384695
vt 0.444349 0.386556
vt 0.446764 0.43246
vt 0.468934 0.433418
vt 0.444349 0.386556
vt 0.468934 0.433418
vt 0.464424 0.384695
vt 0.920262 0.192246
vt 0.924306 0.18291
vt 0.916624 0.187996
vt 0.924306 0.18291
vt 0.914669 0.181861
vt 0.916624 0.187996
vt 0.914669 0.181861
vt 0.924306 0.18291
vt 0.915734 0.176429
vt 0.915734 0.176429
vt 0.924306 0.18291
vt 0.918922 0.172195
vt 0.924306 0.18291
vt 0.923511 0.172175
vt 0.918922 0.172195
vt 0.927357 0.192051
vt 0.924306 0.18291
vt 0.920262 0.192246
vt 0.934838 0.186536
vt 0.924306 0.18291
vt 0.927357 0.192051
vt 0.93599 0.181381
vt 0.924306 0.18291
vt 0.934838 0.186536
vt 0.92941 0.17215
vt 0.924306 0.18291
vt 0.93599 0.181381
vt 0.924306 0.18291
vt 0.92941 0.17215
vt 0.923511 0.172175
vt 0.991147 0.625704
vt 0.991054 0.678975
vt 0.948498 0.693951
vt 0.991147 0.625704
vt 0.948498 0.693951
vt 0.931316 0.6412
vt 0.9219 0.557346
vt 0.885774 0.631143
vt 0.888221 0.574251
vt 0.888221 0.574251
vt 0.885774 0.631143
vt 0.825224 0.623343
vt 0.536347 0.7267
vt 0.537701 0.681551
vt 0.578701 0.68624
vt 0.536347 0.7267
vt 0.578701 0.68624
vt 0.562464 0.73269
vt 0.513921 0.68055
vt 0.537701 0.681551
vt 0.536347 0.7267
vt 0.513921 0.68055
vt 0.536347 0.7267
vt 0.513699 0.723299
vt 0.604527 0.31881
vt 0.584432 0.317529
vt 0.585404 0.343525
vt 0.622593 0.343055
vt 0.604527 0.31881
vt 0.585404 0.343525
vt 0.622593 0.343055
vt 0.625945 0.321783
vt 0.604527 0.31881
vt 0.682997 0.345222
vt 0.672853 0.389086
vt 0.689855 0.39334
vt 0.682997 0.345222
vt 0.689855 0.39334
vt 0.698483 0.351303
vt 0.672853 0.389086
vt 0.681228 0.435378
vt 0.689855 0.39334
vt 0.672853 0.389086
vt 0.66271 0.432949
vt 0.681228 0.435378
vt 0.672853 0.389086
vt 0.682997 0.345222
vt 0.65572 0.346386
vt 0.672853 0.389086
vt 0.65572 0.346386
vt 0.649307 0.390357
vt 0.66271 0.432949
vt 0.672853 0.389086
vt 0.649307 0.390357
vt 0.66271 0.432949
vt 0.649307 0.390357
vt 0.643101 0.432641
vt 0.61628 0.431485
vt 0.643101 0.432641
vt 0.649307 0.390357
vt 0.921538 0.098415
vt 0.943638 0.093495
vt 0.930061 0.089769
vt 0.91794 0.100228
vt 0.921538 0.098415
vt 0.930061 0.089769
vt 0.91794 0.100228
vt 0.930061 0.089769
vt 0.917698 0.088006
vt 0.906119 0.098022
vt 0.91794 0.100228
vt 0.917698 0.088006
vt 0.906119 0.098022
vt 0.917698 0.088006
vt 0.905496 0.090268
vt 0.896198 0.094654
vt 0.906119 0.098022
vt 0.905496 0.090268
vt 0.904739 0.079752
vt 0.896198 0.094654
vt 0.905496 0.090268
vt 0.904739 0.079752
vt 0.886577 0.086399
vt 0.896198 0.094654
vt 0.91794 0.100228
vt 0.935305 0.106848
vt 0.921538 0.098415
vt 0.943638 0.093495
vt 0.921538 0.098415
vt 0.935305 0.106848
vt 0.91794 0.100228
vt 0.922521 0.109524
vt 0.935305 0.106848
vt 0.906119 0.098022
vt 0.913161 0.108962
vt 0.91794 0.100228
vt 0.91794 0.100228
vt 0.913161 0.108962
vt 0.922521 0.109524
vt 0.906119 0.098022
vt 0.901849 0.104761
vt 0.913161 0.108962
vt 0.906772 0.058962
vt 0.886577 0.086399
vt 0.904739 0.079752
vt 0.906772 0.058962
vt 0.885246 0.070241
vt 0.886577 0.086399
vt 0.885246 0.070241
vt 0.906772 0.058962
vt 0.908762 0.044992
vt 0.885246 0.070241
vt 0.908762 0.044992
vt 0.88235 0.056967
vt 0.91855 0.079213
vt 0.904739 0.079752
vt 0.905496 0.090268
vt 0.91855 0.079213
vt 0.905496 0.090268
vt 0.917698 0.088006
vt 0.906772 0.058962
vt 0.904739 0.079752
vt 0.91855 0.079213
vt 0.931503 0.079924
vt 0.91855 0.079213
vt 0.917698 0.088006
vt 0.930395 0.058766
vt 0.91855 0.079213
vt 0.931503 0.079924
vt 0.949577 0.084943
vt 0.930395 0.058766
vt 0.931503 0.079924
vt 0.949577 0.084943
vt 0.951995 0.070045
vt 0.930395 0.058766
vt 0.943638 0.093495
vt 0.949577 0.084943
vt 0.931503 0.079924
vt 0.943638 0.093495
vt 0.931503 0.079924
vt 0.930061 0.089769
vt 0.932841 0.045081
vt 0.930395 0.058766
vt 0.951995 0.070045
vt 0.932841 0.045081
vt 0.919218 0.058498
vt 0.930395 0.058766
vt 0.930395 0.058766
vt 0.919218 0.058498
vt 0.91855 0.079213
vt 0.906772 0.058962
vt 0.91855 0.079213
vt 0.919218 0.058498
vt 0.908762 0.044992
vt 0.906772 0.058962
vt 0.919218 0.058498
vt 0.932841 0.045081
vt 0.919418 0.045157
vt 0.919218 0.058498
vt 0.908762 0.044992
vt 0.919218 0.058498
vt 0.919418 0.045157
vt 0.932841 0.045081
vt 0.951995 0.070045
vt 0.955799 0.056877
vt 0.931503 0.079924
vt 0.917698 0.088006
vt 0.930061 0.089769
vt 0.960178 0.073883
vt 0.955799 0.056877
vt 0.951995 0.070045
vt 0.960178 0.073883
vt 0.951995 0.070045
vt 0.949577 0.084943
vt 0.960178 0.073883
vt 0.964226 0.061619
vt 0.955799 0.056877
vt 0.964226 0.061619
vt 0.962039 0.044819
vt 0.955799 0.056877
vt 0.964226 0.061619
vt 0.972782 0.048144
vt 0.962039 0.044819
vt 0.960178 0.073883
vt 0.949577 0.084943
vt 0.956239 0.088348
vt 0.951537 0.097957
vt 0.956239 0.088348
vt 0.949577 0.084943
vt 0.951537 0.097957
vt 0.949577 0.084943
vt 0.943638 0.093495
vt 0.937546 0.111598
vt 0.951537 0.097957
vt 0.943638 0.093495
vt 0.937546 0.111598
vt 0.943638 0.093495
vt 0.935305 0.106848
vt 0.923894 0.116399
vt 0.937546 0.111598
vt 0.935305 0.106848
vt 0.923894 0.116399
vt 0.935305 0.106848
vt 0.922521 0.109524
vt 0.911005 0.11562
vt 0.923894 0.116399
vt 0.922521 0.109524
vt 0.911005 0.11562
vt 0.922521 0.109524
vt 0.913161 0.108962
vt 0.899754 0.11088
vt 0.911005 0.11562
vt 0.913161 0.108962
vt 0.899754 0.11088
vt 0.913161 0.108962
vt 0.901849 0.104761
vt 0.885216 0.098906
vt 0.899754 0.11088
vt 0.901849 0.104761
vt 0.885216 0.098906
vt 0.901849 0.104761
vt 0.890518 0.096071
vt 0.880621 0.088332
vt 0.885216 0.098906
vt 0.890518 0.096071
vt 0.880621 0.088332
vt 0.890518 0.096071
vt 0.886577 0.086399
vt 0.880621 0.088332
vt 0.886577 0.086399
vt 0.885246 0.070241
vt 0.880621 0.088332
vt 0.885246 0.070241
vt 0.877023 0.07396
vt 0.88235 0.056967
vt 0.877023 0.07396
vt 0.885246 0.070241
vt 0.88235 0.056967
vt 0.873685 0.061329
vt 0.877023 0.07396
vt 0.865809 0.048114
vt 0.873685 0.061329
vt 0.88235 0.056967
vt 0.865809 0.048114
vt 0.88235 0.056967
vt 0.876668 0.044946
vt 0.871385 0.033636
vt 0.865809 0.048114
vt 0.876668 0.044946
vt 0.871385 0.033636
vt 0.860629 0.036812
vt 0.865809 0.048114
vt 0.858109 0.025509
vt 0.860629 0.036812
vt 0.871385 0.033636
vt 0.858109 0.025509
vt 0.871385 0.033636
vt 0.866469 0.017822
vt 0.855053 0.018274
vt 0.858109 0.025509
vt 0.866469 0.017822
vt 0.852914 0.013024
vt 0.855053 0.018274
vt 0.866469 0.017822
vt 0.852914 0.013024
vt 0.866469 0.017822
vt 0.863561 0.009081
vt 0.896198 0.094654
vt 0.886577 0.086399
vt 0.890518 0.096071
vt 0.906119 0.098022
vt 0.896198 0.094654
vt 0.890518 0.096071
vt 0.906119 0.098022
vt 0.890518 0.096071
vt 0.901849 0.104761
vt 0.876668 0.044946
vt 0.880117 0.030227
vt 0.871385 0.033636
vt 0.880117 0.030227
vt 0.866469 0.017822
vt 0.871385 0.033636
vt 0.880117 0.030227
vt 0.876777 0.014912
vt 0.866469 0.017822
vt 0.876777 0.014912
vt 0.863561 0.009081
vt 0.866469 0.017822
vt 0.876777 0.014912
vt 0.875415 0.005353
vt 0.863561 0.009081
vt 0.876668 0.044946
vt 0.891415 0.027421
vt 0.880117 0.030227
vt 0.891415 0.027421
vt 0.876777 0.014912
vt 0.880117 0.030227
vt 0.876668 0.044946
vt 0.89428 0.037287
vt 0.891415 0.027421
vt 0.875415 0.005353
vt 0.876777 0.014912
vt 0.89345 0.006487
vt 0.891415 0.027421
vt 0.89345 0.006487
vt 0.876777 0.014912
vt 0.89428 0.037287
vt 0.876668 0.044946
vt 0.88235 0.056967
vt 0.89428 0.037287
vt 0.88235 0.056967
vt 0.908762 0.044992
vt 0.952457 0.134951
vt 0.961131 0.137602
vt 0.965344 0.117926
vt 0.965344 0.117926
vt 0.946773 0.125769
vt 0.952457 0.134951
vt 0.965344 0.117926
vt 0.949687 0.110875
vt 0.946773 0.125769
vt 0.968414 0.109892
vt 0.949687 0.110875
vt 0.965344 0.117926
vt 0.968414 0.109892
vt 0.952309 0.102848
vt 0.949687 0.110875
vt 0.980565 0.125716
vt 0.965344 0.117926
vt 0.961131 0.137602
vt 0.980565 0.125716
vt 0.961131 0.137602
vt 0.970101 0.136229
vt 0.983967 0.117462
vt 0.968414 0.109892
vt 0.965344 0.117926
vt 0.983967 0.117462
vt 0.965344 0.117926
vt 0.980565 0.125716
vt 0.972545 0.099224
vt 0.968414 0.109892
vt 0.983967 0.117462
vt 0.972545 0.099224
vt 0.983967 0.117462
vt 0.986299 0.105585
vt 0.968414 0.109892
vt 0.972545 0.099224
vt 0.960567 0.093806
vt 0.968414 0.109892
vt 0.960567 0.093806
vt 0.952309 0.102848
vt 0.972545 0.099224
vt 0.986299 0.105585
vt 0.988597 0.09494
vt 0.972545 0.099224
vt 0.988597 0.09494
vt 0.977256 0.089692
vt 0.960567 0.093806
vt 0.972545 0.099224
vt 0.977256 0.089692
vt 0.99332 0.083227
vt 0.977256 0.089692
vt 0.988597 0.09494
vt 0.99332 0.083227
vt 0.982247 0.078143
vt 0.977256 0.089692
vt 0.99332 0.083227
vt 0.985856 0.069942
vt 0.982247 0.078143
vt 0.99332 0.083227
vt 0.995913 0.07357
vt 0.985856 0.069942
vt 0.982247 0.078143
vt 0.985856 0.069942
vt 0.971184 0.062072
vt 0.982247 0.078143
vt 0.971184 0.062072
vt 0.967502 0.071268
vt 0.982247 0.078143
vt 0.967502 0.071268
vt 0.964368 0.083789
vt 0.982247 0.078143
vt 0.964368 0.083789
vt 0.977256 0.089692
vt 0.960567 0.093806
vt 0.977256 0.089692
vt 0.964368 0.083789
vt 0.971184 0.062072
vt 0.985856 0.069942
vt 0.982966 0.05582
vt 0.985856 0.069942
vt 0.987478 0.056958
vt 0.982966 0.05582
vt 0.971184 0.062072
vt 0.982966 0.05582
vt 0.977784 0.056016
vt 0.985856 0.069942
vt 0.995913 0.07357
vt 0.994993 0.064431
vt 0.985856 0.069942
vt 0.994993 0.064431
vt 0.991326 0.05945
vt 0.985856 0.069942
vt 0.991326 0.05945
vt 0.987478 0.056958
vt 0.980389 0.025804
vt 0.982747 0.019661
vt 0.971589 0.018345
vt 0.977966 0.036844
vt 0.980389 0.025804
vt 0.971589 0.018345
vt 0.977966 0.036844
vt 0.971589 0.018345
vt 0.967296 0.033623
vt 0.962039 0.044819
vt 0.977966 0.036844
vt 0.967296 0.033623
vt 0.962039 0.044819
vt 0.972782 0.048144
vt 0.977966 0.036844
vt 0.960943 0.015819
vt 0.967296 0.033623
vt 0.971589 0.018345
vt 0.960943 0.015819
vt 0.958682 0.030287
vt 0.967296 0.033623
vt 0.967296 0.033623
vt 0.958682 0.030287
vt 0.954733 0.040839
vt 0.967296 0.033623
vt 0.954733 0.040839
vt 0.962039 0.044819
vt 0.954733 0.040839
vt 0.955799 0.056877
vt 0.962039 0.044819
vt 0.943967 0.037222
vt 0.954733 0.040839
vt 0.958682 0.030287
vt 0.943967 0.037222
vt 0.958682 0.030287
vt 0.945928 0.026358
vt 0.944126 0.006843
vt 0.945928 0.026358
vt 0.958682 0.030287
vt 0.944126 0.006843
vt 0.958682 0.030287
vt 0.960943 0.015819
vt 0.932841 0.045081
vt 0.955799 0.056877
vt 0.954733 0.040839
vt 0.932841 0.045081
vt 0.954733 0.040839
vt 0.943967 0.037222
vt 0.982747 0.019661
vt 0.974191 0.00956
vt 0.971589 0.018345
vt 0.982747 0.019661
vt 0.984615 0.014143
vt 0.974191 0.00956
vt 0.961922 0.006789
vt 0.960943 0.015819
vt 0.971589 0.018345
vt 0.961922 0.006789
vt 0.971589 0.018345
vt 0.974191 0.00956
vt 0.960943 0.015819
vt 0.961922 0.006789
vt 0.944126 0.006843
vt 0.921538 0.098415
vt 0.930061 0.089769
vt 0.943638 0.093495
vt 0.91794 0.100228
vt 0.930061 0.089769
vt 0.921538 0.098415
vt 0.91794 0.100228
vt 0.917698 0.088006
vt 0.930061 0.089769
vt 0.906119 0.098022
vt 0.917698 0.088006
vt 0.91794 0.100228
vt 0.906119 0.098022
vt 0.905496 0.090268
vt 0.917698 0.088006
vt 0.896198 0.094654
vt 0.905496 0.090268
vt 0.906119 0.098022
vt 0.904739 0.079752
vt 0.905496 0.090268
vt 0.896198 0.094654
vt 0.904739 0.079752
vt 0.896198 0.094654
vt 0.886577 0.086399
vt 0.91794 0.100228
vt 0.921538 0.098415
vt 0.935305 0.106848
vt 0.943638 0.093495
vt 0.935305 0.106848
vt 0.921538 0.098415
vt 0.91794 0.100228
vt 0.935305 0.106848
vt 0.922521 0.109524
vt 0.906119 0.098022
vt 0.91794 0.100228
vt 0.913161 0.108962
vt 0.91794 0.100228
vt 0.922521 0.109524
vt 0.913161 0.108962
vt 0.906119 0.098022
vt 0.913161 0.108962
vt 0.901849 0.104761
vt 0.906772 0.058962
vt 0.904739 0.079752
vt 0.886577 0.086399
vt 0.906772 0.058962
vt 0.886577 0.086399
vt 0.885246 0.070241
vt 0.885246 0.070241
vt 0.908762 0.044992
vt 0.906772 0.058962
vt 0.885246 0.070241
vt 0.88235 0.056967
vt 0.908762 0.044992
vt 0.91855 0.079213
vt 0.917698 0.088006
vt 0.905496 0.090268
vt 0.91855 0.079213
vt 0.905496 0.090268
vt 0.904739 0.079752
vt 0.906772 0.058962
vt 0.91855 0.079213
vt 0.904739 0.079752
vt 0.931503 0.079924
vt 0.917698 0.088006
vt 0.91855 0.079213
vt 0.930395 0.058766
vt 0.931503 0.079924
vt 0.91855 0.079213
vt 0.949577 0.084943
vt 0.931503 0.079924
vt 0.930395 0.058766
vt 0.949577 0.084943
vt 0.930395 0.058766
vt 0.951995 0.070045
vt 0.943638 0.093495
vt 0.931503 0.079924
vt 0.949577 0.084943
vt 0.943638 0.093495
vt 0.930061 0.089769
vt 0.931503 0.079924
vt 0.932841 0.045081
vt 0.951995 0.070045
vt 0.930395 0.058766
vt 0.932841 0.045081
vt 0.930395 0.058766
vt 0.919218 0.058498
vt 0.930395 0.058766
vt 0.91855 0.079213
vt 0.919218 0.058498
vt 0.906772 0.058962
vt 0.919218 0.058498
vt 0.91855 0.079213
vt 0.908762 0.044992
vt 0.919218 0.058498
vt 0.906772 0.058962
vt 0.932841 0.045081
vt 0.919218 0.058498
vt 0.919418 0.045157
vt 0.908762 0.044992
vt 0.919418 0.045157
vt 0.919218 0.058498
vt 0.932841 0.045081
vt 0.955799 0.056877
vt 0.951995 0.070045
vt 0.931503 0.079924
vt 0.930061 0.089769
vt 0.917698 0.088006
vt 0.960178 0.073883
vt 0.951995 0.070045
vt 0.955799 0.056877
vt 0.960178 0.073883
vt 0.949577 0.084943
vt 0.951995 0.070045
vt 0.960178 0.073883
vt 0.955799 0.056877
vt 0.964226 0.061619
vt 0.964226 0.061619
vt 0.955799 0.056877
vt 0.962039 0.044819
vt 0.964226 0.061619
vt 0.962039 0.044819
vt 0.972782 0.048144
vt 0.960178 0.073883
vt 0.956239 0.088348
vt 0.949577 0.084943
vt 0.951537 0.097957
vt 0.943638 0.093495
vt 0.949577 0.084943
vt 0.951537 0.097957
vt 0.949577 0.084943
vt 0.956239 0.088348
vt 0.937546 0.111598
vt 0.943638 0.093495
vt 0.951537 0.097957
vt 0.937546 0.111598
vt 0.935305 0.106848
vt 0.943638 0.093495
vt 0.923894 0.116399
vt 0.935305 0.106848
vt 0.937546 0.111598
vt 0.923894 0.116399
vt 0.922521 0.109524
vt 0.935305 0.106848
vt 0.911005 0.11562
vt 0.922521 0.109524
vt 0.923894 0.116399
vt 0.911005 0.11562
vt 0.913161 0.108962
vt 0.922521 0.109524
vt 0.899754 0.11088
vt 0.913161 0.108962
vt 0.911005 0.11562
vt 0.899754 0.11088
vt 0.901849 0.104761
vt 0.913161 0.108962
vt 0.885216 0.098906
vt 0.901849 0.104761
vt 0.899754 0.11088
vt 0.885216 0.098906
vt 0.890518 0.096071
vt 0.901849 0.104761
vt 0.880621 0.088332
vt 0.890518 0.096071
vt 0.885216 0.098906
vt 0.880621 0.088332
vt 0.886577 0.086399
vt 0.890518 0.096071
vt 0.880621 0.088332
vt 0.885246 0.070241
vt 0.886577 0.086399
vt 0.880621 0.088332
vt 0.877023 0.07396
vt 0.885246 0.070241
vt 0.88235 0.056967
vt 0.885246 0.070241
vt 0.877023 0.07396
vt 0.88235 0.056967
vt 0.877023 0.07396
vt 0.873685 0.061329
vt 0.865809 0.048114
vt 0.88235 0.056967
vt 0.873685 0.061329
vt 0.865809 0.048114
vt 0.876668 0.044946
vt 0.88235 0.056967
vt 0.871385 0.033636
vt 0.876668 0.044946
vt 0.865809 0.048114
vt 0.871385 0.033636
vt 0.865809 0.048114
vt 0.860629 0.036812
vt 0.858109 0.025509
vt 0.871385 0.033636
vt 0.860629 0.036812
vt 0.858109 0.025509
vt 0.866469 0.017822
vt 0.871385 0.033636
vt 0.855053 0.018274
vt 0.866469 0.017822
vt 0.858109 0.025509
vt 0.852914 0.013024
vt 0.866469 0.017822
vt 0.855053 0.018274
vt 0.852914 0.013024
vt 0.863561 0.009081
vt 0.866469 0.017822
vt 0.896198 0.094654
vt 0.890518 0.096071
vt 0.886577 0.086399
vt 0.906119 0.098022
vt 0.890518 0.096071
vt 0.896198 0.094654
vt 0.906119 0.098022
vt 0.901849 0.104761
vt 0.890518 0.096071
vt 0.876668 0.044946
vt 0.871385 0.033636
vt 0.880117 0.030227
vt 0.880117 0.030227
vt 0.871385 0.033636
vt 0.866469 0.017822
vt 0.880117 0.030227
vt 0.866469 0.017822
vt 0.876777 0.014912
vt 0.876777 0.014912
vt 0.866469 0.017822
vt 0.863561 0.009081
vt 0.876777 0.014912
vt 0.863561 0.009081
vt 0.875415 0.005353
vt 0.876668 0.044946
vt 0.880117 0.030227
vt 0.891415 0.027421
vt 0.891415 0.027421
vt 0.880117 0.030227
vt 0.876777 0.014912
vt 0.876668 0.044946
vt 0.891415 0.027421
vt 0.89428 0.037287
vt 0.875415 0.005353
vt 0.89345 0.006487
vt 0.876777 0.014912
vt 0.891415 0.027421
vt 0.876777 0.014912
vt 0.89345 0.006487
vt 0.89428 0.037287
vt 0.908762 0.044992
vt 0.88235 0.056967
vt 0.89428 0.037287
vt 0.88235 0.056967
vt 0.876668 0.044946
vt 0.952457 0.134951
vt 0.965344 0.117926
vt 0.961131 0.137602
vt 0.965344 0.117926
vt 0.952457 0.134951
vt 0.946773 0.125769
vt 0.965344 0.117926
vt 0.946773 0.125769
vt 0.949687 0.110875
vt 0.968414 0.109892
vt 0.965344 0.117926
vt 0.949687 0.110875
vt 0.968414 0.109892
vt 0.949687 0.110875
vt 0.952309 0.102848
vt 0.980565 0.125716
vt 0.961131 0.137602
vt 0.965344 0.117926
vt 0.980565 0.125716
vt 0.970101 0.136229
vt 0.961131 0.137602
vt 0.983967 0.117462
vt 0.980565 0.125716
vt 0.965344 0.117926
vt 0.983967 0.117462
vt 0.965344 0.117926
vt 0.968414 0.109892
vt 0.972545 0.099224
vt 0.983967 0.117462
vt 0.968414 0.109892
vt 0.972545 0.099224
vt 0.986299 0.105585
vt 0.983967 0.117462
vt 0.968414 0.109892
vt 0.952309 0.102848
vt 0.960567 0.093806
vt 0.968414 0.109892
vt 0.960567 0.093806
vt 0.972545 0.099224
vt 0.972545 0.099224
vt 0.988597 0.09494
vt 0.986299 0.105585
vt 0.972545 0.099224
vt 0.977256 0.089692
vt 0.988597 0.09494
vt 0.960567 0.093806
vt 0.977256 0.089692
vt 0.972545 0.099224
vt 0.99332 0.083227
vt 0.988597 0.09494
vt 0.977256 0.089692
vt 0.99332 0.083227
vt 0.977256 0.089692
vt 0.982247 0.078143
vt 0.99332 0.083227
vt 0.982247 0.078143
vt 0.985856 0.069942
vt 0.99332 0.083227
vt 0.985856 0.069942
vt 0.995913 0.07357
vt 0.982247 0.078143
vt 0.971184 0.062072
vt 0.985856 0.069942
vt 0.982247 0.078143
vt 0.967502 0.071268
vt 0.971184 0.062072
vt 0.982247 0.078143
vt 0.977256 0.089692
vt 0.964368 0.083789
vt 0.982247 0.078143
vt 0.964368 0.083789
vt 0.967502 0.071268
vt 0.960567 0.093806
vt 0.964368 0.083789
vt 0.977256 0.089692
vt 0.971184 0.062072
vt 0.982966 0.05582
vt 0.985856 0.069942
vt 0.985856 0.069942
vt 0.982966 0.05582
vt 0.987478 0.056958
vt 0.971184 0.062072
vt 0.977784 0.056016
vt 0.982966 0.05582
vt 0.985856 0.069942
vt 0.994993 0.064431
vt 0.995913 0.07357
vt 0.985856 0.069942
vt 0.991326 0.05945
vt 0.994993 0.064431
vt 0.985856 0.069942
vt 0.987478 0.056958
vt 0.991326 0.05945
vt 0.980389 0.025804
vt 0.971589 0.018345
vt 0.982747 0.019661
vt 0.977966 0.036844
vt 0.971589 0.018345
vt 0.980389 0.025804
vt 0.977966 0.036844
vt 0.967296 0.033623
vt 0.971589 0.018345
vt 0.962039 0.044819
vt 0.967296 0.033623
vt 0.977966 0.036844
vt 0.962039 0.044819
vt 0.977966 0.036844
vt 0.972782 0.048144
vt 0.960943 0.015819
vt 0.971589 0.018345
vt 0.967296 0.033623
vt 0.960943 0.015819
vt 0.967296 0.033623
vt 0.958682 0.030287
vt 0.967296 0.033623
vt 0.962039 0.044819
vt 0.954733 0.040839
vt 0.967296 0.033623
vt 0.954733 0.040839
vt 0.958682 0.030287
vt 0.954733 0.040839
vt 0.962039 0.044819
vt 0.955799 0.056877
vt 0.943967 0.037222
vt 0.958682 0.030287
vt 0.954733 0.040839
vt 0.943967 0.037222
vt 0.945928 0.026358
vt 0.958682 0.030287
vt 0.944126 0.006843
vt 0.960943 0.015819
vt 0.958682 0.030287
vt 0.944126 0.006843
vt 0.958682 0.030287
vt 0.945928 0.026358
vt 0.932841 0.045081
vt 0.943967 0.037222
vt 0.954733 0.040839
vt 0.932841 0.045081
vt 0.954733 0.040839
vt 0.955799 0.056877
vt 0.982747 0.019661
vt 0.971589 0.018345
vt 0.974191 0.00956
vt 0.982747 0.019661
vt 0.974191 0.00956
vt 0.984615 0.014143
vt 0.961922 0.006789
vt 0.974191 0.00956
vt 0.971589 0.018345
vt 0.961922 0.006789
vt 0.971589 0.018345
vt 0.960943 0.015819
vt 0.960943 0.015819
vt 0.944126 0.006843
vt 0.961922 0.006789
vt 0.066826 0.502222
vt 0.113503 0.499837
vt 0.115154 0.48272
vt 0.066826 0.502222
vt 0.115154 0.48272
vt 0.067546 0.483388
vt 0.067546 0.483388
vt 0.016792 0.497843
vt 0.066826 0.502222
vt 0.067546 0.483388
vt 0.016643 0.487093
vt 0.016792 0.497843
vt 0.113503 0.499837
vt 0.157701 0.481125
vt 0.115154 0.48272
vt 0.113503 0.499837
vt 0.157631 0.499194
vt 0.157701 0.481125
vt 0.01659 0.483174
vt 0.016643 0.487093
vt 0.067546 0.483388
vt 0.01659 0.483174
vt 0.067546 0.483388
vt 0.066459 0.471588
vt 0.115534 0.545304
vt 0.113503 0.499837
vt 0.066826 0.502222
vt 0.115534 0.545304
vt 0.066826 0.502222
vt 0.064297 0.533052
vt 0.064297 0.533052
vt 0.066826 0.502222
vt 0.016792 0.497843
vt 0.115154 0.48272
vt 0.157701 0.481125
vt 0.157532 0.467702
vt 0.115154 0.48272
vt 0.157532 0.467702
vt 0.116366 0.468191
vt 0.067546 0.483388
vt 0.115154 0.48272
vt 0.116366 0.468191
vt 0.067546 0.483388
vt 0.116366 0.468191
vt 0.066459 0.471588
vt 0.064297 0.533052
vt 0.016792 0.497843
vt 0.017054 0.51624
vt 0.113503 0.499837
vt 0.115534 0.545304
vt 0.160208 0.542544
vt 0.113503 0.499837
vt 0.160208 0.542544
vt 0.157631 0.499194
vt 0.157701 0.481125
vt 0.200918 0.467188
vt 0.157532 0.467702
vt 0.157701 0.481125
vt 0.202543 0.479445
vt 0.200918 0.467188
vt 0.157631 0.499194
vt 0.202543 0.479445
vt 0.157701 0.481125
vt 0.200918 0.467188
vt 0.202543 0.479445
vt 0.264491 0.478356
vt 0.264491 0.478356
vt 0.202543 0.479445
vt 0.20414 0.498517
vt 0.157631 0.499194
vt 0.20414 0.498517
vt 0.202543 0.479445
vt 0.160208 0.542544
vt 0.20414 0.498517
vt 0.157631 0.499194
vt 0.264491 0.478356
vt 0.20414 0.498517
vt 0.262875 0.497992
vt 0.328977 0.477223
vt 0.264491 0.478356
vt 0.262875 0.497992
vt 0.328977 0.477223
vt 0.262875 0.497992
vt 0.326634 0.497421
vt 0.326634 0.497421
vt 0.399529 0.480232
vt 0.328977 0.477223
vt 0.326634 0.497421
vt 0.398444 0.50214
vt 0.399529 0.480232
vt 0.328977 0.477223
vt 0.399529 0.480232
vt 0.400227 0.471445
vt 0.328977 0.477223
vt 0.400227 0.471445
vt 0.333854 0.466631
vt 0.264491 0.478356
vt 0.328977 0.477223
vt 0.333854 0.466631
vt 0.264491 0.478356
vt 0.333854 0.466631
vt 0.267386 0.466909
vt 0.200918 0.467188
vt 0.264491 0.478356
vt 0.267386 0.466909
vt 0.326634 0.497421
vt 0.262875 0.497992
vt 0.266535 0.544989
vt 0.326634 0.497421
vt 0.266535 0.544989
vt 0.329173 0.550648
vt 0.329173 0.550648
vt 0.398444 0.50214
vt 0.326634 0.497421
vt 0.329173 0.550648
vt 0.394784 0.540261
vt 0.398444 0.50214
vt 0.262875 0.497992
vt 0.20414 0.498517
vt 0.207291 0.539636
vt 0.262875 0.497992
vt 0.207291 0.539636
vt 0.266535 0.544989
vt 0.160208 0.542544
vt 0.207291 0.539636
vt 0.20414 0.498517
vt 0.399529 0.480232
vt 0.454666 0.475394
vt 0.400227 0.471445
vt 0.399529 0.480232
vt 0.457397 0.482701
vt 0.454666 0.475394
vt 0.398444 0.50214
vt 0.457397 0.482701
vt 0.399529 0.480232
vt 0.457397 0.482701
vt 0.502456 0.489635
vt 0.454666 0.475394
vt 0.457397 0.482701
vt 0.50235 0.492801
vt 0.502456 0.489635
vt 0.50235 0.492801
vt 0.457397 0.482701
vt 0.457343 0.506011
vt 0.398444 0.50214
vt 0.457343 0.506011
vt 0.457397 0.482701
vt 0.394784 0.540261
vt 0.457343 0.506011
vt 0.398444 0.50214
vt 0.50235 0.492801
vt 0.457343 0.506011
vt 0.501989 0.503568
vt 0.448599 0.531741
vt 0.501989 0.503568
vt 0.457343 0.506011
vt 0.394784 0.540261
vt 0.448599 0.531741
vt 0.457343 0.506011
vt 0.448599 0.531741
vt 0.501565 0.51624
vt 0.501989 0.503568
vt 0.511351 0.491316
vt 0.535959 0.483395
vt 0.535035 0.497754
vt 0.511351 0.491316
vt 0.535035 0.497754
vt 0.511539 0.502091
vt 0.535959 0.483395
vt 0.587961 0.487196
vt 0.535035 0.497754
vt 0.535959 0.483395
vt 0.590143 0.465678
vt 0.587961 0.487196
vt 0.590143 0.465678
vt 0.673688 0.497073
vt 0.587961 0.487196
vt 0.590143 0.465678
vt 0.679599 0.471806
vt 0.673688 0.497073
vt 0.679599 0.471806
vt 0.738747 0.502905
vt 0.673688 0.497073
vt 0.679599 0.471806
vt 0.740748 0.482565
vt 0.738747 0.502905
vt 0.799298 0.490853
vt 0.738747 0.502905
vt 0.740748 0.482565
vt 0.799298 0.490853
vt 0.740748 0.482565
vt 0.796746 0.470157
vt 0.86726 0.490529
vt 0.799298 0.490853
vt 0.796746 0.470157
vt 0.86726 0.490529
vt 0.796746 0.470157
vt 0.868801 0.469357
vt 0.868801 0.469357
vt 0.927754 0.496825
vt 0.86726 0.490529
vt 0.868801 0.469357
vt 0.931525 0.478422
vt 0.927754 0.496825
vt 0.955708 0.503866
vt 0.927754 0.496825
vt 0.931525 0.478422
vt 0.955708 0.503866
vt 0.931525 0.478422
vt 0.962065 0.489178
vt 0.993249 0.506459
vt 0.955708 0.503866
vt 0.962065 0.489178
vt 0.993249 0.506459
vt 0.962065 0.489178
vt 0.993533 0.49568
vt 0.993533 0.49568
vt 0.962065 0.489178
vt 0.961472 0.484392
vt 0.961472 0.484392
vt 0.962065 0.489178
vt 0.931525 0.478422
vt 0.993533 0.49568
vt 0.961472 0.484392
vt 0.993612 0.49251
vt 0.993249 0.506459
vt 0.935004 0.527227
vt 0.955708 0.503866
vt 0.993249 0.506459
vt 0.992908 0.519145
vt 0.935004 0.527227
vt 0.865738 0.517847
vt 0.86726 0.490529
vt 0.927754 0.496825
vt 0.865738 0.517847
vt 0.927754 0.496825
vt 0.909203 0.529469
vt 0.909203 0.529469
vt 0.927754 0.496825
vt 0.955708 0.503866
vt 0.909203 0.529469
vt 0.955708 0.503866
vt 0.935004 0.527227
vt 0.868801 0.469357
vt 0.796746 0.470157
vt 0.796119 0.468062
vt 0.868801 0.469357
vt 0.796119 0.468062
vt 0.869408 0.462613
vt 0.931525 0.478422
vt 0.868801 0.469357
vt 0.869408 0.462613
vt 0.931525 0.478422
vt 0.869408 0.462613
vt 0.930611 0.47479
vt 0.961472 0.484392
vt 0.931525 0.478422
vt 0.930611 0.47479
vt 0.796746 0.470157
vt 0.740125 0.472344
vt 0.796119 0.468062
vt 0.796746 0.470157
vt 0.740748 0.482565
vt 0.740125 0.472344
vt 0.740748 0.482565
vt 0.680497 0.463688
vt 0.740125 0.472344
vt 0.740748 0.482565
vt 0.679599 0.471806
vt 0.680497 0.463688
vt 0.680497 0.463688
vt 0.679599 0.471806
vt 0.590143 0.465678
vt 0.680497 0.463688
vt 0.590143 0.465678
vt 0.590823 0.458832
vt 0.590143 0.465678
vt 0.536552 0.479202
vt 0.590823 0.458832
vt 0.590143 0.465678
vt 0.535959 0.483395
vt 0.536552 0.479202
vt 0.536552 0.479202
vt 0.535959 0.483395
vt 0.511351 0.491316
vt 0.536552 0.479202
vt 0.511351 0.491316
vt 0.511307 0.487394
vt 0.799419 0.522778
vt 0.86726 0.490529
vt 0.865738 0.517847
vt 0.799419 0.522778
vt 0.799298 0.490853
vt 0.86726 0.490529
vt 0.732155 0.534455
vt 0.799298 0.490853
vt 0.799419 0.522778
vt 0.732155 0.534455
vt 0.738747 0.502905
vt 0.799298 0.490853
vt 0.662851 0.532509
vt 0.738747 0.502905
vt 0.732155 0.534455
vt 0.662851 0.532509
vt 0.673688 0.497073
vt 0.738747 0.502905
vt 0.58454 0.520276
vt 0.673688 0.497073
vt 0.662851 0.532509
vt 0.58454 0.520276
vt 0.587961 0.487196
vt 0.673688 0.497073
vt 0.534606 0.523927
vt 0.587961 0.487196
vt 0.58454 0.520276
vt 0.534606 0.523927
vt 0.535035 0.497754
vt 0.587961 0.487196
vt 0.511937 0.520554
vt 0.535035 0.497754
vt 0.534606 0.523927
vt 0.511937 0.520554
vt 0.511539 0.502091
vt 0.535035 0.497754
vt 0.362604 0.411379
vt 0.378285 0.388742
vt 0.399601 0.391295
vt 0.362604 0.411379
vt 0.399601 0.391295
vt 0.370533 0.420887
vt 0.362604 0.411379
vt 0.356724 0.384869
vt 0.378285 0.388742
vt 0.378285 0.388742
vt 0.356724 0.384869
vt 0.346144 0.357186
vt 0.378285 0.388742
vt 0.346144 0.357186
vt 0.371281 0.357706
vt 0.399601 0.391295
vt 0.378285 0.388742
vt 0.371281 0.357706
vt 0.371281 0.357706
vt 0.346144 0.357186
vt 0.340573 0.320885
vt 0.371281 0.357706
vt 0.340573 0.320885
vt 0.364653 0.319416
vt 0.294385 0.359056
vt 0.340573 0.320885
vt 0.346144 0.357186
vt 0.294385 0.359056
vt 0.302245 0.316092
vt 0.340573 0.320885
vt 0.340573 0.320885
vt 0.362616 0.299387
vt 0.364653 0.319416
vt 0.340573 0.320885
vt 0.336222 0.296222
vt 0.362616 0.299387
vt 0.302245 0.316092
vt 0.336222 0.296222
vt 0.340573 0.320885
vt 0.302245 0.316092
vt 0.302153 0.300572
vt 0.336222 0.296222
vt 0.303326 0.270741
vt 0.336222 0.296222
vt 0.302153 0.300572
vt 0.303326 0.270741
vt 0.346956 0.269114
vt 0.336222 0.296222
vt 0.296715 0.38489
vt 0.294385 0.359056
vt 0.346144 0.357186
vt 0.296715 0.38489
vt 0.346144 0.357186
vt 0.356724 0.384869
vt 0.296715 0.38489
vt 0.235568 0.35739
vt 0.294385 0.359056
vt 0.296715 0.38489
vt 0.239225 0.38127
vt 0.235568 0.35739
vt 0.235568 0.35739
vt 0.239225 0.38127
vt 0.217192 0.380111
vt 0.235568 0.35739
vt 0.217192 0.380111
vt 0.212962 0.355079
vt 0.212962 0.355079
vt 0.233612 0.319006
vt 0.235568 0.35739
vt 0.233612 0.319006
vt 0.302245 0.316092
vt 0.294385 0.359056
vt 0.233612 0.319006
vt 0.294385 0.359056
vt 0.235568 0.35739
vt 0.212962 0.355079
vt 0.211101 0.319984
vt 0.233612 0.319006
vt 0.233612 0.319006
vt 0.211101 0.319984
vt 0.213815 0.297174
vt 0.233612 0.319006
vt 0.213815 0.297174
vt 0.235661 0.299349
vt 0.302245 0.316092
vt 0.233612 0.319006
vt 0.235661 0.299349
vt 0.302245 0.316092
vt 0.235661 0.299349
vt 0.302153 0.300572
vt 0.213815 0.297174
vt 0.234336 0.272909
vt 0.235661 0.299349
vt 0.234336 0.272909
vt 0.303326 0.270741
vt 0.302153 0.300572
vt 0.234336 0.272909
vt 0.302153 0.300572
vt 0.235661 0.299349
vt 0.213815 0.297174
vt 0.211724 0.272272
vt 0.234336 0.272909
vt 0.21608 0.239739
vt 0.234336 0.272909
vt 0.211724 0.272272
vt 0.21608 0.239739
vt 0.230798 0.237323
vt 0.234336 0.272909
vt 0.230798 0.237323
vt 0.303326 0.270741
vt 0.234336 0.272909
vt 0.205441 0.240521
vt 0.21608 0.239739
vt 0.211724 0.272272
vt 0.19452 0.240486
vt 0.205441 0.240521
vt 0.211724 0.272272
vt 0.19452 0.240486
vt 0.211724 0.272272
vt 0.202166 0.276324
vt 0.202166 0.276324
vt 0.211724 0.272272
vt 0.213815 0.297174
vt 0.17262 0.242253
vt 0.19452 0.240486
vt 0.202166 0.276324
vt 0.17262 0.242253
vt 0.202166 0.276324
vt 0.192513 0.275915
vt 0.200884 0.35611
vt 0.211101 0.319984
vt 0.212962 0.355079
vt 0.200884 0.35611
vt 0.199421 0.319641
vt 0.211101 0.319984
vt 0.202166 0.276324
vt 0.213815 0.297174
vt 0.201887 0.29708
vt 0.192513 0.275915
vt 0.202166 0.276324
vt 0.201887 0.29708
vt 0.201887 0.29708
vt 0.213815 0.297174
vt 0.211101 0.319984
vt 0.201887 0.29708
vt 0.211101 0.319984
vt 0.199421 0.319641
vt 0.18874 0.355487
vt 0.199421 0.319641
vt 0.200884 0.35611
vt 0.18874 0.355487
vt 0.188124 0.319226
vt 0.199421 0.319641
vt 0.192513 0.275915
vt 0.201887 0.29708
vt 0.19138 0.297083
vt 0.19138 0.297083
vt 0.201887 0.29708
vt 0.199421 0.319641
vt 0.19138 0.297083
vt 0.199421 0.319641
vt 0.188124 0.319226
vt 0.165731 0.356714
vt 0.188124 0.319226
vt 0.18874 0.355487
vt 0.165731 0.356714
vt 0.16551 0.320083
vt 0.188124 0.319226
vt 0.087994 0.357537
vt 0.16551 0.320083
vt 0.165731 0.356714
vt 0.168957 0.381234
vt 0.087994 0.357537
vt 0.165731 0.356714
vt 0.168957 0.381234
vt 0.165731 0.356714
vt 0.18874 0.355487
vt 0.168957 0.381234
vt 0.089889 0.375195
vt 0.087994 0.357537
vt 0.172361 0.401504
vt 0.089889 0.375195
vt 0.168957 0.381234
vt 0.172361 0.401504
vt 0.168957 0.381234
vt 0.191978 0.380454
vt 0.191978 0.380454
vt 0.18874 0.355487
vt 0.200884 0.35611
vt 0.168957 0.381234
vt 0.18874 0.355487
vt 0.191978 0.380454
vt 0.172361 0.401504
vt 0.191978 0.380454
vt 0.195091 0.400935
vt 0.195091 0.400935
vt 0.171808 0.424634
vt 0.172361 0.401504
vt 0.195091 0.400935
vt 0.196339 0.419564
vt 0.171808 0.424634
vt 0.195091 0.400935
vt 0.207441 0.421537
vt 0.196339 0.419564
vt 0.195091 0.400935
vt 0.206757 0.400647
vt 0.207441 0.421537
vt 0.206757 0.400647
vt 0.219542 0.421125
vt 0.207441 0.421537
vt 0.206757 0.400647
vt 0.219468 0.399579
vt 0.219542 0.421125
vt 0.241056 0.398459
vt 0.219542 0.421125
vt 0.219468 0.399579
vt 0.241056 0.398459
vt 0.241675 0.421014
vt 0.219542 0.421125
vt 0.233954 0.443525
vt 0.219542 0.421125
vt 0.241675 0.421014
vt 0.233954 0.443525
vt 0.21795 0.441872
vt 0.219542 0.421125
vt 0.207441 0.421537
vt 0.219542 0.421125
vt 0.21795 0.441872
vt 0.206757 0.400647
vt 0.217192 0.380111
vt 0.219468 0.399579
vt 0.206757 0.400647
vt 0.204229 0.380073
vt 0.217192 0.380111
vt 0.195091 0.400935
vt 0.191978 0.380454
vt 0.204229 0.380073
vt 0.195091 0.400935
vt 0.204229 0.380073
vt 0.206757 0.400647
vt 0.207441 0.421537
vt 0.21795 0.441872
vt 0.207035 0.440202
vt 0.196339 0.419564
vt 0.207441 0.421537
vt 0.207035 0.440202
vt 0.196339 0.419564
vt 0.207035 0.440202
vt 0.196282 0.438916
vt 0.171808 0.424634
vt 0.196339 0.419564
vt 0.196282 0.438916
vt 0.171808 0.424634
vt 0.196282 0.438916
vt 0.174117 0.436495
vt 0.174117 0.436495
vt 0.090399 0.414716
vt 0.171808 0.424634
vt 0.171808 0.424634
vt 0.090399 0.414716
vt 0.093085 0.390786
vt 0.174117 0.436495
vt 0.088978 0.432107
vt 0.090399 0.414716
vt 0.08048 0.389021
vt 0.093085 0.390786
vt 0.090399 0.414716
vt 0.08048 0.389021
vt 0.090399 0.414716
vt 0.078503 0.413524
vt 0.078503 0.413524
vt 0.090399 0.414716
vt 0.088978 0.432107
vt 0.08048 0.389021
vt 0.089889 0.375195
vt 0.093085 0.390786
vt 0.172361 0.401504
vt 0.093085 0.390786
vt 0.089889 0.375195
vt 0.171808 0.424634
vt 0.093085 0.390786
vt 0.172361 0.401504
vt 0.08048 0.389021
vt 0.069395 0.369775
vt 0.089889 0.375195
vt 0.064864 0.40717
vt 0.08048 0.389021
vt 0.078503 0.413524
vt 0.064864 0.40717
vt 0.062226 0.394663
vt 0.08048 0.389021
vt 0.062226 0.394663
vt 0.069395 0.369775
vt 0.08048 0.389021
vt 0.078503 0.413524
vt 0.088978 0.432107
vt 0.078122 0.43179
vt 0.064864 0.40717
vt 0.078503 0.413524
vt 0.078122 0.43179
vt 0.062226 0.394663
vt 0.058885 0.377467
vt 0.069395 0.369775
vt 0.064864 0.40717
vt 0.078122 0.43179
vt 0.067235 0.430768
vt 0.064864 0.40717
vt 0.038392 0.393363
vt 0.062226 0.394663
vt 0.038392 0.393363
vt 0.058885 0.377467
vt 0.062226 0.394663
vt 0.064864 0.40717
vt 0.035697 0.404962
vt 0.038392 0.393363
vt 0.067235 0.430768
vt 0.035697 0.404962
vt 0.064864 0.40717
vt 0.067235 0.430768
vt 0.035316 0.431071
vt 0.035697 0.404962
vt 0.058885 0.377467
vt 0.070426 0.358113
vt 0.069395 0.369775
vt 0.058885 0.377467
vt 0.060516 0.35724
vt 0.070426 0.358113
vt 0.038392 0.393363
vt 0.03709 0.37428
vt 0.058885 0.377467
vt 0.03709 0.37428
vt 0.060516 0.35724
vt 0.058885 0.377467
vt 0.03709 0.37428
vt 0.034289 0.358698
vt 0.060516 0.35724
vt 0.060516 0.35724
vt 0.072014 0.316018
vt 0.070426 0.358113
vt 0.070426 0.358113
vt 0.072014 0.316018
vt 0.083868 0.317294
vt 0.070426 0.358113
vt 0.083868 0.317294
vt 0.087994 0.357537
vt 0.069395 0.369775
vt 0.070426 0.358113
vt 0.087994 0.357537
vt 0.087994 0.357537
vt 0.083868 0.317294
vt 0.16551 0.320083
vt 0.16551 0.320083
vt 0.083868 0.317294
vt 0.086601 0.29967
vt 0.086601 0.29967
vt 0.083868 0.317294
vt 0.072014 0.316018
vt 0.16551 0.320083
vt 0.086601 0.29967
vt 0.168741 0.299165
vt 0.168741 0.299165
vt 0.188124 0.319226
vt 0.16551 0.320083
vt 0.168741 0.299165
vt 0.19138 0.297083
vt 0.188124 0.319226
vt 0.060516 0.35724
vt 0.059975 0.31571
vt 0.072014 0.316018
vt 0.034289 0.358698
vt 0.059975 0.31571
vt 0.060516 0.35724
vt 0.034289 0.358698
vt 0.03056 0.31274
vt 0.059975 0.31571
vt 0.035235 0.405092
vt 0.035697 0.404962
vt 0.035316 0.431071
vt 0.035235 0.405092
vt 0.038392 0.393363
vt 0.035697 0.404962
vt 0.035235 0.405092
vt 0.037706 0.393373
vt 0.038392 0.393363
vt 0.035235 0.405092
vt 0.035316 0.431071
vt 0.034172 0.430457
vt 0.037706 0.393373
vt 0.03709 0.37428
vt 0.038392 0.393363
vt 0.037706 0.393373
vt 0.036872 0.374275
vt 0.03709 0.37428
vt 0.037706 0.393373
vt 0.035235 0.405092
vt 0.018426 0.403151
vt 0.018136 0.427438
vt 0.018426 0.403151
vt 0.035235 0.405092
vt 0.018136 0.427438
vt 0.035235 0.405092
vt 0.034172 0.430457
vt 0.036872 0.374275
vt 0.034289 0.358698
vt 0.03709 0.37428
vt 0.036872 0.374275
vt 0.033873 0.358586
vt 0.034289 0.358698
vt 0.033873 0.358586
vt 0.03056 0.31274
vt 0.034289 0.358698
vt 0.018361 0.380698
vt 0.036872 0.374275
vt 0.037706 0.393373
vt 0.018361 0.380698
vt 0.037706 0.393373
vt 0.018426 0.403151
vt 0.018361 0.380698
vt 0.033873 0.358586
vt 0.036872 0.374275
vt 0.018361 0.380698
vt 0.01747 0.357399
vt 0.033873 0.358586
vt 0.033873 0.358586
vt 0.029325 0.312429
vt 0.03056 0.31274
vt 0.013954 0.309036
vt 0.029325 0.312429
vt 0.033873 0.358586
vt 0.013954 0.309036
vt 0.033873 0.358586
vt 0.01747 0.357399
vt 0.028547 0.295456
vt 0.029325 0.312429
vt 0.013954 0.309036
vt 0.028547 0.295456
vt 0.013954 0.309036
vt 0.012187 0.27923
vt 0.028547 0.295456
vt 0.012187 0.27923
vt 0.028129 0.280396
vt 0.031132 0.29485
vt 0.028547 0.295456
vt 0.028129 0.280396
vt 0.029325 0.312429
vt 0.028547 0.295456
vt 0.031132 0.29485
vt 0.031132 0.29485
vt 0.028129 0.280396
vt 0.030136 0.282621
vt 0.058187 0.296851
vt 0.031132 0.29485
vt 0.030136 0.282621
vt 0.058187 0.296851
vt 0.030136 0.282621
vt 0.060185 0.280736
vt 0.060185 0.280736
vt 0.030136 0.282621
vt 0.028407 0.272435
vt 0.028129 0.280396
vt 0.028407 0.272435
vt 0.030136 0.282621
vt 0.060185 0.280736
vt 0.028407 0.272435
vt 0.060003 0.267347
vt 0.071688 0.294298
vt 0.060185 0.280736
vt 0.060003 0.267347
vt 0.058187 0.296851
vt 0.060185 0.280736
vt 0.071688 0.294298
vt 0.071688 0.294298
vt 0.060003 0.267347
vt 0.071577 0.266087
vt 0.071302 0.248042
vt 0.071577 0.266087
vt 0.060003 0.267347
vt 0.071302 0.248042
vt 0.060003 0.267347
vt 0.060142 0.248232
vt 0.060003 0.267347
vt 0.028407 0.272435
vt 0.027167 0.249514
vt 0.060003 0.267347
vt 0.027167 0.249514
vt 0.060142 0.248232
vt 0.059975 0.31571
vt 0.058187 0.296851
vt 0.071688 0.294298
vt 0.059975 0.31571
vt 0.071688 0.294298
vt 0.072014 0.316018
vt 0.086601 0.29967
vt 0.072014 0.316018
vt 0.071688 0.294298
vt 0.025773 0.249976
vt 0.027167 0.249514
vt 0.028407 0.272435
vt 0.025773 0.249976
vt 0.028407 0.272435
vt 0.027843 0.272237
vt 0.03056 0.31274
vt 0.031132 0.29485
vt 0.058187 0.296851
vt 0.03056 0.31274
vt 0.058187 0.296851
vt 0.059975 0.31571
vt 0.012187 0.27923
vt 0.025773 0.249976
vt 0.027843 0.272237
vt 0.012187 0.27923
vt 0.010394 0.256717
vt 0.025773 0.249976
vt 0.028129 0.280396
vt 0.027843 0.272237
vt 0.028407 0.272435
vt 0.027843 0.272237
vt 0.028129 0.280396
vt 0.012187 0.27923
vt 0.029325 0.312429
vt 0.031132 0.29485
vt 0.03056 0.31274
vt 0.071302 0.248042
vt 0.082085 0.267079
vt 0.071577 0.266087
vt 0.071688 0.294298
vt 0.071577 0.266087
vt 0.082085 0.267079
vt 0.071688 0.294298
vt 0.082085 0.267079
vt 0.086601 0.29967
vt 0.168741 0.299165
vt 0.086601 0.29967
vt 0.082085 0.267079
vt 0.168741 0.299165
vt 0.082085 0.267079
vt 0.170772 0.271553
vt 0.170772 0.271553
vt 0.082085 0.267079
vt 0.08251 0.24752
vt 0.071302 0.248042
vt 0.08251 0.24752
vt 0.082085 0.267079
vt 0.170772 0.271553
vt 0.08251 0.24752
vt 0.17262 0.242253
vt 0.168741 0.299165
vt 0.170772 0.271553
vt 0.192513 0.275915
vt 0.192513 0.275915
vt 0.170772 0.271553
vt 0.17262 0.242253
vt 0.168741 0.299165
vt 0.192513 0.275915
vt 0.19138 0.297083
vt 0.432682 0.386144
vt 0.438947 0.426758
vt 0.430085 0.428369
vt 0.432682 0.386144
vt 0.430085 0.428369
vt 0.421385 0.388278
vt 0.421385 0.388278
vt 0.429621 0.353667
vt 0.432682 0.386144
vt 0.421385 0.388278
vt 0.419282 0.355239
vt 0.429621 0.353667
vt 0.419282 0.355239
vt 0.423787 0.313221
vt 0.429621 0.353667
vt 0.419282 0.355239
vt 0.411557 0.315861
vt 0.423787 0.313221
vt 0.411557 0.315861
vt 0.422215 0.304869
vt 0.423787 0.313221
vt 0.411557 0.315861
vt 0.41068 0.303218
vt 0.422215 0.304869
vt 0.408805 0.284395
vt 0.422215 0.304869
vt 0.41068 0.303218
vt 0.408805 0.284395
vt 0.419938 0.28809
vt 0.422215 0.304869
vt 0.419938 0.28809
vt 0.408805 0.284395
vt 0.412222 0.25074
vt 0.419938 0.28809
vt 0.412222 0.25074
vt 0.422633 0.253082
vt 0.430085 0.428369
vt 0.399601 0.391295
vt 0.421385 0.388278
vt 0.430085 0.428369
vt 0.412061 0.431711
vt 0.399601 0.391295
vt 0.396063 0.357128
vt 0.419282 0.355239
vt 0.421385 0.388278
vt 0.396063 0.357128
vt 0.421385 0.388278
vt 0.399601 0.391295
vt 0.387611 0.317886
vt 0.411557 0.315861
vt 0.419282 0.355239
vt 0.387611 0.317886
vt 0.419282 0.355239
vt 0.396063 0.357128
vt 0.41068 0.303218
vt 0.411557 0.315861
vt 0.387611 0.317886
vt 0.41068 0.303218
vt 0.387611 0.317886
vt 0.387094 0.302038
vt 0.408805 0.284395
vt 0.41068 0.303218
vt 0.387094 0.302038
vt 0.408805 0.284395
vt 0.387094 0.302038
vt 0.388529 0.278637
vt 0.412222 0.25074
vt 0.408805 0.284395
vt 0.388529 0.278637
vt 0.362616 0.299387
vt 0.388529 0.278637
vt 0.387094 0.302038
vt 0.387611 0.317886
vt 0.362616 0.299387
vt 0.387094 0.302038
vt 0.362616 0.299387
vt 0.370545 0.27357
vt 0.388529 0.278637
vt 0.394665 0.245742
vt 0.388529 0.278637
vt 0.370545 0.27357
vt 0.412222 0.25074
vt 0.388529 0.278637
vt 0.394665 0.245742
vt 0.394665 0.245742
vt 0.370545 0.27357
vt 0.380224 0.242047
vt 0.336222 0.296222
vt 0.370545 0.27357
vt 0.362616 0.299387
vt 0.336222 0.296222
vt 0.346956 0.269114
vt 0.370545 0.27357
vt 0.380224 0.242047
vt 0.370545 0.27357
vt 0.346956 0.269114
vt 0.380224 0.242047
vt 0.346956 0.269114
vt 0.365784 0.238352
vt 0.365784 0.238352
vt 0.346956 0.269114
vt 0.325306 0.240093
vt 0.365784 0.238352
vt 0.325306 0.240093
vt 0.330965 0.229586
vt 0.330965 0.229586
vt 0.325306 0.240093
vt 0.319581 0.226458
vt 0.330965 0.229586
vt 0.319581 0.226458
vt 0.322104 0.221246
vt 0.322104 0.221246
vt 0.319581 0.226458
vt 0.30582 0.213558
vt 0.322104 0.221246
vt 0.30582 0.213558
vt 0.313781 0.207862
vt 0.325306 0.240093
vt 0.3115 0.235489
vt 0.319581 0.226458
vt 0.319581 0.226458
vt 0.3115 0.235489
vt 0.297859 0.219254
vt 0.319581 0.226458
vt 0.297859 0.219254
vt 0.30582 0.213558
vt 0.27927 0.229367
vt 0.297859 0.219254
vt 0.3115 0.235489
vt 0.27927 0.229367
vt 0.3115 0.235489
vt 0.303326 0.270741
vt 0.325306 0.240093
vt 0.346956 0.269114
vt 0.303326 0.270741
vt 0.325306 0.240093
vt 0.303326 0.270741
vt 0.3115 0.235489
vt 0.230798 0.237323
vt 0.27927 0.229367
vt 0.303326 0.270741
vt 0.32451 0.446274
vt 0.317043 0.447691
vt 0.33601 0.439951
vt 0.32451 0.446274
vt 0.33601 0.439951
vt 0.335303 0.444701
vt 0.340477 0.432102
vt 0.33601 0.439951
vt 0.317043 0.447691
vt 0.340477 0.432102
vt 0.317043 0.447691
vt 0.333112 0.430073
vt 0.340477 0.432102
vt 0.333112 0.430073
vt 0.350366 0.406163
vt 0.340477 0.432102
vt 0.350366 0.406163
vt 0.362604 0.411379
vt 0.362604 0.411379
vt 0.350366 0.406163
vt 0.356724 0.384869
vt 0.34875 0.434573
vt 0.33601 0.439951
vt 0.340477 0.432102
vt 0.362604 0.411379
vt 0.34875 0.434573
vt 0.340477 0.432102
vt 0.34875 0.434573
vt 0.335303 0.444701
vt 0.33601 0.439951
vt 0.362604 0.411379
vt 0.370533 0.420887
vt 0.34875 0.434573
vt 0.370533 0.420887
vt 0.354035 0.441786
vt 0.34875 0.434573
vt 0.34875 0.434573
vt 0.354035 0.441786
vt 0.335303 0.444701
vt 0.370533 0.420887
vt 0.372767 0.438871
vt 0.354035 0.441786
vt 0.412061 0.431711
vt 0.372767 0.438871
vt 0.370533 0.420887
vt 0.412061 0.431711
vt 0.370533 0.420887
vt 0.399601 0.391295
vt 0.350366 0.406163
vt 0.296715 0.38489
vt 0.356724 0.384869
vt 0.350366 0.406163
vt 0.297298 0.397149
vt 0.296715 0.38489
vt 0.333112 0.430073
vt 0.297298 0.397149
vt 0.350366 0.406163
vt 0.296715 0.38489
vt 0.297298 0.397149
vt 0.241056 0.398459
vt 0.297298 0.397149
vt 0.241675 0.421014
vt 0.241056 0.398459
vt 0.297298 0.397149
vt 0.30171 0.423885
vt 0.241675 0.421014
vt 0.333112 0.430073
vt 0.30171 0.423885
vt 0.297298 0.397149
vt 0.296715 0.38489
vt 0.241056 0.398459
vt 0.239225 0.38127
vt 0.239225 0.38127
vt 0.241056 0.398459
vt 0.219468 0.399579
vt 0.239225 0.38127
vt 0.219468 0.399579
vt 0.217192 0.380111
vt 0.286659 0.448968
vt 0.241675 0.421014
vt 0.30171 0.423885
vt 0.286659 0.448968
vt 0.233954 0.443525
vt 0.241675 0.421014
vt 0.309576 0.449107
vt 0.286659 0.448968
vt 0.30171 0.423885
vt 0.309576 0.449107
vt 0.30171 0.423885
vt 0.333112 0.430073
vt 0.309576 0.449107
vt 0.333112 0.430073
vt 0.317043 0.447691
vt 0.204229 0.380073
vt 0.212962 0.355079
vt 0.217192 0.380111
vt 0.204229 0.380073
vt 0.200884 0.35611
vt 0.212962 0.355079
vt 0.191978 0.380454
vt 0.200884 0.35611
vt 0.204229 0.380073
vt 0.069745 0.985433
vt 0.058622 0.981302
vt 0.063886 0.974666
vt 0.070112 0.971711
vt 0.069745 0.985433
vt 0.063886 0.974666
vt 0.078677 0.975422
vt 0.069745 0.985433
vt 0.070112 0.971711
vt 0.078677 0.975422
vt 0.080052 0.977001
vt 0.069745 0.985433
vt 0.069745 0.985433
vt 0.080052 0.977001
vt 0.081834 0.980834
vt 0.080533 0.989439
vt 0.069745 0.985433
vt 0.081834 0.980834
vt 0.399649 0.390769
vt 0.370449 0.420382
vt 0.372767 0.438871
vt 0.399649 0.390769
vt 0.372767 0.438871
vt 0.412061 0.431711
vt 0.412061 0.431711
vt 0.42138 0.388087
vt 0.399649 0.390769
vt 0.412061 0.431711
vt 0.430085 0.428369
vt 0.42138 0.388087
vt 0.42138 0.388087
vt 0.430085 0.428369
vt 0.438947 0.426758
vt 0.42138 0.388087
vt 0.438947 0.426758
vt 0.432682 0.386144
vt 0.432682 0.386144
vt 0.419233 0.354522
vt 0.42138 0.388087
vt 0.419233 0.354522
vt 0.399649 0.390769
vt 0.42138 0.388087
vt 0.432682 0.386144
vt 0.429621 0.353667
vt 0.419233 0.354522
vt 0.429621 0.353667
vt 0.412312 0.318415
vt 0.419233 0.354522
vt 0.429621 0.353667
vt 0.423787 0.313221
vt 0.412312 0.318415
vt 0.412312 0.318415
vt 0.423787 0.313221
vt 0.422215 0.304869
vt 0.412312 0.318415
vt 0.422215 0.304869
vt 0.410419 0.30309
vt 0.408815 0.284371
vt 0.410419 0.30309
vt 0.422215 0.304869
vt 0.408815 0.284371
vt 0.422215 0.304869
vt 0.419938 0.28809
vt 0.422633 0.253082
vt 0.408815 0.284371
vt 0.419938 0.28809
vt 0.422633 0.253082
vt 0.412222 0.25074
vt 0.408815 0.284371
vt 0.412312 0.318415
vt 0.396244 0.356169
vt 0.419233 0.354522
vt 0.419233 0.354522
vt 0.396244 0.356169
vt 0.399649 0.390769
vt 0.412312 0.318415
vt 0.388597 0.321791
vt 0.396244 0.356169
vt 0.410419 0.30309
vt 0.388597 0.321791
vt 0.412312 0.318415
vt 0.371241 0.356758
vt 0.396244 0.356169
vt 0.388597 0.321791
vt 0.371241 0.356758
vt 0.388597 0.321791
vt 0.365636 0.324804
vt 0.410419 0.30309
vt 0.387216 0.301977
vt 0.388597 0.321791
vt 0.408815 0.284371
vt 0.387216 0.301977
vt 0.410419 0.30309
vt 0.408815 0.284371
vt 0.388307 0.279729
vt 0.387216 0.301977
vt 0.388307 0.279729
vt 0.362973 0.301047
vt 0.387216 0.301977
vt 0.388597 0.321791
vt 0.387216 0.301977
vt 0.362973 0.301047
vt 0.388597 0.321791
vt 0.362973 0.301047
vt 0.365636 0.324804
vt 0.365636 0.324804
vt 0.362973 0.301047
vt 0.337057 0.300547
vt 0.365636 0.324804
vt 0.337057 0.300547
vt 0.341665 0.327233
vt 0.341665 0.327233
vt 0.371241 0.356758
vt 0.365636 0.324804
vt 0.337057 0.300547
vt 0.297149 0.324753
vt 0.341665 0.327233
vt 0.341665 0.327233
vt 0.297149 0.324753
vt 0.29357 0.356758
vt 0.341665 0.327233
vt 0.29357 0.356758
vt 0.34592 0.356171
vt 0.341665 0.327233
vt 0.34592 0.356171
vt 0.371241 0.356758
vt 0.337057 0.300547
vt 0.301611 0.29822
vt 0.297149 0.324753
vt 0.346997 0.269317
vt 0.301611 0.29822
vt 0.337057 0.300547
vt 0.346997 0.269317
vt 0.303458 0.271511
vt 0.301611 0.29822
vt 0.311529 0.23564
vt 0.303458 0.271511
vt 0.346997 0.269317
vt 0.311529 0.23564
vt 0.346997 0.269317
vt 0.325378 0.240383
vt 0.346997 0.269317
vt 0.330965 0.229586
vt 0.325378 0.240383
vt 0.346997 0.269317
vt 0.365784 0.238352
vt 0.330965 0.229586
vt 0.388307 0.279729
vt 0.370118 0.274145
vt 0.362973 0.301047
vt 0.370118 0.274145
vt 0.346997 0.269317
vt 0.337057 0.300547
vt 0.370118 0.274145
vt 0.337057 0.300547
vt 0.362973 0.301047
vt 0.370118 0.274145
vt 0.365784 0.238352
vt 0.346997 0.269317
vt 0.311529 0.23564
vt 0.27927 0.229367
vt 0.303458 0.271511
vt 0.311529 0.23564
vt 0.297859 0.219254
vt 0.27927 0.229367
vt 0.311529 0.23564
vt 0.30582 0.213558
vt 0.297859 0.219254
vt 0.311529 0.23564
vt 0.319585 0.226525
vt 0.30582 0.213558
vt 0.325378 0.240383
vt 0.319585 0.226525
vt 0.311529 0.23564
vt 0.235012 0.273811
vt 0.303458 0.271511
vt 0.27927 0.229367
vt 0.235012 0.273811
vt 0.27927 0.229367
vt 0.231523 0.237204
vt 0.21608 0.239739
vt 0.235012 0.273811
vt 0.231523 0.237204
vt 0.21608 0.239739
vt 0.210928 0.273113
vt 0.235012 0.273811
vt 0.210928 0.273113
vt 0.235662 0.298905
vt 0.235012 0.273811
vt 0.235662 0.298905
vt 0.303458 0.271511
vt 0.235012 0.273811
vt 0.210928 0.273113
vt 0.212341 0.298608
vt 0.235662 0.298905
vt 0.235662 0.298905
vt 0.212341 0.298608
vt 0.211046 0.324028
vt 0.235662 0.298905
vt 0.211046 0.324028
vt 0.234481 0.323079
vt 0.234481 0.323079
vt 0.211046 0.324028
vt 0.21185 0.352688
vt 0.234481 0.323079
vt 0.21185 0.352688
vt 0.235394 0.354282
vt 0.205441 0.240521
vt 0.210928 0.273113
vt 0.21608 0.239739
vt 0.19452 0.240486
vt 0.210928 0.273113
vt 0.205441 0.240521
vt 0.19452 0.240486
vt 0.201188 0.277019
vt 0.210928 0.273113
vt 0.201188 0.277019
vt 0.212341 0.298608
vt 0.210928 0.273113
vt 0.17262 0.242253
vt 0.201188 0.277019
vt 0.19452 0.240486
vt 0.17262 0.242253
vt 0.191556 0.276663
vt 0.201188 0.277019
vt 0.21185 0.352688
vt 0.211046 0.324028
vt 0.199402 0.323419
vt 0.21185 0.352688
vt 0.199402 0.323419
vt 0.199744 0.351989
vt 0.201188 0.277019
vt 0.200324 0.298013
vt 0.212341 0.298608
vt 0.191556 0.276663
vt 0.200324 0.298013
vt 0.201188 0.277019
vt 0.200324 0.298013
vt 0.199402 0.323419
vt 0.211046 0.324028
vt 0.200324 0.298013
vt 0.211046 0.324028
vt 0.212341 0.298608
vt 0.199744 0.351989
vt 0.199402 0.323419
vt 0.18811 0.32293
vt 0.199744 0.351989
vt 0.18811 0.32293
vt 0.187754 0.351467
vt 0.191556 0.276663
vt 0.189922 0.297994
vt 0.200324 0.298013
vt 0.189922 0.297994
vt 0.18811 0.32293
vt 0.199402 0.323419
vt 0.189922 0.297994
vt 0.199402 0.323419
vt 0.200324 0.298013
vt 0.187754 0.351467
vt 0.18811 0.32293
vt 0.165346 0.323548
vt 0.187754 0.351467
vt 0.165346 0.323548
vt 0.164989 0.353148
vt 0.165346 0.323548
vt 0.086657 0.355157
vt 0.164989 0.353148
vt 0.167228 0.374306
vt 0.164989 0.353148
vt 0.086657 0.355157
vt 0.187754 0.351467
vt 0.164989 0.353148
vt 0.167228 0.374306
vt 0.167228 0.374306
vt 0.086657 0.355157
vt 0.08887 0.372259
vt 0.165346 0.323548
vt 0.082271 0.321833
vt 0.086657 0.355157
vt 0.167756 0.29709
vt 0.165346 0.323548
vt 0.18811 0.32293
vt 0.167756 0.29709
vt 0.18811 0.32293
vt 0.189922 0.297994
vt 0.167756 0.29709
vt 0.082271 0.321833
vt 0.165346 0.323548
vt 0.167756 0.29709
vt 0.189922 0.297994
vt 0.191556 0.276663
vt 0.08887 0.372259
vt 0.086657 0.355157
vt 0.068526 0.369287
vt 0.167756 0.29709
vt 0.084533 0.300439
vt 0.082271 0.321833
vt 0.086657 0.355157
vt 0.082271 0.321833
vt 0.069882 0.320262
vt 0.084533 0.300439
vt 0.069882 0.320262
vt 0.082271 0.321833
vt 0.086657 0.355157
vt 0.069882 0.320262
vt 0.068893 0.356137
vt 0.086657 0.355157
vt 0.068893 0.356137
vt 0.068526 0.369287
vt 0.068893 0.356137
vt 0.037326 0.36598
vt 0.068526 0.369287
vt 0.068526 0.369287
vt 0.037326 0.36598
vt 0.037617 0.373363
vt 0.068526 0.369287
vt 0.037617 0.373363
vt 0.065723 0.378222
vt 0.080245 0.388799
vt 0.068526 0.369287
vt 0.065723 0.378222
vt 0.080245 0.388799
vt 0.065723 0.378222
vt 0.071531 0.392368
vt 0.071531 0.392368
vt 0.078272 0.413257
vt 0.080245 0.388799
vt 0.080245 0.388799
vt 0.078272 0.413257
vt 0.090494 0.414435
vt 0.080245 0.388799
vt 0.090494 0.414435
vt 0.092601 0.389844
vt 0.092601 0.389844
vt 0.167228 0.374306
vt 0.08887 0.372259
vt 0.092601 0.389844
vt 0.08887 0.372259
vt 0.068526 0.369287
vt 0.092601 0.389844
vt 0.068526 0.369287
vt 0.080245 0.388799
vt 0.172656 0.396936
vt 0.092601 0.389844
vt 0.090494 0.414435
vt 0.172656 0.396936
vt 0.090494 0.414435
vt 0.172915 0.417256
vt 0.19376 0.399173
vt 0.172656 0.396936
vt 0.172915 0.417256
vt 0.19376 0.399173
vt 0.172915 0.417256
vt 0.195267 0.41879
vt 0.19376 0.399173
vt 0.195267 0.41879
vt 0.206639 0.421099
vt 0.19376 0.399173
vt 0.206639 0.421099
vt 0.205997 0.39931
vt 0.205997 0.39931
vt 0.206639 0.421099
vt 0.218803 0.420492
vt 0.205997 0.39931
vt 0.218803 0.420492
vt 0.218918 0.39805
vt 0.242232 0.420139
vt 0.218918 0.39805
vt 0.218803 0.420492
vt 0.242232 0.420139
vt 0.241401 0.397153
vt 0.218918 0.39805
vt 0.241401 0.397153
vt 0.215938 0.374292
vt 0.218918 0.39805
vt 0.241401 0.397153
vt 0.238869 0.376082
vt 0.215938 0.374292
vt 0.218918 0.39805
vt 0.215938 0.374292
vt 0.203109 0.374641
vt 0.218918 0.39805
vt 0.203109 0.374641
vt 0.205997 0.39931
vt 0.206639 0.421099
vt 0.21795 0.441872
vt 0.218803 0.420492
vt 0.242232 0.420139
vt 0.218803 0.420492
vt 0.21795 0.441872
vt 0.206639 0.421099
vt 0.207035 0.440202
vt 0.21795 0.441872
vt 0.195267 0.41879
vt 0.207035 0.440202
vt 0.206639 0.421099
vt 0.205997 0.39931
vt 0.203109 0.374641
vt 0.190984 0.37555
vt 0.205997 0.39931
vt 0.190984 0.37555
vt 0.19376 0.399173
vt 0.195267 0.41879
vt 0.196282 0.438916
vt 0.207035 0.440202
vt 0.172915 0.417256
vt 0.196282 0.438916
vt 0.195267 0.41879
vt 0.19376 0.399173
vt 0.190984 0.37555
vt 0.167228 0.374306
vt 0.19376 0.399173
vt 0.167228 0.374306
vt 0.172656 0.396936
vt 0.242232 0.420139
vt 0.21795 0.441872
vt 0.234742 0.443606
vt 0.295704 0.378357
vt 0.238869 0.376082
vt 0.241401 0.397153
vt 0.295704 0.378357
vt 0.241401 0.397153
vt 0.296744 0.395957
vt 0.301604 0.423186
vt 0.296744 0.395957
vt 0.241401 0.397153
vt 0.301604 0.423186
vt 0.241401 0.397153
vt 0.242232 0.420139
vt 0.301604 0.423186
vt 0.242232 0.420139
vt 0.234742 0.443606
vt 0.301604 0.423186
vt 0.234742 0.443606
vt 0.286659 0.448968
vt 0.187754 0.351467
vt 0.167228 0.374306
vt 0.190984 0.37555
vt 0.199744 0.351989
vt 0.187754 0.351467
vt 0.190984 0.37555
vt 0.199744 0.351989
vt 0.190984 0.37555
vt 0.203109 0.374641
vt 0.21185 0.352688
vt 0.199744 0.351989
vt 0.203109 0.374641
vt 0.21185 0.352688
vt 0.203109 0.374641
vt 0.215938 0.374292
vt 0.238869 0.376082
vt 0.21185 0.352688
vt 0.215938 0.374292
vt 0.238869 0.376082
vt 0.235394 0.354282
vt 0.21185 0.352688
vt 0.295704 0.378357
vt 0.235394 0.354282
vt 0.238869 0.376082
vt 0.295704 0.378357
vt 0.29357 0.356758
vt 0.235394 0.354282
vt 0.297149 0.324753
vt 0.235394 0.354282
vt 0.29357 0.356758
vt 0.297149 0.324753
vt 0.234481 0.323079
vt 0.235394 0.354282
vt 0.301611 0.29822
vt 0.234481 0.323079
vt 0.297149 0.324753
vt 0.301611 0.29822
vt 0.235662 0.298905
vt 0.234481 0.323079
vt 0.235662 0.298905
vt 0.301611 0.29822
vt 0.303458 0.271511
vt 0.34592 0.356171
vt 0.29357 0.356758
vt 0.295704 0.378357
vt 0.34592 0.356171
vt 0.295704 0.378357
vt 0.356536 0.384332
vt 0.371241 0.356758
vt 0.34592 0.356171
vt 0.356536 0.384332
vt 0.371241 0.356758
vt 0.356536 0.384332
vt 0.37827 0.38818
vt 0.396244 0.356169
vt 0.371241 0.356758
vt 0.37827 0.38818
vt 0.396244 0.356169
vt 0.37827 0.38818
vt 0.399649 0.390769
vt 0.399649 0.390769
vt 0.37827 0.38818
vt 0.362711 0.411137
vt 0.356536 0.384332
vt 0.362711 0.411137
vt 0.37827 0.38818
vt 0.399649 0.390769
vt 0.362711 0.411137
vt 0.370449 0.420382
vt 0.362711 0.411137
vt 0.348623 0.434561
vt 0.370449 0.420382
vt 0.348623 0.434561
vt 0.372767 0.438871
vt 0.370449 0.420382
vt 0.348623 0.434561
vt 0.354035 0.441786
vt 0.372767 0.438871
vt 0.335303 0.444701
vt 0.354035 0.441786
vt 0.348623 0.434561
vt 0.335303 0.444701
vt 0.348623 0.434561
vt 0.336073 0.439954
vt 0.317043 0.447691
vt 0.335303 0.444701
vt 0.336073 0.439954
vt 0.317043 0.447691
vt 0.32451 0.446274
vt 0.335303 0.444701
vt 0.362711 0.411137
vt 0.340746 0.432238
vt 0.348623 0.434561
vt 0.348623 0.434561
vt 0.340746 0.432238
vt 0.336073 0.439954
vt 0.340746 0.432238
vt 0.317043 0.447691
vt 0.336073 0.439954
vt 0.356536 0.384332
vt 0.350921 0.405838
vt 0.362711 0.411137
vt 0.350921 0.405838
vt 0.340746 0.432238
vt 0.362711 0.411137
vt 0.356536 0.384332
vt 0.296744 0.395957
vt 0.350921 0.405838
vt 0.301604 0.423186
vt 0.350921 0.405838
vt 0.296744 0.395957
vt 0.301604 0.423186
vt 0.333731 0.430082
vt 0.350921 0.405838
vt 0.350921 0.405838
vt 0.333731 0.430082
vt 0.340746 0.432238
vt 0.340746 0.432238
vt 0.333731 0.430082
vt 0.317043 0.447691
vt 0.309576 0.449107
vt 0.333731 0.430082
vt 0.301604 0.423186
vt 0.309576 0.449107
vt 0.317043 0.447691
vt 0.333731 0.430082
vt 0.309576 0.449107
vt 0.301604 0.423186
vt 0.286659 0.448968
vt 0.356536 0.384332
vt 0.295704 0.378357
vt 0.296744 0.395957
vt 0.388307 0.279729
vt 0.394665 0.245742
vt 0.380224 0.242047
vt 0.388307 0.279729
vt 0.380224 0.242047
vt 0.370118 0.274145
vt 0.408815 0.284371
vt 0.394665 0.245742
vt 0.388307 0.279729
vt 0.408815 0.284371
vt 0.412222 0.25074
vt 0.394665 0.245742
vt 0.370118 0.274145
vt 0.380224 0.242047
vt 0.365784 0.238352
vt 0.172915 0.417256
vt 0.174117 0.436495
vt 0.196282 0.438916
vt 0.172915 0.417256
vt 0.088978 0.432107
vt 0.174117 0.436495
vt 0.172915 0.417256
vt 0.090494 0.414435
vt 0.088978 0.432107
vt 0.078272 0.413257
vt 0.088978 0.432107
vt 0.090494 0.414435
vt 0.078272 0.413257
vt 0.078122 0.43179
vt 0.088978 0.432107
vt 0.064548 0.407152
vt 0.078122 0.43179
vt 0.078272 0.413257
vt 0.071531 0.392368
vt 0.064548 0.407152
vt 0.078272 0.413257
vt 0.071531 0.392368
vt 0.035656 0.405079
vt 0.064548 0.407152
vt 0.071531 0.392368
vt 0.038299 0.393597
vt 0.035656 0.405079
vt 0.064548 0.407152
vt 0.067235 0.430768
vt 0.078122 0.43179
vt 0.065723 0.378222
vt 0.038299 0.393597
vt 0.071531 0.392368
vt 0.065723 0.378222
vt 0.037617 0.373363
vt 0.038299 0.393597
vt 0.064548 0.407152
vt 0.035656 0.405079
vt 0.035316 0.431071
vt 0.064548 0.407152
vt 0.035316 0.431071
vt 0.067235 0.430768
vt 0.035164 0.405182
vt 0.035656 0.405079
vt 0.038299 0.393597
vt 0.035164 0.405182
vt 0.035316 0.431071
vt 0.035656 0.405079
vt 0.035164 0.405182
vt 0.038299 0.393597
vt 0.037615 0.393594
vt 0.037617 0.373363
vt 0.037615 0.393594
vt 0.038299 0.393597
vt 0.035164 0.405182
vt 0.034172 0.430457
vt 0.035316 0.431071
vt 0.037617 0.373363
vt 0.037352 0.373409
vt 0.037615 0.393594
vt 0.037615 0.393594
vt 0.018426 0.403151
vt 0.035164 0.405182
vt 0.037352 0.373409
vt 0.018426 0.403151
vt 0.037615 0.393594
vt 0.018136 0.427438
vt 0.034172 0.430457
vt 0.035164 0.405182
vt 0.018136 0.427438
vt 0.035164 0.405182
vt 0.018426 0.403151
vt 0.037352 0.373409
vt 0.037617 0.373363
vt 0.037326 0.36598
vt 0.037352 0.373409
vt 0.037326 0.36598
vt 0.036911 0.365939
vt 0.037352 0.373409
vt 0.018361 0.380698
vt 0.018426 0.403151
vt 0.036911 0.365939
vt 0.018361 0.380698
vt 0.037352 0.373409
vt 0.036911 0.365939
vt 0.037326 0.36598
vt 0.034354 0.356955
vt 0.068893 0.356137
vt 0.034354 0.356955
vt 0.037326 0.36598
vt 0.069882 0.320262
vt 0.034354 0.356955
vt 0.068893 0.356137
vt 0.069882 0.320262
vt 0.028836 0.315292
vt 0.034354 0.356955
vt 0.036911 0.365939
vt 0.034354 0.356955
vt 0.033928 0.356848
vt 0.028836 0.315292
vt 0.033928 0.356848
vt 0.034354 0.356955
vt 0.033928 0.356848
vt 0.018361 0.380698
vt 0.036911 0.365939
vt 0.068763 0.299972
vt 0.028836 0.315292
vt 0.069882 0.320262
vt 0.084533 0.300439
vt 0.068763 0.299972
vt 0.069882 0.320262
vt 0.068763 0.299972
vt 0.028832 0.297891
vt 0.028836 0.315292
vt 0.028474 0.288538
vt 0.028832 0.297891
vt 0.068763 0.299972
vt 0.028474 0.288538
vt 0.068763 0.299972
vt 0.052617 0.286612
vt 0.028474 0.288538
vt 0.052617 0.286612
vt 0.059592 0.267157
vt 0.068763 0.299972
vt 0.059592 0.267157
vt 0.052617 0.286612
vt 0.028474 0.288538
vt 0.059592 0.267157
vt 0.027582 0.273297
vt 0.027167 0.249514
vt 0.027582 0.273297
vt 0.059592 0.267157
vt 0.027167 0.249514
vt 0.059592 0.267157
vt 0.060142 0.248232
vt 0.071302 0.248042
vt 0.060142 0.248232
vt 0.059592 0.267157
vt 0.071302 0.248042
vt 0.059592 0.267157
vt 0.071136 0.265971
vt 0.068763 0.299972
vt 0.071136 0.265971
vt 0.059592 0.267157
vt 0.025773 0.249976
vt 0.027582 0.273297
vt 0.027167 0.249514
vt 0.025773 0.249976
vt 0.027031 0.273146
vt 0.027582 0.273297
vt 0.027031 0.273146
vt 0.028474 0.288538
vt 0.027582 0.273297
vt 0.028836 0.315292
vt 0.026887 0.314712
vt 0.033928 0.356848
vt 0.026887 0.314712
vt 0.028836 0.315292
vt 0.028832 0.297891
vt 0.012187 0.27923
vt 0.027031 0.273146
vt 0.025773 0.249976
vt 0.012187 0.27923
vt 0.025773 0.249976
vt 0.010394 0.256717
vt 0.027031 0.273146
vt 0.026373 0.289789
vt 0.028474 0.288538
vt 0.012187 0.27923
vt 0.026373 0.289789
vt 0.027031 0.273146
vt 0.012187 0.27923
vt 0.012799 0.293789
vt 0.026373 0.289789
vt 0.027981 0.298577
vt 0.028832 0.297891
vt 0.028474 0.288538
vt 0.027981 0.298577
vt 0.028474 0.288538
vt 0.026373 0.289789
vt 0.026887 0.314712
vt 0.028832 0.297891
vt 0.027981 0.298577
vt 0.026373 0.289789
vt 0.012799 0.293789
vt 0.013954 0.309036
vt 0.026373 0.289789
vt 0.013954 0.309036
vt 0.027981 0.298577
vt 0.027981 0.298577
vt 0.013954 0.309036
vt 0.026887 0.314712
vt 0.033928 0.356848
vt 0.026887 0.314712
vt 0.013954 0.309036
vt 0.033928 0.356848
vt 0.013954 0.309036
vt 0.01747 0.357399
vt 0.033928 0.356848
vt 0.01747 0.357399
vt 0.018361 0.380698
vt 0.071302 0.248042
vt 0.071136 0.265971
vt 0.0815 0.267304
vt 0.068763 0.299972
vt 0.0815 0.267304
vt 0.071136 0.265971
vt 0.068763 0.299972
vt 0.084533 0.300439
vt 0.0815 0.267304
vt 0.0815 0.267304
vt 0.084533 0.300439
vt 0.167756 0.29709
vt 0.0815 0.267304
vt 0.167756 0.29709
vt 0.172164 0.274603
vt 0.167756 0.29709
vt 0.191556 0.276663
vt 0.172164 0.274603
vt 0.172164 0.274603
vt 0.191556 0.276663
vt 0.17262 0.242253
vt 0.17262 0.242253
vt 0.0815 0.267304
vt 0.172164 0.274603
vt 0.17262 0.242253
vt 0.08251 0.24752
vt 0.0815 0.267304
vt 0.071302 0.248042
vt 0.0815 0.267304
vt 0.08251 0.24752
vt 0.058622 0.981302
vt 0.069745 0.985433
vt 0.063886 0.974666
vt 0.069745 0.985433
vt 0.070112 0.971711
vt 0.063886 0.974666
vt 0.069745 0.985433
vt 0.078677 0.975422
vt 0.070112 0.971711
vt 0.078677 0.975422
vt 0.069745 0.985433
vt 0.080052 0.977001
vt 0.069745 0.985433
vt 0.081834 0.980834
vt 0.080052 0.977001
vt 0.069745 0.985433
vt 0.080533 0.989439
vt 0.081834 0.980834
vt 0.092601 0.389844
vt 0.172656 0.396936
vt 0.167228 0.374306
vt 0.069395 0.369775
vt 0.087994 0.357537
vt 0.089889 0.375195
vt 0.319585 0.226525
vt 0.322104 0.221246
vt 0.313781 0.207862
vt 0.319585 0.226525
vt 0.313781 0.207862
vt 0.30582 0.213558
vt 0.325378 0.240383
vt 0.322104 0.221246
vt 0.319585 0.226525
vt 0.325378 0.240383
vt 0.330965 0.229586
vt 0.322104 0.221246
vt 0.399601 0.391295
vt 0.371281 0.357706
vt 0.396063 0.357128
vt 0.396063 0.357128
vt 0.371281 0.357706
vt 0.364653 0.319416
vt 0.396063 0.357128
vt 0.364653 0.319416
vt 0.387611 0.317886
vt 0.387611 0.317886
vt 0.364653 0.319416
vt 0.362616 0.299387
vt 0.460599 0.845388
vt 0.394891 0.866646
vt 0.415116 0.908177
vt 0.386763 0.921798
vt 0.415116 0.908177
vt 0.394891 0.866646
vt 0.390074 0.953357
vt 0.415116 0.908177
vt 0.386763 0.921798
vt 0.370468 0.963449
vt 0.390074 0.953357
vt 0.386763 0.921798
vt 0.370468 0.963449
vt 0.386763 0.921798
vt 0.361879 0.933753
vt 0.326623 0.899753
vt 0.361879 0.933753
vt 0.386763 0.921798
vt 0.326623 0.899753
vt 0.386763 0.921798
vt 0.353788 0.889397
vt 0.386763 0.921798
vt 0.394891 0.866646
vt 0.353788 0.889397
vt 0.314106 0.848889
vt 0.353788 0.889397
vt 0.394891 0.866646
vt 0.314106 0.848889
vt 0.308307 0.870826
vt 0.353788 0.889397
vt 0.308307 0.870826
vt 0.326623 0.899753
vt 0.353788 0.889397
vt 0.452325 0.789938
vt 0.394891 0.866646
vt 0.460599 0.845388
vt 0.452325 0.789938
vt 0.389973 0.797383
vt 0.394891 0.866646
vt 0.314106 0.848889
vt 0.394891 0.866646
vt 0.389973 0.797383
vt 0.314106 0.848889
vt 0.389973 0.797383
vt 0.310845 0.805946
vt 0.263273 0.804185
vt 0.314106 0.848889
vt 0.310845 0.805946
vt 0.263273 0.804185
vt 0.254564 0.849628
vt 0.314106 0.848889
vt 0.078591 0.788066
vt 0.109091 0.738179
vt 0.066533 0.72651
vt 0.078591 0.788066
vt 0.066533 0.72651
vt 0.061539 0.760388
usemtl Material
f 3/3/3 2/2/2 1/1/1
f 6/6/6 5/5/5 4/4/4
f 9/9/9 8/8/8 7/7/7
f 12/12/12 11/11/11 10/10/10
f 15/15/15 14/14/14 13/13/13
f 18/18/18 17/17/17 16/16/16
f 21/21/21 20/20/20 19/19/19
f 24/24/24 23/23/23 22/22/22
f 27/27/27 26/26/26 25/25/25
f 30/30/30 29/29/29 28/28/28
f 33/33/33 32/32/32 31/31/31
f 36/36/36 35/35/35 34/34/34
f 39/39/39 38/38/38 37/37/37
f 42/42/42 41/41/41 40/40/40
f 45/45/45 44/44/44 43/43/43
f 48/48/48 47/47/47 46/46/46
f 51/51/51 50/50/50 49/49/49
f 54/54/54 53/53/53 52/52/52
f 57/57/57 56/56/56 55/55/55
f 60/60/60 59/59/59 58/58/58
f 63/63/63 62/62/62 61/61/61
f 66/66/66 65/65/65 64/64/64
f 69/69/69 68/68/68 67/67/67
f 72/72/72 71/71/71 70/70/70
f 75/75/75 74/74/74 73/73/73
f 78/78/78 77/77/77 76/76/76
f 81/81/81 80/80/80 79/79/79
f 84/84/84 83/83/83 82/82/82
f 87/87/87 86/86/86 85/85/85
f 90/90/90 89/89/89 88/88/88
f 93/93/93 92/92/92 91/91/91
f 96/96/96 95/95/95 94/94/94
f 99/99/99 98/98/98 97/97/97
f 102/102/102 101/101/101 100/100/100
f 105/105/105 104/104/104 103/103/103
f 108/108/108 107/107/107 106/106/106
f 111/111/111 110/110/110 109/109/109
f 114/114/114 113/113/113 112/112/112
f 117/117/117 116/116/116 115/115/115
f 120/120/120 119/119/119 118/118/118
f 123/123/123 122/122/122 121/121/121
f 126/126/126 125/125/125 124/124/124
f 129/129/129 128/128/128 127/127/127
f 132/132/132 131/131/131 130/130/130
f 135/135/135 134/134/134 133/133/133
f 138/138/138 137/137/137 136/136/136
f 141/141/141 140/140/140 139/139/139
f 144/144/144 143/143/143 142/142/142
f 147/147/147 146/146/146 145/145/145
f 150/150/150 149/149/149 148/148/148
f 153/153/153 152/152/152 151/151/151
f 156/156/156 155/155/155 154/154/154
f 159/159/159 158/158/158 157/157/157
f 162/162/162 161/161/161 160/160/160
f 165/165/165 164/164/164 163/163/163
f 168/168/168 167/167/167 166/166/166
f 171/171/171 170/170/170 169/169/169
f 174/174/174 173/173/173 172/172/172
f 177/177/177 176/176/176 175/175/175
f 180/180/180 179/179/179 178/178/178
f 183/183/183 182/182/182 181/181/181
f 186/186/186 185/185/185 184/184/184
f 189/189/189 188/188/188 187/187/187
f 192/192/192 191/191/191 190/190/190
f 195/195/195 194/194/194 193/193/193
f 198/198/198 197/197/197 196/196/196
f 201/201/201 200/200/200 199/199/199
f 204/204/204 203/203/203 202/202/202
f 207/207/207 206/206/206 205/205/205
f 210/210/210 209/209/209 208/208/208
f 213/213/213 212/212/212 211/211/211
f 216/216/216 215/215/215 214/214/214
f 219/219/219 218/218/218 217/217/217
f 222/222/222 221/221/221 220/220/220
f 225/225/225 224/224/224 223/223/223
f 228/228/228 227/227/227 226/226/226
f 231/231/231 230/230/230 229/229/229
f 234/234/234 233/233/233 232/232/232
f 237/237/237 236/236/236 235/235/235
f 240/240/240 239/239/239 238/238/238
f 243/243/243 242/242/242 241/241/241
f 246/246/246 245/245/245 244/244/244
f 249/249/249 248/248/248 247/247/247
f 252/252/252 251/251/251 250/250/250
f 255/255/255 254/254/254 253/253/253
f 258/258/258 257/257/257 256/256/256
f 261/261/261 260/260/260 259/259/259
f 264/264/264 263/263/263 262/262/262
f 267/267/267 266/266/266 265/265/265
f 270/270/270 269/269/269 268/268/268
f 273/273/273 272/272/272 271/271/271
f 276/276/276 275/275/275 274/274/274
f 279/279/279 278/278/278 277/277/277
f 282/282/282 281/281/281 280/280/280
f 285/285/285 284/284/284 283/283/283
f 288/288/288 287/287/287 286/286/286
f 291/291/291 290/290/290 289/289/289
f 294/294/294 293/293/293 292/292/292
f 297/297/297 296/296/296 295/295/295
f 300/300/300 299/299/299 298/298/298
f 303/303/303 302/302/302 301/301/301
f 306/306/306 305/305/305 304/304/304
f 309/309/309 308/308/308 307/307/307
f 312/312/312 311/311/311 310/310/310
f 315/315/315 314/314/314 313/313/313
f 318/318/318 317/317/317 316/316/316
f 321/321/321 320/320/320 319/319/319
f 324/324/324 323/323/323 322/322/322
f 327/327/327 326/326/326 325/325/325
f 330/330/330 329/329/329 328/328/328
f 333/333/333 332/332/332 331/331/331
f 336/336/336 335/335/335 334/334/334
f 339/339/339 338/338/338 337/337/337
f 342/342/342 341/341/341 340/340/340
f 345/345/345 344/344/344 343/343/343
f 348/348/348 347/347/347 346/346/346
f 351/351/351 350/350/350 349/349/349
f 354/354/354 353/353/353 352/352/352
f 357/357/357 356/356/356 355/355/355
f 360/360/360 359/359/359 358/358/358
f 363/363/363 362/362/362 361/361/361
f 366/366/366 365/365/365 364/364/364
f 369/369/369 368/368/368 367/367/367
f 372/372/372 371/371/371 370/370/370
f 375/375/375 374/374/374 373/373/373
f 378/378/378 377/377/377 376/376/376
f 381/381/381 380/380/380 379/379/379
f 384/384/384 383/383/383 382/382/382
f 387/387/387 386/386/386 385/385/385
f 390/390/390 389/389/389 388/388/388
f 393/393/393 392/392/392 391/391/391
f 396/396/396 395/395/395 394/394/394
f 399/399/399 398/398/398 397/397/397
f 402/402/402 401/401/401 400/400/400
f 405/405/405 404/404/404 403/403/403
f 408/408/408 407/407/407 406/406/406
f 411/411/411 410/410/410 409/409/409
f 414/414/414 413/413/413 412/412/412
f 417/417/417 416/416/416 415/415/415
f 420/420/420 419/419/419 418/418/418
f 423/423/423 422/422/422 421/421/421
f 426/426/426 425/425/425 424/424/424
f 429/429/429 428/428/428 427/427/427
f 432/432/432 431/431/431 430/430/430
f 435/435/435 434/434/434 433/433/433
f 438/438/438 437/437/437 436/436/436
f 441/441/441 440/440/440 439/439/439
f 444/444/444 443/443/443 442/442/442
f 447/447/447 446/446/446 445/445/445
f 450/450/450 449/449/449 448/448/448
f 453/453/453 452/452/452 451/451/451
f 456/456/456 455/455/455 454/454/454
f 459/459/459 458/458/458 457/457/457
f 462/462/462 461/461/461 460/460/460
f 465/465/465 464/464/464 463/463/463
f 468/468/468 467/467/467 466/466/466
f 471/471/471 470/470/470 469/469/469
f 474/474/474 473/473/473 472/472/472
f 477/477/477 476/476/476 475/475/475
f 480/480/480 479/479/479 478/478/478
f 483/483/483 482/482/482 481/481/481
f 486/486/486 485/485/485 484/484/484
f 489/489/489 488/488/488 487/487/487
f 492/492/492 491/491/491 490/490/490
f 495/495/495 494/494/494 493/493/493
f 498/498/498 497/497/497 496/496/496
f 501/501/501 500/500/500 499/499/499
f 504/504/504 503/503/503 502/502/502
f 507/507/507 506/506/506 505/505/505
f 510/510/510 509/509/509 508/508/508
f 513/513/513 512/512/512 511/511/511
f 516/516/516 515/515/515 514/514/514
f 519/519/519 518/518/518 517/517/517
f 522/522/522 521/521/521 520/520/520
f 525/525/525 524/524/524 523/523/523
f 528/528/528 527/527/527 526/526/526
f 531/531/531 530/530/530 529/529/529
f 534/534/534 533/533/533 532/532/532
f 537/537/537 536/536/536 535/535/535
f 540/540/540 539/539/539 538/538/538
f 543/543/543 542/542/542 541/541/541
f 546/546/546 545/545/545 544/544/544
f 549/549/549 548/548/548 547/547/547
f 552/552/552 551/551/551 550/550/550
f 555/555/555 554/554/554 553/553/553
f 558/558/558 557/557/557 556/556/556
f 561/561/561 560/560/560 559/559/559
f 564/564/564 563/563/563 562/562/562
f 567/567/567 566/566/566 565/565/565
f 570/570/570 569/569/569 568/568/568
f 573/573/573 572/572/572 571/571/571
f 576/576/576 575/575/575 574/574/574
f 579/579/579 578/578/578 577/577/577
f 582/582/582 581/581/581 580/580/580
f 585/585/585 584/584/584 583/583/583
f 588/588/588 587/587/587 586/586/586
f 591/591/591 590/590/590 589/589/589
f 594/594/594 593/593/593 592/592/592
f 597/597/597 596/596/596 595/595/595
f 600/600/600 599/599/599 598/598/598
f 603/603/603 602/602/602 601/601/601
f 606/606/606 605/605/605 604/604/604
f 609/609/609 608/608/608 607/607/607
f 612/612/612 611/611/611 610/610/610
f 615/615/615 614/614/614 613/613/613
f 618/618/618 617/617/617 616/616/616
f 621/621/621 620/620/620 619/619/619
f 624/624/624 623/623/623 622/622/622
f 627/627/627 626/626/626 625/625/625
f 630/630/630 629/629/629 628/628/628
f 633/633/633 632/632/632 631/631/631
f 636/636/636 635/635/635 634/634/634
f 639/639/639 638/638/638 637/637/637
f 642/642/642 641/641/641 640/640/640
f 645/645/645 644/644/644 643/643/643
f 648/648/648 647/647/647 646/646/646
f 651/651/651 650/650/650 649/649/649
f 654/654/654 653/653/653 652/652/652
f 657/657/657 656/656/656 655/655/655
f 660/660/660 659/659/659 658/658/658
f 663/663/663 662/662/662 661/661/661
f 666/666/666 665/665/665 664/664/664
f 669/669/669 668/668/668 667/667/667
f 672/672/672 671/671/671 670/670/670
f 675/675/675 674/674/674 673/673/673
f 678/678/678 677/677/677 676/676/676
f 681/681/681 680/680/680 679/679/679
f 684/684/684 683/683/683 682/682/682
f 687/687/687 686/686/686 685/685/685
f 690/690/690 689/689/689 688/688/688
f 693/693/693 692/692/692 691/691/691
f 696/696/696 695/695/695 694/694/694
f 699/699/699 698/698/698 697/697/697
f 702/702/702 701/701/701 700/700/700
f 705/705/705 704/704/704 703/703/703
f 708/708/708 707/707/707 706/706/706
f 711/711/711 710/710/710 709/709/709
f 714/714/714 713/713/713 712/712/712
f 717/717/717 716/716/716 715/715/715
f 720/720/720 719/719/719 718/718/718
f 723/723/723 722/722/722 721/721/721
f 726/726/726 725/725/725 724/724/724
f 729/729/729 728/728/728 727/727/727
f 732/732/732 731/731/731 730/730/730
f 735/735/735 734/734/734 733/733/733
f 738/738/738 737/737/737 736/736/736
f 741/741/741 740/740/740 739/739/739
f 744/744/744 743/743/743 742/742/742
f 747/747/747 746/746/746 745/745/745
f 750/750/750 749/749/749 748/748/748
f 753/753/753 752/752/752 751/751/751
f 756/756/756 755/755/755 754/754/754
f 759/759/759 758/758/758 757/757/757
f 762/762/762 761/761/761 760/760/760
f 765/765/765 764/764/764 763/763/763
f 768/768/768 767/767/767 766/766/766
f 771/771/771 770/770/770 769/769/769
f 774/774/774 773/773/773 772/772/772
f 777/777/777 776/776/776 775/775/775
f 780/780/780 779/779/779 778/778/778
f 783/783/783 782/782/782 781/781/781
f 786/786/786 785/785/785 784/784/784
f 789/789/789 788/788/788 787/787/787
f 792/792/792 791/791/791 790/790/790
f 795/795/795 794/794/794 793/793/793
f 798/798/798 797/797/797 796/796/796
f 801/801/801 800/800/800 799/799/799
f 804/804/804 803/803/803 802/802/802
f 807/807/807 806/806/806 805/805/805
f 810/810/810 809/809/809 808/808/808
f 813/813/813 812/812/812 811/811/811
f 816/816/816 815/815/815 814/814/814
f 819/819/819 818/818/818 817/817/817
f 822/822/822 821/821/821 820/820/820
f 825/825/825 824/824/824 823/823/823
f 828/828/828 827/827/827 826/826/826
f 831/831/831 830/830/830 829/829/829
f 834/834/834 833/833/833 832/832/832
f 837/837/837 836/836/836 835/835/835
f 840/840/840 839/839/839 838/838/838
f 843/843/843 842/842/842 841/841/841
f 846/846/846 845/845/845 844/844/844
f 849/849/849 848/848/848 847/847/847
f 852/852/852 851/851/851 850/850/850
f 855/855/855 854/854/854 853/853/853
f 858/858/858 857/857/857 856/856/856
f 861/861/861 860/860/860 859/859/859
f 864/864/864 863/863/863 862/862/862
f 867/867/867 866/866/866 865/865/865
f 870/870/870 869/869/869 868/868/868
f 873/873/873 872/872/872 871/871/871
f 876/876/876 875/875/875 874/874/874
f 879/879/879 878/878/878 877/877/877
f 882/882/882 881/881/881 880/880/880
f 885/885/885 884/884/884 883/883/883
f 888/888/888 887/887/887 886/886/886
f 891/891/891 890/890/890 889/889/889
f 894/894/894 893/893/893 892/892/892
f 897/897/897 896/896/896 895/895/895
f 900/900/900 899/899/899 898/898/898
f 903/903/903 902/902/902 901/901/901
f 906/906/906 905/905/905 904/904/904
f 909/909/909 908/908/908 907/907/907
f 912/912/912 911/911/911 910/910/910
f 915/915/915 914/914/914 913/913/913
f 918/918/918 917/917/917 916/916/916
f 921/921/921 920/920/920 919/919/919
f 924/924/924 923/923/923 922/922/922
f 927/927/927 926/926/926 925/925/925
f 930/930/930 929/929/929 928/928/928
f 933/933/933 932/932/932 931/931/931
f 936/936/936 935/935/935 934/934/934
f 939/939/939 938/938/938 937/937/937
f 942/942/942 941/941/941 940/940/940
f 945/945/945 944/944/944 943/943/943
f 948/948/948 947/947/947 946/946/946
f 951/951/951 950/950/950 949/949/949
f 954/954/954 953/953/953 952/952/952
f 957/957/957 956/956/956 955/955/955
f 960/960/960 959/959/959 958/958/958
f 963/963/963 962/962/962 961/961/961
f 966/966/966 965/965/965 964/964/964
f 969/969/969 968/968/968 967/967/967
f 972/972/972 971/971/971 970/970/970
f 975/975/975 974/974/974 973/973/973
f 978/978/978 977/977/977 976/976/976
f 981/981/981 980/980/980 979/979/979
f 984/984/984 983/983/983 982/982/982
f 987/987/987 986/986/986 985/985/985
f 990/990/990 989/989/989 988/988/988
f 993/993/993 992/992/992 991/991/991
f 996/996/996 995/995/995 994/994/994
f 999/999/999 998/998/998 997/997/997
f 1002/1002/1002 1001/1001/1001 1000/1000/1000
f 1005/1005/1005 1004/1004/1004 1003/1003/1003
f 1008/1008/1008 1007/1007/1007 1006/1006/1006
f 1011/1011/1011 1010/1010/1010 1009/1009/1009
f 1014/1014/1014 1013/1013/1013 1012/1012/1012
f 1017/1017/1017 1016/1016/1016 1015/1015/1015
f 1020/1020/1020 1019/1019/1019 1018/1018/1018
f 1023/1023/1023 1022/1022/1022 1021/1021/1021
f 1026/1026/1026 1025/1025/1025 1024/1024/1024
f 1029/1029/1029 1028/1028/1028 1027/1027/1027
f 1032/1032/1032 1031/1031/1031 1030/1030/1030
f 1035/1035/1035 1034/1034/1034 1033/1033/1033
f 1038/1038/1038 1037/1037/1037 1036/1036/1036
f 1041/1041/1041 1040/1040/1040 1039/1039/1039
f 1044/1044/1044 1043/1043/1043 1042/1042/1042
f 1047/1047/1047 1046/1046/1046 1045/1045/1045
f 1050/1050/1050 1049/1049/1049 1048/1048/1048
f 1053/1053/1053 1052/1052/1052 1051/1051/1051
f 1056/1056/1056 1055/1055/1055 1054/1054/1054
f 1059/1059/1059 1058/1058/1058 1057/1057/1057
f 1062/1062/1062 1061/1061/1061 1060/1060/1060
f 1065/1065/1065 1064/1064/1064 1063/1063/1063
f 1068/1068/1068 1067/1067/1067 1066/1066/1066
f 1071/1071/1071 1070/1070/1070 1069/1069/1069
f 1074/1074/1074 1073/1073/1073 1072/1072/1072
f 1077/1077/1077 1076/1076/1076 1075/1075/1075
f 1080/1080/1080 1079/1079/1079 1078/1078/1078
f 1083/1083/1083 1082/1082/1082 1081/1081/1081
f 1086/1086/1086 1085/1085/1085 1084/1084/1084
f 1089/1089/1089 1088/1088/1088 1087/1087/1087
f 1092/1092/1092 1091/1091/1091 1090/1090/1090
f 1095/1095/1095 1094/1094/1094 1093/1093/1093
f 1098/1098/1098 1097/1097/1097 1096/1096/1096
f 1101/1101/1101 1100/1100/1100 1099/1099/1099
f 1104/1104/1104 1103/1103/1103 1102/1102/1102
f 1107/1107/1107 1106/1106/1106 1105/1105/1105
f 1110/1110/1110 1109/1109/1109 1108/1108/1108
f 1113/1113/1113 1112/1112/1112 1111/1111/1111
f 1116/1116/1116 1115/1115/1115 1114/1114/1114
f 1119/1119/1119 1118/1118/1118 1117/1117/1117
f 1122/1122/1122 1121/1121/1121 1120/1120/1120
f 1125/1125/1125 1124/1124/1124 1123/1123/1123
f 1128/1128/1128 1127/1127/1127 1126/1126/1126
f 1131/1131/1131 1130/1130/1130 1129/1129/1129
f 1134/1134/1134 1133/1133/1133 1132/1132/1132
f 1137/1137/1137 1136/1136/1136 1135/1135/1135
f 1140/1140/1140 1139/1139/1139 1138/1138/1138
f 1143/1143/1143 1142/1142/1142 1141/1141/1141
f 1146/1146/1146 1145/1145/1145 1144/1144/1144
f 1149/1149/1149 1148/1148/1148 1147/1147/1147
f 1152/1152/1152 1151/1151/1151 1150/1150/1150
f 1155/1155/1155 1154/1154/1154 1153/1153/1153
f 1158/1158/1158 1157/1157/1157 1156/1156/1156
f 1161/1161/1161 1160/1160/1160 1159/1159/1159
f 1164/1164/1164 1163/1163/1163 1162/1162/1162
f 1167/1167/1167 1166/1166/1166 1165/1165/1165
f 1170/1170/1170 1169/1169/1169 1168/1168/1168
f 1173/1173/1173 1172/1172/1172 1171/1171/1171
f 1176/1176/1176 1175/1175/1175 1174/1174/1174
f 1179/1179/1179 1178/1178/1178 1177/1177/1177
f 1182/1182/1182 1181/1181/1181 1180/1180/1180
f 1185/1185/1185 1184/1184/1184 1183/1183/1183
f 1188/1188/1188 1187/1187/1187 1186/1186/1186
f 1191/1191/1191 1190/1190/1190 1189/1189/1189
f 1194/1194/1194 1193/1193/1193 1192/1192/1192
f 1197/1197/1197 1196/1196/1196 1195/1195/1195
f 1200/1200/1200 1199/1199/1199 1198/1198/1198
f 1203/1203/1203 1202/1202/1202 1201/1201/1201
f 1206/1206/1206 1205/1205/1205 1204/1204/1204
f 1209/1209/1209 1208/1208/1208 1207/1207/1207
f 1212/1212/1212 1211/1211/1211 1210/1210/1210
f 1215/1215/1215 1214/1214/1214 1213/1213/1213
f 1218/1218/1218 1217/1217/1217 1216/1216/1216
f 1221/1221/1221 1220/1220/1220 1219/1219/1219
f 1224/1224/1224 1223/1223/1223 1222/1222/1222
f 1227/1227/1227 1226/1226/1226 1225/1225/1225
f 1230/1230/1230 1229/1229/1229 1228/1228/1228
f 1233/1233/1233 1232/1232/1232 1231/1231/1231
f 1236/1236/1236 1235/1235/1235 1234/1234/1234
f 1239/1239/1239 1238/1238/1238 1237/1237/1237
f 1242/1242/1242 1241/1241/1241 1240/1240/1240
f 1245/1245/1245 1244/1244/1244 1243/1243/1243
f 1248/1248/1248 1247/1247/1247 1246/1246/1246
f 1251/1251/1251 1250/1250/1250 1249/1249/1249
f 1254/1254/1254 1253/1253/1253 1252/1252/1252
f 1257/1257/1257 1256/1256/1256 1255/1255/1255
f 1260/1260/1260 1259/1259/1259 1258/1258/1258
f 1263/1263/1263 1262/1262/1262 1261/1261/1261
f 1266/1266/1266 1265/1265/1265 1264/1264/1264
f 1269/1269/1269 1268/1268/1268 1267/1267/1267
f 1272/1272/1272 1271/1271/1271 1270/1270/1270
f 1275/1275/1275 1274/1274/1274 1273/1273/1273
f 1278/1278/1278 1277/1277/1277 1276/1276/1276
f 1281/1281/1281 1280/1280/1280 1279/1279/1279
f 1284/1284/1284 1283/1283/1283 1282/1282/1282
f 1287/1287/1287 1286/1286/1286 1285/1285/1285
f 1290/1290/1290 1289/1289/1289 1288/1288/1288
f 1293/1293/1293 1292/1292/1292 1291/1291/1291
f 1296/1296/1296 1295/1295/1295 1294/1294/1294
f 1299/1299/1299 1298/1298/1298 1297/1297/1297
f 1302/1302/1302 1301/1301/1301 1300/1300/1300
f 1305/1305/1305 1304/1304/1304 1303/1303/1303
f 1308/1308/1308 1307/1307/1307 1306/1306/1306
f 1311/1311/1311 1310/1310/1310 1309/1309/1309
f 1314/1314/1314 1313/1313/1313 1312/1312/1312
f 1317/1317/1317 1316/1316/1316 1315/1315/1315
f 1320/1320/1320 1319/1319/1319 1318/1318/1318
f 1323/1323/1323 1322/1322/1322 1321/1321/1321
f 1326/1326/1326 1325/1325/1325 1324/1324/1324
f 1329/1329/1329 1328/1328/1328 1327/1327/1327
f 1332/1332/1332 1331/1331/1331 1330/1330/1330
f 1335/1335/1335 1334/1334/1334 1333/1333/1333
f 1338/1338/1338 1337/1337/1337 1336/1336/1336
f 1341/1341/1341 1340/1340/1340 1339/1339/1339
f 1344/1344/1344 1343/1343/1343 1342/1342/1342
f 1347/1347/1347 1346/1346/1346 1345/1345/1345
f 1350/1350/1350 1349/1349/1349 1348/1348/1348
f 1353/1353/1353 1352/1352/1352 1351/1351/1351
f 1356/1356/1356 1355/1355/1355 1354/1354/1354
f 1359/1359/1359 1358/1358/1358 1357/1357/1357
f 1362/1362/1362 1361/1361/1361 1360/1360/1360
f 1365/1365/1365 1364/1364/1364 1363/1363/1363
f 1368/1368/1368 1367/1367/1367 1366/1366/1366
f 1371/1371/1371 1370/1370/1370 1369/1369/1369
f 1374/1374/1374 1373/1373/1373 1372/1372/1372
f 1377/1377/1377 1376/1376/1376 1375/1375/1375
f 1380/1380/1380 1379/1379/1379 1378/1378/1378
f 1383/1383/1383 1382/1382/1382 1381/1381/1381
f 1386/1386/1386 1385/1385/1385 1384/1384/1384
f 1389/1389/1389 1388/1388/1388 1387/1387/1387
f 1392/1392/1392 1391/1391/1391 1390/1390/1390
f 1395/1395/1395 1394/1394/1394 1393/1393/1393
f 1398/1398/1398 1397/1397/1397 1396/1396/1396
f 1401/1401/1401 1400/1400/1400 1399/1399/1399
f 1404/1404/1404 1403/1403/1403 1402/1402/1402
f 1407/1407/1407 1406/1406/1406 1405/1405/1405
f 1410/1410/1410 1409/1409/1409 1408/1408/1408
f 1413/1413/1413 1412/1412/1412 1411/1411/1411
f 1416/1416/1416 1415/1415/1415 1414/1414/1414
f 1419/1419/1419 1418/1418/1418 1417/1417/1417
f 1422/1422/1422 1421/1421/1421 1420/1420/1420
f 1425/1425/1425 1424/1424/1424 1423/1423/1423
f 1428/1428/1428 1427/1427/1427 1426/1426/1426
f 1431/1431/1431 1430/1430/1430 1429/1429/1429
f 1434/1434/1434 1433/1433/1433 1432/1432/1432
f 1437/1437/1437 1436/1436/1436 1435/1435/1435
f 1440/1440/1440 1439/1439/1439 1438/1438/1438
f 1443/1443/1443 1442/1442/1442 1441/1441/1441
f 1446/1446/1446 1445/1445/1445 1444/1444/1444
f 1449/1449/1449 1448/1448/1448 1447/1447/1447
f 1452/1452/1452 1451/1451/1451 1450/1450/1450
f 1455/1455/1455 1454/1454/1454 1453/1453/1453
f 1458/1458/1458 1457/1457/1457 1456/1456/1456
f 1461/1461/1461 1460/1460/1460 1459/1459/1459
f 1464/1464/1464 1463/1463/1463 1462/1462/1462
f 1467/1467/1467 1466/1466/1466 1465/1465/1465
f 1470/1470/1470 1469/1469/1469 1468/1468/1468
f 1473/1473/1473 1472/1472/1472 1471/1471/1471
f 1476/1476/1476 1475/1475/1475 1474/1474/1474
f 1479/1479/1479 1478/1478/1478 1477/1477/1477
f 1482/1482/1482 1481/1481/1481 1480/1480/1480
f 1485/1485/1485 1484/1484/1484 1483/1483/1483
f 1488/1488/1488 1487/1487/1487 1486/1486/1486
f 1491/1491/1491 1490/1490/1490 1489/1489/1489
f 1494/1494/1494 1493/1493/1493 1492/1492/1492
f 1497/1497/1497 1496/1496/1496 1495/1495/1495
f 1500/1500/1500 1499/1499/1499 1498/1498/1498
f 1503/1503/1503 1502/1502/1502 1501/1501/1501
f 1506/1506/1506 1505/1505/1505 1504/1504/1504
f 1509/1509/1509 1508/1508/1508 1507/1507/1507
f 1512/1512/1512 1511/1511/1511 1510/1510/1510
f 1515/1515/1515 1514/1514/1514 1513/1513/1513
f 1518/1518/1518 1517/1517/1517 1516/1516/1516
f 1521/1521/1521 1520/1520/1520 1519/1519/1519
f 1524/1524/1524 1523/1523/1523 1522/1522/1522
f 1527/1527/1527 1526/1526/1526 1525/1525/1525
f 1530/1530/1530 1529/1529/1529 1528/1528/1528
f 1533/1533/1533 1532/1532/1532 1531/1531/1531
f 1536/1536/1536 1535/1535/1535 1534/1534/1534
f 1539/1539/1539 1538/1538/1538 1537/1537/1537
f 1542/1542/1542 1541/1541/1541 1540/1540/1540
f 1545/1545/1545 1544/1544/1544 1543/1543/1543
f 1548/1548/1548 1547/1547/1547 1546/1546/1546
f 1551/1551/1551 1550/1550/1550 1549/1549/1549
f 1554/1554/1554 1553/1553/1553 1552/1552/1552
f 1557/1557/1557 1556/1556/1556 1555/1555/1555
f 1560/1560/1560 1559/1559/1559 1558/1558/1558
f 1563/1563/1563 1562/1562/1562 1561/1561/1561
f 1566/1566/1566 1565/1565/1565 1564/1564/1564
f 1569/1569/1569 1568/1568/1568 1567/1567/1567
f 1572/1572/1572 1571/1571/1571 1570/1570/1570
f 1575/1575/1575 1574/1574/1574 1573/1573/1573
f 1578/1578/1578 1577/1577/1577 1576/1576/1576
f 1581/1581/1581 1580/1580/1580 1579/1579/1579
f 1584/1584/1584 1583/1583/1583 1582/1582/1582
f 1587/1587/1587 1586/1586/1586 1585/1585/1585
f 1590/1590/1590 1589/1589/1589 1588/1588/1588
f 1593/1593/1593 1592/1592/1592 1591/1591/1591
f 1596/1596/1596 1595/1595/1595 1594/1594/1594
f 1599/1599/1599 1598/1598/1598 1597/1597/1597
f 1602/1602/1602 1601/1601/1601 1600/1600/1600
f 1605/1605/1605 1604/1604/1604 1603/1603/1603
f 1608/1608/1608 1607/1607/1607 1606/1606/1606
f 1611/1611/1611 1610/1610/1610 1609/1609/1609
f 1614/1614/1614 1613/1613/1613 1612/1612/1612
f 1617/1617/1617 1616/1616/1616 1615/1615/1615
f 1620/1620/1620 1619/1619/1619 1618/1618/1618
f 1623/1623/1623 1622/1622/1622 1621/1621/1621
f 1626/1626/1626 1625/1625/1625 1624/1624/1624
f 1629/1629/1629 1628/1628/1628 1627/1627/1627
f 1632/1632/1632 1631/1631/1631 1630/1630/1630
f 1635/1635/1635 1634/1634/1634 1633/1633/1633
f 1638/1638/1638 1637/1637/1637 1636/1636/1636
f 1641/1641/1641 1640/1640/1640 1639/1639/1639
f 1644/1644/1644 1643/1643/1643 1642/1642/1642
f 1647/1647/1647 1646/1646/1646 1645/1645/1645
f 1650/1650/1650 1649/1649/1649 1648/1648/1648
f 1653/1653/1653 1652/1652/1652 1651/1651/1651
f 1656/1656/1656 1655/1655/1655 1654/1654/1654
f 1659/1659/1659 1658/1658/1658 1657/1657/1657
f 1662/1662/1662 1661/1661/1661 1660/1660/1660
f 1665/1665/1665 1664/1664/1664 1663/1663/1663
f 1668/1668/1668 1667/1667/1667 1666/1666/1666
f 1671/1671/1671 1670/1670/1670 1669/1669/1669
f 1674/1674/1674 1673/1673/1673 1672/1672/1672
f 1677/1677/1677 1676/1676/1676 1675/1675/1675
f 1680/1680/1680 1679/1679/1679 1678/1678/1678
f 1683/1683/1683 1682/1682/1682 1681/1681/1681
f 1686/1686/1686 1685/1685/1685 1684/1684/1684
f 1689/1689/1689 1688/1688/1688 1687/1687/1687
f 1692/1692/1692 1691/1691/1691 1690/1690/1690
f 1695/1695/1695 1694/1694/1694 1693/1693/1693
f 1698/1698/1698 1697/1697/1697 1696/1696/1696
f 1701/1701/1701 1700/1700/1700 1699/1699/1699
f 1704/1704/1704 1703/1703/1703 1702/1702/1702
f 1707/1707/1707 1706/1706/1706 1705/1705/1705
f 1710/1710/1710 1709/1709/1709 1708/1708/1708
f 1713/1713/1713 1712/1712/1712 1711/1711/1711
f 1716/1716/1716 1715/1715/1715 1714/1714/1714
f 1719/1719/1719 1718/1718/1718 1717/1717/1717
f 1722/1722/1722 1721/1721/1721 1720/1720/1720
f 1725/1725/1725 1724/1724/1724 1723/1723/1723
f 1728/1728/1728 1727/1727/1727 1726/1726/1726
f 1731/1731/1731 1730/1730/1730 1729/1729/1729
f 1734/1734/1734 1733/1733/1733 1732/1732/1732
f 1737/1737/1737 1736/1736/1736 1735/1735/1735
f 1740/1740/1740 1739/1739/1739 1738/1738/1738
f 1743/1743/1743 1742/1742/1742 1741/1741/1741
f 1746/1746/1746 1745/1745/1745 1744/1744/1744
f 1749/1749/1749 1748/1748/1748 1747/1747/1747
f 1752/1752/1752 1751/1751/1751 1750/1750/1750
f 1755/1755/1755 1754/1754/1754 1753/1753/1753
f 1758/1758/1758 1757/1757/1757 1756/1756/1756
f 1761/1761/1761 1760/1760/1760 1759/1759/1759
f 1764/1764/1764 1763/1763/1763 1762/1762/1762
f 1767/1767/1767 1766/1766/1766 1765/1765/1765
f 1770/1770/1770 1769/1769/1769 1768/1768/1768
f 1773/1773/1773 1772/1772/1772 1771/1771/1771
f 1776/1776/1776 1775/1775/1775 1774/1774/1774
f 1779/1779/1779 1778/1778/1778 1777/1777/1777
f 1782/1782/1782 1781/1781/1781 1780/1780/1780
f 1785/1785/1785 1784/1784/1784 1783/1783/1783
f 1788/1788/1788 1787/1787/1787 1786/1786/1786
f 1791/1791/1791 1790/1790/1790 1789/1789/1789
f 1794/1794/1794 1793/1793/1793 1792/1792/1792
f 1797/1797/1797 1796/1796/1796 1795/1795/1795
f 1800/1800/1800 1799/1799/1799 1798/1798/1798
f 1803/1803/1803 1802/1802/1802 1801/1801/1801
f 1806/1806/1806 1805/1805/1805 1804/1804/1804
f 1809/1809/1809 1808/1808/1808 1807/1807/1807
f 1812/1812/1812 1811/1811/1811 1810/1810/1810
f 1815/1815/1815 1814/1814/1814 1813/1813/1813
f 1818/1818/1818 1817/1817/1817 1816/1816/1816
f 1821/1821/1821 1820/1820/1820 1819/1819/1819
f 1824/1824/1824 1823/1823/1823 1822/1822/1822
f 1827/1827/1827 1826/1826/1826 1825/1825/1825
f 1830/1830/1830 1829/1829/1829 1828/1828/1828
f 1833/1833/1833 1832/1832/1832 1831/1831/1831
f 1836/1836/1836 1835/1835/1835 1834/1834/1834
f 1839/1839/1839 1838/1838/1838 1837/1837/1837
f 1842/1842/1842 1841/1841/1841 1840/1840/1840
f 1845/1845/1845 1844/1844/1844 1843/1843/1843
f 1848/1848/1848 1847/1847/1847 1846/1846/1846
f 1851/1851/1851 1850/1850/1850 1849/1849/1849
f 1854/1854/1854 1853/1853/1853 1852/1852/1852
f 1857/1857/1857 1856/1856/1856 1855/1855/1855
f 1860/1860/1860 1859/1859/1859 1858/1858/1858
f 1863/1863/1863 1862/1862/1862 1861/1861/1861
f 1866/1866/1866 1865/1865/1865 1864/1864/1864
f 1869/1869/1869 1868/1868/1868 1867/1867/1867
f 1872/1872/1872 1871/1871/1871 1870/1870/1870
f 1875/1875/1875 1874/1874/1874 1873/1873/1873
f 1878/1878/1878 1877/1877/1877 1876/1876/1876
f 1881/1881/1881 1880/1880/1880 1879/1879/1879
f 1884/1884/1884 1883/1883/1883 1882/1882/1882
f 1887/1887/1887 1886/1886/1886 1885/1885/1885
f 1890/1890/1890 1889/1889/1889 1888/1888/1888
f 1893/1893/1893 1892/1892/1892 1891/1891/1891
f 1896/1896/1896 1895/1895/1895 1894/1894/1894
f 1899/1899/1899 1898/1898/1898 1897/1897/1897
f 1902/1902/1902 1901/1901/1901 1900/1900/1900
f 1905/1905/1905 1904/1904/1904 1903/1903/1903
f 1908/1908/1908 1907/1907/1907 1906/1906/1906
f 1911/1911/1911 1910/1910/1910 1909/1909/1909
f 1914/1914/1914 1913/1913/1913 1912/1912/1912
f 1917/1917/1917 1916/1916/1916 1915/1915/1915
f 1920/1920/1920 1919/1919/1919 1918/1918/1918
f 1923/1923/1923 1922/1922/1922 1921/1921/1921
f 1926/1926/1926 1925/1925/1925 1924/1924/1924
f 1929/1929/1929 1928/1928/1928 1927/1927/1927
f 1932/1932/1932 1931/1931/1931 1930/1930/1930
f 1935/1935/1935 1934/1934/1934 1933/1933/1933
f 1938/1938/1938 1937/1937/1937 1936/1936/1936
f 1941/1941/1941 1940/1940/1940 1939/1939/1939
f 1944/1944/1944 1943/1943/1943 1942/1942/1942
f 1947/1947/1947 1946/1946/1946 1945/1945/1945
f 1950/1950/1950 1949/1949/1949 1948/1948/1948
f 1953/1953/1953 1952/1952/1952 1951/1951/1951
f 1956/1956/1956 1955/1955/1955 1954/1954/1954
f 1959/1959/1959 1958/1958/1958 1957/1957/1957
f 1962/1962/1962 1961/1961/1961 1960/1960/1960
f 1965/1965/1965 1964/1964/1964 1963/1963/1963
f 1968/1968/1968 1967/1967/1967 1966/1966/1966
f 1971/1971/1971 1970/1970/1970 1969/1969/1969
f 1974/1974/1974 1973/1973/1973 1972/1972/1972
f 1977/1977/1977 1976/1976/1976 1975/1975/1975
f 1980/1980/1980 1979/1979/1979 1978/1978/1978
f 1983/1983/1983 1982/1982/1982 1981/1981/1981
f 1986/1986/1986 1985/1985/1985 1984/1984/1984
f 1989/1989/1989 1988/1988/1988 1987/1987/1987
f 1992/1992/1992 1991/1991/1991 1990/1990/1990
f 1995/1995/1995 1994/1994/1994 1993/1993/1993
f 1998/1998/1998 1997/1997/1997 1996/1996/1996
f 2001/2001/2001 2000/2000/2000 1999/1999/1999
f 2004/2004/2004 2003/2003/2003 2002/2002/2002
f 2007/2007/2007 2006/2006/2006 2005/2005/2005
f 2010/2010/2010 2009/2009/2009 2008/2008/2008
f 2013/2013/2013 2012/2012/2012 2011/2011/2011
f 2016/2016/2016 2015/2015/2015 2014/2014/2014
f 2019/2019/2019 2018/2018/2018 2017/2017/2017
f 2022/2022/2022 2021/2021/2021 2020/2020/2020
f 2025/2025/2025 2024/2024/2024 2023/2023/2023
f 2028/2028/2028 2027/2027/2027 2026/2026/2026
f 2031/2031/2031 2030/2030/2030 2029/2029/2029
f 2034/2034/2034 2033/2033/2033 2032/2032/2032
f 2037/2037/2037 2036/2036/2036 2035/2035/2035
f 2040/2040/2040 2039/2039/2039 2038/2038/2038
f 2043/2043/2043 2042/2042/2042 2041/2041/2041
f 2046/2046/2046 2045/2045/2045 2044/2044/2044
f 2049/2049/2049 2048/2048/2048 2047/2047/2047
f 2052/2052/2052 2051/2051/2051 2050/2050/2050
f 2055/2055/2055 2054/2054/2054 2053/2053/2053
f 2058/2058/2058 2057/2057/2057 2056/2056/2056
f 2061/2061/2061 2060/2060/2060 2059/2059/2059
f 2064/2064/2064 2063/2063/2063 2062/2062/2062
f 2067/2067/2067 2066/2066/2066 2065/2065/2065
f 2070/2070/2070 2069/2069/2069 2068/2068/2068
f 2073/2073/2073 2072/2072/2072 2071/2071/2071
f 2076/2076/2076 2075/2075/2075 2074/2074/2074
f 2079/2079/2079 2078/2078/2078 2077/2077/2077
f 2082/2082/2082 2081/2081/2081 2080/2080/2080
f 2085/2085/2085 2084/2084/2084 2083/2083/2083
f 2088/2088/2088 2087/2087/2087 2086/2086/2086
f 2091/2091/2091 2090/2090/2090 2089/2089/2089
f 2094/2094/2094 2093/2093/2093 2092/2092/2092
f 2097/2097/2097 2096/2096/2096 2095/2095/2095
f 2100/2100/2100 2099/2099/2099 2098/2098/2098
f 2103/2103/2103 2102/2102/2102 2101/2101/2101
f 2106/2106/2106 2105/2105/2105 2104/2104/2104
f 2109/2109/2109 2108/2108/2108 2107/2107/2107
f 2112/2112/2112 2111/2111/2111 2110/2110/2110
f 2115/2115/2115 2114/2114/2114 2113/2113/2113
f 2118/2118/2118 2117/2117/2117 2116/2116/2116
f 2121/2121/2121 2120/2120/2120 2119/2119/2119
f 2124/2124/2124 2123/2123/2123 2122/2122/2122
f 2127/2127/2127 2126/2126/2126 2125/2125/2125
f 2130/2130/2130 2129/2129/2129 2128/2128/2128
f 2133/2133/2133 2132/2132/2132 2131/2131/2131
f 2136/2136/2136 2135/2135/2135 2134/2134/2134
f 2139/2139/2139 2138/2138/2138 2137/2137/2137
f 2142/2142/2142 2141/2141/2141 2140/2140/2140
f 2145/2145/2145 2144/2144/2144 2143/2143/2143
f 2148/2148/2148 2147/2147/2147 2146/2146/2146
f 2151/2151/2151 2150/2150/2150 2149/2149/2149
f 2154/2154/2154 2153/2153/2153 2152/2152/2152
f 2157/2157/2157 2156/2156/2156 2155/2155/2155
f 2160/2160/2160 2159/2159/2159 2158/2158/2158
f 2163/2163/2163 2162/2162/2162 2161/2161/2161
f 2166/2166/2166 2165/2165/2165 2164/2164/2164
f 2169/2169/2169 2168/2168/2168 2167/2167/2167
f 2172/2172/2172 2171/2171/2171 2170/2170/2170
f 2175/2175/2175 2174/2174/2174 2173/2173/2173
f 2178/2178/2178 2177/2177/2177 2176/2176/2176
f 2181/2181/2181 2180/2180/2180 2179/2179/2179
f 2184/2184/2184 2183/2183/2183 2182/2182/2182
f 2187/2187/2187 2186/2186/2186 2185/2185/2185
f 2190/2190/2190 2189/2189/2189 2188/2188/2188
f 2193/2193/2193 2192/2192/2192 2191/2191/2191
f 2196/2196/2196 2195/2195/2195 2194/2194/2194
f 2199/2199/2199 2198/2198/2198 2197/2197/2197
f 2202/2202/2202 2201/2201/2201 2200/2200/2200
f 2205/2205/2205 2204/2204/2204 2203/2203/2203
f 2208/2208/2208 2207/2207/2207 2206/2206/2206
f 2211/2211/2211 2210/2210/2210 2209/2209/2209
f 2214/2214/2214 2213/2213/2213 2212/2212/2212
f 2217/2217/2217 2216/2216/2216 2215/2215/2215
f 2220/2220/2220 2219/2219/2219 2218/2218/2218
f 2223/2223/2223 2222/2222/2222 2221/2221/2221
f 2226/2226/2226 2225/2225/2225 2224/2224/2224
f 2229/2229/2229 2228/2228/2228 2227/2227/2227
f 2232/2232/2232 2231/2231/2231 2230/2230/2230
f 2235/2235/2235 2234/2234/2234 2233/2233/2233
f 2238/2238/2238 2237/2237/2237 2236/2236/2236
f 2241/2241/2241 2240/2240/2240 2239/2239/2239
f 2244/2244/2244 2243/2243/2243 2242/2242/2242
f 2247/2247/2247 2246/2246/2246 2245/2245/2245
f 2250/2250/2250 2249/2249/2249 2248/2248/2248
f 2253/2253/2253 2252/2252/2252 2251/2251/2251
f 2256/2256/2256 2255/2255/2255 2254/2254/2254
f 2259/2259/2259 2258/2258/2258 2257/2257/2257
f 2262/2262/2262 2261/2261/2261 2260/2260/2260
f 2265/2265/2265 2264/2264/2264 2263/2263/2263
f 2268/2268/2268 2267/2267/2267 2266/2266/2266
f 2271/2271/2271 2270/2270/2270 2269/2269/2269
f 2274/2274/2274 2273/2273/2273 2272/2272/2272
f 2277/2277/2277 2276/2276/2276 2275/2275/2275
f 2280/2280/2280 2279/2279/2279 2278/2278/2278
f 2283/2283/2283 2282/2282/2282 2281/2281/2281
f 2286/2286/2286 2285/2285/2285 2284/2284/2284
f 2289/2289/2289 2288/2288/2288 2287/2287/2287
f 2292/2292/2292 2291/2291/2291 2290/2290/2290
f 2295/2295/2295 2294/2294/2294 2293/2293/2293
f 2298/2298/2298 2297/2297/2297 2296/2296/2296
f 2301/2301/2301 2300/2300/2300 2299/2299/2299
f 2304/2304/2304 2303/2303/2303 2302/2302/2302
f 2307/2307/2307 2306/2306/2306 2305/2305/2305
f 2310/2310/2310 2309/2309/2309 2308/2308/2308
f 2313/2313/2313 2312/2312/2312 2311/2311/2311
f 2316/2316/2316 2315/2315/2315 2314/2314/2314
f 2319/2319/2319 2318/2318/2318 2317/2317/2317
f 2322/2322/2322 2321/2321/2321 2320/2320/2320
f 2325/2325/2325 2324/2324/2324 2323/2323/2323
f 2328/2328/2328 2327/2327/2327 2326/2326/2326
f 2331/2331/2331 2330/2330/2330 2329/2329/2329
f 2334/2334/2334 2333/2333/2333 2332/2332/2332
f 2337/2337/2337 2336/2336/2336 2335/2335/2335
f 2340/2340/2340 2339/2339/2339 2338/2338/2338
f 2343/2343/2343 2342/2342/2342 2341/2341/2341
f 2346/2346/2346 2345/2345/2345 2344/2344/2344
f 2349/2349/2349 2348/2348/2348 2347/2347/2347
f 2352/2352/2352 2351/2351/2351 2350/2350/2350
f 2355/2355/2355 2354/2354/2354 2353/2353/2353
f 2358/2358/2358 2357/2357/2357 2356/2356/2356
f 2361/2361/2361 2360/2360/2360 2359/2359/2359
f 2364/2364/2364 2363/2363/2363 2362/2362/2362
f 2367/2367/2367 2366/2366/2366 2365/2365/2365
f 2370/2370/2370 2369/2369/2369 2368/2368/2368
f 2373/2373/2373 2372/2372/2372 2371/2371/2371
f 2376/2376/2376 2375/2375/2375 2374/2374/2374
f 2379/2379/2379 2378/2378/2378 2377/2377/2377
f 2382/2382/2382 2381/2381/2381 2380/2380/2380
f 2385/2385/2385 2384/2384/2384 2383/2383/2383
f 2388/2388/2388 2387/2387/2387 2386/2386/2386
f 2391/2391/2391 2390/2390/2390 2389/2389/2389
f 2394/2394/2394 2393/2393/2393 2392/2392/2392
f 2397/2397/2397 2396/2396/2396 2395/2395/2395
f 2400/2400/2400 2399/2399/2399 2398/2398/2398
f 2403/2403/2403 2402/2402/2402 2401/2401/2401
f 2406/2406/2406 2405/2405/2405 2404/2404/2404
f 2409/2409/2409 2408/2408/2408 2407/2407/2407
f 2412/2412/2412 2411/2411/2411 2410/2410/2410
f 2415/2415/2415 2414/2414/2414 2413/2413/2413
f 2418/2418/2418 2417/2417/2417 2416/2416/2416
f 2421/2421/2421 2420/2420/2420 2419/2419/2419
f 2424/2424/2424 2423/2423/2423 2422/2422/2422
f 2427/2427/2427 2426/2426/2426 2425/2425/2425
f 2430/2430/2430 2429/2429/2429 2428/2428/2428
f 2433/2433/2433 2432/2432/2432 2431/2431/2431
f 2436/2436/2436 2435/2435/2435 2434/2434/2434
f 2439/2439/2439 2438/2438/2438 2437/2437/2437
f 2442/2442/2442 2441/2441/2441 2440/2440/2440
f 2445/2445/2445 2444/2444/2444 2443/2443/2443
f 2448/2448/2448 2447/2447/2447 2446/2446/2446
f 2451/2451/2451 2450/2450/2450 2449/2449/2449
f 2454/2454/2454 2453/2453/2453 2452/2452/2452
f 2457/2457/2457 2456/2456/2456 2455/2455/2455
f 2460/2460/2460 2459/2459/2459 2458/2458/2458
f 2463/2463/2463 2462/2462/2462 2461/2461/2461
f 2466/2466/2466 2465/2465/2465 2464/2464/2464
f 2469/2469/2469 2468/2468/2468 2467/2467/2467
f 2472/2472/2472 2471/2471/2471 2470/2470/2470
f 2475/2475/2475 2474/2474/2474 2473/2473/2473
f 2478/2478/2478 2477/2477/2477 2476/2476/2476
f 2481/2481/2481 2480/2480/2480 2479/2479/2479
f 2484/2484/2484 2483/2483/2483 2482/2482/2482
f 2487/2487/2487 2486/2486/2486 2485/2485/2485
f 2490/2490/2490 2489/2489/2489 2488/2488/2488
f 2493/2493/2493 2492/2492/2492 2491/2491/2491
f 2496/2496/2496 2495/2495/2495 2494/2494/2494
f 2499/2499/2499 2498/2498/2498 2497/2497/2497
f 2502/2502/2502 2501/2501/2501 2500/2500/2500
f 2505/2505/2505 2504/2504/2504 2503/2503/2503
f 2508/2508/2508 2507/2507/2507 2506/2506/2506
f 2511/2511/2511 2510/2510/2510 2509/2509/2509
f 2514/2514/2514 2513/2513/2513 2512/2512/2512
f 2517/2517/2517 2516/2516/2516 2515/2515/2515
f 2520/2520/2520 2519/2519/2519 2518/2518/2518
f 2523/2523/2523 2522/2522/2522 2521/2521/2521
f 2526/2526/2526 2525/2525/2525 2524/2524/2524
f 2529/2529/2529 2528/2528/2528 2527/2527/2527
f 2532/2532/2532 2531/2531/2531 2530/2530/2530
f 2535/2535/2535 2534/2534/2534 2533/2533/2533
f 2538/2538/2538 2537/2537/2537 2536/2536/2536
f 2541/2541/2541 2540/2540/2540 2539/2539/2539
f 2544/2544/2544 2543/2543/2543 2542/2542/2542
f 2547/2547/2547 2546/2546/2546 2545/2545/2545
f 2550/2550/2550 2549/2549/2549 2548/2548/2548
f 2553/2553/2553 2552/2552/2552 2551/2551/2551
f 2556/2556/2556 2555/2555/2555 2554/2554/2554
f 2559/2559/2559 2558/2558/2558 2557/2557/2557
f 2562/2562/2562 2561/2561/2561 2560/2560/2560
f 2565/2565/2565 2564/2564/2564 2563/2563/2563
f 2568/2568/2568 2567/2567/2567 2566/2566/2566
f 2571/2571/2571 2570/2570/2570 2569/2569/2569
f 2574/2574/2574 2573/2573/2573 2572/2572/2572
f 2577/2577/2577 2576/2576/2576 2575/2575/2575
f 2580/2580/2580 2579/2579/2579 2578/2578/2578
f 2583/2583/2583 2582/2582/2582 2581/2581/2581
f 2586/2586/2586 2585/2585/2585 2584/2584/2584
f 2589/2589/2589 2588/2588/2588 2587/2587/2587
f 2592/2592/2592 2591/2591/2591 2590/2590/2590
f 2595/2595/2595 2594/2594/2594 2593/2593/2593
f 2598/2598/2598 2597/2597/2597 2596/2596/2596
f 2601/2601/2601 2600/2600/2600 2599/2599/2599
f 2604/2604/2604 2603/2603/2603 2602/2602/2602
f 2607/2607/2607 2606/2606/2606 2605/2605/2605
f 2610/2610/2610 2609/2609/2609 2608/2608/2608
f 2613/2613/2613 2612/2612/2612 2611/2611/2611
f 2616/2616/2616 2615/2615/2615 2614/2614/2614
f 2619/2619/2619 2618/2618/2618 2617/2617/2617
f 2622/2622/2622 2621/2621/2621 2620/2620/2620
f 2625/2625/2625 2624/2624/2624 2623/2623/2623
f 2628/2628/2628 2627/2627/2627 2626/2626/2626
f 2631/2631/2631 2630/2630/2630 2629/2629/2629
f 2634/2634/2634 2633/2633/2633 2632/2632/2632
f 2637/2637/2637 2636/2636/2636 2635/2635/2635
f 2640/2640/2640 2639/2639/2639 2638/2638/2638
f 2643/2643/2643 2642/2642/2642 2641/2641/2641
f 2646/2646/2646 2645/2645/2645 2644/2644/2644
f 2649/2649/2649 2648/2648/2648 2647/2647/2647
f 2652/2652/2652 2651/2651/2651 2650/2650/2650
f 2655/2655/2655 2654/2654/2654 2653/2653/2653
f 2658/2658/2658 2657/2657/2657 2656/2656/2656
f 2661/2661/2661 2660/2660/2660 2659/2659/2659
f 2664/2664/2664 2663/2663/2663 2662/2662/2662
f 2667/2667/2667 2666/2666/2666 2665/2665/2665
f 2670/2670/2670 2669/2669/2669 2668/2668/2668
f 2673/2673/2673 2672/2672/2672 2671/2671/2671
f 2676/2676/2676 2675/2675/2675 2674/2674/2674
f 2679/2679/2679 2678/2678/2678 2677/2677/2677
f 2682/2682/2682 2681/2681/2681 2680/2680/2680
f 2685/2685/2685 2684/2684/2684 2683/2683/2683
f 2688/2688/2688 2687/2687/2687 2686/2686/2686
f 2691/2691/2691 2690/2690/2690 2689/2689/2689
f 2694/2694/2694 2693/2693/2693 2692/2692/2692
f 2697/2697/2697 2696/2696/2696 2695/2695/2695
f 2700/2700/2700 2699/2699/2699 2698/2698/2698
f 2703/2703/2703 2702/2702/2702 2701/2701/2701
f 2706/2706/2706 2705/2705/2705 2704/2704/2704
f 2709/2709/2709 2708/2708/2708 2707/2707/2707
f 2712/2712/2712 2711/2711/2711 2710/2710/2710
f 2715/2715/2715 2714/2714/2714 2713/2713/2713
f 2718/2718/2718 2717/2717/2717 2716/2716/2716
f 2721/2721/2721 2720/2720/2720 2719/2719/2719
f 2724/2724/2724 2723/2723/2723 2722/2722/2722
f 2727/2727/2727 2726/2726/2726 2725/2725/2725
f 2730/2730/2730 2729/2729/2729 2728/2728/2728
f 2733/2733/2733 2732/2732/2732 2731/2731/2731
f 2736/2736/2736 2735/2735/2735 2734/2734/2734
f 2739/2739/2739 2738/2738/2738 2737/2737/2737
f 2742/2742/2742 2741/2741/2741 2740/2740/2740
f 2745/2745/2745 2744/2744/2744 2743/2743/2743
f 2748/2748/2748 2747/2747/2747 2746/2746/2746
f 2751/2751/2751 2750/2750/2750 2749/2749/2749
f 2754/2754/2754 2753/2753/2753 2752/2752/2752
f 2757/2757/2757 2756/2756/2756 2755/2755/2755
f 2760/2760/2760 2759/2759/2759 2758/2758/2758
f 2763/2763/2763 2762/2762/2762 2761/2761/2761
f 2766/2766/2766 2765/2765/2765 2764/2764/2764
f 2769/2769/2769 2768/2768/2768 2767/2767/2767
f 2772/2772/2772 2771/2771/2771 2770/2770/2770
f 2775/2775/2775 2774/2774/2774 2773/2773/2773
f 2778/2778/2778 2777/2777/2777 2776/2776/2776
f 2781/2781/2781 2780/2780/2780 2779/2779/2779
f 2784/2784/2784 2783/2783/2783 2782/2782/2782
f 2787/2787/2787 2786/2786/2786 2785/2785/2785
f 2790/2790/2790 2789/2789/2789 2788/2788/2788
f 2793/2793/2793 2792/2792/2792 2791/2791/2791
f 2796/2796/2796 2795/2795/2795 2794/2794/2794
f 2799/2799/2799 2798/2798/2798 2797/2797/2797
f 2802/2802/2802 2801/2801/2801 2800/2800/2800
f 2805/2805/2805 2804/2804/2804 2803/2803/2803
f 2808/2808/2808 2807/2807/2807 2806/2806/2806
f 2811/2811/2811 2810/2810/2810 2809/2809/2809
f 2814/2814/2814 2813/2813/2813 2812/2812/2812
f 2817/2817/2817 2816/2816/2816 2815/2815/2815
f 2820/2820/2820 2819/2819/2819 2818/2818/2818
f 2823/2823/2823 2822/2822/2822 2821/2821/2821
f 2826/2826/2826 2825/2825/2825 2824/2824/2824
f 2829/2829/2829 2828/2828/2828 2827/2827/2827
f 2832/2832/2832 2831/2831/2831 2830/2830/2830
f 2835/2835/2835 2834/2834/2834 2833/2833/2833
f 2838/2838/2838 2837/2837/2837 2836/2836/2836
f 2841/2841/2841 2840/2840/2840 2839/2839/2839
f 2844/2844/2844 2843/2843/2843 2842/2842/2842
f 2847/2847/2847 2846/2846/2846 2845/2845/2845
f 2850/2850/2850 2849/2849/2849 2848/2848/2848
f 2853/2853/2853 2852/2852/2852 2851/2851/2851
f 2856/2856/2856 2855/2855/2855 2854/2854/2854
f 2859/2859/2859 2858/2858/2858 2857/2857/2857
f 2862/2862/2862 2861/2861/2861 2860/2860/2860
f 2865/2865/2865 2864/2864/2864 2863/2863/2863
f 2868/2868/2868 2867/2867/2867 2866/2866/2866
f 2871/2871/2871 2870/2870/2870 2869/2869/2869
f 2874/2874/2874 2873/2873/2873 2872/2872/2872
f 2877/2877/2877 2876/2876/2876 2875/2875/2875
f 2880/2880/2880 2879/2879/2879 2878/2878/2878
f 2883/2883/2883 2882/2882/2882 2881/2881/2881
f 2886/2886/2886 2885/2885/2885 2884/2884/2884
f 2889/2889/2889 2888/2888/2888 2887/2887/2887
f 2892/2892/2892 2891/2891/2891 2890/2890/2890
f 2895/2895/2895 2894/2894/2894 2893/2893/2893
f 2898/2898/2898 2897/2897/2897 2896/2896/2896
f 2901/2901/2901 2900/2900/2900 2899/2899/2899
f 2904/2904/2904 2903/2903/2903 2902/2902/2902
f 2907/2907/2907 2906/2906/2906 2905/2905/2905
f 2910/2910/2910 2909/2909/2909 2908/2908/2908
f 2913/2913/2913 2912/2912/2912 2911/2911/2911
f 2916/2916/2916 2915/2915/2915 2914/2914/2914
f 2919/2919/2919 2918/2918/2918 2917/2917/2917
f 2922/2922/2922 2921/2921/2921 2920/2920/2920
f 2925/2925/2925 2924/2924/2924 2923/2923/2923
f 2928/2928/2928 2927/2927/2927 2926/2926/2926
f 2931/2931/2931 2930/2930/2930 2929/2929/2929
f 2934/2934/2934 2933/2933/2933 2932/2932/2932
f 2937/2937/2937 2936/2936/2936 2935/2935/2935
f 2940/2940/2940 2939/2939/2939 2938/2938/2938
f 2943/2943/2943 2942/2942/2942 2941/2941/2941
f 2946/2946/2946 2945/2945/2945 2944/2944/2944
f 2949/2949/2949 2948/2948/2948 2947/2947/2947
f 2952/2952/2952 2951/2951/2951 2950/2950/2950
f 2955/2955/2955 2954/2954/2954 2953/2953/2953
f 2958/2958/2958 2957/2957/2957 2956/2956/2956
f 2961/2961/2961 2960/2960/2960 2959/2959/2959
f 2964/2964/2964 2963/2963/2963 2962/2962/2962
f 2967/2967/2967 2966/2966/2966 2965/2965/2965
f 2970/2970/2970 2969/2969/2969 2968/2968/2968
f 2973/2973/2973 2972/2972/2972 2971/2971/2971
f 2976/2976/2976 2975/2975/2975 2974/2974/2974
f 2979/2979/2979 2978/2978/2978 2977/2977/2977
f 2982/2982/2982 2981/2981/2981 2980/2980/2980
f 2985/2985/2985 2984/2984/2984 2983/2983/2983
f 2988/2988/2988 2987/2987/2987 2986/2986/2986
f 2991/2991/2991 2990/2990/2990 2989/2989/2989
f 2994/2994/2994 2993/2993/2993 2992/2992/2992
f 2997/2997/2997 2996/2996/2996 2995/2995/2995
f 3000/3000/3000 2999/2999/2999 2998/2998/2998
f 3003/3003/3003 3002/3002/3002 3001/3001/3001
f 3006/3006/3006 3005/3005/3005 3004/3004/3004
f 3009/3009/3009 3008/3008/3008 3007/3007/3007
f 3012/3012/3012 3011/3011/3011 3010/3010/3010
f 3015/3015/3015 3014/3014/3014 3013/3013/3013
f 3018/3018/3018 3017/3017/3017 3016/3016/3016
f 3021/3021/3021 3020/3020/3020 3019/3019/3019
f 3024/3024/3024 3023/3023/3023 3022/3022/3022
f 3027/3027/3027 3026/3026/3026 3025/3025/3025
f 3030/3030/3030 3029/3029/3029 3028/3028/3028
f 3033/3033/3033 3032/3032/3032 3031/3031/3031
f 3036/3036/3036 3035/3035/3035 3034/3034/3034
f 3039/3039/3039 3038/3038/3038 3037/3037/3037
f 3042/3042/3042 3041/3041/3041 3040/3040/3040
f 3045/3045/3045 3044/3044/3044 3043/3043/3043
f 3048/3048/3048 3047/3047/3047 3046/3046/3046
f 3051/3051/3051 3050/3050/3050 3049/3049/3049
f 3054/3054/3054 3053/3053/3053 3052/3052/3052
f 3057/3057/3057 3056/3056/3056 3055/3055/3055
f 3060/3060/3060 3059/3059/3059 3058/3058/3058
f 3063/3063/3063 3062/3062/3062 3061/3061/3061
f 3066/3066/3066 3065/3065/3065 3064/3064/3064
f 3069/3069/3069 3068/3068/3068 3067/3067/3067
f 3072/3072/3072 3071/3071/3071 3070/3070/3070
f 3075/3075/3075 3074/3074/3074 3073/3073/3073
f 3078/3078/3078 3077/3077/3077 3076/3076/3076
f 3081/3081/3081 3080/3080/3080 3079/3079/3079
f 3084/3084/3084 3083/3083/3083 3082/3082/3082
f 3087/3087/3087 3086/3086/3086 3085/3085/3085
f 3090/3090/3090 3089/3089/3089 3088/3088/3088
f 3093/3093/3093 3092/3092/3092 3091/3091/3091
f 3096/3096/3096 3095/3095/3095 3094/3094/3094
f 3099/3099/3099 3098/3098/3098 3097/3097/3097
f 3102/3102/3102 3101/3101/3101 3100/3100/3100
f 3105/3105/3105 3104/3104/3104 3103/3103/3103
f 3108/3108/3108 3107/3107/3107 3106/3106/3106
f 3111/3111/3111 3110/3110/3110 3109/3109/3109
f 3114/3114/3114 3113/3113/3113 3112/3112/3112
f 3117/3117/3117 3116/3116/3116 3115/3115/3115
f 3120/3120/3120 3119/3119/3119 3118/3118/3118
f 3123/3123/3123 3122/3122/3122 3121/3121/3121
f 3126/3126/3126 3125/3125/3125 3124/3124/3124
f 3129/3129/3129 3128/3128/3128 3127/3127/3127
f 3132/3132/3132 3131/3131/3131 3130/3130/3130
f 3135/3135/3135 3134/3134/3134 3133/3133/3133
f 3138/3138/3138 3137/3137/3137 3136/3136/3136
f 3141/3141/3141 3140/3140/3140 3139/3139/3139
f 3144/3144/3144 3143/3143/3143 3142/3142/3142
f 3147/3147/3147 3146/3146/3146 3145/3145/3145
f 3150/3150/3150 3149/3149/3149 3148/3148/3148
f 3153/3153/3153 3152/3152/3152 3151/3151/3151
f 3156/3156/3156 3155/3155/3155 3154/3154/3154
f 3159/3159/3159 3158/3158/3158 3157/3157/3157
f 3162/3162/3162 3161/3161/3161 3160/3160/3160
f 3165/3165/3165 3164/3164/3164 3163/3163/3163
f 3168/3168/3168 3167/3167/3167 3166/3166/3166
f 3171/3171/3171 3170/3170/3170 3169/3169/3169
f 3174/3174/3174 3173/3173/3173 3172/3172/3172
f 3177/3177/3177 3176/3176/3176 3175/3175/3175
f 3180/3180/3180 3179/3179/3179 3178/3178/3178
f 3183/3183/3183 3182/3182/3182 3181/3181/3181
f 3186/3186/3186 3185/3185/3185 3184/3184/3184
f 3189/3189/3189 3188/3188/3188 3187/3187/3187
f 3192/3192/3192 3191/3191/3191 3190/3190/3190
f 3195/3195/3195 3194/3194/3194 3193/3193/3193
f 3198/3198/3198 3197/3197/3197 3196/3196/3196
f 3201/3201/3201 3200/3200/3200 3199/3199/3199
f 3204/3204/3204 3203/3203/3203 3202/3202/3202
f 3207/3207/3207 3206/3206/3206 3205/3205/3205
f 3210/3210/3210 3209/3209/3209 3208/3208/3208
f 3213/3213/3213 3212/3212/3212 3211/3211/3211
f 3216/3216/3216 3215/3215/3215 3214/3214/3214
f 3219/3219/3219 3218/3218/3218 3217/3217/3217
f 3222/3222/3222 3221/3221/3221 3220/3220/3220
f 3225/3225/3225 3224/3224/3224 3223/3223/3223
f 3228/3228/3228 3227/3227/3227 3226/3226/3226
f 3231/3231/3231 3230/3230/3230 3229/3229/3229
f 3234/3234/3234 3233/3233/3233 3232/3232/3232
f 3237/3237/3237 3236/3236/3236 3235/3235/3235
f 3240/3240/3240 3239/3239/3239 3238/3238/3238
f 3243/3243/3243 3242/3242/3242 3241/3241/3241
f 3246/3246/3246 3245/3245/3245 3244/3244/3244
f 3249/3249/3249 3248/3248/3248 3247/3247/3247
f 3252/3252/3252 3251/3251/3251 3250/3250/3250
f 3255/3255/3255 3254/3254/3254 3253/3253/3253
f 3258/3258/3258 3257/3257/3257 3256/3256/3256
f 3261/3261/3261 3260/3260/3260 3259/3259/3259
f 3264/3264/3264 3263/3263/3263 3262/3262/3262
f 3267/3267/3267 3266/3266/3266 3265/3265/3265
f 3270/3270/3270 3269/3269/3269 3268/3268/3268
f 3273/3273/3273 3272/3272/3272 3271/3271/3271
f 3276/3276/3276 3275/3275/3275 3274/3274/3274
f 3279/3279/3279 3278/3278/3278 3277/3277/3277
f 3282/3282/3282 3281/3281/3281 3280/3280/3280
f 3285/3285/3285 3284/3284/3284 3283/3283/3283
f 3288/3288/3288 3287/3287/3287 3286/3286/3286
f 3291/3291/3291 3290/3290/3290 3289/3289/3289
f 3294/3294/3294 3293/3293/3293 3292/3292/3292
f 3297/3297/3297 3296/3296/3296 3295/3295/3295
f 3300/3300/3300 3299/3299/3299 3298/3298/3298
f 3303/3303/3303 3302/3302/3302 3301/3301/3301
f 3306/3306/3306 3305/3305/3305 3304/3304/3304
f 3309/3309/3309 3308/3308/3308 3307/3307/3307
f 3312/3312/3312 3311/3311/3311 3310/3310/3310
f 3315/3315/3315 3314/3314/3314 3313/3313/3313
f 3318/3318/3318 3317/3317/3317 3316/3316/3316
f 3321/3321/3321 3320/3320/3320 3319/3319/3319
f 3324/3324/3324 3323/3323/3323 3322/3322/3322
f 3327/3327/3327 3326/3326/3326 3325/3325/3325
f 3330/3330/3330 3329/3329/3329 3328/3328/3328
f 3333/3333/3333 3332/3332/3332 3331/3331/3331
f 3336/3336/3336 3335/3335/3335 3334/3334/3334
f 3339/3339/3339 3338/3338/3338 3337/3337/3337
f 3342/3342/3342 3341/3341/3341 3340/3340/3340
f 3345/3345/3345 3344/3344/3344 3343/3343/3343
f 3348/3348/3348 3347/3347/3347 3346/3346/3346
f 3351/3351/3351 3350/3350/3350 3349/3349/3349
f 3354/3354/3354 3353/3353/3353 3352/3352/3352
f 3357/3357/3357 3356/3356/3356 3355/3355/3355
f 3360/3360/3360 3359/3359/3359 3358/3358/3358
f 3363/3363/3363 3362/3362/3362 3361/3361/3361
f 3366/3366/3366 3365/3365/3365 3364/3364/3364
f 3369/3369/3369 3368/3368/3368 3367/3367/3367
f 3372/3372/3372 3371/3371/3371 3370/3370/3370
f 3375/3375/3375 3374/3374/3374 3373/3373/3373
f 3378/3378/3378 3377/3377/3377 3376/3376/3376
f 3381/3381/3381 3380/3380/3380 3379/3379/3379
f 3384/3384/3384 3383/3383/3383 3382/3382/3382
f 3387/3387/3387 3386/3386/3386 3385/3385/3385
f 3390/3390/3390 3389/3389/3389 3388/3388/3388
f 3393/3393/3393 3392/3392/3392 3391/3391/3391
f 3396/3396/3396 3395/3395/3395 3394/3394/3394
f 3399/3399/3399 3398/3398/3398 3397/3397/3397
f 3402/3402/3402 3401/3401/3401 3400/3400/3400
f 3405/3405/3405 3404/3404/3404 3403/3403/3403
f 3408/3408/3408 3407/3407/3407 3406/3406/3406
f 3411/3411/3411 3410/3410/3410 3409/3409/3409
f 3414/3414/3414 3413/3413/3413 3412/3412/3412
f 3417/3417/3417 3416/3416/3416 3415/3415/3415
f 3420/3420/3420 3419/3419/3419 3418/3418/3418
f 3423/3423/3423 3422/3422/3422 3421/3421/3421
f 3426/3426/3426 3425/3425/3425 3424/3424/3424
f 3429/3429/3429 3428/3428/3428 3427/3427/3427
f 3432/3432/3432 3431/3431/3431 3430/3430/3430
f 3435/3435/3435 3434/3434/3434 3433/3433/3433
f 3438/3438/3438 3437/3437/3437 3436/3436/3436
f 3441/3441/3441 3440/3440/3440 3439/3439/3439
f 3444/3444/3444 3443/3443/3443 3442/3442/3442
f 3447/3447/3447 3446/3446/3446 3445/3445/3445
f 3450/3450/3450 3449/3449/3449 3448/3448/3448
f 3453/3453/3453 3452/3452/3452 3451/3451/3451
f 3456/3456/3456 3455/3455/3455 3454/3454/3454
f 3459/3459/3459 3458/3458/3458 3457/3457/3457
f 3462/3462/3462 3461/3461/3461 3460/3460/3460
f 3465/3465/3465 3464/3464/3464 3463/3463/3463
f 3468/3468/3468 3467/3467/3467 3466/3466/3466
f 3471/3471/3471 3470/3470/3470 3469/3469/3469
f 3474/3474/3474 3473/3473/3473 3472/3472/3472
f 3477/3477/3477 3476/3476/3476 3475/3475/3475
f 3480/3480/3480 3479/3479/3479 3478/3478/3478
f 3483/3483/3483 3482/3482/3482 3481/3481/3481
f 3486/3486/3486 3485/3485/3485 3484/3484/3484
f 3489/3489/3489 3488/3488/3488 3487/3487/3487
f 3492/3492/3492 3491/3491/3491 3490/3490/3490
f 3495/3495/3495 3494/3494/3494 3493/3493/3493
f 3498/3498/3498 3497/3497/3497 3496/3496/3496
f 3501/3501/3501 3500/3500/3500 3499/3499/3499
f 3504/3504/3504 3503/3503/3503 3502/3502/3502
f 3507/3507/3507 3506/3506/3506 3505/3505/3505
f 3510/3510/3510 3509/3509/3509 3508/3508/3508
f 3513/3513/3513 3512/3512/3512 3511/3511/3511
f 3516/3516/3516 3515/3515/3515 3514/3514/3514
f 3519/3519/3519 3518/3518/3518 3517/3517/3517
f 3522/3522/3522 3521/3521/3521 3520/3520/3520
f 3525/3525/3525 3524/3524/3524 3523/3523/3523
f 3528/3528/3528 3527/3527/3527 3526/3526/3526
f 3531/3531/3531 3530/3530/3530 3529/3529/3529
f 3534/3534/3534 3533/3533/3533 3532/3532/3532
f 3537/3537/3537 3536/3536/3536 3535/3535/3535
f 3540/3540/3540 3539/3539/3539 3538/3538/3538
f 3543/3543/3543 3542/3542/3542 3541/3541/3541
f 3546/3546/3546 3545/3545/3545 3544/3544/3544
f 3549/3549/3549 3548/3548/3548 3547/3547/3547
f 3552/3552/3552 3551/3551/3551 3550/3550/3550
f 3555/3555/3555 3554/3554/3554 3553/3553/3553
f 3558/3558/3558 3557/3557/3557 3556/3556/3556
f 3561/3561/3561 3560/3560/3560 3559/3559/3559
f 3564/3564/3564 3563/3563/3563 3562/3562/3562
f 3567/3567/3567 3566/3566/3566 3565/3565/3565
f 3570/3570/3570 3569/3569/3569 3568/3568/3568
f 3573/3573/3573 3572/3572/3572 3571/3571/3571
f 3576/3576/3576 3575/3575/3575 3574/3574/3574
f 3579/3579/3579 3578/3578/3578 3577/3577/3577
f 3582/3582/3582 3581/3581/3581 3580/3580/3580
f 3585/3585/3585 3584/3584/3584 3583/3583/3583
f 3588/3588/3588 3587/3587/3587 3586/3586/3586
f 3591/3591/3591 3590/3590/3590 3589/3589/3589
f 3594/3594/3594 3593/3593/3593 3592/3592/3592
f 3597/3597/3597 3596/3596/3596 3595/3595/3595
f 3600/3600/3600 3599/3599/3599 3598/3598/3598
f 3603/3603/3603 3602/3602/3602 3601/3601/3601
f 3606/3606/3606 3605/3605/3605 3604/3604/3604
f 3609/3609/3609 3608/3608/3608 3607/3607/3607
f 3612/3612/3612 3611/3611/3611 3610/3610/3610
f 3615/3615/3615 3614/3614/3614 3613/3613/3613
f 3618/3618/3618 3617/3617/3617 3616/3616/3616
f 3621/3621/3621 3620/3620/3620 3619/3619/3619
f 3624/3624/3624 3623/3623/3623 3622/3622/3622
f 3627/3627/3627 3626/3626/3626 3625/3625/3625
f 3630/3630/3630 3629/3629/3629 3628/3628/3628
f 3633/3633/3633 3632/3632/3632 3631/3631/3631
f 3636/3636/3636 3635/3635/3635 3634/3634/3634
f 3639/3639/3639 3638/3638/3638 3637/3637/3637
f 3642/3642/3642 3641/3641/3641 3640/3640/3640
f 3645/3645/3645 3644/3644/3644 3643/3643/3643
f 3648/3648/3648 3647/3647/3647 3646/3646/3646
f 3651/3651/3651 3650/3650/3650 3649/3649/3649
f 3654/3654/3654 3653/3653/3653 3652/3652/3652
f 3657/3657/3657 3656/3656/3656 3655/3655/3655
f 3660/3660/3660 3659/3659/3659 3658/3658/3658
f 3663/3663/3663 3662/3662/3662 3661/3661/3661
f 3666/3666/3666 3665/3665/3665 3664/3664/3664
f 3669/3669/3669 3668/3668/3668 3667/3667/3667
f 3672/3672/3672 3671/3671/3671 3670/3670/3670
f 3675/3675/3675 3674/3674/3674 3673/3673/3673
f 3678/3678/3678 3677/3677/3677 3676/3676/3676
f 3681/3681/3681 3680/3680/3680 3679/3679/3679
f 3684/3684/3684 3683/3683/3683 3682/3682/3682
f 3687/3687/3687 3686/3686/3686 3685/3685/3685
f 3690/3690/3690 3689/3689/3689 3688/3688/3688
f 3693/3693/3693 3692/3692/3692 3691/3691/3691
f 3696/3696/3696 3695/3695/3695 3694/3694/3694
f 3699/3699/3699 3698/3698/3698 3697/3697/3697
f 3702/3702/3702 3701/3701/3701 3700/3700/3700
f 3705/3705/3705 3704/3704/3704 3703/3703/3703
f 3708/3708/3708 3707/3707/3707 3706/3706/3706
f 3711/3711/3711 3710/3710/3710 3709/3709/3709
f 3714/3714/3714 3713/3713/3713 3712/3712/3712
f 3717/3717/3717 3716/3716/3716 3715/3715/3715
f 3720/3720/3720 3719/3719/3719 3718/3718/3718
f 3723/3723/3723 3722/3722/3722 3721/3721/3721
f 3726/3726/3726 3725/3725/3725 3724/3724/3724
f 3729/3729/3729 3728/3728/3728 3727/3727/3727
f 3732/3732/3732 3731/3731/3731 3730/3730/3730
f 3735/3735/3735 3734/3734/3734 3733/3733/3733
f 3738/3738/3738 3737/3737/3737 3736/3736/3736
f 3741/3741/3741 3740/3740/3740 3739/3739/3739
f 3744/3744/3744 3743/3743/3743 3742/3742/3742
f 3747/3747/3747 3746/3746/3746 3745/3745/3745
f 3750/3750/3750 3749/3749/3749 3748/3748/3748
f 3753/3753/3753 3752/3752/3752 3751/3751/3751
f 3756/3756/3756 3755/3755/3755 3754/3754/3754
f 3759/3759/3759 3758/3758/3758 3757/3757/3757
f 3762/3762/3762 3761/3761/3761 3760/3760/3760
f 3765/3765/3765 3764/3764/3764 3763/3763/3763
f 3768/3768/3768 3767/3767/3767 3766/3766/3766
f 3771/3771/3771 3770/3770/3770 3769/3769/3769
f 3774/3774/3774 3773/3773/3773 3772/3772/3772
f 3777/3777/3777 3776/3776/3776 3775/3775/3775
f 3780/3780/3780 3779/3779/3779 3778/3778/3778
f 3783/3783/3783 3782/3782/3782 3781/3781/3781
f 3786/3786/3786 3785/3785/3785 3784/3784/3784
f 3789/3789/3789 3788/3788/3788 3787/3787/3787
f 3792/3792/3792 3791/3791/3791 3790/3790/3790
f 3795/3795/3795 3794/3794/3794 3793/3793/3793
f 3798/3798/3798 3797/3797/3797 3796/3796/3796
f 3801/3801/3801 3800/3800/3800 3799/3799/3799
f 3804/3804/3804 3803/3803/3803 3802/3802/3802
f 3807/3807/3807 3806/3806/3806 3805/3805/3805
f 3810/3810/3810 3809/3809/3809 3808/3808/3808
f 3813/3813/3813 3812/3812/3812 3811/3811/3811
f 3816/3816/3816 3815/3815/3815 3814/3814/3814
f 3819/3819/3819 3818/3818/3818 3817/3817/3817
f 3822/3822/3822 3821/3821/3821 3820/3820/3820
f 3825/3825/3825 3824/3824/3824 3823/3823/3823
f 3828/3828/3828 3827/3827/3827 3826/3826/3826
f 3831/3831/3831 3830/3830/3830 3829/3829/3829
f 3834/3834/3834 3833/3833/3833 3832/3832/3832
f 3837/3837/3837 3836/3836/3836 3835/3835/3835
f 3840/3840/3840 3839/3839/3839 3838/3838/3838
f 3843/3843/3843 3842/3842/3842 3841/3841/3841
f 3846/3846/3846 3845/3845/3845 3844/3844/3844
f 3849/3849/3849 3848/3848/3848 3847/3847/3847
f 3852/3852/3852 3851/3851/3851 3850/3850/3850
f 3855/3855/3855 3854/3854/3854 3853/3853/3853
f 3858/3858/3858 3857/3857/3857 3856/3856/3856
f 3861/3861/3861 3860/3860/3860 3859/3859/3859
f 3864/3864/3864 3863/3863/3863 3862/3862/3862
f 3867/3867/3867 3866/3866/3866 3865/3865/3865
f 3870/3870/3870 3869/3869/3869 3868/3868/3868
f 3873/3873/3873 3872/3872/3872 3871/3871/3871
f 3876/3876/3876 3875/3875/3875 3874/3874/3874
f 3879/3879/3879 3878/3878/3878 3877/3877/3877
f 3882/3882/3882 3881/3881/3881 3880/3880/3880
f 3885/3885/3885 3884/3884/3884 3883/3883/3883
f 3888/3888/3888 3887/3887/3887 3886/3886/3886
f 3891/3891/3891 3890/3890/3890 3889/3889/3889
f 3894/3894/3894 3893/3893/3893 3892/3892/3892
f 3897/3897/3897 3896/3896/3896 3895/3895/3895
f 3900/3900/3900 3899/3899/3899 3898/3898/3898
f 3903/3903/3903 3902/3902/3902 3901/3901/3901
f 3906/3906/3906 3905/3905/3905 3904/3904/3904
f 3909/3909/3909 3908/3908/3908 3907/3907/3907
f 3912/3912/3912 3911/3911/3911 3910/3910/3910
f 3915/3915/3915 3914/3914/3914 3913/3913/3913
f 3918/3918/3918 3917/3917/3917 3916/3916/3916
f 3921/3921/3921 3920/3920/3920 3919/3919/3919
f 3924/3924/3924 3923/3923/3923 3922/3922/3922
f 3927/3927/3927 3926/3926/3926 3925/3925/3925
f 3930/3930/3930 3929/3929/3929 3928/3928/3928
f 3933/3933/3933 3932/3932/3932 3931/3931/3931
f 3936/3936/3936 3935/3935/3935 3934/3934/3934
f 3939/3939/3939 3938/3938/3938 3937/3937/3937
f 3942/3942/3942 3941/3941/3941 3940/3940/3940
f 3945/3945/3945 3944/3944/3944 3943/3943/3943
f 3948/3948/3948 3947/3947/3947 3946/3946/3946
f 3951/3951/3951 3950/3950/3950 3949/3949/3949
f 3954/3954/3954 3953/3953/3953 3952/3952/3952
f 3957/3957/3957 3956/3956/3956 3955/3955/3955
f 3960/3960/3960 3959/3959/3959 3958/3958/3958
f 3963/3963/3963 3962/3962/3962 3961/3961/3961
f 3966/3966/3966 3965/3965/3965 3964/3964/3964
f 3969/3969/3969 3968/3968/3968 3967/3967/3967
f 3972/3972/3972 3971/3971/3971 3970/3970/3970
f 3975/3975/3975 3974/3974/3974 3973/3973/3973
f 3978/3978/3978 3977/3977/3977 3976/3976/3976
f 3981/3981/3981 3980/3980/3980 3979/3979/3979
f 3984/3984/3984 3983/3983/3983 3982/3982/3982
f 3987/3987/3987 3986/3986/3986 3985/3985/3985
f 3990/3990/3990 3989/3989/3989 3988/3988/3988
f 3993/3993/3993 3992/3992/3992 3991/3991/3991
f 3996/3996/3996 3995/3995/3995 3994/3994/3994
f 3999/3999/3999 3998/3998/3998 3997/3997/3997
f 4002/4002/4002 4001/4001/4001 4000/4000/4000
f 4005/4005/4005 4004/4004/4004 4003/4003/4003
f 4008/4008/4008 4007/4007/4007 4006/4006/4006
f 4011/4011/4011 4010/4010/4010 4009/4009/4009
f 4014/4014/4014 4013/4013/4013 4012/4012/4012
f 4017/4017/4017 4016/4016/4016 4015/4015/4015
f 4020/4020/4020 4019/4019/4019 4018/4018/4018
f 4023/4023/4023 4022/4022/4022 4021/4021/4021
f 4026/4026/4026 4025/4025/4025 4024/4024/4024
f 4029/4029/4029 4028/4028/4028 4027/4027/4027
f 4032/4032/4032 4031/4031/4031 4030/4030/4030
f 4035/4035/4035 4034/4034/4034 4033/4033/4033
f 4038/4038/4038 4037/4037/4037 4036/4036/4036
f 4041/4041/4041 4040/4040/4040 4039/4039/4039
f 4044/4044/4044 4043/4043/4043 4042/4042/4042
f 4047/4047/4047 4046/4046/4046 4045/4045/4045
f 4050/4050/4050 4049/4049/4049 4048/4048/4048
f 4053/4053/4053 4052/4052/4052 4051/4051/4051
f 4056/4056/4056 4055/4055/4055 4054/4054/4054
f 4059/4059/4059 4058/4058/4058 4057/4057/4057
f 4062/4062/4062 4061/4061/4061 4060/4060/4060
f 4065/4065/4065 4064/4064/4064 4063/4063/4063
f 4068/4068/4068 4067/4067/4067 4066/4066/4066
f 4071/4071/4071 4070/4070/4070 4069/4069/4069
f 4074/4074/4074 4073/4073/4073 4072/4072/4072
f 4077/4077/4077 4076/4076/4076 4075/4075/4075
f 4080/4080/4080 4079/4079/4079 4078/4078/4078
f 4083/4083/4083 4082/4082/4082 4081/4081/4081
f 4086/4086/4086 4085/4085/4085 4084/4084/4084
f 4089/4089/4089 4088/4088/4088 4087/4087/4087
f 4092/4092/4092 4091/4091/4091 4090/4090/4090
f 4095/4095/4095 4094/4094/4094 4093/4093/4093
f 4098/4098/4098 4097/4097/4097 4096/4096/4096
f 4101/4101/4101 4100/4100/4100 4099/4099/4099
f 4104/4104/4104 4103/4103/4103 4102/4102/4102
f 4107/4107/4107 4106/4106/4106 4105/4105/4105
f 4110/4110/4110 4109/4109/4109 4108/4108/4108
f 4113/4113/4113 4112/4112/4112 4111/4111/4111
f 4116/4116/4116 4115/4115/4115 4114/4114/4114
f 4119/4119/4119 4118/4118/4118 4117/4117/4117
f 4122/4122/4122 4121/4121/4121 4120/4120/4120
f 4125/4125/4125 4124/4124/4124 4123/4123/4123
f 4128/4128/4128 4127/4127/4127 4126/4126/4126
f 4131/4131/4131 4130/4130/4130 4129/4129/4129
f 4134/4134/4134 4133/4133/4133 4132/4132/4132
f 4137/4137/4137 4136/4136/4136 4135/4135/4135
f 4140/4140/4140 4139/4139/4139 4138/4138/4138
f 4143/4143/4143 4142/4142/4142 4141/4141/4141
f 4146/4146/4146 4145/4145/4145 4144/4144/4144
f 4149/4149/4149 4148/4148/4148 4147/4147/4147
f 4152/4152/4152 4151/4151/4151 4150/4150/4150
f 4155/4155/4155 4154/4154/4154 4153/4153/4153
f 4158/4158/4158 4157/4157/4157 4156/4156/4156
f 4161/4161/4161 4160/4160/4160 4159/4159/4159
f 4164/4164/4164 4163/4163/4163 4162/4162/4162
f 4167/4167/4167 4166/4166/4166 4165/4165/4165
f 4170/4170/4170 4169/4169/4169 4168/4168/4168
f 4173/4173/4173 4172/4172/4172 4171/4171/4171
f 4176/4176/4176 4175/4175/4175 4174/4174/4174
f 4179/4179/4179 4178/4178/4178 4177/4177/4177
f 4182/4182/4182 4181/4181/4181 4180/4180/4180
f 4185/4185/4185 4184/4184/4184 4183/4183/4183
f 4188/4188/4188 4187/4187/4187 4186/4186/4186
f 4191/4191/4191 4190/4190/4190 4189/4189/4189
f 4194/4194/4194 4193/4193/4193 4192/4192/4192
f 4197/4197/4197 4196/4196/4196 4195/4195/4195
f 4200/4200/4200 4199/4199/4199 4198/4198/4198
f 4203/4203/4203 4202/4202/4202 4201/4201/4201
f 4206/4206/4206 4205/4205/4205 4204/4204/4204
f 4209/4209/4209 4208/4208/4208 4207/4207/4207
f 4212/4212/4212 4211/4211/4211 4210/4210/4210
f 4215/4215/4215 4214/4214/4214 4213/4213/4213
f 4218/4218/4218 4217/4217/4217 4216/4216/4216
f 4221/4221/4221 4220/4220/4220 4219/4219/4219
f 4224/4224/4224 4223/4223/4223 4222/4222/4222
f 4227/4227/4227 4226/4226/4226 4225/4225/4225
f 4230/4230/4230 4229/4229/4229 4228/4228/4228
f 4233/4233/4233 4232/4232/4232 4231/4231/4231
f 4236/4236/4236 4235/4235/4235 4234/4234/4234
f 4239/4239/4239 4238/4238/4238 4237/4237/4237
f 4242/4242/4242 4241/4241/4241 4240/4240/4240
f 4245/4245/4245 4244/4244/4244 4243/4243/4243
f 4248/4248/4248 4247/4247/4247 4246/4246/4246
f 4251/4251/4251 4250/4250/4250 4249/4249/4249
f 4254/4254/4254 4253/4253/4253 4252/4252/4252
f 4257/4257/4257 4256/4256/4256 4255/4255/4255
f 4260/4260/4260 4259/4259/4259 4258/4258/4258
f 4263/4263/4263 4262/4262/4262 4261/4261/4261
f 4266/4266/4266 4265/4265/4265 4264/4264/4264
f 4269/4269/4269 4268/4268/4268 4267/4267/4267
f 4272/4272/4272 4271/4271/4271 4270/4270/4270
f 4275/4275/4275 4274/4274/4274 4273/4273/4273
f 4278/4278/4278 4277/4277/4277 4276/4276/4276
f 4281/4281/4281 4280/4280/4280 4279/4279/4279
f 4284/4284/4284 4283/4283/4283 4282/4282/4282
f 4287/4287/4287 4286/4286/4286 4285/4285/4285
f 4290/4290/4290 4289/4289/4289 4288/4288/4288
f 4293/4293/4293 4292/4292/4292 4291/4291/4291
f 4296/4296/4296 4295/4295/4295 4294/4294/4294
f 4299/4299/4299 4298/4298/4298 4297/4297/4297
f 4302/4302/4302 4301/4301/4301 4300/4300/4300
f 4305/4305/4305 4304/4304/4304 4303/4303/4303
f 4308/4308/4308 4307/4307/4307 4306/4306/4306
f 4311/4311/4311 4310/4310/4310 4309/4309/4309
f 4314/4314/4314 4313/4313/4313 4312/4312/4312
f 4317/4317/4317 4316/4316/4316 4315/4315/4315
f 4320/4320/4320 4319/4319/4319 4318/4318/4318
f 4323/4323/4323 4322/4322/4322 4321/4321/4321
f 4326/4326/4326 4325/4325/4325 4324/4324/4324
f 4329/4329/4329 4328/4328/4328 4327/4327/4327
f 4332/4332/4332 4331/4331/4331 4330/4330/4330
f 4335/4335/4335 4334/4334/4334 4333/4333/4333
f 4338/4338/4338 4337/4337/4337 4336/4336/4336
f 4341/4341/4341 4340/4340/4340 4339/4339/4339
f 4344/4344/4344 4343/4343/4343 4342/4342/4342
f 4347/4347/4347 4346/4346/4346 4345/4345/4345
f 4350/4350/4350 4349/4349/4349 4348/4348/4348
f 4353/4353/4353 4352/4352/4352 4351/4351/4351
f 4356/4356/4356 4355/4355/4355 4354/4354/4354
f 4359/4359/4359 4358/4358/4358 4357/4357/4357
f 4362/4362/4362 4361/4361/4361 4360/4360/4360
f 4365/4365/4365 4364/4364/4364 4363/4363/4363
f 4368/4368/4368 4367/4367/4367 4366/4366/4366
f 4371/4371/4371 4370/4370/4370 4369/4369/4369
f 4374/4374/4374 4373/4373/4373 4372/4372/4372
f 4377/4377/4377 4376/4376/4376 4375/4375/4375
f 4380/4380/4380 4379/4379/4379 4378/4378/4378
f 4383/4383/4383 4382/4382/4382 4381/4381/4381
f 4386/4386/4386 4385/4385/4385 4384/4384/4384
f 4389/4389/4389 4388/4388/4388 4387/4387/4387
f 4392/4392/4392 4391/4391/4391 4390/4390/4390
f 4395/4395/4395 4394/4394/4394 4393/4393/4393
f 4398/4398/4398 4397/4397/4397 4396/4396/4396
f 4401/4401/4401 4400/4400/4400 4399/4399/4399
f 4404/4404/4404 4403/4403/4403 4402/4402/4402
f 4407/4407/4407 4406/4406/4406 4405/4405/4405
f 4410/4410/4410 4409/4409/4409 4408/4408/4408
f 4413/4413/4413 4412/4412/4412 4411/4411/4411
f 4416/4416/4416 4415/4415/4415 4414/4414/4414
f 4419/4419/4419 4418/4418/4418 4417/4417/4417
f 4422/4422/4422 4421/4421/4421 4420/4420/4420
f 4425/4425/4425 4424/4424/4424 4423/4423/4423
f 4428/4428/4428 4427/4427/4427 4426/4426/4426
f 4431/4431/4431 4430/4430/4430 4429/4429/4429
f 4434/4434/4434 4433/4433/4433 4432/4432/4432
f 4437/4437/4437 4436/4436/4436 4435/4435/4435
f 4440/4440/4440 4439/4439/4439 4438/4438/4438
f 4443/4443/4443 4442/4442/4442 4441/4441/4441
f 4446/4446/4446 4445/4445/4445 4444/4444/4444
f 4449/4449/4449 4448/4448/4448 4447/4447/4447
f 4452/4452/4452 4451/4451/4451 4450/4450/4450
f 4455/4455/4455 4454/4454/4454 4453/4453/4453
f 4458/4458/4458 4457/4457/4457 4456/4456/4456
f 4461/4461/4461 4460/4460/4460 4459/4459/4459
f 4464/4464/4464 4463/4463/4463 4462/4462/4462
f 4467/4467/4467 4466/4466/4466 4465/4465/4465
f 4470/4470/4470 4469/4469/4469 4468/4468/4468
f 4473/4473/4473 4472/4472/4472 4471/4471/4471
f 4476/4476/4476 4475/4475/4475 4474/4474/4474
f 4479/4479/4479 4478/4478/4478 4477/4477/4477
f 4482/4482/4482 4481/4481/4481 4480/4480/4480
f 4485/4485/4485 4484/4484/4484 4483/4483/4483
f 4488/4488/4488 4487/4487/4487 4486/4486/4486
f 4491/4491/4491 4490/4490/4490 4489/4489/4489
f 4494/4494/4494 4493/4493/4493 4492/4492/4492
f 4497/4497/4497 4496/4496/4496 4495/4495/4495
f 4500/4500/4500 4499/4499/4499 4498/4498/4498
f 4503/4503/4503 4502/4502/4502 4501/4501/4501
f 4506/4506/4506 4505/4505/4505 4504/4504/4504
f 4509/4509/4509 4508/4508/4508 4507/4507/4507
f 4512/4512/4512 4511/4511/4511 4510/4510/4510
f 4515/4515/4515 4514/4514/4514 4513/4513/4513
f 4518/4518/4518 4517/4517/4517 4516/4516/4516
f 4521/4521/4521 4520/4520/4520 4519/4519/4519
f 4524/4524/4524 4523/4523/4523 4522/4522/4522
f 4527/4527/4527 4526/4526/4526 4525/4525/4525
f 4530/4530/4530 4529/4529/4529 4528/4528/4528
f 4533/4533/4533 4532/4532/4532 4531/4531/4531
f 4536/4536/4536 4535/4535/4535 4534/4534/4534
f 4539/4539/4539 4538/4538/4538 4537/4537/4537
f 4542/4542/4542 4541/4541/4541 4540/4540/4540
f 4545/4545/4545 4544/4544/4544 4543/4543/4543
f 4548/4548/4548 4547/4547/4547 4546/4546/4546
f 4551/4551/4551 4550/4550/4550 4549/4549/4549
f 4554/4554/4554 4553/4553/4553 4552/4552/4552
f 4557/4557/4557 4556/4556/4556 4555/4555/4555
f 4560/4560/4560 4559/4559/4559 4558/4558/4558
f 4563/4563/4563 4562/4562/4562 4561/4561/4561
f 4566/4566/4566 4565/4565/4565 4564/4564/4564
f 4569/4569/4569 4568/4568/4568 4567/4567/4567
f 4572/4572/4572 4571/4571/4571 4570/4570/4570
f 4575/4575/4575 4574/4574/4574 4573/4573/4573
f 4578/4578/4578 4577/4577/4577 4576/4576/4576
f 4581/4581/4581 4580/4580/4580 4579/4579/4579
f 4584/4584/4584 4583/4583/4583 4582/4582/4582
f 4587/4587/4587 4586/4586/4586 4585/4585/4585
f 4590/4590/4590 4589/4589/4589 4588/4588/4588
f 4593/4593/4593 4592/4592/4592 4591/4591/4591
f 4596/4596/4596 4595/4595/4595 4594/4594/4594
f 4599/4599/4599 4598/4598/4598 4597/4597/4597
f 4602/4602/4602 4601/4601/4601 4600/4600/4600
f 4605/4605/4605 4604/4604/4604 4603/4603/4603
f 4608/4608/4608 4607/4607/4607 4606/4606/4606
f 4611/4611/4611 4610/4610/4610 4609/4609/4609
f 4614/4614/4614 4613/4613/4613 4612/4612/4612
f 4617/4617/4617 4616/4616/4616 4615/4615/4615
f 4620/4620/4620 4619/4619/4619 4618/4618/4618
f 4623/4623/4623 4622/4622/4622 4621/4621/4621
f 4626/4626/4626 4625/4625/4625 4624/4624/4624
f 4629/4629/4629 4628/4628/4628 4627/4627/4627
f 4632/4632/4632 4631/4631/4631 4630/4630/4630
f 4635/4635/4635 4634/4634/4634 4633/4633/4633
f 4638/4638/4638 4637/4637/4637 4636/4636/4636
f 4641/4641/4641 4640/4640/4640 4639/4639/4639
f 4644/4644/4644 4643/4643/4643 4642/4642/4642
f 4647/4647/4647 4646/4646/4646 4645/4645/4645
f 4650/4650/4650 4649/4649/4649 4648/4648/4648
f 4653/4653/4653 4652/4652/4652 4651/4651/4651
f 4656/4656/4656 4655/4655/4655 4654/4654/4654
f 4659/4659/4659 4658/4658/4658 4657/4657/4657
f 4662/4662/4662 4661/4661/4661 4660/4660/4660
f 4665/4665/4665 4664/4664/4664 4663/4663/4663
f 4668/4668/4668 4667/4667/4667 4666/4666/4666
f 4671/4671/4671 4670/4670/4670 4669/4669/4669
f 4674/4674/4674 4673/4673/4673 4672/4672/4672
f 4677/4677/4677 4676/4676/4676 4675/4675/4675
f 4680/4680/4680 4679/4679/4679 4678/4678/4678
f 4683/4683/4683 4682/4682/4682 4681/4681/4681
f 4686/4686/4686 4685/4685/4685 4684/4684/4684
f 4689/4689/4689 4688/4688/4688 4687/4687/4687
f 4692/4692/4692 4691/4691/4691 4690/4690/4690
f 4695/4695/4695 4694/4694/4694 4693/4693/4693
f 4698/4698/4698 4697/4697/4697 4696/4696/4696
f 4701/4701/4701 4700/4700/4700 4699/4699/4699
f 4704/4704/4704 4703/4703/4703 4702/4702/4702
f 4707/4707/4707 4706/4706/4706 4705/4705/4705
f 4710/4710/4710 4709/4709/4709 4708/4708/4708
f 4713/4713/4713 4712/4712/4712 4711/4711/4711
f 4716/4716/4716 4715/4715/4715 4714/4714/4714
f 4719/4719/4719 4718/4718/4718 4717/4717/4717
f 4722/4722/4722 4721/4721/4721 4720/4720/4720
f 4725/4725/4725 4724/4724/4724 4723/4723/4723
f 4728/4728/4728 4727/4727/4727 4726/4726/4726
f 4731/4731/4731 4730/4730/4730 4729/4729/4729
f 4734/4734/4734 4733/4733/4733 4732/4732/4732
f 4737/4737/4737 4736/4736/4736 4735/4735/4735
f 4740/4740/4740 4739/4739/4739 4738/4738/4738
f 4743/4743/4743 4742/4742/4742 4741/4741/4741
f 4746/4746/4746 4745/4745/4745 4744/4744/4744
f 4749/4749/4749 4748/4748/4748 4747/4747/4747
f 4752/4752/4752 4751/4751/4751 4750/4750/4750
f 4755/4755/4755 4754/4754/4754 4753/4753/4753
f 4758/4758/4758 4757/4757/4757 4756/4756/4756
f 4761/4761/4761 4760/4760/4760 4759/4759/4759
f 4764/4764/4764 4763/4763/4763 4762/4762/4762
f 4767/4767/4767 4766/4766/4766 4765/4765/4765
f 4770/4770/4770 4769/4769/4769 4768/4768/4768
f 4773/4773/4773 4772/4772/4772 4771/4771/4771
f 4776/4776/4776 4775/4775/4775 4774/4774/4774
f 4779/4779/4779 4778/4778/4778 4777/4777/4777
f 4782/4782/4782 4781/4781/4781 4780/4780/4780
f 4785/4785/4785 4784/4784/4784 4783/4783/4783
f 4788/4788/4788 4787/4787/4787 4786/4786/4786
f 4791/4791/4791 4790/4790/4790 4789/4789/4789
f 4794/4794/4794 4793/4793/4793 4792/4792/4792
f 4797/4797/4797 4796/4796/4796 4795/4795/4795
f 4800/4800/4800 4799/4799/4799 4798/4798/4798
f 4803/4803/4803 4802/4802/4802 4801/4801/4801
f 4806/4806/4806 4805/4805/4805 4804/4804/4804
f 4809/4809/4809 4808/4808/4808 4807/4807/4807
f 4812/4812/4812 4811/4811/4811 4810/4810/4810
f 4815/4815/4815 4814/4814/4814 4813/4813/4813
f 4818/4818/4818 4817/4817/4817 4816/4816/4816
f 4821/4821/4821 4820/4820/4820 4819/4819/4819
f 4824/4824/4824 4823/4823/4823 4822/4822/4822
f 4827/4827/4827 4826/4826/4826 4825/4825/4825
f 4830/4830/4830 4829/4829/4829 4828/4828/4828
f 4833/4833/4833 4832/4832/4832 4831/4831/4831
f 4836/4836/4836 4835/4835/4835 4834/4834/4834
f 4839/4839/4839 4838/4838/4838 4837/4837/4837
f 4842/4842/4842 4841/4841/4841 4840/4840/4840
f 4845/4845/4845 4844/4844/4844 4843/4843/4843
f 4848/4848/4848 4847/4847/4847 4846/4846/4846
f 4851/4851/4851 4850/4850/4850 4849/4849/4849
f 4854/4854/4854 4853/4853/4853 4852/4852/4852
f 4857/4857/4857 4856/4856/4856 4855/4855/4855
f 4860/4860/4860 4859/4859/4859 4858/4858/4858
f 4863/4863/4863 4862/4862/4862 4861/4861/4861
f 4866/4866/4866 4865/4865/4865 4864/4864/4864
f 4869/4869/4869 4868/4868/4868 4867/4867/4867
f 4872/4872/4872 4871/4871/4871 4870/4870/4870
f 4875/4875/4875 4874/4874/4874 4873/4873/4873
f 4878/4878/4878 4877/4877/4877 4876/4876/4876
f 4881/4881/4881 4880/4880/4880 4879/4879/4879
f 4884/4884/4884 4883/4883/4883 4882/4882/4882
f 4887/4887/4887 4886/4886/4886 4885/4885/4885
f 4890/4890/4890 4889/4889/4889 4888/4888/4888
f 4893/4893/4893 4892/4892/4892 4891/4891/4891
f 4896/4896/4896 4895/4895/4895 4894/4894/4894
f 4899/4899/4899 4898/4898/4898 4897/4897/4897
f 4902/4902/4902 4901/4901/4901 4900/4900/4900
f 4905/4905/4905 4904/4904/4904 4903/4903/4903
f 4908/4908/4908 4907/4907/4907 4906/4906/4906
f 4911/4911/4911 4910/4910/4910 4909/4909/4909
f 4914/4914/4914 4913/4913/4913 4912/4912/4912
f 4917/4917/4917 4916/4916/4916 4915/4915/4915
f 4920/4920/4920 4919/4919/4919 4918/4918/4918
f 4923/4923/4923 4922/4922/4922 4921/4921/4921
f 4926/4926/4926 4925/4925/4925 4924/4924/4924
f 4929/4929/4929 4928/4928/4928 4927/4927/4927
f 4932/4932/4932 4931/4931/4931 4930/4930/4930
f 4935/4935/4935 4934/4934/4934 4933/4933/4933
f 4938/4938/4938 4937/4937/4937 4936/4936/4936
f 4941/4941/4941 4940/4940/4940 4939/4939/4939
f 4944/4944/4944 4943/4943/4943 4942/4942/4942
f 4947/4947/4947 4946/4946/4946 4945/4945/4945
f 4950/4950/4950 4949/4949/4949 4948/4948/4948
f 4953/4953/4953 4952/4952/4952 4951/4951/4951
f 4956/4956/4956 4955/4955/4955 4954/4954/4954
f 4959/4959/4959 4958/4958/4958 4957/4957/4957
f 4962/4962/4962 4961/4961/4961 4960/4960/4960
f 4965/4965/4965 4964/4964/4964 4963/4963/4963
f 4968/4968/4968 4967/4967/4967 4966/4966/4966
f 4971/4971/4971 4970/4970/4970 4969/4969/4969
f 4974/4974/4974 4973/4973/4973 4972/4972/4972
f 4977/4977/4977 4976/4976/4976 4975/4975/4975
f 4980/4980/4980 4979/4979/4979 4978/4978/4978
f 4983/4983/4983 4982/4982/4982 4981/4981/4981
f 4986/4986/4986 4985/4985/4985 4984/4984/4984
f 4989/4989/4989 4988/4988/4988 4987/4987/4987
f 4992/4992/4992 4991/4991/4991 4990/4990/4990
f 4995/4995/4995 4994/4994/4994 4993/4993/4993
f 4998/4998/4998 4997/4997/4997 4996/4996/4996
f 5001/5001/5001 5000/5000/5000 4999/4999/4999
f 5004/5004/5004 5003/5003/5003 5002/5002/5002
f 5007/5007/5007 5006/5006/5006 5005/5005/5005
f 5010/5010/5010 5009/5009/5009 5008/5008/5008
f 5013/5013/5013 5012/5012/5012 5011/5011/5011
f 5016/5016/5016 5015/5015/5015 5014/5014/5014
f 5019/5019/5019 5018/5018/5018 5017/5017/5017
f 5022/5022/5022 5021/5021/5021 5020/5020/5020
f 5025/5025/5025 5024/5024/5024 5023/5023/5023
f 5028/5028/5028 5027/5027/5027 5026/5026/5026
f 5031/5031/5031 5030/5030/5030 5029/5029/5029
f 5034/5034/5034 5033/5033/5033 5032/5032/5032
f 5037/5037/5037 5036/5036/5036 5035/5035/5035
f 5040/5040/5040 5039/5039/5039 5038/5038/5038
f 5043/5043/5043 5042/5042/5042 5041/5041/5041
f 5046/5046/5046 5045/5045/5045 5044/5044/5044
f 5049/5049/5049 5048/5048/5048 5047/5047/5047
f 5052/5052/5052 5051/5051/5051 5050/5050/5050
f 5055/5055/5055 5054/5054/5054 5053/5053/5053
f 5058/5058/5058 5057/5057/5057 5056/5056/5056
f 5061/5061/5061 5060/5060/5060 5059/5059/5059
f 5064/5064/5064 5063/5063/5063 5062/5062/5062
f 5067/5067/5067 5066/5066/5066 5065/5065/5065
f 5070/5070/5070 5069/5069/5069 5068/5068/5068
f 5073/5073/5073 5072/5072/5072 5071/5071/5071
f 5076/5076/5076 5075/5075/5075 5074/5074/5074
f 5079/5079/5079 5078/5078/5078 5077/5077/5077
f 5082/5082/5082 5081/5081/5081 5080/5080/5080
f 5085/5085/5085 5084/5084/5084 5083/5083/5083
f 5088/5088/5088 5087/5087/5087 5086/5086/5086
f 5091/5091/5091 5090/5090/5090 5089/5089/5089
f 5094/5094/5094 5093/5093/5093 5092/5092/5092
f 5097/5097/5097 5096/5096/5096 5095/5095/5095
f 5100/5100/5100 5099/5099/5099 5098/5098/5098
f 5103/5103/5103 5102/5102/5102 5101/5101/5101
f 5106/5106/5106 5105/5105/5105 5104/5104/5104
f 5109/5109/5109 5108/5108/5108 5107/5107/5107
f 5112/5112/5112 5111/5111/5111 5110/5110/5110
f 5115/5115/5115 5114/5114/5114 5113/5113/5113
f 5118/5118/5118 5117/5117/5117 5116/5116/5116
f 5121/5121/5121 5120/5120/5120 5119/5119/5119
f 5124/5124/5124 5123/5123/5123 5122/5122/5122
f 5127/5127/5127 5126/5126/5126 5125/5125/5125
f 5130/5130/5130 5129/5129/5129 5128/5128/5128
f 5133/5133/5133 5132/5132/5132 5131/5131/5131
f 5136/5136/5136 5135/5135/5135 5134/5134/5134
f 5139/5139/5139 5138/5138/5138 5137/5137/5137
f 5142/5142/5142 5141/5141/5141 5140/5140/5140
f 5145/5145/5145 5144/5144/5144 5143/5143/5143
f 5148/5148/5148 5147/5147/5147 5146/5146/5146
f 5151/5151/5151 5150/5150/5150 5149/5149/5149
f 5154/5154/5154 5153/5153/5153 5152/5152/5152
f 5157/5157/5157 5156/5156/5156 5155/5155/5155
f 5160/5160/5160 5159/5159/5159 5158/5158/5158
f 5163/5163/5163 5162/5162/5162 5161/5161/5161
f 5166/5166/5166 5165/5165/5165 5164/5164/5164
f 5169/5169/5169 5168/5168/5168 5167/5167/5167
f 5172/5172/5172 5171/5171/5171 5170/5170/5170
f 5175/5175/5175 5174/5174/5174 5173/5173/5173
f 5178/5178/5178 5177/5177/5177 5176/5176/5176
f 5181/5181/5181 5180/5180/5180 5179/5179/5179
f 5184/5184/5184 5183/5183/5183 5182/5182/5182
f 5187/5187/5187 5186/5186/5186 5185/5185/5185
f 5190/5190/5190 5189/5189/5189 5188/5188/5188
f 5193/5193/5193 5192/5192/5192 5191/5191/5191
f 5196/5196/5196 5195/5195/5195 5194/5194/5194
f 5199/5199/5199 5198/5198/5198 5197/5197/5197
f 5202/5202/5202 5201/5201/5201 5200/5200/5200
f 5205/5205/5205 5204/5204/5204 5203/5203/5203
f 5208/5208/5208 5207/5207/5207 5206/5206/5206
f 5211/5211/5211 5210/5210/5210 5209/5209/5209
f 5214/5214/5214 5213/5213/5213 5212/5212/5212
f 5217/5217/5217 5216/5216/5216 5215/5215/5215
f 5220/5220/5220 5219/5219/5219 5218/5218/5218
f 5223/5223/5223 5222/5222/5222 5221/5221/5221
f 5226/5226/5226 5225/5225/5225 5224/5224/5224
f 5229/5229/5229 5228/5228/5228 5227/5227/5227
f 5232/5232/5232 5231/5231/5231 5230/5230/5230
f 5235/5235/5235 5234/5234/5234 5233/5233/5233
f 5238/5238/5238 5237/5237/5237 5236/5236/5236
f 5241/5241/5241 5240/5240/5240 5239/5239/5239
f 5244/5244/5244 5243/5243/5243 5242/5242/5242
f 5247/5247/5247 5246/5246/5246 5245/5245/5245
f 5250/5250/5250 5249/5249/5249 5248/5248/5248
f 5253/5253/5253 5252/5252/5252 5251/5251/5251
f 5256/5256/5256 5255/5255/5255 5254/5254/5254
f 5259/5259/5259 5258/5258/5258 5257/5257/5257
f 5262/5262/5262 5261/5261/5261 5260/5260/5260
f 5265/5265/5265 5264/5264/5264 5263/5263/5263
f 5268/5268/5268 5267/5267/5267 5266/5266/5266
f 5271/5271/5271 5270/5270/5270 5269/5269/5269
f 5274/5274/5274 5273/5273/5273 5272/5272/5272
f 5277/5277/5277 5276/5276/5276 5275/5275/5275
f 5280/5280/5280 5279/5279/5279 5278/5278/5278
f 5283/5283/5283 5282/5282/5282 5281/5281/5281
f 5286/5286/5286 5285/5285/5285 5284/5284/5284
f 5289/5289/5289 5288/5288/5288 5287/5287/5287
f 5292/5292/5292 5291/5291/5291 5290/5290/5290
f 5295/5295/5295 5294/5294/5294 5293/5293/5293
f 5298/5298/5298 5297/5297/5297 5296/5296/5296
f 5301/5301/5301 5300/5300/5300 5299/5299/5299
f 5304/5304/5304 5303/5303/5303 5302/5302/5302
f 5307/5307/5307 5306/5306/5306 5305/5305/5305
f 5310/5310/5310 5309/5309/5309 5308/5308/5308
f 5313/5313/5313 5312/5312/5312 5311/5311/5311
f 5316/5316/5316 5315/5315/5315 5314/5314/5314
f 5319/5319/5319 5318/5318/5318 5317/5317/5317
f 5322/5322/5322 5321/5321/5321 5320/5320/5320
f 5325/5325/5325 5324/5324/5324 5323/5323/5323
