# Mesh "Helmet" exported with Unity Assets Bundle Extractor; 906 vertices, 3408 indices, 256 bits per vertex
g Helmet
# SubMesh 0
# Vertices
v 0.040639 1.679506 0.166811
vt 0.139326 0.453411
vn -0.940410 -0.063166 -0.334124
v 0.045199 1.679649 0.166653
vt 0.139326 0.460984
vn 0.863654 -0.073267 -0.498731
v 0.045463 1.704155 0.156663
vt 0.180523 0.460984
vn 0.520701 0.622506 -0.584258
v 0.040915 1.703987 0.157403
vt 0.180523 0.453411
vn -0.644619 0.619781 -0.447591
v 0.041596 1.640850 0.165861
vt 0.078731 0.453411
vn -0.955075 0.091943 -0.281740
v 0.046111 1.640875 0.165140
vt 0.078731 0.460984
vn 0.845948 0.118962 -0.519826
v 0.043480 1.610029 0.148032
vt 0.023631 0.460984
vn 0.474119 -0.525739 -0.706264
v 0.038902 1.610018 0.148786
vt 0.023631 0.453411
vn -0.668427 -0.534593 -0.517123
v 0.042263 1.679837 0.168670
vt 0.139326 0.449834
vn -0.343859 0.162415 0.924869
v 0.043332 1.640352 0.167447
vt 0.078731 0.449834
vn -0.314733 -0.251796 0.915173
v 0.043904 1.679881 0.168558
vt 0.139326 0.445879
vn 0.526568 0.155861 0.835724
v 0.044200 1.704663 0.158410
vt 0.180523 0.445879
vn 0.399565 0.738290 0.543393
v 0.042570 1.704598 0.158668
vt 0.180523 0.449834
vn -0.329540 0.741630 0.584284
v 0.044956 1.640359 0.167192
vt 0.078731 0.445879
vn 0.553647 -0.238182 0.797962
v 0.040647 1.609212 0.149895
vt 0.023631 0.449834
vn -0.284442 -0.815468 0.504087
v 0.043480 1.610029 0.148032
vt 0.018308 0.451001
vn 0.474119 -0.525739 -0.706264
v 0.042266 1.609225 0.149613
vt 0.021649 0.451001
vn 0.440306 -0.811688 0.383788
v 0.042266 1.609225 0.149613
vt 0.023631 0.445879
vn 0.440306 -0.811688 0.383788
v 0.045199 1.679649 0.166653
vt 0.139326 0.442302
vn 0.863654 -0.073267 -0.498731
v 0.046111 1.640875 0.165140
vt 0.078731 0.442302
vn 0.845948 0.118962 -0.519826
v 0.045463 1.704155 0.156663
vt 0.180523 0.442302
vn 0.520701 0.622506 -0.584258
v 0.043480 1.610029 0.148032
vt 0.023631 0.442302
vn 0.474119 -0.525739 -0.706264
v 0.042570 1.704598 0.158668
vt 0.107383 0.447809
vn -0.329540 0.741630 0.584284
v 0.040915 1.703987 0.157403
vt 0.097141 0.459192
vn -0.644619 0.619781 -0.447591
v 0.045463 1.704155 0.156663
vt 0.129672 0.459198
vn 0.520701 0.622506 -0.584258
v 0.044200 1.704663 0.158410
vt 0.119039 0.447750
vn 0.399565 0.738290 0.543393
v 0.078890 1.698847 0.118417
vt 0.101864 0.463281
vn 0.311284 0.950207 0.014444
v 0.040636 1.702737 0.157632
vt 0.140928 0.463281
vn 0.152183 0.955804 0.251555
v 0.039044 1.701627 0.155523
vt 0.140928 0.458942
vn -0.316189 0.535779 -0.782921
v 0.077021 1.697534 0.117011
vt 0.101864 0.458942
vn -0.705784 0.471543 -0.528693
v -0.003810 1.703091 0.159055
vt 0.171223 0.463281
vn -0.001959 0.949676 0.313228
v -0.003833 1.701977 0.156590
vt 0.171223 0.458942
vn 0.002074 0.495516 -0.868596
v 0.077322 1.694806 0.117215
vt 0.101864 0.454800
vn -0.577525 -0.789126 -0.209155
v 0.038375 1.698947 0.155739
vt 0.140928 0.454800
vn -0.275528 -0.783117 -0.557505
v 0.040201 1.698986 0.157617
vt 0.140928 0.451276
vn 0.176022 -0.848921 0.498347
v 0.078920 1.695163 0.118348
vt 0.101864 0.451276
vn 0.429331 -0.800544 0.418095
v 0.040842 1.700750 0.158634
vt 0.140928 0.445203
vn 0.399036 -0.024995 0.916594
v 0.079686 1.697076 0.118934
vt 0.101864 0.445203
vn 0.849467 0.001923 0.527638
v -0.003781 1.701599 0.159865
vt 0.171223 0.445203
vn -0.002878 -0.003243 0.999991
v -0.003745 1.699737 0.158967
vt 0.171223 0.451276
vn -0.000356 -0.827814 0.561003
v -0.003863 1.699359 0.156835
vt 0.171223 0.454800
vn 0.002854 -0.771749 -0.635921
v 0.040636 1.702737 0.157632
vt 0.140928 0.441213
vn 0.152183 0.955804 0.251555
v -0.003810 1.703091 0.159055
vt 0.171223 0.441213
vn -0.001959 0.949676 0.313228
v 0.078890 1.698847 0.118417
vt 0.101864 0.441213
vn 0.311284 0.950207 0.014444
v 0.090386 1.685897 0.087138
vt 0.077396 0.451276
vn 0.527606 -0.694290 0.489483
v 0.091466 1.687667 0.086397
vt 0.077396 0.445203
vn 0.964060 0.038508 0.262880
v 0.092149 1.685528 0.083297
vt 0.074495 0.445203
vn 0.991185 -0.002965 0.132455
v 0.091381 1.687150 0.082208
vt 0.074495 0.441213
vn 0.370932 0.699714 -0.610582
v 0.090710 1.689282 0.085309
vt 0.077396 0.441213
vn 0.350432 0.881139 -0.317477
v 0.091084 1.683751 0.084052
vt 0.074495 0.451276
vn 0.537830 -0.575363 0.616195
v 0.088377 1.685441 0.086904
vt 0.077396 0.454800
vn -0.632696 -0.752635 0.182308
v 0.089064 1.683267 0.083833
vt 0.074495 0.454800
vn -0.653900 -0.587792 0.476356
v 0.088255 1.687907 0.085449
vt 0.077396 0.458942
vn -0.830980 0.369721 -0.415668
v 0.088918 1.685730 0.082370
vt 0.074495 0.458942
vn -0.849038 0.326297 -0.415529
v 0.090710 1.689282 0.085309
vt 0.077396 0.463281
vn 0.350432 0.881139 -0.317477
v 0.091381 1.687150 0.082208
vt 0.075517 0.463281
vn 0.370932 0.699714 -0.610582
v 0.089230 1.663581 0.064941
vt 0.055096 0.458942
vn -0.858277 0.265588 -0.439118
v 0.091714 1.664502 0.064094
vt 0.055096 0.463281
vn 0.381184 0.478293 -0.791160
v 0.088927 1.640415 0.054747
vt 0.038275 0.458942
vn -0.419938 -0.452861 -0.786491
v 0.091428 1.641555 0.054006
vt 0.038275 0.463281
vn 0.360212 -0.143243 -0.921807
v 0.091942 1.640493 0.055458
vt 0.038275 0.458994
vn 0.617966 -0.635992 -0.462203
v 0.089087 1.638607 0.056930
vt 0.038275 0.454800
vn -0.248708 -0.957827 -0.143919
v 0.090853 1.639144 0.056791
vt 0.038275 0.451276
vn 0.600912 -0.705536 0.375664
v 0.091468 1.662228 0.067091
vt 0.055096 0.451276
vn 0.547931 -0.434267 0.714971
v 0.092506 1.663431 0.065708
vt 0.055096 0.445203
vn 0.996172 -0.047226 0.073558
v 0.091942 1.640493 0.055458
vt 0.038275 0.445203
vn 0.617966 -0.635992 -0.462203
v 0.089403 1.661841 0.067148
vt 0.055096 0.454800
vn -0.643235 -0.394265 0.656357
v 0.091428 1.641555 0.054006
vt 0.038275 0.441213
vn 0.360212 -0.143243 -0.921807
v 0.091714 1.664502 0.064094
vt 0.055096 0.441213
vn 0.381184 0.478293 -0.791160
v -0.078890 1.698847 0.118417
vt 0.104951 0.461927
vn -0.310889 0.950338 0.014320
v -0.077021 1.697534 0.117011
vt 0.104951 0.458128
vn 0.706174 0.470937 -0.528712
v -0.039042 1.701627 0.155523
vt 0.070665 0.458128
vn 0.318172 0.535442 -0.782348
v -0.040634 1.702737 0.157631
vt 0.070665 0.461927
vn -0.154158 0.955482 0.251573
v -0.003810 1.703091 0.159055
vt 0.048778 0.461927
vn -0.001959 0.949676 0.313228
v -0.003833 1.701977 0.156590
vt 0.048778 0.458128
vn 0.002074 0.495516 -0.868596
v -0.003863 1.699359 0.156835
vt 0.048778 0.454516
vn 0.002854 -0.771749 -0.635921
v -0.038380 1.698946 0.155739
vt 0.070665 0.454516
vn 0.278309 -0.782604 -0.556844
v -0.040195 1.698986 0.157623
vt 0.070665 0.450718
vn -0.176401 -0.848774 0.498463
v -0.077322 1.694806 0.117215
vt 0.104951 0.454516
vn 0.576988 -0.789594 -0.208870
v -0.078920 1.695163 0.118348
vt 0.104951 0.450718
vn -0.429866 -0.800195 0.418215
v -0.079686 1.697076 0.118934
vt 0.104951 0.446064
vn -0.849515 0.002313 0.527560
v -0.040840 1.700750 0.158634
vt 0.070665 0.446064
vn -0.401647 -0.024970 0.915454
v -0.003745 1.699737 0.158967
vt 0.048778 0.450718
vn -0.000356 -0.827814 0.561003
v -0.003781 1.701599 0.159865
vt 0.048778 0.446064
vn -0.002878 -0.003243 0.999991
v -0.078890 1.698847 0.118417
vt 0.104951 0.442567
vn -0.310889 0.950338 0.014320
v -0.040634 1.702737 0.157631
vt 0.070665 0.442567
vn -0.154158 0.955482 0.251573
v -0.003810 1.703091 0.159055
vt 0.048778 0.442567
vn -0.001959 0.949676 0.313228
v -0.091653 1.687517 0.085878
vt 0.126748 0.446064
vn -0.964101 0.039085 0.262644
v -0.090577 1.685743 0.086618
vt 0.126748 0.450718
vn -0.528259 -0.693787 0.489492
v -0.091076 1.684210 0.084413
vt 0.128285 0.450718
vn -0.537744 -0.575351 0.616282
v -0.089057 1.683728 0.084192
vt 0.128285 0.454516
vn 0.653876 -0.587794 0.476387
v -0.088566 1.685280 0.086385
vt 0.126748 0.454516
vn 0.632089 -0.753048 0.182710
v -0.088912 1.686195 0.082736
vt 0.128285 0.458128
vn 0.849021 0.326265 -0.415590
v -0.088438 1.687750 0.084936
vt 0.126748 0.458128
vn 0.831310 0.369130 -0.415532
v -0.091375 1.687609 0.082575
vt 0.128285 0.461927
vn -0.370901 0.699705 -0.610611
v -0.090895 1.689132 0.084791
vt 0.126748 0.461927
vn -0.349794 0.881281 -0.317785
v -0.092141 1.685989 0.083664
vt 0.128285 0.446064
vn -0.991190 -0.002834 0.132418
v -0.090895 1.689132 0.084791
vt 0.126748 0.442567
vn -0.349794 0.881281 -0.317785
v -0.091375 1.687609 0.082575
vt 0.128285 0.442567
vn -0.370901 0.699705 -0.610611
v -0.091714 1.664502 0.064094
vt 0.145970 0.461927
vn -0.381368 0.478268 -0.791086
v -0.089230 1.663581 0.064941
vt 0.145970 0.458128
vn 0.858163 0.265702 -0.439270
v -0.091428 1.641555 0.054006
vt 0.160720 0.461927
vn -0.360213 -0.143243 -0.921807
v -0.088927 1.640415 0.054747
vt 0.160720 0.458128
vn 0.419938 -0.452861 -0.786491
v -0.091942 1.640493 0.055458
vt 0.160720 0.457969
vn -0.617966 -0.635992 -0.462203
v -0.089087 1.638607 0.056930
vt 0.160720 0.454516
vn 0.248709 -0.957826 -0.143919
v -0.090853 1.639144 0.056791
vt 0.160720 0.450718
vn -0.600912 -0.705537 0.375663
v -0.091468 1.662228 0.067091
vt 0.145970 0.450718
vn -0.547660 -0.434378 0.715112
v -0.091942 1.640493 0.055458
vt 0.160720 0.446064
vn -0.617966 -0.635992 -0.462203
v -0.092506 1.663431 0.065708
vt 0.145970 0.446064
vn -0.996161 -0.047309 0.073662
v -0.089403 1.661841 0.067148
vt 0.145970 0.454516
vn 0.643412 -0.394190 0.656228
v -0.091428 1.641555 0.054006
vt 0.160720 0.442567
vn -0.360213 -0.143243 -0.921807
v -0.091714 1.664502 0.064094
vt 0.145970 0.442567
vn -0.381368 0.478268 -0.791086
v -0.079953 1.644659 0.126994
vt 0.068885 0.462832
vn 0.951557 0.061744 0.301209
v -0.083308 1.644571 0.123915
vt 0.068885 0.453609
vn -0.367810 0.049719 -0.928571
v -0.079162 1.618789 0.119373
vt 0.022773 0.453609
vn -0.079358 -0.611306 -0.787406
v -0.075738 1.618582 0.122466
vt 0.018207 0.462832
vn 0.762568 -0.646120 -0.031910
v -0.084554 1.675552 0.124560
vt 0.127747 0.453609
vn -0.371056 -0.038883 -0.927796
v -0.081243 1.675150 0.127667
vt 0.127747 0.462832
vn 0.954301 -0.035799 0.296697
v -0.077665 1.618113 0.122508
vt 0.018207 0.454150
vn -0.164326 -0.682958 0.711734
v -0.079087 1.618209 0.121191
vt 0.019757 0.449654
vn -0.724430 -0.668459 0.168415
v -0.083527 1.644312 0.126030
vt 0.068885 0.449654
vn -0.927225 -0.132225 0.350386
v -0.082117 1.644346 0.127360
vt 0.068885 0.444408
vn -0.294611 -0.127126 0.947124
v -0.077665 1.618113 0.122508
vt 0.019757 0.444408
vn -0.164326 -0.682958 0.711734
v -0.083364 1.675460 0.128031
vt 0.127747 0.444408
vn -0.286170 0.093607 0.953596
v -0.084773 1.675631 0.126701
vt 0.127747 0.449654
vn -0.929006 0.092052 0.358432
v -0.081243 1.675150 0.127667
vt 0.127747 0.440455
vn 0.954301 -0.035799 0.296697
v -0.079953 1.644659 0.126994
vt 0.068885 0.440455
vn 0.951557 0.061744 0.301209
v -0.075738 1.618582 0.122466
vt 0.019757 0.440455
vn 0.762568 -0.646120 -0.031910
v -0.078702 1.701347 0.123381
vt 0.178173 0.444408
vn -0.118131 0.654820 0.746496
v -0.080109 1.701502 0.122050
vt 0.178173 0.449654
vn -0.688664 0.681882 0.246533
v -0.076798 1.700804 0.123271
vt 0.178173 0.440455
vn 0.774701 0.628790 0.066793
v -0.076798 1.700804 0.123271
vt 0.178173 0.462832
vn 0.774701 0.628790 0.066793
v -0.080143 1.701174 0.120114
vt 0.178173 0.453609
vn -0.055506 0.677952 -0.733008
v -0.078702 1.701347 0.123381
vt 0.113162 0.445996
vn -0.118131 0.654820 0.746496
v -0.080109 1.701502 0.122050
vt 0.099357 0.446011
vn -0.688664 0.681882 0.246533
v -0.080143 1.701174 0.120114
vt 0.089952 0.456319
vn -0.055506 0.677952 -0.733008
v -0.076798 1.700804 0.123271
vt 0.122737 0.456327
vn 0.774701 0.628790 0.066793
v 0.084554 1.675552 0.124560
vt 0.129241 0.462308
vn 0.370826 -0.038814 -0.927891
v 0.080234 1.700648 0.120205
vt 0.174536 0.462308
vn 0.057759 0.679412 -0.731480
v 0.076889 1.700277 0.123361
vt 0.174536 0.453870
vn -0.773472 0.630037 0.069241
v 0.081243 1.675150 0.127667
vt 0.129241 0.453870
vn -0.954379 -0.035753 0.296449
v 0.079953 1.644659 0.126994
vt 0.075236 0.453870
vn -0.951584 0.061565 0.301162
v 0.083308 1.644571 0.123915
vt 0.075236 0.462308
vn 0.367772 0.049571 -0.928594
v 0.079162 1.618789 0.119373
vt 0.028453 0.462308
vn 0.079292 -0.611390 -0.787347
v 0.075738 1.618582 0.122466
vt 0.028453 0.453870
vn -0.762498 -0.646200 -0.031964
v 0.082264 1.644324 0.127384
vt 0.075236 0.449861
vn 0.294556 -0.127459 0.947096
v 0.083510 1.675481 0.128056
vt 0.129241 0.449861
vn 0.285884 0.093849 0.953658
v 0.084789 1.675636 0.126850
vt 0.129241 0.444989
vn 0.929079 0.092306 0.358178
v 0.083543 1.644294 0.126179
vt 0.075236 0.444989
vn 0.927204 -0.132544 0.350322
v 0.077793 1.618082 0.122510
vt 0.028453 0.449861
vn 0.164137 -0.683372 0.711380
v 0.079162 1.618789 0.119373
vt 0.022247 0.447644
vn 0.079292 -0.611390 -0.787347
v 0.079082 1.618170 0.121316
vt 0.025793 0.447644
vn 0.724110 -0.668856 0.168219
v 0.079082 1.618170 0.121316
vt 0.028453 0.444989
vn 0.724110 -0.668856 0.168219
v 0.080202 1.700993 0.122277
vt 0.174536 0.444989
vn 0.688638 0.681649 0.247248
v 0.078926 1.700852 0.123485
vt 0.174536 0.449861
vn 0.118751 0.654579 0.746609
v 0.084554 1.675552 0.124560
vt 0.129241 0.440979
vn 0.370826 -0.038814 -0.927891
v 0.083308 1.644571 0.123915
vt 0.075236 0.440979
vn 0.367772 0.049571 -0.928594
v 0.080234 1.700648 0.120205
vt 0.174536 0.440979
vn 0.057759 0.679412 -0.731480
v 0.079162 1.618789 0.119373
vt 0.028453 0.440979
vn 0.079292 -0.611390 -0.787347
v 0.078926 1.700852 0.123485
vt 0.104548 0.445123
vn 0.118751 0.654579 0.746609
v 0.076889 1.700277 0.123361
vt 0.094326 0.456202
vn -0.773472 0.630037 0.069241
v 0.080234 1.700648 0.120205
vt 0.127128 0.456183
vn 0.057759 0.679412 -0.731480
v 0.080202 1.700993 0.122277
vt 0.117078 0.445132
vn 0.688638 0.681649 0.247248
v -0.040639 1.679506 0.166811
vt 0.067728 0.441480
vn 0.940439 -0.063410 -0.333997
v -0.040915 1.704027 0.157388
vt 0.023662 0.441480
vn 0.645092 0.619207 -0.447704
v -0.045464 1.704195 0.156647
vt 0.023662 0.449604
vn -0.520488 0.622479 -0.584477
v -0.045199 1.679649 0.166653
vt 0.067728 0.449604
vn -0.863606 -0.073456 -0.498787
v -0.041596 1.640850 0.165861
vt 0.132392 0.441480
vn 0.955066 0.092387 -0.281626
v -0.046111 1.640875 0.165140
vt 0.132392 0.449604
vn -0.845969 0.118920 -0.519803
v -0.043480 1.610029 0.148032
vt 0.191425 0.449604
vn -0.474221 -0.525619 -0.706286
v -0.038902 1.610018 0.148786
vt 0.191425 0.441480
vn 0.668544 -0.534499 -0.517068
v -0.045113 1.640429 0.166912
vt 0.132392 0.452915
vn -0.553664 -0.237868 0.798045
v -0.044089 1.679848 0.168286
vt 0.067728 0.452915
vn -0.526608 0.155445 0.835775
v -0.042049 1.679794 0.168425
vt 0.067728 0.458351
vn 0.343858 0.161961 0.924949
v -0.042344 1.704554 0.158479
vt 0.023662 0.458351
vn 0.329846 0.741053 0.584843
v -0.044371 1.704636 0.158158
vt 0.023662 0.452915
vn -0.399691 0.737959 0.543750
v -0.043095 1.640420 0.167230
vt 0.132392 0.458351
vn 0.314683 -0.251262 0.915337
v -0.042430 1.609334 0.149399
vt 0.191425 0.452915
vn -0.440514 -0.811354 0.384255
v -0.040417 1.609318 0.149750
vt 0.193920 0.455582
vn 0.284441 -0.815112 0.504664
v -0.038902 1.610018 0.148786
vt 0.197135 0.455582
vn 0.668544 -0.534499 -0.517068
v -0.040417 1.609318 0.149750
vt 0.191425 0.458351
vn 0.284441 -0.815112 0.504664
v -0.041596 1.640850 0.165861
vt 0.132392 0.461806
vn 0.955066 0.092387 -0.281626
v -0.040639 1.679506 0.166811
vt 0.067728 0.461806
vn 0.940439 -0.063410 -0.333997
v -0.040915 1.704027 0.157388
vt 0.023662 0.461806
vn 0.645092 0.619207 -0.447704
v -0.038902 1.610018 0.148786
vt 0.191425 0.461806
vn 0.668544 -0.534499 -0.517068
v -0.044371 1.704636 0.158158
vt 0.101973 0.448715
vn -0.399691 0.737959 0.543750
v -0.045464 1.704195 0.156647
vt 0.092779 0.458625
vn -0.520488 0.622479 -0.584477
v -0.040915 1.704027 0.157388
vt 0.125308 0.458595
vn 0.645092 0.619207 -0.447704
v -0.042344 1.704554 0.158479
vt 0.116463 0.448778
vn 0.329846 0.741053 0.584843
v 0.097320 1.765950 0.024715
vt 0.985102 0.200197
vn 0.477040 0.654482 0.586589
v 0.100128 1.763113 -0.006501
vt 0.985283 0.243389
vn 0.893818 0.371359 0.251359
v 0.100158 1.738480 -0.004383
vt 0.951213 0.243697
vn 0.898293 -0.296094 0.324652
v 0.097156 1.741699 0.027038
vt 0.951532 0.200173
vn 0.469593 -0.535130 0.702224
v 0.097532 1.747484 -0.043750
vt 0.968701 0.296527
vn 0.781902 -0.061755 -0.620335
v 0.097770 1.727542 -0.041646
vt 0.941069 0.296242
vn 0.511552 -0.648099 -0.564164
v 0.099987 1.730832 -0.004236
vt 0.940704 0.244493
vn 0.568844 -0.565587 0.597100
v 0.100129 1.770253 -0.008321
vt 0.995315 0.244955
vn 0.558946 0.696227 0.450386
v 0.097301 1.766368 -0.045691
vt 0.994859 0.296727
vn 0.508112 0.523771 -0.683729
v 0.096255 1.763112 -0.006591
vt 0.948645 0.221174
vn -0.016441 0.813210 0.581738
v 0.100128 1.763113 -0.006501
vt 0.941609 0.221174
vn 0.893818 0.371359 0.251359
v 0.097320 1.765950 0.024715
vt 0.941608 0.160651
vn 0.477040 0.654482 0.586589
v 0.093514 1.765718 0.024068
vt 0.948645 0.160651
vn -0.138558 0.767064 0.626430
v 0.093358 1.741858 0.026331
vt 0.948645 0.160651
vn -0.148507 -0.632459 0.760225
v 0.097156 1.741699 0.027038
vt 0.941608 0.160651
vn 0.469593 -0.535130 0.702224
v 0.100158 1.738480 -0.004383
vt 0.941609 0.221174
vn 0.898293 -0.296094 0.324652
v 0.096285 1.738513 -0.004510
vt 0.948645 0.221174
vn -0.036251 -0.659436 0.750886
v 0.099987 1.730832 -0.004236
vt 0.941608 0.160651
vn 0.568844 -0.565587 0.597100
v 0.096110 1.730895 -0.004245
vt 0.948645 0.160651
vn -0.014461 -0.664665 0.747001
v 0.096285 1.738513 -0.004510
vt 0.948645 0.174856
vn -0.036251 -0.659436 0.750886
v 0.100158 1.738480 -0.004383
vt 0.941608 0.174856
vn 0.898293 -0.296094 0.324652
v 0.096110 1.730895 -0.004245
vt 0.948645 0.233329
vn -0.014461 -0.664665 0.747001
v 0.099987 1.730832 -0.004236
vt 0.941609 0.233329
vn 0.568844 -0.565587 0.597100
v 0.097770 1.727542 -0.041646
vt 0.941608 0.160651
vn 0.511552 -0.648099 -0.564164
v 0.093922 1.727550 -0.041177
vt 0.948645 0.160651
vn -0.088863 -0.771987 -0.629396
v 0.097532 1.747484 -0.043750
vt 0.941608 0.197414
vn 0.781902 -0.061755 -0.620335
v 0.093686 1.747488 -0.043261
vt 0.948645 0.197414
vn -0.125031 -0.103859 -0.986702
v 0.093922 1.727550 -0.041177
vt 0.948645 0.236315
vn -0.088863 -0.771987 -0.629396
v 0.097770 1.727542 -0.041646
vt 0.941609 0.236315
vn 0.511552 -0.648099 -0.564164
v 0.097301 1.766368 -0.045691
vt 0.941608 0.160651
vn 0.508112 0.523771 -0.683729
v 0.093456 1.766368 -0.045189
vt 0.948645 0.160651
vn -0.094464 0.630400 -0.770501
v 0.093456 1.766368 -0.045189
vt 0.948645 0.233218
vn -0.094464 0.630400 -0.770501
v 0.097301 1.766368 -0.045691
vt 0.941609 0.233218
vn 0.508112 0.523771 -0.683729
v 0.100129 1.770253 -0.008321
vt 0.941608 0.160651
vn 0.558946 0.696227 0.450386
v 0.096252 1.770261 -0.008259
vt 0.948645 0.160651
vn -0.006522 0.817452 0.575959
v 0.100128 1.763113 -0.006501
vt 0.941608 0.160651
vn 0.893818 0.371359 0.251359
v 0.096255 1.763112 -0.006591
vt 0.948645 0.160651
vn -0.016441 0.813210 0.581738
v 0.096252 1.770261 -0.008259
vt 0.948645 0.174856
vn -0.006522 0.817452 0.575959
v 0.100129 1.770253 -0.008321
vt 0.941608 0.174856
vn 0.558946 0.696227 0.450386
v 0.097320 1.765950 0.024715
vt 0.942157 0.173288
vn 0.477040 0.654482 0.586589
v 0.097156 1.741699 0.027038
vt 0.942157 0.229643
vn 0.469593 -0.535130 0.702224
v 0.093358 1.741858 0.026331
vt 0.947967 0.229643
vn -0.148507 -0.632459 0.760225
v 0.093514 1.765718 0.024068
vt 0.947967 0.173288
vn -0.138558 0.767064 0.626430
v -0.097320 1.765950 0.024715
vt 0.985102 0.200197
vn -0.477040 0.654482 0.586589
v -0.097156 1.741699 0.027038
vt 0.951532 0.200173
vn -0.469593 -0.535130 0.702224
v -0.100158 1.738480 -0.004383
vt 0.951213 0.243697
vn -0.898293 -0.296094 0.324652
v -0.100128 1.763113 -0.006501
vt 0.985283 0.243389
vn -0.893818 0.371359 0.251359
v -0.097532 1.747484 -0.043750
vt 0.968701 0.296527
vn -0.781902 -0.061755 -0.620335
v -0.097770 1.727542 -0.041646
vt 0.941069 0.296242
vn -0.511552 -0.648099 -0.564164
v -0.099987 1.730832 -0.004236
vt 0.940704 0.244493
vn -0.568844 -0.565587 0.597100
v -0.100129 1.770253 -0.008321
vt 0.995315 0.244955
vn -0.558946 0.696227 0.450386
v -0.097301 1.766368 -0.045691
vt 0.994859 0.296727
vn -0.508112 0.523771 -0.683729
v -0.096255 1.763112 -0.006591
vt 0.948645 0.221174
vn 0.016441 0.813210 0.581738
v -0.093514 1.765718 0.024068
vt 0.948645 0.160651
vn 0.138558 0.767064 0.626430
v -0.097320 1.765950 0.024715
vt 0.941608 0.160651
vn -0.477040 0.654482 0.586589
v -0.100128 1.763113 -0.006501
vt 0.941609 0.221174
vn -0.893818 0.371359 0.251359
v -0.093358 1.741858 0.026331
vt 0.948645 0.160651
vn 0.148507 -0.632459 0.760225
v -0.096285 1.738513 -0.004510
vt 0.948645 0.221174
vn 0.036251 -0.659436 0.750886
v -0.100158 1.738480 -0.004383
vt 0.941609 0.221174
vn -0.898293 -0.296094 0.324652
v -0.097156 1.741699 0.027038
vt 0.941608 0.160651
vn -0.469593 -0.535130 0.702224
v -0.099987 1.730832 -0.004236
vt 0.941608 0.160651
vn -0.568844 -0.565587 0.597100
v -0.100158 1.738480 -0.004383
vt 0.941608 0.174856
vn -0.898293 -0.296094 0.324652
v -0.096285 1.738513 -0.004510
vt 0.948645 0.174856
vn 0.036251 -0.659436 0.750886
v -0.096110 1.730895 -0.004245
vt 0.948645 0.160651
vn 0.014461 -0.664665 0.747001
v -0.096110 1.730895 -0.004245
vt 0.948645 0.233329
vn 0.014461 -0.664665 0.747001
v -0.093922 1.727550 -0.041177
vt 0.948645 0.160651
vn 0.088863 -0.771987 -0.629396
v -0.097770 1.727542 -0.041646
vt 0.941608 0.160651
vn -0.511552 -0.648099 -0.564164
v -0.099987 1.730832 -0.004236
vt 0.941609 0.233329
vn -0.568844 -0.565587 0.597100
v -0.097532 1.747484 -0.043750
vt 0.941608 0.197414
vn -0.781902 -0.061755 -0.620335
v -0.097770 1.727542 -0.041646
vt 0.941609 0.236315
vn -0.511552 -0.648099 -0.564164
v -0.093922 1.727550 -0.041177
vt 0.948645 0.236315
vn 0.088863 -0.771987 -0.629396
v -0.093686 1.747488 -0.043261
vt 0.948645 0.197414
vn 0.125031 -0.103859 -0.986702
v -0.097301 1.766368 -0.045691
vt 0.941608 0.160651
vn -0.508112 0.523771 -0.683729
v -0.093456 1.766368 -0.045189
vt 0.948645 0.160651
vn 0.094464 0.630400 -0.770501
v -0.093456 1.766368 -0.045189
vt 0.948645 0.233218
vn 0.094464 0.630400 -0.770501
v -0.096252 1.770261 -0.008259
vt 0.948645 0.160651
vn 0.006522 0.817452 0.575959
v -0.100129 1.770253 -0.008321
vt 0.941608 0.160651
vn -0.558946 0.696227 0.450386
v -0.097301 1.766368 -0.045691
vt 0.941609 0.233218
vn -0.508112 0.523771 -0.683729
v -0.100128 1.763113 -0.006501
vt 0.941608 0.160651
vn -0.893818 0.371359 0.251359
v -0.100129 1.770253 -0.008321
vt 0.941608 0.174856
vn -0.558946 0.696227 0.450386
v -0.096252 1.770261 -0.008259
vt 0.948645 0.174856
vn 0.006522 0.817452 0.575959
v -0.096255 1.763112 -0.006591
vt 0.948645 0.160651
vn 0.016441 0.813210 0.581738
v -0.097320 1.765950 0.024715
vt 0.942157 0.173288
vn -0.477040 0.654482 0.586589
v -0.093514 1.765718 0.024068
vt 0.947967 0.173288
vn 0.138558 0.767064 0.626430
v -0.093358 1.741858 0.026331
vt 0.947967 0.229643
vn 0.148507 -0.632459 0.760225
v -0.097156 1.741699 0.027038
vt 0.942157 0.229643
vn -0.469593 -0.535130 0.702224
v 0.087313 1.744603 0.020215
vt 0.554272 0.150391
vn 0.732058 0.037555 0.680206
v 0.075781 1.695272 0.035032
vt 0.593094 0.150612
vn 0.691574 0.080093 0.717852
v 0.073257 1.696850 0.034222
vt 0.592341 0.148495
vn -0.709911 0.274368 0.648652
v 0.084355 1.746150 0.020232
vt 0.553789 0.148002
vn -0.649926 0.335915 0.681731
v 0.085063 1.740469 0.005457
vt 0.554452 0.161684
vn 0.643625 -0.354798 -0.678134
v 0.074319 1.688134 0.022342
vt 0.595783 0.161019
vn 0.707062 -0.282046 -0.648470
v 0.082104 1.742015 0.005475
vt 0.553928 0.164054
vn -0.739048 -0.056425 -0.671286
v 0.071794 1.689712 0.021531
vt 0.594994 0.163153
vn -0.696433 -0.087475 -0.712270
v 0.084355 1.746150 0.020232
vt 0.554049 0.175352
vn -0.649926 0.335915 0.681731
v 0.073257 1.696850 0.034222
vt 0.592548 0.173578
vn -0.709911 0.274368 0.648652
v 0.069462 1.657884 0.043581
vt 0.622438 0.148294
vn -0.690985 0.410159 0.595239
v 0.071611 1.655638 0.044801
vt 0.623531 0.150433
vn 0.676760 0.066449 0.733198
v 0.041014 1.606919 0.073412
vt 0.662792 0.148265
vn -0.418755 0.722345 0.550328
v 0.042727 1.604083 0.073908
vt 0.663413 0.150505
vn 0.490649 -0.260611 0.831472
v 0.071290 1.649174 0.031575
vt 0.625045 0.160751
vn 0.687904 -0.413495 -0.596498
v 0.044399 1.600806 0.059495
vt 0.660669 0.160724
vn 0.413210 -0.727895 -0.547199
v 0.069116 1.651269 0.030471
vt 0.624090 0.162769
vn -0.679612 -0.068482 -0.730368
v 0.042624 1.603342 0.059105
vt 0.660388 0.163016
vn -0.492226 0.248417 -0.834268
v 0.069462 1.657884 0.043581
vt 0.622691 0.173086
vn -0.690985 0.410159 0.595239
v 0.041014 1.606919 0.073412
vt 0.663287 0.173354
vn -0.418755 0.722345 0.550328
v 0.023364 1.600398 0.073886
vt 0.671284 0.147612
vn -0.263885 0.796390 0.544176
v 0.025071 1.597698 0.074474
vt 0.671189 0.149990
vn 0.201198 -0.511438 0.835434
v 0.026825 1.594932 0.060123
vt 0.669188 0.160883
vn 0.263463 -0.798926 -0.540652
v 0.025116 1.597522 0.059378
vt 0.669407 0.162879
vn -0.198242 0.498498 -0.843919
v 0.023364 1.600398 0.073886
vt 0.671544 0.173012
vn -0.263885 0.796390 0.544176
v -0.002252 1.638517 0.172000
vt 0.076574 0.453361
vn -0.888139 0.118428 -0.444054
v 0.002396 1.638468 0.172147
vt 0.076574 0.460758
vn 0.928675 0.097688 -0.357799
v 0.002459 1.678581 0.173715
vt 0.136111 0.460758
vn 0.932489 -0.059073 -0.356336
v -0.002238 1.678501 0.173095
vt 0.136111 0.453361
vn -0.875340 -0.083511 -0.476242
v -0.002275 1.704980 0.162316
vt 0.178823 0.453361
vn -0.562500 0.585960 -0.583305
v 0.002429 1.705071 0.162427
vt 0.178823 0.460758
vn 0.600452 0.613390 -0.513041
v 0.002390 1.608858 0.154664
vt 0.025505 0.460758
vn 0.589932 -0.531099 -0.608206
v -0.002251 1.608923 0.154530
vt 0.025505 0.453361
vn -0.566490 -0.520257 -0.639078
v -0.001019 1.705554 0.163648
vt 0.178823 0.450384
vn -0.419685 0.744565 0.519122
v -0.000954 1.678791 0.175118
vt 0.136111 0.450384
vn -0.490260 0.160215 0.856724
v 0.001024 1.705605 0.163708
vt 0.178823 0.445588
vn 0.317286 0.765790 0.559371
v 0.001085 1.678810 0.175280
vt 0.136111 0.445588
vn 0.386332 0.170642 0.906437
v -0.000997 1.638043 0.173634
vt 0.076574 0.450384
vn -0.474107 -0.253908 0.843062
v 0.001047 1.638022 0.173695
vt 0.076574 0.445588
vn 0.399841 -0.262219 0.878276
v -0.000958 1.608188 0.155756
vt 0.025505 0.450384
vn -0.382503 -0.818352 0.428943
v 0.002390 1.608858 0.154664
vt 0.020537 0.448777
vn 0.589932 -0.531099 -0.608206
v 0.001086 1.608171 0.155796
vt 0.023296 0.448777
vn 0.343487 -0.827085 0.444912
v 0.001086 1.608171 0.155796
vt 0.025505 0.445588
vn 0.343487 -0.827085 0.444912
v 0.002429 1.705071 0.162427
vt 0.178823 0.442528
vn 0.600452 0.613390 -0.513041
v 0.002459 1.678581 0.173715
vt 0.136111 0.442528
vn 0.932489 -0.059073 -0.356336
v 0.002396 1.638468 0.172147
vt 0.076574 0.442528
vn 0.928675 0.097688 -0.357799
v 0.002390 1.608858 0.154664
vt 0.025505 0.442528
vn 0.589932 -0.531099 -0.608206
v -0.001019 1.705554 0.163648
vt 0.102361 0.449450
vn -0.419685 0.744565 0.519122
v -0.002275 1.704980 0.162316
vt 0.093292 0.459331
vn -0.562500 0.585960 -0.583305
v 0.002429 1.705071 0.162427
vt 0.126191 0.459329
vn 0.600452 0.613390 -0.513041
v 0.001024 1.705605 0.163708
vt 0.116655 0.449344
vn 0.317286 0.765790 0.559371
v -0.001789 1.592527 0.065842
vt 0.528958 0.252170
vn 0.056465 0.974861 -0.215540
v 0.021569 1.594936 0.068193
vt 0.550280 0.251407
vn -0.182764 0.952540 -0.243445
v 0.016378 1.598588 0.084755
vt 0.547294 0.235878
vn -0.098291 0.933752 0.344159
v -0.004072 1.598154 0.081731
vt 0.528944 0.236662
vn -0.034879 0.928111 0.370666
v 0.036210 1.600545 0.069405
vt 0.563838 0.249911
vn 0.325704 0.931849 -0.159920
v 0.021137 1.591770 0.058266
vt 0.549513 0.260573
vn -0.047358 0.409306 -0.911167
v 0.032803 1.596891 0.057836
vt 0.561330 0.260320
vn 0.398291 0.409986 -0.820533
v 0.029812 1.601271 0.080107
vt 0.559513 0.240204
vn 0.236698 0.891973 0.385173
v 0.000976 1.592002 0.055520
vt 0.530358 0.260142
vn 0.144842 0.442183 -0.885152
v -0.019414 1.592783 0.052153
vt 0.510291 0.260730
vn 0.345425 0.418938 -0.839745
v -0.024813 1.596089 0.061123
vt 0.507515 0.251367
vn 0.293654 0.942276 -0.160882
v -0.038159 1.602245 0.057693
vt 0.494667 0.250338
vn -0.316442 0.917286 -0.241766
v -0.035140 1.603036 0.069742
vt 0.498646 0.240649
vn -0.383096 0.859345 0.338767
v -0.024314 1.599542 0.078504
vt 0.510672 0.235909
vn 0.026553 0.927842 0.372028
v -0.031653 1.598509 0.047690
vt 0.496987 0.260646
vn -0.159536 0.343943 -0.925338
v -0.036294 1.600262 0.071236
vt 0.496198 0.238917
vn -0.839314 0.058665 0.540472
v -0.039371 1.599426 0.059042
vt 0.491950 0.249353
vn -0.901609 -0.430204 -0.045002
v -0.020141 1.589864 0.053527
vt 0.510502 0.263554
vn -0.093633 -0.868251 -0.487210
v 0.001092 1.589059 0.057100
vt 0.530758 0.263235
vn 0.048282 -0.895267 -0.442907
v -0.001685 1.589613 0.067503
vt 0.529485 0.271243
vn -0.052205 -0.974673 0.217454
v -0.025585 1.593177 0.062602
vt 0.507316 0.272862
vn -0.288745 -0.943134 0.164697
v 0.022062 1.589018 0.059864
vt 0.550002 0.263381
vn 0.211581 -0.880886 -0.423407
v 0.022505 1.592185 0.069871
vt 0.551320 0.272389
vn 0.185434 -0.951688 0.244752
v 0.017199 1.595877 0.086500
vt 0.547367 0.287056
vn 0.150055 -0.328742 0.932423
v -0.003978 1.595297 0.083462
vt 0.529586 0.287135
vn -0.146630 -0.366486 0.918797
v 0.037550 1.597952 0.071057
vt 0.565599 0.274414
vn 0.901044 -0.377620 0.213361
v 0.034236 1.594300 0.059415
vt 0.561812 0.263264
vn 0.694168 -0.530045 -0.487015
v 0.031058 1.598676 0.081833
vt 0.559746 0.284532
vn 0.617158 0.143562 0.773632
v -0.039371 1.599426 0.059042
vt 0.493648 0.274814
vn -0.901609 -0.430204 -0.045002
v -0.036294 1.600262 0.071236
vt 0.499685 0.284884
vn -0.839314 0.058665 0.540472
v -0.024994 1.596711 0.080099
vt 0.511910 0.287271
vn -0.452290 -0.322770 0.831416
v -0.032924 1.595646 0.048894
vt 0.497172 0.263573
vn -0.518038 -0.568826 -0.638807
v -0.004072 1.598154 0.081731
vt 0.529237 0.290142
vn -0.034879 0.928111 0.370666
v 0.016378 1.598588 0.084755
vt 0.547257 0.289893
vn -0.098291 0.933752 0.344159
v -0.035140 1.603036 0.069742
vt 0.498776 0.287752
vn -0.383096 0.859345 0.338767
v -0.024314 1.599542 0.078504
vt 0.511353 0.289998
vn 0.026553 0.927842 0.372028
v 0.029812 1.601271 0.080107
vt 0.559969 0.287586
vn 0.236698 0.891973 0.385173
v 0.034236 1.594300 0.059415
vt 0.564453 0.259941
vn 0.694168 -0.530045 -0.487015
v 0.037550 1.597952 0.071057
vt 0.566604 0.248908
vn 0.901044 -0.377620 0.213361
v 0.031058 1.598676 0.081833
vt 0.562069 0.238597
vn 0.617158 0.143562 0.773632
v -0.032924 1.595646 0.048894
vt 0.493813 0.260451
vn -0.518038 -0.568826 -0.638807
v -0.076146 1.685325 0.040194
vt 0.625149 0.161516
vn -0.621238 -0.018059 0.783414
v -0.083073 1.712675 0.037152
vt 0.645937 0.161984
vn -0.709564 0.048954 0.702938
v -0.080405 1.714242 0.036617
vt 0.646778 0.159904
vn 0.697183 0.261403 0.667536
v -0.073838 1.686917 0.038988
vt 0.625847 0.159294
vn 0.754045 0.263754 0.601539
v -0.081349 1.706537 0.023773
vt 0.643432 0.172527
vn -0.693353 -0.270596 -0.667862
v -0.075077 1.676699 0.028279
vt 0.620338 0.171511
vn -0.747366 -0.263792 -0.609801
v -0.072769 1.678291 0.027085
vt 0.620921 0.149412
vn 0.628861 0.020432 -0.777250
v -0.078680 1.708104 0.023239
vt 0.644434 0.149201
vn 0.712198 -0.059157 -0.699482
v -0.081349 1.706537 0.023773
vt 0.643516 0.147052
vn -0.693353 -0.270596 -0.667862
v -0.075077 1.676699 0.028279
vt 0.620222 0.147249
vn -0.747366 -0.263792 -0.609801
v -0.083547 1.742566 0.012137
vt 0.672335 0.147441
vn -0.613603 -0.283850 -0.736831
v -0.080483 1.743124 0.012542
vt 0.672461 0.149769
vn 0.786024 -0.135276 -0.603213
v -0.083038 1.742757 0.027135
vt 0.668935 0.160153
vn 0.611120 0.291060 0.736082
v -0.086103 1.742199 0.026731
vt 0.668843 0.162546
vn -0.788824 0.141547 0.598098
v -0.083547 1.742566 0.012137
vt 0.672106 0.173125
vn -0.613603 -0.283850 -0.736831
v -0.066223 1.640861 0.049273
vt 0.589181 0.162316
vn -0.699382 -0.092381 0.708753
v -0.064122 1.643364 0.048844
vt 0.590095 0.160055
vn 0.611979 0.456094 0.646112
v -0.044931 1.607976 0.064727
vt 0.565590 0.163103
vn -0.586536 -0.369995 0.720471
v -0.042915 1.610610 0.064950
vt 0.565709 0.160713
vn 0.356546 0.667578 0.653616
v -0.065813 1.637146 0.034333
vt 0.588901 0.173878
vn -0.597082 -0.436704 -0.672891
v -0.042613 1.604555 0.050238
vt 0.565875 0.174196
vn -0.336194 -0.638492 -0.692317
v -0.040691 1.606832 0.050766
vt 0.565677 0.149802
vn 0.591806 0.403285 -0.697945
v -0.063759 1.639308 0.034261
vt 0.589268 0.148628
vn 0.707879 0.119033 -0.696232
v -0.065813 1.637146 0.034333
vt 0.588669 0.146519
vn -0.597082 -0.436704 -0.672891
v -0.042613 1.604555 0.050238
vt 0.565844 0.147565
vn -0.336194 -0.638492 -0.692317
v -0.024316 1.596808 0.067976
vt 0.553467 0.163055
vn -0.390505 -0.534852 0.749292
v -0.022265 1.599257 0.067717
vt 0.553364 0.160622
vn 0.280290 0.711998 0.643814
v -0.019842 1.596301 0.052951
vt 0.552919 0.149440
vn 0.386923 0.575072 -0.720821
v -0.021856 1.593868 0.052879
vt 0.553283 0.147140
vn -0.275179 -0.667888 -0.691522
v -0.021856 1.593868 0.052879
vt 0.553244 0.174708
vn -0.275179 -0.667888 -0.691522
v -0.085538 1.656466 0.023268
vt 0.817531 0.231819
vn -0.784729 -0.577103 0.226171
v -0.076858 1.649434 0.025164
vt 0.804898 0.235787
vn 0.012998 -0.994259 0.106212
v -0.089228 1.676667 -0.009197
vt 0.854598 0.252604
vn 0.452245 -0.547164 -0.704334
v -0.094505 1.678943 -0.006373
vt 0.856680 0.245486
vn -0.882205 -0.401467 -0.246045
v -0.085538 1.691245 0.047968
vt 0.832330 0.189436
vn -0.763591 0.017024 0.645475
v -0.094835 1.708982 0.018709
vt 0.870981 0.202441
vn -0.904055 0.178758 0.388241
v -0.089558 1.710724 0.021444
vt 0.869844 0.195261
vn 0.800682 0.388048 0.456428
v -0.076858 1.692669 0.051818
vt 0.825858 0.179722
vn 0.094658 0.324623 0.941095
v -0.091829 1.743776 0.014136
vt 0.908397 0.187542
vn -0.849157 0.140791 0.509028
v -0.091829 1.746477 -0.024868
vt 0.932261 0.226255
vn -0.914958 0.040720 -0.401490
v -0.095165 1.702326 -0.022538
vt 0.887634 0.246822
vn -0.914017 -0.118708 -0.387920
v -0.089887 1.700831 -0.026312
vt 0.888821 0.254215
vn 0.436736 -0.309955 -0.844506
v -0.088478 1.746832 -0.029043
vt 0.935438 0.231445
vn 0.388091 -0.080035 -0.918139
v -0.086358 1.743532 0.016788
vt 0.905543 0.181258
vn 0.531541 0.099819 0.841130
v -0.076858 1.692669 0.051818
vt 0.933402 0.245168
vn 0.094658 0.324623 0.941095
v -0.089558 1.710724 0.021444
vt 0.923509 0.249236
vn 0.800682 0.388048 0.456428
v -0.089228 1.676667 -0.009197
vt 0.926171 0.262013
vn 0.452245 -0.547164 -0.704334
v -0.076858 1.649434 0.025164
vt 0.938702 0.258631
vn 0.012998 -0.994259 0.106212
v -0.089887 1.700831 -0.026312
vt 0.917734 0.261876
vn 0.436736 -0.309955 -0.844506
v -0.088478 1.746832 -0.029043
vt 0.906692 0.254763
vn 0.388091 -0.080035 -0.918139
v -0.086358 1.743532 0.016788
vt 0.915150 0.244753
vn 0.531541 0.099819 0.841130
v 0.085538 1.656466 0.023268
vt 0.817531 0.231819
vn 0.784729 -0.577103 0.226171
v 0.094505 1.678943 -0.006373
vt 0.856680 0.245486
vn 0.882205 -0.401467 -0.246045
v 0.089228 1.676667 -0.009197
vt 0.854598 0.252604
vn -0.452245 -0.547164 -0.704334
v 0.076858 1.649434 0.025164
vt 0.804898 0.235787
vn -0.012998 -0.994259 0.106212
v 0.085538 1.691245 0.047968
vt 0.832330 0.189436
vn 0.763591 0.017024 0.645475
v 0.094835 1.708982 0.018709
vt 0.870981 0.202441
vn 0.904055 0.178758 0.388241
v 0.089558 1.710724 0.021444
vt 0.869844 0.195261
vn -0.800682 0.388048 0.456428
v 0.076858 1.692669 0.051818
vt 0.825858 0.179722
vn -0.094658 0.324623 0.941095
v 0.091829 1.743776 0.014136
vt 0.908397 0.187542
vn 0.849157 0.140791 0.509028
v 0.091829 1.746477 -0.024868
vt 0.932261 0.226255
vn 0.914958 0.040720 -0.401490
v 0.095165 1.702326 -0.022538
vt 0.887634 0.246822
vn 0.914017 -0.118708 -0.387920
v 0.089887 1.700831 -0.026312
vt 0.888821 0.254215
vn -0.436736 -0.309955 -0.844506
v 0.088478 1.746832 -0.029043
vt 0.935438 0.231445
vn -0.388091 -0.080035 -0.918139
v 0.086358 1.743532 0.016788
vt 0.905543 0.181258
vn -0.531541 0.099819 0.841130
v 0.076858 1.692669 0.051818
vt 0.933402 0.245168
vn -0.094658 0.324623 0.941095
v 0.076858 1.649434 0.025164
vt 0.938702 0.258631
vn -0.012998 -0.994259 0.106212
v 0.089228 1.676667 -0.009197
vt 0.926171 0.262013
vn -0.452245 -0.547164 -0.704334
v 0.089558 1.710724 0.021444
vt 0.923509 0.249236
vn -0.800682 0.388048 0.456428
v 0.089887 1.700831 -0.026312
vt 0.917734 0.261876
vn -0.436736 -0.309955 -0.844506
v 0.088478 1.746832 -0.029043
vt 0.906692 0.254763
vn -0.388091 -0.080035 -0.918139
v 0.086358 1.743532 0.016788
vt 0.915150 0.244753
vn -0.531541 0.099819 0.841130
v 0.094250 1.742859 -0.000152
vt 0.176422 0.453420
vn -0.799281 -0.105007 0.591713
v 0.097587 1.710535 -0.001447
vt 0.158951 0.453420
vn -0.830847 0.097362 0.547918
v 0.099842 1.708855 -0.005219
vt 0.158951 0.460185
vn 0.112968 -0.308969 -0.944339
v 0.096409 1.743166 -0.004473
vt 0.176422 0.460185
vn 0.185363 0.075062 -0.979799
v 0.097839 1.692465 0.009895
vt 0.147715 0.453420
vn -0.833283 0.453800 0.315762
v 0.100117 1.689563 0.007084
vt 0.147715 0.460185
vn 0.040424 -0.721811 -0.690908
v 0.086769 1.659466 0.058159
vt 0.124488 0.460185
vn 0.041556 -0.870740 -0.489984
v 0.084456 1.663054 0.060087
vt 0.124488 0.453420
vn -0.815219 0.542955 0.201539
v 0.099409 1.710268 -0.001662
vt 0.158951 0.451717
vn 0.576429 0.249032 0.778275
v 0.094676 1.742908 -0.000364
vt 0.176422 0.451717
vn 0.561242 0.043273 0.826520
v 0.096036 1.743086 -0.002210
vt 0.176422 0.447255
vn 0.967104 0.113093 0.227858
v 0.100541 1.709431 -0.003654
vt 0.158951 0.447255
vn 0.987608 0.077564 0.136432
v 0.099642 1.692111 0.009899
vt 0.147715 0.451717
vn 0.567501 0.549443 0.613234
v 0.100838 1.690605 0.008444
vt 0.147715 0.447255
vn 0.992315 -0.024792 0.121233
v 0.086341 1.662657 0.060234
vt 0.124488 0.451717
vn 0.565392 0.684586 0.460079
v 0.087505 1.660878 0.059282
vt 0.124488 0.447255
vn 0.993188 -0.021848 0.114457
v 0.096409 1.743166 -0.004473
vt 0.176422 0.444309
vn 0.185363 0.075062 -0.979799
v 0.099842 1.708855 -0.005219
vt 0.158951 0.444309
vn 0.112968 -0.308969 -0.944339
v 0.100117 1.689563 0.007084
vt 0.147715 0.444309
vn 0.040424 -0.721811 -0.690908
v 0.086769 1.659466 0.058159
vt 0.124488 0.444309
vn 0.041556 -0.870740 -0.489984
v 0.086782 1.641940 0.090563
vt 0.102906 0.460185
vn 0.054453 -0.915246 -0.399198
v 0.084455 1.645883 0.091639
vt 0.102906 0.453420
vn -0.826376 0.530504 0.188861
v 0.084263 1.645245 0.093448
vt 0.101984 0.453420
vn -0.769481 0.637748 -0.034284
v 0.086556 1.641306 0.092369
vt 0.101984 0.460185
vn -0.041725 -0.986202 -0.160203
v 0.086147 1.644848 0.093631
vt 0.101984 0.451717
vn 0.636822 0.737290 0.225525
v 0.086347 1.645494 0.091827
vt 0.102906 0.451717
vn 0.575384 0.733198 0.362429
v 0.087257 1.642747 0.093045
vt 0.101984 0.447255
vn 0.984638 -0.068027 0.160813
v 0.087474 1.643384 0.091239
vt 0.102906 0.447255
vn 0.997378 0.017080 0.070325
v 0.086556 1.641306 0.092369
vt 0.101984 0.444309
vn -0.041725 -0.986202 -0.160203
v 0.086782 1.641940 0.090563
vt 0.102906 0.444309
vn 0.054453 -0.915246 -0.399198
v 0.078039 1.646383 0.126078
vt 0.084588 0.453420
vn -0.591001 0.755803 -0.281922
v 0.079126 1.641925 0.125833
vt 0.084588 0.460185
vn -0.125948 -0.987771 -0.091897
v 0.043152 1.639202 0.162843
vt 0.057748 0.460185
vn -0.058422 -0.964551 -0.257348
v 0.042120 1.643711 0.162181
vt 0.057748 0.453420
vn -0.272347 0.831568 -0.484068
v -0.003769 1.637613 0.167326
vt 0.033076 0.460185
vn 0.000266 -0.950847 -0.309661
v -0.003866 1.642283 0.166786
vt 0.033076 0.453420
vn 0.007619 0.829884 -0.557884
v 0.079586 1.645678 0.126518
vt 0.084588 0.451717
vn 0.633435 0.683380 0.362977
v 0.042859 1.642804 0.163789
vt 0.057748 0.451717
vn 0.318000 0.604423 0.730444
v 0.080216 1.643447 0.126426
vt 0.084588 0.447255
vn 0.869434 -0.179772 0.460180
v 0.043361 1.640565 0.164087
vt 0.057748 0.447255
vn 0.430913 -0.280388 0.857728
v -0.003664 1.641301 0.168453
vt 0.033076 0.451717
vn -0.006054 0.562613 0.826698
v -0.003613 1.639017 0.168743
vt 0.033076 0.447255
vn -0.009679 -0.310075 0.950663
v 0.043152 1.639202 0.162843
vt 0.057748 0.444309
vn -0.058422 -0.964551 -0.257348
v 0.079126 1.641925 0.125833
vt 0.084588 0.444309
vn -0.125948 -0.987771 -0.091897
v -0.003769 1.637613 0.167326
vt 0.033076 0.444309
vn 0.000266 -0.950847 -0.309661
v -0.094256 1.742861 -0.000152
vt 0.034932 0.453593
vn 0.824038 -0.103947 0.556917
v -0.096428 1.743176 -0.004418
vt 0.034932 0.460308
vn -0.138455 0.059074 -0.988605
v -0.099852 1.708860 -0.005191
vt 0.052419 0.460308
vn -0.095933 -0.290506 -0.952052
v -0.097590 1.710536 -0.001447
vt 0.052419 0.453593
vn 0.843066 0.090219 0.530189
v -0.097839 1.692465 0.009895
vt 0.063655 0.453593
vn 0.833875 0.453324 0.314881
v -0.100117 1.689563 0.007084
vt 0.063655 0.460308
vn -0.039899 -0.721191 -0.691586
v -0.086769 1.659466 0.058159
vt 0.086885 0.460308
vn -0.041500 -0.871196 -0.489178
v -0.084456 1.663054 0.060087
vt 0.086885 0.453593
vn 0.815067 0.543343 0.201106
v -0.095077 1.742935 -0.000431
vt 0.034932 0.450357
vn -0.535567 0.038667 0.843607
v -0.099506 1.709968 -0.001475
vt 0.052419 0.450357
vn -0.563126 0.248515 0.788117
v -0.100592 1.709418 -0.003549
vt 0.052419 0.447002
vn -0.991673 0.074708 0.104897
v -0.096417 1.743103 -0.002291
vt 0.034932 0.447002
vn -0.979455 0.111057 0.168325
v -0.100838 1.690605 0.008444
vt 0.063655 0.447002
vn -0.992284 -0.026227 0.121183
v -0.099642 1.692111 0.009899
vt 0.063655 0.450357
vn -0.566853 0.548866 0.614349
v -0.087505 1.660878 0.059282
vt 0.086885 0.447002
vn -0.993195 -0.021842 0.114393
v -0.086341 1.662657 0.060234
vt 0.086885 0.450357
vn -0.565567 0.684928 0.459356
v -0.096428 1.743176 -0.004418
vt 0.034932 0.444186
vn -0.138455 0.059074 -0.988605
v -0.099852 1.708860 -0.005191
vt 0.052419 0.444186
vn -0.095933 -0.290506 -0.952052
v -0.100117 1.689563 0.007084
vt 0.063655 0.444186
vn -0.039899 -0.721191 -0.691586
v -0.086769 1.659466 0.058159
vt 0.086885 0.444186
vn -0.041500 -0.871196 -0.489178
v -0.086782 1.642158 0.090301
vt 0.108341 0.460308
vn -0.053883 -0.915611 -0.398437
v -0.084455 1.646107 0.091373
vt 0.108341 0.453593
vn 0.825875 0.531373 0.188608
v -0.086480 1.641312 0.092709
vt 0.109570 0.460308
vn 0.042744 -0.986130 -0.160374
v -0.084199 1.645257 0.093784
vt 0.109570 0.453593
vn 0.768737 0.638661 -0.034011
v -0.086347 1.645718 0.091561
vt 0.108341 0.450357
vn -0.575867 0.733215 0.361626
v -0.086080 1.644857 0.093967
vt 0.109570 0.450357
vn -0.637524 0.736675 0.225552
v -0.087474 1.643604 0.090979
vt 0.108341 0.447002
vn -0.997396 0.016765 0.070149
v -0.087185 1.642754 0.093386
vt 0.109570 0.447002
vn -0.984607 -0.068755 0.160692
v -0.086782 1.642158 0.090301
vt 0.108341 0.444186
vn -0.053883 -0.915611 -0.398437
v -0.086480 1.641312 0.092709
vt 0.109570 0.444186
vn 0.042744 -0.986130 -0.160374
v -0.078039 1.646383 0.126078
vt 0.126795 0.453593
vn 0.590351 0.756470 -0.281494
v -0.079126 1.641925 0.125833
vt 0.126795 0.460308
vn 0.126446 -0.987710 -0.091876
v -0.043153 1.639200 0.162841
vt 0.153682 0.460308
vn 0.058904 -0.965075 -0.255264
v -0.042129 1.643711 0.162179
vt 0.153682 0.453593
vn 0.279629 0.830759 -0.481297
v -0.003866 1.642283 0.166786
vt 0.174383 0.453593
vn 0.007619 0.829884 -0.557884
v -0.003769 1.637613 0.167326
vt 0.174383 0.460308
vn 0.000266 -0.950847 -0.309661
v -0.079586 1.645678 0.126518
vt 0.126795 0.450357
vn -0.634054 0.682634 0.363299
v -0.042858 1.642802 0.163789
vt 0.153682 0.450357
vn -0.323969 0.602406 0.729487
v -0.043355 1.640563 0.164086
vt 0.153682 0.447002
vn -0.439130 -0.277460 0.854506
v -0.003613 1.639017 0.168743
vt 0.174566 0.447002
vn -0.009679 -0.310075 0.950663
v -0.003664 1.641301 0.168453
vt 0.174566 0.450357
vn -0.006054 0.562613 0.826698
v -0.080216 1.643447 0.126426
vt 0.126795 0.447002
vn -0.869326 -0.180156 0.460234
v -0.043153 1.639200 0.162841
vt 0.153682 0.444186
vn 0.058904 -0.965075 -0.255264
v -0.079126 1.641925 0.125833
vt 0.126795 0.444186
vn 0.126446 -0.987710 -0.091876
v -0.003769 1.637613 0.167326
vt 0.174566 0.444186
vn 0.000266 -0.950847 -0.309661
v 0.098454 1.741773 0.012447
vt 0.168349 0.453873
vn 0.992483 0.121621 0.013657
v 0.101821 1.714568 0.011863
vt 0.154538 0.453873
vn 0.996527 0.078731 0.027127
v 0.100667 1.715286 0.013784
vt 0.154538 0.457368
vn 0.483469 0.278807 0.829773
v 0.097349 1.741561 0.014464
vt 0.168349 0.457368
vn 0.483272 0.036944 0.874690
v 0.100733 1.703286 0.022027
vt 0.146642 0.457368
vn 0.455629 0.653340 0.604607
v 0.101926 1.701551 0.020991
vt 0.146642 0.453873
vn 0.991631 0.000206 0.129103
v 0.087337 1.678850 0.077632
vt 0.121160 0.457368
vn 0.439214 0.805279 0.398267
v 0.088620 1.676991 0.077058
vt 0.121160 0.453873
vn 0.992101 0.016874 0.124301
v 0.093888 1.741229 0.014348
vt 0.168349 0.460950
vn -0.833802 -0.124091 0.537937
v 0.097271 1.715423 0.013560
vt 0.154538 0.460950
vn -0.865607 0.078848 0.494477
v 0.097374 1.703505 0.021383
vt 0.146642 0.460950
vn -0.875333 0.421257 0.237349
v 0.083920 1.678852 0.076211
vt 0.121160 0.460950
vn -0.859352 0.498831 0.112612
v 0.100997 1.713993 0.010245
vt 0.154538 0.452264
vn 0.576714 -0.200426 -0.791979
v 0.097536 1.741768 0.010602
vt 0.168349 0.452264
vn 0.528594 0.077274 -0.845350
v 0.095386 1.741560 0.010506
vt 0.168349 0.448094
vn -0.542218 -0.057161 -0.838291
v 0.098844 1.713793 0.010186
vt 0.154538 0.448094
vn -0.535527 -0.280021 -0.796743
v 0.101126 1.700179 0.019788
vt 0.146642 0.452264
vn 0.588928 -0.657094 -0.470522
v 0.099001 1.700258 0.019394
vt 0.146642 0.448094
vn -0.509760 -0.625307 -0.590877
v 0.087803 1.675282 0.075791
vt 0.121160 0.452264
vn 0.569028 -0.777723 -0.267124
v 0.085720 1.675361 0.075092
vt 0.121160 0.448094
vn -0.503434 -0.770995 -0.390026
v 0.093888 1.741229 0.014348
vt 0.168349 0.443544
vn -0.833802 -0.124091 0.537937
v 0.097271 1.715423 0.013560
vt 0.154538 0.443544
vn -0.865607 0.078848 0.494477
v 0.097374 1.703505 0.021383
vt 0.146642 0.443544
vn -0.875333 0.421257 0.237349
v 0.083920 1.678852 0.076211
vt 0.121160 0.443544
vn -0.859352 0.498831 0.112612
v 0.087765 1.666386 0.097480
vt 0.108156 0.452264
vn 0.567796 -0.803226 -0.180096
v 0.085628 1.666322 0.097187
vt 0.108156 0.448094
vn -0.522080 -0.815584 -0.249511
v 0.085074 1.665702 0.101883
vt 0.105453 0.448094
vn -0.582007 -0.812514 -0.032992
v 0.083483 1.669479 0.102817
vt 0.105453 0.443544
vn -0.803496 0.564909 -0.187806
v 0.083996 1.670026 0.098103
vt 0.108156 0.443544
vn -0.855305 0.511011 0.085557
v 0.087215 1.665737 0.102159
vt 0.105453 0.452264
vn 0.493815 -0.856148 0.152175
v 0.088578 1.667993 0.098079
vt 0.108156 0.453873
vn 0.996445 0.038496 0.074936
v 0.088006 1.667387 0.102784
vt 0.105453 0.453873
vn 0.985438 -0.009836 0.169751
v 0.087369 1.670074 0.098442
vt 0.108156 0.457368
vn 0.470075 0.844392 0.256965
v 0.086838 1.669444 0.103131
vt 0.105453 0.457368
vn 0.539363 0.841915 0.016310
v 0.083996 1.670026 0.098103
vt 0.107288 0.460950
vn -0.855305 0.511011 0.085557
v 0.083483 1.669479 0.102817
vt 0.105453 0.460950
vn -0.803496 0.564909 -0.187806
v 0.082723 1.675448 0.122104
vt 0.095189 0.457368
vn 0.532579 0.841023 0.095077
v 0.083570 1.673388 0.122711
vt 0.095189 0.453873
vn 0.884690 -0.031998 0.465079
v 0.043240 1.680537 0.166153
vt 0.065312 0.457368
vn 0.273343 0.814638 0.511517
v 0.043571 1.678447 0.167004
vt 0.065312 0.453873
vn 0.447891 -0.105135 0.887885
v -0.003620 1.680034 0.170900
vt 0.041149 0.457368
vn -0.005596 0.747551 0.664181
v -0.003599 1.677805 0.171331
vt 0.041149 0.453873
vn -0.008479 -0.162932 0.986601
v 0.041845 1.680736 0.163008
vt 0.065312 0.460950
vn -0.325377 0.677839 -0.659291
v 0.079659 1.675487 0.120857
vt 0.095189 0.460950
vn -0.664309 0.585260 -0.464935
v -0.003847 1.680937 0.168118
vt 0.041149 0.460950
vn 0.007096 0.710424 -0.703738
v 0.043172 1.677056 0.166222
vt 0.065312 0.452264
vn 0.185213 -0.897227 0.400848
v 0.082679 1.671730 0.122519
vt 0.095189 0.452264
vn 0.377367 -0.847956 0.372244
v 0.080687 1.671720 0.121636
vt 0.095189 0.448094
vn -0.568440 -0.813679 -0.121666
v 0.042255 1.677120 0.164219
vt 0.065312 0.448094
vn -0.290436 -0.792572 -0.536168
v -0.003656 1.676630 0.170315
vt 0.041149 0.452264
vn -0.003805 -0.918700 0.394937
v -0.003806 1.677129 0.168207
vt 0.041149 0.448094
vn 0.006409 -0.724200 -0.689560
v 0.079659 1.675487 0.120857
vt 0.095189 0.443544
vn -0.664309 0.585260 -0.464935
v 0.041845 1.680736 0.163008
vt 0.065312 0.443544
vn -0.325377 0.677839 -0.659291
v -0.003847 1.680937 0.168118
vt 0.041149 0.443544
vn 0.007096 0.710424 -0.703738
v -0.003599 1.677805 0.171331
vt 0.166477 0.453845
vn -0.008479 -0.162932 0.986601
v -0.043572 1.678446 0.167003
vt 0.146108 0.453845
vn -0.455287 -0.104587 0.884181
v -0.043242 1.680534 0.166154
vt 0.146108 0.457279
vn -0.278894 0.813226 0.510766
v -0.003620 1.680034 0.170900
vt 0.166477 0.457279
vn -0.005596 0.747551 0.664181
v -0.082723 1.675448 0.122104
vt 0.116189 0.457279
vn -0.532923 0.840781 0.095294
v -0.083570 1.673388 0.122712
vt 0.116189 0.453845
vn -0.884677 -0.032261 0.465087
v -0.041850 1.680736 0.163008
vt 0.146108 0.460950
vn 0.331979 0.677132 -0.656721
v -0.079659 1.675487 0.120857
vt 0.116189 0.460950
vn 0.663953 0.585734 -0.464846
v -0.003847 1.680937 0.168118
vt 0.166368 0.460950
vn 0.007096 0.710424 -0.703738
v -0.043172 1.677057 0.166221
vt 0.146108 0.452263
vn -0.189048 -0.896499 0.400688
v -0.082679 1.671731 0.122519
vt 0.116189 0.452263
vn -0.377302 -0.847985 0.372243
v -0.042254 1.677119 0.164218
vt 0.146108 0.448093
vn 0.296645 -0.791188 -0.534811
v -0.003806 1.677129 0.168207
vt 0.166477 0.448093
vn 0.006409 -0.724200 -0.689560
v -0.003656 1.676630 0.170315
vt 0.166477 0.452263
vn -0.003805 -0.918700 0.394937
v -0.080687 1.671720 0.121636
vt 0.116189 0.448093
vn 0.568686 -0.813493 -0.121759
v -0.079659 1.675487 0.120857
vt 0.116189 0.443544
vn 0.663953 0.585734 -0.464846
v -0.041850 1.680736 0.163008
vt 0.146108 0.443544
vn 0.331979 0.677132 -0.656721
v -0.003847 1.680937 0.168118
vt 0.166477 0.443544
vn 0.007096 0.710424 -0.703738
v -0.086793 1.669509 0.103336
vt 0.106028 0.457279
vn -0.539635 0.841739 0.016393
v -0.087958 1.667451 0.102996
vt 0.106028 0.453845
vn -0.985432 -0.009846 0.169786
v -0.088579 1.668107 0.097900
vt 0.103106 0.453845
vn -0.996448 0.038560 0.074862
v -0.087765 1.666501 0.097294
vt 0.103106 0.452263
vn -0.567750 -0.803385 -0.179534
v -0.087170 1.665798 0.102363
vt 0.106028 0.452263
vn -0.493804 -0.856151 0.152195
v -0.087369 1.670192 0.098257
vt 0.103106 0.457279
vn -0.470037 0.844613 0.256308
v -0.083439 1.669547 0.103022
vt 0.106028 0.460950
vn 0.803300 0.565193 -0.187790
v -0.083996 1.670140 0.097915
vt 0.104022 0.460950
vn 0.855263 0.511147 0.085176
v -0.085629 1.666437 0.097001
vt 0.103106 0.448093
vn 0.522260 -0.815666 -0.248864
v -0.085028 1.665765 0.102088
vt 0.106028 0.448093
vn 0.582348 -0.812266 -0.033081
v -0.083996 1.670140 0.097915
vt 0.103106 0.443544
vn 0.855263 0.511147 0.085176
v -0.083439 1.669547 0.103022
vt 0.106028 0.443544
vn 0.803300 0.565193 -0.187790
v -0.087337 1.678850 0.077632
vt 0.090216 0.457279
vn -0.439210 0.805591 0.397640
v -0.088620 1.676991 0.077058
vt 0.090216 0.453845
vn -0.992149 0.016395 0.123979
v -0.100733 1.703285 0.022028
vt 0.064732 0.457279
vn -0.455921 0.652771 0.605001
v -0.101925 1.701551 0.020991
vt 0.064732 0.453845
vn -0.991602 -0.001021 0.129320
v -0.100714 1.715115 0.013886
vt 0.056870 0.457279
vn -0.481473 0.280056 0.830513
v -0.101846 1.714564 0.011907
vt 0.056870 0.453845
vn -0.996537 0.078644 0.027019
v -0.097341 1.741562 0.014460
vt 0.043021 0.457279
vn -0.479401 0.038957 0.876731
v -0.098457 1.741775 0.012442
vt 0.043021 0.453845
vn -0.992352 0.122791 0.012649
v -0.097265 1.715423 0.013562
vt 0.056870 0.460950
vn 0.867007 0.079381 0.491931
v -0.093876 1.741229 0.014352
vt 0.043021 0.460950
vn 0.837908 -0.122098 0.531980
v -0.097374 1.703505 0.021383
vt 0.064732 0.460950
vn 0.874773 0.422220 0.237701
v -0.083920 1.678852 0.076211
vt 0.090216 0.460950
vn 0.859190 0.499164 0.112370
v -0.097554 1.741771 0.010603
vt 0.043021 0.452263
vn -0.538005 0.079324 -0.839201
v -0.100997 1.713979 0.010234
vt 0.056870 0.452263
vn -0.578036 -0.199796 -0.791174
v -0.098830 1.713986 0.010092
vt 0.056870 0.448093
vn 0.534697 -0.278823 -0.797720
v -0.095402 1.741564 0.010510
vt 0.043021 0.448093
vn 0.533969 -0.054393 -0.843753
v -0.098985 1.700271 0.019400
vt 0.064732 0.448093
vn 0.514088 -0.623119 -0.589437
v -0.101118 1.700178 0.019787
vt 0.064732 0.452263
vn -0.584248 -0.659668 -0.472751
v -0.085719 1.675361 0.075091
vt 0.090216 0.448093
vn 0.504543 -0.770579 -0.389416
v -0.087801 1.675282 0.075791
vt 0.090216 0.452263
vn -0.567836 -0.778578 -0.267167
v -0.093876 1.741229 0.014352
vt 0.043021 0.443544
vn 0.837908 -0.122098 0.531980
v -0.097265 1.715423 0.013562
vt 0.056870 0.443544
vn 0.867007 0.079381 0.491931
v -0.097374 1.703505 0.021383
vt 0.064732 0.443544
vn 0.874773 0.422220 0.237701
v -0.083920 1.678852 0.076211
vt 0.090216 0.443544
vn 0.859190 0.499164 0.112370
v 0.094266 1.744434 -0.014747
vt 0.181576 0.455000
vn -0.826934 -0.103917 0.552613
v 0.097587 1.706131 -0.016953
vt 0.160674 0.455000
vn -0.854892 0.090539 0.510845
v 0.099882 1.704461 -0.020652
vt 0.160674 0.460652
vn 0.057426 -0.266562 -0.962106
v 0.096487 1.744780 -0.018880
vt 0.181576 0.460652
vn 0.039389 0.050598 -0.997942
v 0.097847 1.684328 -0.002819
vt 0.146527 0.455000
vn -0.857093 0.408914 0.313339
v 0.100109 1.680806 -0.004662
vt 0.146527 0.460652
vn 0.087328 -0.711301 -0.697442
v 0.086664 1.639830 0.057978
vt 0.112530 0.460652
vn 0.104062 -0.834781 -0.540658
v 0.084106 1.643578 0.059406
vt 0.112530 0.455000
vn -0.843989 0.484001 0.231139
v 0.099671 1.705833 -0.017147
vt 0.160674 0.452267
vn 0.564676 0.242732 0.788811
v 0.096433 1.744546 -0.015086
vt 0.181576 0.452267
vn 0.560657 0.001727 0.828047
v 0.097391 1.744694 -0.016844
vt 0.181576 0.446763
vn 0.996104 0.079988 0.037128
v 0.100666 1.705112 -0.018880
vt 0.160674 0.446763
vn 0.997257 0.060465 0.042692
v 0.099860 1.683893 -0.002589
vt 0.146527 0.452267
vn 0.531288 0.568859 0.627800
v 0.100901 1.682269 -0.003439
vt 0.146527 0.446763
vn 0.991702 0.015324 0.127645
v 0.086179 1.643070 0.059799
vt 0.112530 0.452267
vn 0.525555 0.684066 0.505811
v 0.087321 1.641557 0.059048
vt 0.112530 0.446763
vn 0.990633 0.041511 0.130090
v 0.096487 1.744780 -0.018880
vt 0.181576 0.443842
vn 0.039389 0.050598 -0.997942
v 0.099882 1.704461 -0.020652
vt 0.160674 0.443842
vn 0.057426 -0.266562 -0.962106
v 0.100109 1.680806 -0.004662
vt 0.146527 0.443842
vn 0.087328 -0.711301 -0.697442
v 0.086664 1.639830 0.057978
vt 0.112530 0.443842
vn 0.104062 -0.834781 -0.540658
v 0.084361 1.629432 0.080691
vt 0.098029 0.455000
vn -0.838241 0.505691 0.204031
v 0.086733 1.625363 0.079639
vt 0.098029 0.460652
vn 0.088780 -0.885143 -0.456771
v 0.083956 1.628239 0.083710
vt 0.096420 0.455000
vn -0.791018 0.610393 -0.041368
v 0.086290 1.624166 0.082645
vt 0.096420 0.460652
vn 0.004803 -0.977435 -0.211183
v 0.086069 1.627790 0.083952
vt 0.096420 0.452267
vn 0.577345 0.768548 0.275694
v 0.086477 1.628981 0.080934
vt 0.098029 0.452267
vn 0.548990 0.723919 0.417794
v 0.087084 1.625974 0.083483
vt 0.096420 0.446763
vn 0.980749 -0.012100 0.194896
v 0.087503 1.627154 0.080467
vt 0.098029 0.446763
vn 0.993706 0.052839 0.098772
v 0.086290 1.624166 0.082645
vt 0.096420 0.443842
vn 0.004803 -0.977435 -0.211183
v 0.086733 1.625363 0.079639
vt 0.098029 0.443842
vn 0.088780 -0.885143 -0.456771
v 0.074210 1.626625 0.122360
vt 0.074906 0.455000
vn -0.628656 0.720528 -0.292629
v 0.075846 1.622148 0.121699
vt 0.074906 0.460652
vn -0.028365 -0.986910 -0.158757
v 0.040689 1.614226 0.148945
vt 0.051181 0.460652
vn 0.020685 -0.948350 -0.316552
v 0.039161 1.618829 0.148899
vt 0.051181 0.455000
vn -0.290689 0.824123 -0.486129
v -0.003330 1.611998 0.152622
vt 0.027922 0.460652
vn -0.001845 -0.936156 -0.351579
v -0.003474 1.616277 0.152360
vt 0.027922 0.455000
vn 0.008603 0.835976 -0.548699
v -0.003026 1.615702 0.153979
vt 0.027922 0.452267
vn -0.002777 0.591148 0.806558
v 0.040315 1.618048 0.150112
vt 0.051181 0.452267
vn 0.207270 0.626449 0.751399
v 0.041061 1.616139 0.150283
vt 0.051181 0.446763
vn 0.380745 -0.240999 0.892722
v 0.077114 1.624504 0.122571
vt 0.074906 0.446763
vn 0.836474 -0.103954 0.538057
v 0.076146 1.626311 0.122762
vt 0.074906 0.452267
vn 0.494225 0.747354 0.444076
v -0.003196 1.613363 0.154358
vt 0.027922 0.446763
vn -0.008439 -0.303432 0.952816
v 0.040689 1.614226 0.148945
vt 0.051181 0.443842
vn 0.020685 -0.948350 -0.316552
v 0.075846 1.622148 0.121699
vt 0.074906 0.443842
vn -0.028365 -0.986910 -0.158757
v -0.003330 1.611998 0.152622
vt 0.027922 0.443842
vn -0.001845 -0.936156 -0.351579
v -0.094266 1.744434 -0.014747
vt 0.029451 0.454857
vn 0.836517 -0.101811 0.538400
v -0.096487 1.744780 -0.018880
vt 0.029451 0.460740
vn -0.039220 0.050603 -0.997948
v -0.099882 1.704461 -0.020652
vt 0.050366 0.460740
vn -0.056251 -0.267378 -0.961948
v -0.097587 1.706131 -0.016953
vt 0.050366 0.454857
vn 0.859002 0.088391 0.504285
v -0.097847 1.684328 -0.002819
vt 0.064510 0.454857
vn 0.856911 0.409206 0.313456
v -0.100109 1.680806 -0.004662
vt 0.064510 0.460740
vn -0.086191 -0.711186 -0.697700
v -0.086664 1.639830 0.057978
vt 0.098504 0.460740
vn -0.104062 -0.834781 -0.540658
v -0.084106 1.643578 0.059406
vt 0.098504 0.454857
vn 0.843989 0.484001 0.231139
v -0.096433 1.744546 -0.015086
vt 0.029451 0.452458
vn -0.551218 0.002890 0.834356
v -0.099738 1.705612 -0.017016
vt 0.050366 0.452458
vn -0.559724 0.244414 0.791815
v -0.100703 1.705082 -0.018810
vt 0.050366 0.446946
vn -0.997400 0.060367 0.039367
v -0.097391 1.744694 -0.016844
vt 0.029451 0.446946
vn -0.996184 0.081556 0.031079
v -0.100901 1.682269 -0.003439
vt 0.064510 0.446946
vn -0.991745 0.014374 0.127418
v -0.099860 1.683893 -0.002589
vt 0.064510 0.452458
vn -0.531347 0.568441 0.628129
v -0.087321 1.641557 0.059048
vt 0.098504 0.446946
vn -0.990633 0.041511 0.130090
v -0.086179 1.643070 0.059799
vt 0.098504 0.452458
vn -0.525555 0.684066 0.505811
v -0.096487 1.744780 -0.018880
vt 0.029451 0.443754
vn -0.039220 0.050603 -0.997948
v -0.099882 1.704461 -0.020652
vt 0.050366 0.443754
vn -0.056251 -0.267378 -0.961948
v -0.100109 1.680806 -0.004662
vt 0.064510 0.443754
vn -0.086191 -0.711186 -0.697700
v -0.086664 1.639830 0.057978
vt 0.098504 0.443754
vn -0.104062 -0.834781 -0.540658
v -0.084361 1.629432 0.080691
vt 0.113004 0.454857
vn 0.838241 0.505691 0.204031
v -0.086733 1.625363 0.079639
vt 0.113004 0.460740
vn -0.088780 -0.885143 -0.456771
v -0.086290 1.624166 0.082645
vt 0.114605 0.460740
vn -0.004803 -0.977435 -0.211183
v -0.083956 1.628239 0.083710
vt 0.114605 0.454857
vn 0.791018 0.610393 -0.041368
v -0.086477 1.628981 0.080934
vt 0.113004 0.452458
vn -0.548990 0.723919 0.417794
v -0.086069 1.627790 0.083952
vt 0.114605 0.452458
vn -0.577344 0.768548 0.275694
v -0.087503 1.627154 0.080467
vt 0.113004 0.446946
vn -0.993706 0.052839 0.098772
v -0.087084 1.625974 0.083483
vt 0.114605 0.446946
vn -0.980749 -0.012100 0.194896
v -0.086733 1.625363 0.079639
vt 0.113004 0.443754
vn -0.088780 -0.885143 -0.456771
v -0.086290 1.624166 0.082645
vt 0.114605 0.443754
vn -0.004803 -0.977435 -0.211183
v -0.074210 1.626625 0.122360
vt 0.136123 0.454857
vn 0.628504 0.720774 -0.292349
v -0.075846 1.622148 0.121699
vt 0.136123 0.460740
vn 0.028504 -0.986912 -0.158724
v -0.040688 1.614224 0.148944
vt 0.159870 0.460740
vn -0.022605 -0.948585 -0.315714
v -0.039173 1.618829 0.148899
vt 0.159870 0.454857
vn 0.298416 0.822175 -0.484744
v -0.003474 1.616277 0.152360
vt 0.179458 0.454857
vn 0.008603 0.835976 -0.548699
v -0.003330 1.611998 0.152622
vt 0.179458 0.460740
vn -0.001845 -0.936156 -0.351579
v -0.040317 1.618046 0.150113
vt 0.159870 0.452458
vn -0.209994 0.628221 0.749161
v -0.076146 1.626311 0.122762
vt 0.136123 0.452458
vn -0.494454 0.747088 0.444269
v -0.041055 1.616140 0.150284
vt 0.159870 0.446946
vn -0.388556 -0.236565 0.890540
v -0.003196 1.613363 0.154358
vt 0.180047 0.446946
vn -0.008439 -0.303432 0.952816
v -0.003026 1.615702 0.153979
vt 0.180047 0.452458
vn -0.002777 0.591148 0.806558
v -0.077114 1.624504 0.122571
vt 0.136123 0.446946
vn -0.836445 -0.104093 0.538075
v -0.040688 1.614224 0.148944
vt 0.159870 0.443754
vn -0.022605 -0.948585 -0.315714
v -0.075846 1.622148 0.121699
vt 0.136123 0.443754
vn 0.028504 -0.986912 -0.158724
v -0.003330 1.611998 0.152622
vt 0.180047 0.443754
vn -0.001845 -0.936156 -0.351579
v 0.000000 1.749376 0.135716
vt 0.510509 0.961677
vn -0.000000 0.994268 0.106913
v 0.000000 1.753058 0.107415
vt 0.510316 0.974724
vn -0.000000 0.699106 0.715018
v 0.032477 1.751607 0.101240
vt 0.532588 0.979056
vn 0.246990 0.700871 0.669161
v 0.039669 1.748497 0.127395
vt 0.535110 0.966856
vn 0.093252 0.990780 0.098278
v 0.074697 1.748369 0.083354
vt 0.561525 0.994635
vn 0.744159 0.422925 0.517070
v 0.073126 1.745581 0.109535
vt 0.556059 0.978707
vn 0.673781 0.707619 0.212824
v 0.064545 1.744562 0.131339
vt 0.549379 0.966222
vn 0.721914 0.493835 0.484734
v 0.047193 1.745797 0.149467
vt 0.538496 0.956292
vn 0.437260 0.649294 0.622270
v 0.025417 1.746332 0.158446
vt 0.525662 0.951106
vn 0.218650 0.605366 0.765326
v 0.000000 1.746324 0.162705
vt 0.510709 0.948657
vn -0.000000 0.590407 0.807105
v 0.064685 1.739476 0.132150
vt 0.551299 0.964645
vn 0.600397 -0.664364 0.445134
v 0.047063 1.741221 0.149077
vt 0.539951 0.954600
vn 0.336653 -0.753765 0.564362
v 0.026086 1.741426 0.157286
vt 0.526996 0.948942
vn 0.143810 -0.813379 0.563678
v 0.000000 1.741847 0.161757
vt 0.510744 0.946393
vn -0.000000 -0.828958 0.559311
v 0.072015 1.739412 0.116318
vt 0.556937 0.973902
vn 0.765478 -0.620900 0.168898
v 0.076390 1.743517 0.082535
vt 0.565090 0.995302
vn 0.765511 -0.625203 0.152035
v -0.039668 1.748497 0.127395
vt 0.485761 0.966132
vn -0.093252 0.990780 0.098278
v -0.047193 1.745797 0.149467
vt 0.482699 0.955472
vn -0.437260 0.649294 0.622270
v -0.064545 1.744562 0.131339
vt 0.471522 0.965093
vn -0.721914 0.493835 0.484734
v -0.073125 1.745581 0.109535
vt 0.464482 0.977413
vn -0.673781 0.707619 0.212824
v -0.074697 1.748369 0.083354
vt 0.458570 0.993222
vn -0.744159 0.422925 0.517070
v -0.032477 1.751607 0.101240
vt 0.487923 0.978412
vn -0.246990 0.700871 0.669160
v -0.025417 1.746332 0.158446
vt 0.495685 0.950661
vn -0.218651 0.605366 0.765326
v -0.064685 1.739476 0.132150
vt 0.469652 0.963461
vn -0.600397 -0.664364 0.445134
v -0.047063 1.741221 0.149077
vt 0.481296 0.953737
vn -0.336653 -0.753765 0.564361
v -0.026086 1.741426 0.157286
vt 0.494419 0.948459
vn -0.143810 -0.813379 0.563678
v -0.072015 1.739412 0.116318
vt 0.463743 0.972569
vn -0.765478 -0.620900 0.168898
v -0.076390 1.743517 0.082535
vt 0.454987 0.993796
vn -0.765511 -0.625203 0.152035
v 0.025019 1.810960 0.092008
vt 0.105436 0.121080
vn 0.255250 0.415719 0.872941
v 0.023815 1.843621 0.069196
vt 0.104425 0.070825
vn 0.242162 0.714452 0.656442
v 0.061326 1.839308 0.043750
vt 0.046387 0.063298
vn 0.630385 0.663318 0.403267
v 0.075441 1.805066 0.058924
vt 0.030275 0.112196
vn 0.786819 0.350496 0.508005
v 0.075019 1.765440 0.080732
vt 0.036167 0.169862
vn 0.754417 0.175229 0.632574
v 0.025933 1.772836 0.100506
vt 0.103203 0.169936
vn 0.330033 0.192076 0.924221
v 0.032477 1.751607 0.101240
vt 0.093190 0.196050
vn 0.246990 0.700871 0.669161
v 0.074697 1.748369 0.083354
vt 0.034146 0.191350
vn 0.744159 0.422925 0.517070
v -0.023815 1.843621 0.069196
vt 0.167309 0.070878
vn -0.242162 0.714452 0.656442
v -0.025019 1.810960 0.092008
vt 0.166904 0.120465
vn -0.255250 0.415719 0.872941
v 0.000000 1.753058 0.107415
vt 0.136871 0.196711
vn -0.000000 0.699106 0.715018
v 0.000000 1.776952 0.105947
vt 0.136579 0.166536
vn -0.000000 0.198478 0.980105
v -0.025933 1.772836 0.100506
vt 0.170011 0.169335
vn -0.330033 0.192076 0.924221
v 0.079990 1.745179 0.075278
vt 0.021053 0.191996
vn 0.726028 -0.635714 0.262202
v 0.076390 1.743517 0.082535
vt 0.030570 0.196858
vn 0.765511 -0.625203 0.152035
v 0.084708 1.763703 0.059249
vt 0.007519 0.162754
vn 0.947891 0.086920 0.306509
v 0.083558 1.743838 0.061339
vt 0.003101 0.188080
vn 0.672815 -0.702617 0.231623
v -0.061326 1.839308 0.043750
vt 0.225103 0.062122
vn -0.630385 0.663318 0.403267
v -0.075441 1.805066 0.058924
vt 0.241977 0.110555
vn -0.786819 0.350496 0.508005
v -0.075019 1.765440 0.080732
vt 0.237054 0.168187
vn -0.754417 0.175229 0.632574
v -0.074697 1.748369 0.083354
vt 0.239480 0.189622
vn -0.744159 0.422925 0.517070
v -0.032477 1.751607 0.101240
vt 0.180525 0.195280
vn -0.246990 0.700871 0.669160
v -0.079990 1.745179 0.075278
vt 0.252586 0.190030
vn -0.726029 -0.635714 0.262202
v -0.076390 1.743517 0.082535
vt 0.243160 0.195064
vn -0.765511 -0.625203 0.152035
v -0.084708 1.763703 0.059249
vt 0.265577 0.160557
vn -0.947891 0.086920 0.306509
v -0.083558 1.743838 0.061338
vt 0.270465 0.185782
vn -0.672815 -0.702617 0.231623
v 0.095999 1.758087 0.013513
vt 0.505723 0.794118
vn 0.994025 0.023447 0.106602
v 0.092821 1.738709 0.014410
vt 0.506534 0.788969
vn 0.628628 -0.763115 0.149938
v 0.083558 1.743838 0.061339
vt 0.486812 0.793540
vn 0.672815 -0.702617 0.231623
v 0.084708 1.763703 0.059249
vt 0.488185 0.798653
vn 0.947891 0.086920 0.306509
v 0.093257 1.733745 -0.032356
vt 0.525335 0.791949
vn 0.631413 -0.775256 -0.017213
v 0.095628 1.753235 -0.032932
vt 0.522580 0.796175
vn 0.985966 0.008677 -0.166718
v 0.086466 1.752428 -0.061703
vt 0.531885 0.801319
vn 0.886713 0.041048 -0.460495
v 0.084003 1.731061 -0.063302
vt 0.536401 0.798154
vn 0.595037 -0.762003 -0.255503
v 0.085202 1.796595 -0.047108
vt 0.521879 0.806975
vn 0.906185 0.261346 -0.332455
v 0.063829 1.729543 -0.088330
vt 0.545054 0.807069
vn 0.456798 -0.742493 -0.489938
v 0.064765 1.753472 -0.087974
vt 0.539906 0.809909
vn 0.656155 0.061856 -0.752087
v 0.058966 1.796668 -0.086729
vt 0.532408 0.815918
vn 0.633394 0.297404 -0.714397
v 0.047731 1.833875 -0.071556
vt 0.524255 0.820799
vn 0.521188 0.611169 -0.595681
v 0.068882 1.834599 -0.041754
vt 0.517061 0.815443
vn 0.743919 0.599247 -0.295781
v 0.050419 1.853737 -0.031120
vt 0.513429 0.820759
vn 0.489027 0.850701 -0.192771
v 0.053073 1.852952 -0.003590
vt 0.507439 0.819420
vn 0.517877 0.855448 -0.003592
v 0.074929 1.836527 0.003023
vt 0.505990 0.812952
vn 0.785951 0.617223 0.036278
v 0.042858 1.857159 0.031152
vt 0.502036 0.820627
vn 0.422718 0.879418 0.218937
v 0.061326 1.839308 0.043750
vt 0.497206 0.816374
vn 0.630385 0.663318 0.403267
v 0.035716 1.855182 -0.049325
vt 0.517506 0.824257
vn 0.350198 0.850692 -0.392026
v 0.027662 1.832707 -0.082012
vt 0.526918 0.825629
vn 0.183703 0.611798 -0.769387
v 0.019341 1.854191 -0.060506
vt 0.520085 0.827943
vn 0.125339 0.846537 -0.517363
v -0.027662 1.832707 -0.082012
vt 0.527165 0.838994
vn -0.183703 0.611798 -0.769387
v -0.019340 1.854191 -0.060506
vt 0.520297 0.836671
vn -0.125361 0.846516 -0.517392
v 0.032963 1.796497 -0.100616
vt 0.536140 0.823361
vn 0.222763 0.290049 -0.930725
v -0.032963 1.796497 -0.100616
vt 0.535995 0.841261
vn -0.222763 0.290049 -0.930725
v 0.035058 1.755138 -0.105221
vt 0.545176 0.820428
vn 0.344758 0.054728 -0.937095
v 0.000000 1.756031 -0.111646
vt 0.546826 0.832311
vn -0.000000 0.099292 -0.995058
v 0.035900 1.728939 -0.104794
vt 0.551283 0.818108
vn 0.243666 -0.736488 -0.631041
v 0.000000 1.728911 -0.111604
vt 0.553851 0.832313
vn -0.000000 -0.737127 -0.675754
v 0.016386 1.866021 -0.030990
vt 0.512827 0.828695
vn 0.183146 0.955513 -0.231198
v 0.016654 1.869664 -0.005987
vt 0.508046 0.828573
vn 0.199573 0.979446 -0.029273
v -0.016411 1.866021 -0.030990
vt 0.512949 0.835954
vn -0.183210 0.955503 -0.231189
v -0.016629 1.869664 -0.005987
vt 0.508164 0.836080
vn -0.199575 0.979446 -0.029251
v 0.016456 1.868378 0.011543
vt 0.505666 0.828535
vn 0.161375 0.974518 0.155794
v -0.016468 1.868378 0.011543
vt 0.505843 0.836148
vn -0.161392 0.974524 0.155742
v 0.027910 1.730357 -0.083594
vt 0.556691 0.816137
vn -0.012631 -0.997819 0.064792
v -0.000000 1.730350 -0.088942
vt 0.560144 0.832317
vn -0.000000 -0.998019 0.062920
v 0.049357 1.731012 -0.070986
vt 0.549630 0.803563
vn -0.016327 -0.996739 0.079019
v 0.064752 1.732856 -0.052036
vt 0.539703 0.793640
vn -0.033920 -0.994043 0.103579
v 0.071786 1.735755 -0.028238
vt 0.527363 0.786677
vn -0.063012 -0.991797 0.111214
v 0.071306 1.740036 0.010260
vt 0.508229 0.783362
vn -0.067117 -0.992999 0.097199
v 0.063310 1.743564 0.050210
vt 0.488922 0.786069
vn 0.014102 -0.998760 0.047749
v 0.058478 1.741739 0.067782
vt 0.481455 0.788443
vn 0.063950 -0.996037 -0.061811
v 0.079990 1.745179 0.075278
vt 0.480907 0.796805
vn 0.726028 -0.635714 0.262202
v 0.076390 1.743517 0.082535
vt 0.477467 0.798392
vn 0.765511 -0.625203 0.152035
v -0.053073 1.852952 -0.003590
vt 0.507873 0.845236
vn -0.517876 0.855448 -0.003570
v -0.050419 1.853737 -0.031120
vt 0.513560 0.843875
vn -0.489081 0.850681 -0.192723
v -0.068882 1.834599 -0.041754
vt 0.517154 0.849186
vn -0.743920 0.599247 -0.295781
v -0.074929 1.836527 0.003023
vt 0.506533 0.851700
vn -0.785951 0.617223 0.036278
v -0.042858 1.857159 0.031152
vt 0.502435 0.843999
vn -0.422738 0.879421 0.218885
v -0.061326 1.839308 0.043750
vt 0.498129 0.848291
vn -0.630385 0.663318 0.403267
v -0.047731 1.833875 -0.071556
vt 0.524388 0.843816
vn -0.521187 0.611169 -0.595681
v -0.085202 1.796595 -0.047108
vt 0.521885 0.857663
vn -0.906185 0.261346 -0.332455
v -0.058966 1.796668 -0.086729
vt 0.532371 0.848721
vn -0.633394 0.297404 -0.714397
v -0.064765 1.753472 -0.087974
vt 0.539876 0.854723
vn -0.656155 0.061856 -0.752086
v -0.086466 1.752428 -0.061703
vt 0.531867 0.863318
vn -0.886713 0.041048 -0.460494
v -0.095628 1.753235 -0.032932
vt 0.522569 0.868467
vn -0.985966 0.008677 -0.166718
v -0.093257 1.733745 -0.032356
vt 0.525324 0.872690
vn -0.631413 -0.775256 -0.017213
v -0.095999 1.758087 0.013513
vt 0.505714 0.870535
vn -0.994025 0.023447 0.106602
v -0.092821 1.738709 0.014410
vt 0.506525 0.875685
vn -0.628628 -0.763115 0.149938
v -0.083558 1.743838 0.061338
vt 0.486783 0.871125
vn -0.672815 -0.702617 0.231623
v -0.084708 1.763703 0.059249
vt 0.488158 0.866012
vn -0.947891 0.086920 0.306509
v -0.084003 1.731061 -0.063302
vt 0.536382 0.866479
vn -0.595037 -0.762003 -0.255503
v -0.063829 1.729543 -0.088330
vt 0.545027 0.857560
vn -0.456799 -0.742493 -0.489938
v -0.035716 1.855182 -0.049325
vt 0.517668 0.840362
vn -0.350267 0.850631 -0.392096
v -0.035058 1.755138 -0.105221
vt 0.545135 0.844195
vn -0.344758 0.054728 -0.937095
v -0.035900 1.728939 -0.104794
vt 0.551257 0.846517
vn -0.243666 -0.736488 -0.631041
v -0.063310 1.743564 0.050210
vt 0.488902 0.878597
vn -0.014102 -0.998760 0.047749
v -0.058478 1.741739 0.067782
vt 0.481425 0.876224
vn -0.063950 -0.996037 -0.061811
v -0.079990 1.745179 0.075278
vt 0.480866 0.867860
vn -0.726029 -0.635714 0.262202
v -0.076390 1.743517 0.082535
vt 0.477419 0.866271
vn -0.765511 -0.625203 0.152035
v -0.027910 1.730357 -0.083594
vt 0.556668 0.848495
vn 0.012631 -0.997819 0.064792
v -0.049357 1.731012 -0.070986
vt 0.549604 0.861067
vn 0.016327 -0.996739 0.079019
v -0.064752 1.732856 -0.052036
vt 0.539688 0.870989
vn 0.033920 -0.994043 0.103579
v -0.071786 1.735755 -0.028238
vt 0.527361 0.877958
vn 0.063013 -0.991797 0.111214
v -0.071306 1.740036 0.010260
vt 0.508231 0.881289
vn 0.067117 -0.992999 0.097199
v 0.091824 1.799329 0.009025
vt 0.318486 0.106185
vn 0.951142 0.299799 0.073817
v 0.095999 1.758087 0.013513
vt 0.317584 0.060067
vn 0.994025 0.023447 0.106602
v 0.084708 1.763703 0.059249
vt 0.370876 0.062195
vn 0.947891 0.086920 0.306509
v 0.075441 1.805066 0.058924
vt 0.376776 0.109454
vn 0.786819 0.350496 0.508005
v 0.074929 1.836527 0.003023
vt 0.318658 0.152024
vn 0.785951 0.617223 0.036278
v 0.061326 1.839308 0.043750
vt 0.366919 0.153268
vn 0.630385 0.663318 0.403267
v 0.095628 1.753235 -0.032932
vt 0.265189 0.062431
vn 0.985966 0.008677 -0.166718
v 0.085202 1.796595 -0.047108
vt 0.256357 0.114264
vn 0.906185 0.261346 -0.332455
v 0.068882 1.834599 -0.041754
vt 0.268609 0.159268
vn 0.743919 0.599247 -0.295781
v 0.023815 1.843621 0.069196
vt 0.228746 0.994317
vn 0.242162 0.714452 0.656442
v -0.023815 1.843621 0.069196
vt 0.288359 0.992815
vn -0.242162 0.714452 0.656442
v -0.023914 1.858917 0.043488
vt 0.286999 0.955749
vn -0.163919 0.908365 0.384712
v 0.023914 1.858917 0.043488
vt 0.228177 0.957355
vn 0.163908 0.908375 0.384694
v 0.042858 1.857159 0.031152
vt 0.203227 0.944724
vn 0.422718 0.879418 0.218937
v 0.061326 1.839308 0.043750
vt 0.177529 0.969396
vn 0.630385 0.663318 0.403267
v -0.016468 1.868378 0.011543
vt 0.277062 0.914806
vn -0.161392 0.974524 0.155742
v 0.016456 1.868378 0.011543
vt 0.235941 0.915809
vn 0.161375 0.974518 0.155794
v -0.042858 1.857159 0.031152
vt 0.311286 0.941887
vn -0.422738 0.879421 0.218885
v -0.061326 1.839308 0.043750
vt 0.338185 0.965229
vn -0.630385 0.663318 0.403267
v 0.058901 1.738514 0.120309
vt 0.488598 0.836022
vn -0.030683 -0.999445 -0.013005
v 0.036116 1.742634 0.142795
vt 0.491191 0.838723
vn -0.081305 -0.994510 -0.065881
v 0.047063 1.741221 0.149077
vt 0.491934 0.837447
vn 0.336653 -0.753765 0.564362
v 0.064685 1.739476 0.132150
vt 0.489985 0.835369
vn 0.600397 -0.664364 0.445134
v 0.026086 1.741426 0.157286
vt 0.492882 0.839891
vn 0.143810 -0.813379 0.563678
v -0.000000 1.744210 0.150645
vt 0.492078 0.842929
vn -0.000000 -0.995072 -0.099152
v 0.000000 1.741847 0.161757
vt 0.493397 0.842929
vn -0.000000 -0.828958 0.559311
v 0.072015 1.739412 0.116318
vt 0.488149 0.834495
vn 0.765478 -0.620900 0.168898
v 0.076390 1.743517 0.082535
vt 0.484201 0.833951
vn 0.765511 -0.625203 0.152035
v 0.058478 1.741739 0.067782
vt 0.482491 0.836053
vn 0.063950 -0.996037 -0.061811
v -0.000000 1.747487 0.122495
vt 0.488791 0.842929
vn -0.000000 -0.999100 -0.042413
v -0.000000 1.749588 0.069694
vt 0.482644 0.842929
vn -0.000000 -0.998753 -0.049923
v -0.026086 1.741426 0.157286
vt 0.492882 0.845967
vn -0.143810 -0.813379 0.563678
v -0.036116 1.742634 0.142795
vt 0.491191 0.847134
vn 0.081305 -0.994510 -0.065881
v -0.047063 1.741221 0.149077
vt 0.491933 0.848410
vn -0.336653 -0.753765 0.564361
v -0.058901 1.738514 0.120309
vt 0.488598 0.849836
vn 0.030683 -0.999445 -0.013005
v -0.064685 1.739476 0.132150
vt 0.489985 0.850488
vn -0.600397 -0.664364 0.445134
v -0.072015 1.739412 0.116318
vt 0.488149 0.851362
vn -0.765478 -0.620900 0.168898
v -0.058478 1.741739 0.067782
vt 0.482491 0.849804
vn -0.063950 -0.996037 -0.061811
v -0.076390 1.743517 0.082535
vt 0.484201 0.851906
vn -0.765511 -0.625203 0.152035
v -0.091824 1.799329 0.009025
vt 0.318486 0.106185
vn -0.951142 0.299799 0.073817
v -0.075441 1.805066 0.058924
vt 0.376776 0.109454
vn -0.786819 0.350496 0.508005
v -0.084708 1.763703 0.059249
vt 0.370876 0.062195
vn -0.947891 0.086920 0.306509
v -0.095999 1.758087 0.013513
vt 0.317584 0.060067
vn -0.994025 0.023447 0.106602
v -0.074929 1.836527 0.003023
vt 0.318658 0.152024
vn -0.785951 0.617223 0.036278
v -0.061326 1.839308 0.043750
vt 0.366919 0.153268
vn -0.630385 0.663318 0.403267
v -0.095628 1.753235 -0.032932
vt 0.265189 0.062431
vn -0.985966 0.008677 -0.166718
v -0.085202 1.796595 -0.047108
vt 0.256357 0.114264
vn -0.906185 0.261346 -0.332455
v -0.068882 1.834599 -0.041754
vt 0.268609 0.159268
vn -0.743920 0.599247 -0.295781
# Faces (1 to 906)
g Helmet_0
f -904/-904/-904 -905/-905/-905 -906/-906/-906
f -903/-903/-903 -904/-904/-904 -906/-906/-906
f -906/-906/-906 -905/-905/-905 -902/-902/-902
f -905/-905/-905 -901/-901/-901 -902/-902/-902
f -901/-901/-901 -900/-900/-900 -902/-902/-902
f -900/-900/-900 -899/-899/-899 -902/-902/-902
f -906/-906/-906 -902/-902/-902 -898/-898/-898
f -903/-903/-903 -906/-906/-906 -898/-898/-898
f -902/-902/-902 -897/-897/-897 -898/-898/-898
f -897/-897/-897 -902/-902/-902 -899/-899/-899
f -898/-898/-898 -897/-897/-897 -896/-896/-896
f -896/-896/-896 -895/-895/-895 -898/-898/-898
f -895/-895/-895 -894/-894/-894 -898/-898/-898
f -894/-894/-894 -903/-903/-903 -898/-898/-898
f -897/-897/-897 -893/-893/-893 -896/-896/-896
f -897/-897/-897 -892/-892/-892 -893/-893/-893
f -892/-892/-892 -897/-897/-897 -899/-899/-899
f -892/-892/-892 -899/-899/-899 -891/-891/-891
f -890/-890/-890 -892/-892/-892 -891/-891/-891
f -892/-892/-892 -889/-889/-889 -893/-893/-893
f -896/-896/-896 -893/-893/-893 -888/-888/-888
f -893/-893/-893 -887/-887/-887 -888/-888/-888
f -896/-896/-896 -888/-888/-888 -886/-886/-886
f -895/-895/-895 -896/-896/-896 -886/-886/-886
f -885/-885/-885 -887/-887/-887 -893/-893/-893
f -889/-889/-889 -885/-885/-885 -893/-893/-893
f -882/-882/-882 -883/-883/-883 -884/-884/-884
f -881/-881/-881 -882/-882/-882 -884/-884/-884
f -878/-878/-878 -879/-879/-879 -880/-880/-880
f -877/-877/-877 -878/-878/-878 -880/-880/-880
f -876/-876/-876 -879/-879/-879 -878/-878/-878
f -875/-875/-875 -876/-876/-876 -878/-878/-878
f -877/-877/-877 -874/-874/-874 -878/-878/-878
f -874/-874/-874 -873/-873/-873 -878/-878/-878
f -873/-873/-873 -874/-874/-874 -872/-872/-872
f -874/-874/-874 -871/-871/-871 -872/-872/-872
f -870/-870/-870 -872/-872/-872 -871/-871/-871
f -869/-869/-869 -870/-870/-870 -871/-871/-871
f -870/-870/-870 -868/-868/-868 -872/-872/-872
f -868/-868/-868 -867/-867/-867 -872/-872/-872
f -872/-872/-872 -867/-867/-867 -866/-866/-866
f -873/-873/-873 -872/-872/-872 -866/-866/-866
f -878/-878/-878 -873/-873/-873 -866/-866/-866
f -875/-875/-875 -878/-878/-878 -866/-866/-866
f -870/-870/-870 -865/-865/-865 -868/-868/-868
f -865/-865/-865 -864/-864/-864 -868/-868/-868
f -870/-870/-870 -869/-869/-869 -863/-863/-863
f -865/-865/-865 -870/-870/-870 -863/-863/-863
f -869/-869/-869 -871/-871/-871 -862/-862/-862
f -861/-861/-861 -869/-869/-869 -862/-862/-862
f -863/-863/-863 -869/-869/-869 -861/-861/-861
f -861/-861/-861 -862/-862/-862 -860/-860/-860
f -861/-861/-861 -860/-860/-860 -859/-859/-859
f -858/-858/-858 -861/-861/-861 -859/-859/-859
f -858/-858/-858 -863/-863/-863 -861/-861/-861
f -862/-862/-862 -857/-857/-857 -860/-860/-860
f -862/-862/-862 -856/-856/-856 -857/-857/-857
f -862/-862/-862 -871/-871/-871 -856/-856/-856
f -856/-856/-856 -855/-855/-855 -857/-857/-857
f -855/-855/-855 -856/-856/-856 -854/-854/-854
f -853/-853/-853 -855/-855/-855 -854/-854/-854
f -853/-853/-853 -854/-854/-854 -852/-852/-852
f -851/-851/-851 -853/-853/-853 -852/-852/-852
f -880/-880/-880 -852/-852/-852 -854/-854/-854
f -877/-877/-877 -880/-880/-880 -854/-854/-854
f -877/-877/-877 -854/-854/-854 -856/-856/-856
f -853/-853/-853 -851/-851/-851 -850/-850/-850
f -853/-853/-853 -850/-850/-850 -855/-855/-855
f -851/-851/-851 -849/-849/-849 -850/-850/-850
f -850/-850/-850 -849/-849/-849 -848/-848/-848
f -849/-849/-849 -847/-847/-847 -848/-848/-848
f -848/-848/-848 -847/-847/-847 -846/-846/-846
f -846/-846/-846 -845/-845/-845 -848/-848/-848
f -846/-846/-846 -844/-844/-844 -845/-845/-845
f -844/-844/-844 -843/-843/-843 -845/-845/-845
f -843/-843/-843 -844/-844/-844 -842/-842/-842
f -844/-844/-844 -841/-841/-841 -842/-842/-842
f -843/-843/-843 -840/-840/-840 -845/-845/-845
f -848/-848/-848 -845/-845/-845 -840/-840/-840
f -850/-850/-850 -848/-848/-848 -840/-840/-840
f -841/-841/-841 -839/-839/-839 -842/-842/-842
f -839/-839/-839 -838/-838/-838 -842/-842/-842
f -843/-843/-843 -842/-842/-842 -860/-860/-860
f -857/-857/-857 -843/-843/-843 -860/-860/-860
f -840/-840/-840 -843/-843/-843 -857/-857/-857
f -855/-855/-855 -840/-840/-840 -857/-857/-857
f -850/-850/-850 -840/-840/-840 -855/-855/-855
f -842/-842/-842 -838/-838/-838 -859/-859/-859
f -860/-860/-860 -842/-842/-842 -859/-859/-859
f -835/-835/-835 -836/-836/-836 -837/-837/-837
f -834/-834/-834 -835/-835/-835 -837/-837/-837
f -835/-835/-835 -834/-834/-834 -833/-833/-833
f -832/-832/-832 -835/-835/-835 -833/-833/-833
f -832/-832/-832 -831/-831/-831 -835/-835/-835
f -831/-831/-831 -830/-830/-830 -835/-835/-835
f -835/-835/-835 -830/-830/-830 -836/-836/-836
f -829/-829/-829 -830/-830/-830 -831/-831/-831
f -828/-828/-828 -830/-830/-830 -829/-829/-829
f -830/-830/-830 -828/-828/-828 -836/-836/-836
f -827/-827/-827 -828/-828/-828 -829/-829/-829
f -827/-827/-827 -829/-829/-829 -826/-826/-826
f -829/-829/-829 -825/-825/-825 -826/-826/-826
f -825/-825/-825 -829/-829/-829 -824/-824/-824
f -824/-824/-824 -829/-829/-829 -831/-831/-831
f -823/-823/-823 -825/-825/-825 -824/-824/-824
f -826/-826/-826 -825/-825/-825 -822/-822/-822
f -825/-825/-825 -821/-821/-821 -822/-822/-822
f -821/-821/-821 -825/-825/-825 -823/-823/-823
f -820/-820/-820 -821/-821/-821 -823/-823/-823
f -826/-826/-826 -819/-819/-819 -827/-827/-827
f -826/-826/-826 -822/-822/-822 -819/-819/-819
f -819/-819/-819 -818/-818/-818 -827/-827/-827
f -818/-818/-818 -819/-819/-819 -817/-817/-817
f -818/-818/-818 -817/-817/-817 -816/-816/-816
f -815/-815/-815 -818/-818/-818 -816/-816/-816
f -827/-827/-827 -818/-818/-818 -815/-815/-815
f -828/-828/-828 -827/-827/-827 -815/-815/-815
f -816/-816/-816 -814/-814/-814 -815/-815/-815
f -814/-814/-814 -813/-813/-813 -815/-815/-815
f -814/-814/-814 -812/-812/-812 -813/-813/-813
f -812/-812/-812 -811/-811/-811 -813/-813/-813
f -819/-819/-819 -810/-810/-810 -817/-817/-817
f -819/-819/-819 -809/-809/-809 -810/-810/-810
f -822/-822/-822 -809/-809/-809 -819/-819/-819
f -809/-809/-809 -808/-808/-808 -810/-810/-810
f -813/-813/-813 -811/-811/-811 -836/-836/-836
f -813/-813/-813 -836/-836/-836 -815/-815/-815
f -811/-811/-811 -837/-837/-837 -836/-836/-836
f -807/-807/-807 -812/-812/-812 -814/-814/-814
f -806/-806/-806 -807/-807/-807 -814/-814/-814
f -806/-806/-806 -814/-814/-814 -816/-816/-816
f -805/-805/-805 -807/-807/-807 -806/-806/-806
f -804/-804/-804 -805/-805/-805 -806/-806/-806
f -803/-803/-803 -805/-805/-805 -804/-804/-804
f -804/-804/-804 -802/-802/-802 -803/-803/-803
f -802/-802/-802 -801/-801/-801 -803/-803/-803
f -800/-800/-800 -801/-801/-801 -802/-802/-802
f -799/-799/-799 -801/-801/-801 -800/-800/-800
f -798/-798/-798 -799/-799/-799 -800/-800/-800
f -798/-798/-798 -810/-810/-810 -808/-808/-808
f -797/-797/-797 -800/-800/-800 -802/-802/-802
f -804/-804/-804 -806/-806/-806 -797/-797/-797
f -802/-802/-802 -804/-804/-804 -797/-797/-797
f -796/-796/-796 -799/-799/-799 -798/-798/-798
f -795/-795/-795 -796/-796/-796 -798/-798/-798
f -795/-795/-795 -798/-798/-798 -808/-808/-808
f -798/-798/-798 -800/-800/-800 -817/-817/-817
f -800/-800/-800 -797/-797/-797 -817/-817/-817
f -810/-810/-810 -798/-798/-798 -817/-817/-817
f -797/-797/-797 -816/-816/-816 -817/-817/-817
f -797/-797/-797 -806/-806/-806 -816/-816/-816
f -871/-871/-871 -874/-874/-874 -856/-856/-856
f -874/-874/-874 -877/-877/-877 -856/-856/-856
f -836/-836/-836 -828/-828/-828 -815/-815/-815
f -792/-792/-792 -793/-793/-793 -794/-794/-794
f -791/-791/-791 -792/-792/-792 -794/-794/-794
f -793/-793/-793 -790/-790/-790 -794/-794/-794
f -790/-790/-790 -789/-789/-789 -794/-794/-794
f -791/-791/-791 -788/-788/-788 -792/-792/-792
f -788/-788/-788 -787/-787/-787 -792/-792/-792
f -793/-793/-793 -792/-792/-792 -787/-787/-787
f -793/-793/-793 -786/-786/-786 -790/-790/-790
f -786/-786/-786 -793/-793/-793 -787/-787/-787
f -786/-786/-786 -787/-787/-787 -785/-785/-785
f -787/-787/-787 -784/-784/-784 -785/-785/-785
f -785/-785/-785 -783/-783/-783 -786/-786/-786
f -783/-783/-783 -782/-782/-782 -786/-786/-786
f -786/-786/-786 -782/-782/-782 -790/-790/-790
f -781/-781/-781 -783/-783/-783 -785/-785/-785
f -780/-780/-780 -781/-781/-781 -785/-785/-785
f -785/-785/-785 -784/-784/-784 -779/-779/-779
f -780/-780/-780 -785/-785/-785 -779/-779/-779
f -783/-783/-783 -778/-778/-778 -782/-782/-782
f -778/-778/-778 -777/-777/-777 -782/-782/-782
f -790/-790/-790 -782/-782/-782 -777/-777/-777
f -783/-783/-783 -781/-781/-781 -776/-776/-776
f -778/-778/-778 -783/-783/-783 -776/-776/-776
f -775/-775/-775 -789/-789/-789 -790/-790/-790
f -774/-774/-774 -775/-775/-775 -790/-790/-790
f -774/-774/-774 -790/-790/-790 -777/-777/-777
f -771/-771/-771 -772/-772/-772 -773/-773/-773
f -770/-770/-770 -771/-771/-771 -773/-773/-773
f -767/-767/-767 -768/-768/-768 -769/-769/-769
f -766/-766/-766 -767/-767/-767 -769/-769/-769
f -766/-766/-766 -769/-769/-769 -765/-765/-765
f -769/-769/-769 -764/-764/-764 -765/-765/-765
f -764/-764/-764 -763/-763/-763 -765/-765/-765
f -763/-763/-763 -762/-762/-762 -765/-765/-765
f -766/-766/-766 -765/-765/-765 -761/-761/-761
f -761/-761/-761 -765/-765/-765 -762/-762/-762
f -760/-760/-760 -766/-766/-766 -761/-761/-761
f -767/-767/-767 -766/-766/-766 -760/-760/-760
f -759/-759/-759 -760/-760/-760 -761/-761/-761
f -758/-758/-758 -759/-759/-759 -761/-761/-761
f -761/-761/-761 -757/-757/-757 -758/-758/-758
f -757/-757/-757 -761/-761/-761 -762/-762/-762
f -757/-757/-757 -762/-762/-762 -756/-756/-756
f -755/-755/-755 -757/-757/-757 -756/-756/-756
f -757/-757/-757 -754/-754/-754 -758/-758/-758
f -759/-759/-759 -753/-753/-753 -760/-760/-760
f -753/-753/-753 -752/-752/-752 -760/-760/-760
f -752/-752/-752 -767/-767/-767 -760/-760/-760
f -759/-759/-759 -758/-758/-758 -751/-751/-751
f -758/-758/-758 -750/-750/-750 -751/-751/-751
f -759/-759/-759 -751/-751/-751 -749/-749/-749
f -753/-753/-753 -759/-759/-759 -749/-749/-749
f -748/-748/-748 -750/-750/-750 -758/-758/-758
f -754/-754/-754 -748/-748/-748 -758/-758/-758
f -745/-745/-745 -746/-746/-746 -747/-747/-747
f -744/-744/-744 -745/-745/-745 -747/-747/-747
f -741/-741/-741 -742/-742/-742 -743/-743/-743
f -740/-740/-740 -741/-741/-741 -743/-743/-743
f -740/-740/-740 -743/-743/-743 -739/-739/-739
f -738/-738/-738 -740/-740/-740 -739/-739/-739
f -737/-737/-737 -738/-738/-738 -739/-739/-739
f -736/-736/-736 -737/-737/-737 -739/-739/-739
f -738/-738/-738 -735/-735/-735 -740/-740/-740
f -735/-735/-735 -734/-734/-734 -740/-740/-740
f -740/-740/-740 -734/-734/-734 -741/-741/-741
f -734/-734/-734 -735/-735/-735 -733/-733/-733
f -733/-733/-733 -732/-732/-732 -734/-734/-734
f -732/-732/-732 -731/-731/-731 -734/-734/-734
f -734/-734/-734 -731/-731/-731 -741/-741/-741
f -735/-735/-735 -730/-730/-730 -733/-733/-733
f -735/-735/-735 -729/-729/-729 -730/-730/-730
f -738/-738/-738 -737/-737/-737 -729/-729/-729
f -735/-735/-735 -738/-738/-738 -729/-729/-729
f -728/-728/-728 -729/-729/-729 -737/-737/-737
f -727/-727/-727 -728/-728/-728 -737/-737/-737
f -729/-729/-729 -726/-726/-726 -730/-730/-730
f -730/-730/-730 -725/-725/-725 -733/-733/-733
f -725/-725/-725 -724/-724/-724 -733/-733/-733
f -733/-733/-733 -724/-724/-724 -723/-723/-723
f -732/-732/-732 -733/-733/-733 -723/-723/-723
f -730/-730/-730 -726/-726/-726 -722/-722/-722
f -725/-725/-725 -730/-730/-730 -722/-722/-722
f -719/-719/-719 -720/-720/-720 -721/-721/-721
f -718/-718/-718 -719/-719/-719 -721/-721/-721
f -715/-715/-715 -716/-716/-716 -717/-717/-717
f -714/-714/-714 -715/-715/-715 -717/-717/-717
f -716/-716/-716 -715/-715/-715 -713/-713/-713
f -712/-712/-712 -713/-713/-713 -715/-715/-715
f -711/-711/-711 -712/-712/-712 -715/-715/-715
f -710/-710/-710 -716/-716/-716 -713/-713/-713
f -709/-709/-709 -710/-710/-710 -713/-713/-713
f -706/-706/-706 -707/-707/-707 -708/-708/-708
f -705/-705/-705 -706/-706/-706 -708/-708/-708
f -702/-702/-702 -703/-703/-703 -704/-704/-704
f -701/-701/-701 -702/-702/-702 -704/-704/-704
f -698/-698/-698 -699/-699/-699 -700/-700/-700
f -697/-697/-697 -698/-698/-698 -700/-700/-700
f -694/-694/-694 -695/-695/-695 -696/-696/-696
f -693/-693/-693 -694/-694/-694 -696/-696/-696
f -690/-690/-690 -691/-691/-691 -692/-692/-692
f -689/-689/-689 -690/-690/-690 -692/-692/-692
f -692/-692/-692 -691/-691/-691 -688/-688/-688
f -691/-691/-691 -687/-687/-687 -688/-688/-688
f -684/-684/-684 -685/-685/-685 -686/-686/-686
f -683/-683/-683 -684/-684/-684 -686/-686/-686
f -680/-680/-680 -681/-681/-681 -682/-682/-682
f -679/-679/-679 -680/-680/-680 -682/-682/-682
f -676/-676/-676 -677/-677/-677 -678/-678/-678
f -675/-675/-675 -676/-676/-676 -678/-678/-678
f -672/-672/-672 -673/-673/-673 -674/-674/-674
f -671/-671/-671 -672/-672/-672 -674/-674/-674
f -672/-672/-672 -671/-671/-671 -670/-670/-670
f -670/-670/-670 -669/-669/-669 -672/-672/-672
f -669/-669/-669 -668/-668/-668 -672/-672/-672
f -671/-671/-671 -667/-667/-667 -670/-670/-670
f -667/-667/-667 -666/-666/-666 -670/-670/-670
f -663/-663/-663 -664/-664/-664 -665/-665/-665
f -662/-662/-662 -663/-663/-663 -665/-665/-665
f -659/-659/-659 -660/-660/-660 -661/-661/-661
f -658/-658/-658 -659/-659/-659 -661/-661/-661
f -655/-655/-655 -656/-656/-656 -657/-657/-657
f -654/-654/-654 -655/-655/-655 -657/-657/-657
f -651/-651/-651 -652/-652/-652 -653/-653/-653
f -650/-650/-650 -651/-651/-651 -653/-653/-653
f -647/-647/-647 -648/-648/-648 -649/-649/-649
f -646/-646/-646 -647/-647/-647 -649/-649/-649
f -646/-646/-646 -649/-649/-649 -645/-645/-645
f -644/-644/-644 -646/-646/-646 -645/-645/-645
f -641/-641/-641 -642/-642/-642 -643/-643/-643
f -640/-640/-640 -641/-641/-641 -643/-643/-643
f -637/-637/-637 -638/-638/-638 -639/-639/-639
f -636/-636/-636 -637/-637/-637 -639/-639/-639
f -633/-633/-633 -634/-634/-634 -635/-635/-635
f -632/-632/-632 -633/-633/-633 -635/-635/-635
f -629/-629/-629 -630/-630/-630 -631/-631/-631
f -628/-628/-628 -629/-629/-629 -631/-631/-631
f -631/-631/-631 -630/-630/-630 -627/-627/-627
f -630/-630/-630 -626/-626/-626 -627/-627/-627
f -627/-627/-627 -626/-626/-626 -625/-625/-625
f -626/-626/-626 -624/-624/-624 -625/-625/-625
f -625/-625/-625 -624/-624/-624 -623/-623/-623
f -624/-624/-624 -622/-622/-622 -623/-623/-623
f -629/-629/-629 -621/-621/-621 -630/-630/-630
f -621/-621/-621 -620/-620/-620 -630/-630/-630
f -630/-630/-630 -620/-620/-620 -626/-626/-626
f -620/-620/-620 -621/-621/-621 -619/-619/-619
f -618/-618/-618 -620/-620/-620 -619/-619/-619
f -617/-617/-617 -620/-620/-620 -618/-618/-618
f -626/-626/-626 -617/-617/-617 -624/-624/-624
f -620/-620/-620 -617/-617/-617 -626/-626/-626
f -616/-616/-616 -617/-617/-617 -618/-618/-618
f -615/-615/-615 -617/-617/-617 -616/-616/-616
f -617/-617/-617 -615/-615/-615 -624/-624/-624
f -624/-624/-624 -615/-615/-615 -622/-622/-622
f -614/-614/-614 -615/-615/-615 -616/-616/-616
f -613/-613/-613 -615/-615/-615 -614/-614/-614
f -615/-615/-615 -613/-613/-613 -622/-622/-622
f -612/-612/-612 -613/-613/-613 -614/-614/-614
f -619/-619/-619 -611/-611/-611 -618/-618/-618
f -611/-611/-611 -610/-610/-610 -618/-618/-618
f -618/-618/-618 -610/-610/-610 -616/-616/-616
f -616/-616/-616 -609/-609/-609 -614/-614/-614
f -610/-610/-610 -609/-609/-609 -616/-616/-616
f -609/-609/-609 -608/-608/-608 -614/-614/-614
f -614/-614/-614 -608/-608/-608 -612/-612/-612
f -608/-608/-608 -607/-607/-607 -612/-612/-612
f -604/-604/-604 -605/-605/-605 -606/-606/-606
f -603/-603/-603 -604/-604/-604 -606/-606/-606
f -604/-604/-604 -603/-603/-603 -602/-602/-602
f -601/-601/-601 -604/-604/-604 -602/-602/-602
f -606/-606/-606 -605/-605/-605 -600/-600/-600
f -599/-599/-599 -606/-606/-606 -600/-600/-600
f -598/-598/-598 -602/-602/-602 -603/-603/-603
f -597/-597/-597 -598/-598/-598 -603/-603/-603
f -597/-597/-597 -603/-603/-603 -606/-606/-606
f -596/-596/-596 -598/-598/-598 -597/-597/-597
f -595/-595/-595 -596/-596/-596 -597/-597/-597
f -597/-597/-597 -594/-594/-594 -595/-595/-595
f -606/-606/-606 -599/-599/-599 -594/-594/-594
f -594/-594/-594 -597/-597/-597 -606/-606/-606
f -594/-594/-594 -593/-593/-593 -595/-595/-595
f -594/-594/-594 -592/-592/-592 -593/-593/-593
f -599/-599/-599 -592/-592/-592 -594/-594/-594
f -592/-592/-592 -599/-599/-599 -591/-591/-591
f -590/-590/-590 -592/-592/-592 -591/-591/-591
f -592/-592/-592 -589/-589/-589 -593/-593/-593
f -588/-588/-588 -596/-596/-596 -595/-595/-595
f -587/-587/-587 -588/-588/-588 -595/-595/-595
f -587/-587/-587 -595/-595/-595 -593/-593/-593
f -593/-593/-593 -589/-589/-589 -586/-586/-586
f -586/-586/-586 -587/-587/-587 -593/-593/-593
f -589/-589/-589 -585/-585/-585 -586/-586/-586
f -582/-582/-582 -583/-583/-583 -584/-584/-584
f -581/-581/-581 -582/-582/-582 -584/-584/-584
f -578/-578/-578 -579/-579/-579 -580/-580/-580
f -577/-577/-577 -578/-578/-578 -580/-580/-580
f -576/-576/-576 -579/-579/-579 -578/-578/-578
f -579/-579/-579 -576/-576/-576 -575/-575/-575
f -580/-580/-580 -579/-579/-579 -575/-575/-575
f -576/-576/-576 -574/-574/-574 -575/-575/-575
f -573/-573/-573 -576/-576/-576 -578/-578/-578
f -572/-572/-572 -580/-580/-580 -575/-575/-575
f -580/-580/-580 -572/-572/-572 -571/-571/-571
f -570/-570/-570 -580/-580/-580 -571/-571/-571
f -577/-577/-577 -580/-580/-580 -570/-570/-570
f -569/-569/-569 -570/-570/-570 -571/-571/-571
f -569/-569/-569 -568/-568/-568 -570/-570/-570
f -568/-568/-568 -567/-567/-567 -570/-570/-570
f -567/-567/-567 -577/-577/-577 -570/-570/-570
f -566/-566/-566 -569/-569/-569 -571/-571/-571
f -568/-568/-568 -569/-569/-569 -565/-565/-565
f -569/-569/-569 -564/-564/-564 -565/-565/-565
f -569/-569/-569 -566/-566/-566 -564/-564/-564
f -571/-571/-571 -572/-572/-572 -563/-563/-563
f -572/-572/-572 -562/-562/-562 -563/-563/-563
f -572/-572/-572 -575/-575/-575 -562/-562/-562
f -562/-562/-562 -561/-561/-561 -563/-563/-563
f -561/-561/-561 -560/-560/-560 -563/-563/-563
f -561/-561/-561 -562/-562/-562 -559/-559/-559
f -558/-558/-558 -561/-561/-561 -559/-559/-559
f -558/-558/-558 -557/-557/-557 -561/-561/-561
f -557/-557/-557 -556/-556/-556 -561/-561/-561
f -561/-561/-561 -556/-556/-556 -560/-560/-560
f -555/-555/-555 -558/-558/-558 -559/-559/-559
f -558/-558/-558 -555/-555/-555 -557/-557/-557
f -554/-554/-554 -555/-555/-555 -559/-559/-559
f -555/-555/-555 -553/-553/-553 -557/-557/-557
f -560/-560/-560 -552/-552/-552 -563/-563/-563
f -551/-551/-551 -552/-552/-552 -560/-560/-560
f -550/-550/-550 -551/-551/-551 -560/-560/-560
f -556/-556/-556 -550/-550/-550 -560/-560/-560
f -552/-552/-552 -549/-549/-549 -563/-563/-563
f -548/-548/-548 -556/-556/-556 -557/-557/-557
f -547/-547/-547 -548/-548/-548 -557/-557/-557
f -547/-547/-547 -557/-557/-557 -553/-553/-553
f -546/-546/-546 -551/-551/-551 -550/-550/-550
f -545/-545/-545 -546/-546/-546 -550/-550/-550
f -545/-545/-545 -550/-550/-550 -556/-556/-556
f -548/-548/-548 -545/-545/-545 -556/-556/-556
f -574/-574/-574 -554/-554/-554 -559/-559/-559
f -575/-575/-575 -574/-574/-574 -559/-559/-559
f -544/-544/-544 -547/-547/-547 -553/-553/-553
f -574/-574/-574 -576/-576/-576 -543/-543/-543
f -576/-576/-576 -542/-542/-542 -543/-543/-543
f -576/-576/-576 -573/-573/-573 -542/-542/-542
f -573/-573/-573 -541/-541/-541 -542/-542/-542
f -575/-575/-575 -559/-559/-559 -562/-562/-562
f -571/-571/-571 -563/-563/-563 -549/-549/-549
f -566/-566/-566 -571/-571/-571 -549/-549/-549
f -566/-566/-566 -540/-540/-540 -564/-564/-564
f -537/-537/-537 -538/-538/-538 -539/-539/-539
f -536/-536/-536 -537/-537/-537 -539/-539/-539
f -539/-539/-539 -538/-538/-538 -535/-535/-535
f -534/-534/-534 -539/-539/-539 -535/-535/-535
f -536/-536/-536 -533/-533/-533 -537/-537/-537
f -533/-533/-533 -532/-532/-532 -537/-537/-537
f -531/-531/-531 -532/-532/-532 -533/-533/-533
f -530/-530/-530 -531/-531/-531 -533/-533/-533
f -532/-532/-532 -531/-531/-531 -529/-529/-529
f -528/-528/-528 -532/-532/-532 -529/-529/-529
f -538/-538/-538 -537/-537/-537 -527/-527/-527
f -527/-527/-527 -537/-537/-537 -532/-532/-532
f -528/-528/-528 -527/-527/-527 -532/-532/-532
f -526/-526/-526 -538/-538/-538 -527/-527/-527
f -525/-525/-525 -535/-535/-535 -538/-538/-538
f -526/-526/-526 -525/-525/-525 -538/-538/-538
f -536/-536/-536 -539/-539/-539 -524/-524/-524
f -523/-523/-523 -536/-536/-536 -524/-524/-524
f -533/-533/-533 -536/-536/-536 -523/-523/-523
f -524/-524/-524 -522/-522/-522 -523/-523/-523
f -522/-522/-522 -521/-521/-521 -523/-523/-523
f -522/-522/-522 -524/-524/-524 -520/-520/-520
f -519/-519/-519 -522/-522/-522 -520/-520/-520
f -521/-521/-521 -518/-518/-518 -523/-523/-523
f -518/-518/-518 -517/-517/-517 -523/-523/-523
f -517/-517/-517 -518/-518/-518 -516/-516/-516
f -516/-516/-516 -530/-530/-530 -517/-517/-517
f -518/-518/-518 -515/-515/-515 -516/-516/-516
f -517/-517/-517 -533/-533/-533 -523/-523/-523
f -530/-530/-530 -533/-533/-533 -517/-517/-517
f -524/-524/-524 -539/-539/-539 -520/-520/-520
f -539/-539/-539 -534/-534/-534 -520/-520/-520
f -522/-522/-522 -514/-514/-514 -521/-521/-521
f -514/-514/-514 -513/-513/-513 -521/-521/-521
f -521/-521/-521 -513/-513/-513 -518/-518/-518
f -518/-518/-518 -512/-512/-512 -515/-515/-515
f -513/-513/-513 -512/-512/-512 -518/-518/-518
f -512/-512/-512 -511/-511/-511 -515/-515/-515
f -510/-510/-510 -514/-514/-514 -522/-522/-522
f -519/-519/-519 -510/-510/-510 -522/-522/-522
f -507/-507/-507 -508/-508/-508 -509/-509/-509
f -506/-506/-506 -507/-507/-507 -509/-509/-509
f -506/-506/-506 -509/-509/-509 -505/-505/-505
f -505/-505/-505 -509/-509/-509 -508/-508/-508
f -504/-504/-504 -506/-506/-506 -505/-505/-505
f -504/-504/-504 -505/-505/-505 -503/-503/-503
f -505/-505/-505 -502/-502/-502 -503/-503/-503
f -502/-502/-502 -505/-505/-505 -508/-508/-508
f -504/-504/-504 -503/-503/-503 -501/-501/-501
f -504/-504/-504 -501/-501/-501 -500/-500/-500
f -499/-499/-499 -504/-504/-504 -500/-500/-500
f -506/-506/-506 -499/-499/-499 -507/-507/-507
f -504/-504/-504 -499/-499/-499 -506/-506/-506
f -499/-499/-499 -500/-500/-500 -498/-498/-498
f -499/-499/-499 -498/-498/-498 -507/-507/-507
f -500/-500/-500 -497/-497/-497 -498/-498/-498
f -503/-503/-503 -496/-496/-496 -501/-501/-501
f -493/-493/-493 -494/-494/-494 -495/-495/-495
f -492/-492/-492 -493/-493/-493 -495/-495/-495
f -491/-491/-491 -494/-494/-494 -493/-493/-493
f -491/-491/-491 -490/-490/-490 -494/-494/-494
f -490/-490/-490 -489/-489/-489 -494/-494/-494
f -486/-486/-486 -487/-487/-487 -488/-488/-488
f -485/-485/-485 -486/-486/-486 -488/-488/-488
f -488/-488/-488 -487/-487/-487 -484/-484/-484
f -488/-488/-488 -484/-484/-484 -485/-485/-485
f -487/-487/-487 -483/-483/-483 -484/-484/-484
f -484/-484/-484 -483/-483/-483 -482/-482/-482
f -481/-481/-481 -484/-484/-484 -482/-482/-482
f -484/-484/-484 -481/-481/-481 -485/-485/-485
f -482/-482/-482 -483/-483/-483 -480/-480/-480
f -480/-480/-480 -483/-483/-483 -479/-479/-479
f -483/-483/-483 -478/-478/-478 -479/-479/-479
f -478/-478/-478 -487/-487/-487 -486/-486/-486
f -478/-478/-478 -483/-483/-483 -487/-487/-487
f -479/-479/-479 -478/-478/-478 -477/-477/-477
f -477/-477/-477 -478/-478/-478 -486/-486/-486
f -476/-476/-476 -479/-479/-479 -477/-477/-477
f -475/-475/-475 -482/-482/-482 -480/-480/-480
f -472/-472/-472 -473/-473/-473 -474/-474/-474
f -471/-471/-471 -472/-472/-472 -474/-474/-474
f -471/-471/-471 -470/-470/-470 -472/-472/-472
f -469/-469/-469 -470/-470/-470 -471/-471/-471
f -468/-468/-468 -469/-469/-469 -471/-471/-471
f -465/-465/-465 -466/-466/-466 -467/-467/-467
f -464/-464/-464 -465/-465/-465 -467/-467/-467
f -463/-463/-463 -466/-466/-466 -465/-465/-465
f -462/-462/-462 -463/-463/-463 -465/-465/-465
f -462/-462/-462 -461/-461/-461 -463/-463/-463
f -461/-461/-461 -460/-460/-460 -463/-463/-463
f -467/-467/-467 -466/-466/-466 -459/-459/-459
f -459/-459/-459 -466/-466/-466 -463/-463/-463
f -458/-458/-458 -467/-467/-467 -459/-459/-459
f -458/-458/-458 -459/-459/-459 -457/-457/-457
f -459/-459/-459 -456/-456/-456 -457/-457/-457
f -459/-459/-459 -455/-455/-455 -456/-456/-456
f -455/-455/-455 -459/-459/-459 -463/-463/-463
f -463/-463/-463 -460/-460/-460 -455/-455/-455
f -455/-455/-455 -454/-454/-454 -456/-456/-456
f -455/-455/-455 -453/-453/-453 -454/-454/-454
f -460/-460/-460 -453/-453/-453 -455/-455/-455
f -453/-453/-453 -452/-452/-452 -454/-454/-454
f -457/-457/-457 -456/-456/-456 -451/-451/-451
f -456/-456/-456 -450/-450/-450 -451/-451/-451
f -450/-450/-450 -456/-456/-456 -454/-454/-454
f -449/-449/-449 -450/-450/-450 -454/-454/-454
f -454/-454/-454 -452/-452/-452 -448/-448/-448
f -449/-449/-449 -454/-454/-454 -448/-448/-448
f -461/-461/-461 -447/-447/-447 -460/-460/-460
f -447/-447/-447 -446/-446/-446 -460/-460/-460
f -453/-453/-453 -460/-460/-460 -446/-446/-446
f -445/-445/-445 -446/-446/-446 -447/-447/-447
f -444/-444/-444 -445/-445/-445 -447/-447/-447
f -445/-445/-445 -443/-443/-443 -446/-446/-446
f -443/-443/-443 -442/-442/-442 -446/-446/-446
f -453/-453/-453 -442/-442/-442 -452/-452/-452
f -442/-442/-442 -453/-453/-453 -446/-446/-446
f -443/-443/-443 -441/-441/-441 -442/-442/-442
f -441/-441/-441 -440/-440/-440 -442/-442/-442
f -442/-442/-442 -440/-440/-440 -452/-452/-452
f -440/-440/-440 -441/-441/-441 -439/-439/-439
f -438/-438/-438 -440/-440/-440 -439/-439/-439
f -438/-438/-438 -448/-448/-448 -452/-452/-452
f -440/-440/-440 -438/-438/-438 -452/-452/-452
f -437/-437/-437 -445/-445/-445 -444/-444/-444
f -443/-443/-443 -445/-445/-445 -437/-437/-437
f -436/-436/-436 -437/-437/-437 -444/-444/-444
f -436/-436/-436 -435/-435/-435 -437/-437/-437
f -435/-435/-435 -434/-434/-434 -437/-437/-437
f -435/-435/-435 -433/-433/-433 -434/-434/-434
f -433/-433/-433 -432/-432/-432 -434/-434/-434
f -437/-437/-437 -434/-434/-434 -431/-431/-431
f -441/-441/-441 -443/-443/-443 -431/-431/-431
f -431/-431/-431 -443/-443/-443 -437/-437/-437
f -434/-434/-434 -430/-430/-430 -431/-431/-431
f -431/-431/-431 -430/-430/-430 -429/-429/-429
f -429/-429/-429 -441/-441/-441 -431/-431/-431
f -430/-430/-430 -428/-428/-428 -429/-429/-429
f -430/-430/-430 -427/-427/-427 -428/-428/-428
f -434/-434/-434 -432/-432/-432 -427/-427/-427
f -430/-430/-430 -434/-434/-434 -427/-427/-427
f -427/-427/-427 -426/-426/-426 -428/-428/-428
f -429/-429/-429 -428/-428/-428 -425/-425/-425
f -425/-425/-425 -428/-428/-428 -426/-426/-426
f -424/-424/-424 -429/-429/-429 -425/-425/-425
f -423/-423/-423 -425/-425/-425 -426/-426/-426
f -429/-429/-429 -424/-424/-424 -441/-441/-441
f -424/-424/-424 -439/-439/-439 -441/-441/-441
f -420/-420/-420 -421/-421/-421 -422/-422/-422
f -419/-419/-419 -420/-420/-420 -422/-422/-422
f -419/-419/-419 -418/-418/-418 -420/-420/-420
f -418/-418/-418 -417/-417/-417 -420/-420/-420
f -416/-416/-416 -417/-417/-417 -418/-418/-418
f -415/-415/-415 -416/-416/-416 -418/-418/-418
f -419/-419/-419 -422/-422/-422 -414/-414/-414
f -413/-413/-413 -419/-419/-419 -414/-414/-414
f -419/-419/-419 -413/-413/-413 -418/-418/-418
f -412/-412/-412 -413/-413/-413 -414/-414/-414
f -411/-411/-411 -412/-412/-412 -414/-414/-414
f -412/-412/-412 -410/-410/-410 -413/-413/-413
f -410/-410/-410 -409/-409/-409 -413/-413/-413
f -413/-413/-413 -409/-409/-409 -418/-418/-418
f -415/-415/-415 -418/-418/-418 -409/-409/-409
f -410/-410/-410 -408/-408/-408 -409/-409/-409
f -408/-408/-408 -407/-407/-407 -409/-409/-409
f -407/-407/-407 -415/-415/-415 -409/-409/-409
f -412/-412/-412 -411/-411/-411 -406/-406/-406
f -405/-405/-405 -412/-412/-412 -406/-406/-406
f -412/-412/-412 -405/-405/-405 -410/-410/-410
f -405/-405/-405 -404/-404/-404 -410/-410/-410
f -410/-410/-410 -404/-404/-404 -403/-403/-403
f -408/-408/-408 -410/-410/-410 -403/-403/-403
f -402/-402/-402 -416/-416/-416 -415/-415/-415
f -401/-401/-401 -402/-402/-402 -415/-415/-415
f -415/-415/-415 -407/-407/-407 -401/-401/-401
f -402/-402/-402 -401/-401/-401 -400/-400/-400
f -401/-401/-401 -399/-399/-399 -400/-400/-400
f -401/-401/-401 -398/-398/-398 -399/-399/-399
f -407/-407/-407 -398/-398/-398 -401/-401/-401
f -398/-398/-398 -397/-397/-397 -399/-399/-399
f -398/-398/-398 -396/-396/-396 -397/-397/-397
f -396/-396/-396 -398/-398/-398 -407/-407/-407
f -408/-408/-408 -396/-396/-396 -407/-407/-407
f -396/-396/-396 -395/-395/-395 -397/-397/-397
f -395/-395/-395 -396/-396/-396 -394/-394/-394
f -394/-394/-394 -396/-396/-396 -408/-408/-408
f -403/-403/-403 -394/-394/-394 -408/-408/-408
f -393/-393/-393 -395/-395/-395 -394/-394/-394
f -399/-399/-399 -392/-392/-392 -400/-400/-400
f -399/-399/-399 -397/-397/-397 -392/-392/-392
f -392/-392/-392 -391/-391/-391 -400/-400/-400
f -390/-390/-390 -391/-391/-391 -392/-392/-392
f -389/-389/-389 -390/-390/-390 -392/-392/-392
f -390/-390/-390 -389/-389/-389 -388/-388/-388
f -387/-387/-387 -390/-390/-390 -388/-388/-388
f -389/-389/-389 -392/-392/-392 -386/-386/-386
f -397/-397/-397 -386/-386/-386 -392/-392/-392
f -385/-385/-385 -389/-389/-389 -386/-386/-386
f -384/-384/-384 -385/-385/-385 -386/-386/-386
f -385/-385/-385 -384/-384/-384 -383/-383/-383
f -382/-382/-382 -385/-385/-385 -383/-383/-383
f -389/-389/-389 -385/-385/-385 -382/-382/-382
f -388/-388/-388 -389/-389/-389 -382/-382/-382
f -381/-381/-381 -384/-384/-384 -386/-386/-386
f -384/-384/-384 -381/-381/-381 -380/-380/-380
f -381/-381/-381 -379/-379/-379 -380/-380/-380
f -384/-384/-384 -380/-380/-380 -378/-378/-378
f -383/-383/-383 -384/-384/-384 -378/-378/-378
f -381/-381/-381 -386/-386/-386 -397/-397/-397
f -395/-395/-395 -381/-381/-381 -397/-397/-397
f -379/-379/-379 -381/-381/-381 -395/-395/-395
f -393/-393/-393 -379/-379/-379 -395/-395/-395
f -375/-375/-375 -376/-376/-376 -377/-377/-377
f -374/-374/-374 -375/-375/-375 -377/-377/-377
f -375/-375/-375 -373/-373/-373 -376/-376/-376
f -373/-373/-373 -372/-372/-372 -376/-376/-376
f -373/-373/-373 -371/-371/-371 -372/-372/-372
f -371/-371/-371 -370/-370/-370 -372/-372/-372
f -374/-374/-374 -369/-369/-369 -375/-375/-375
f -369/-369/-369 -368/-368/-368 -375/-375/-375
f -375/-375/-375 -368/-368/-368 -367/-367/-367
f -373/-373/-373 -375/-375/-375 -367/-367/-367
f -366/-366/-366 -371/-371/-371 -373/-373/-373
f -367/-367/-367 -366/-366/-366 -373/-373/-373
f -377/-377/-377 -376/-376/-376 -365/-365/-365
f -365/-365/-365 -376/-376/-376 -372/-372/-372
f -364/-364/-364 -377/-377/-377 -365/-365/-365
f -364/-364/-364 -365/-365/-365 -363/-363/-363
f -365/-365/-365 -362/-362/-362 -363/-363/-363
f -365/-365/-365 -361/-361/-361 -362/-362/-362
f -361/-361/-361 -365/-365/-365 -372/-372/-372
f -372/-372/-372 -370/-370/-370 -361/-361/-361
f -361/-361/-361 -360/-360/-360 -362/-362/-362
f -361/-361/-361 -359/-359/-359 -360/-360/-360
f -370/-370/-370 -359/-359/-359 -361/-361/-361
f -359/-359/-359 -358/-358/-358 -360/-360/-360
f -363/-363/-363 -362/-362/-362 -357/-357/-357
f -362/-362/-362 -356/-356/-356 -357/-357/-357
f -355/-355/-355 -356/-356/-356 -362/-362/-362
f -360/-360/-360 -355/-355/-355 -362/-362/-362
f -360/-360/-360 -358/-358/-358 -355/-355/-355
f -358/-358/-358 -354/-354/-354 -355/-355/-355
f -359/-359/-359 -353/-353/-353 -358/-358/-358
f -353/-353/-353 -352/-352/-352 -358/-358/-358
f -352/-352/-352 -353/-353/-353 -351/-351/-351
f -352/-352/-352 -351/-351/-351 -350/-350/-350
f -349/-349/-349 -352/-352/-352 -350/-350/-350
f -349/-349/-349 -354/-354/-354 -358/-358/-358
f -352/-352/-352 -349/-349/-349 -358/-358/-358
f -353/-353/-353 -348/-348/-348 -351/-351/-351
f -348/-348/-348 -353/-353/-353 -347/-347/-347
f -347/-347/-347 -353/-353/-353 -359/-359/-359
f -346/-346/-346 -348/-348/-348 -347/-347/-347
f -346/-346/-346 -347/-347/-347 -345/-345/-345
f -344/-344/-344 -346/-346/-346 -345/-345/-345
f -345/-345/-345 -343/-343/-343 -344/-344/-344
f -343/-343/-343 -342/-342/-342 -344/-344/-344
f -345/-345/-345 -347/-347/-347 -370/-370/-370
f -371/-371/-371 -345/-345/-345 -370/-370/-370
f -343/-343/-343 -345/-345/-345 -371/-371/-371
f -346/-346/-346 -344/-344/-344 -341/-341/-341
f -340/-340/-340 -346/-346/-346 -341/-341/-341
f -341/-341/-341 -339/-339/-339 -340/-340/-340
f -339/-339/-339 -338/-338/-338 -340/-340/-340
f -339/-339/-339 -337/-337/-337 -338/-338/-338
f -337/-337/-337 -336/-336/-336 -338/-338/-338
f -335/-335/-335 -339/-339/-339 -341/-341/-341
f -334/-334/-334 -335/-335/-335 -341/-341/-341
f -334/-334/-334 -341/-341/-341 -344/-344/-344
f -342/-342/-342 -334/-334/-334 -344/-344/-344
f -339/-339/-339 -335/-335/-335 -333/-333/-333
f -337/-337/-337 -339/-339/-339 -333/-333/-333
f -340/-340/-340 -338/-338/-338 -332/-332/-332
f -331/-331/-331 -340/-340/-340 -332/-332/-332
f -331/-331/-331 -332/-332/-332 -330/-330/-330
f -332/-332/-332 -329/-329/-329 -330/-330/-330
f -332/-332/-332 -328/-328/-328 -329/-329/-329
f -338/-338/-338 -336/-336/-336 -328/-328/-328
f -332/-332/-332 -338/-338/-338 -328/-328/-328
f -328/-328/-328 -327/-327/-327 -329/-329/-329
f -330/-330/-330 -329/-329/-329 -326/-326/-326
f -329/-329/-329 -325/-325/-325 -326/-326/-326
f -329/-329/-329 -327/-327/-327 -325/-325/-325
f -327/-327/-327 -324/-324/-324 -325/-325/-325
f -330/-330/-330 -351/-351/-351 -331/-331/-331
f -330/-330/-330 -326/-326/-326 -351/-351/-351
f -351/-351/-351 -348/-348/-348 -331/-331/-331
f -326/-326/-326 -350/-350/-350 -351/-351/-351
f -348/-348/-348 -346/-346/-346 -331/-331/-331
f -346/-346/-346 -340/-340/-340 -331/-331/-331
f -321/-321/-321 -322/-322/-322 -323/-323/-323
f -320/-320/-320 -321/-321/-321 -323/-323/-323
f -322/-322/-322 -321/-321/-321 -319/-319/-319
f -318/-318/-318 -322/-322/-322 -319/-319/-319
f -321/-321/-321 -317/-317/-317 -319/-319/-319
f -317/-317/-317 -321/-321/-321 -320/-320/-320
f -317/-317/-317 -316/-316/-316 -319/-319/-319
f -315/-315/-315 -317/-317/-317 -320/-320/-320
f -322/-322/-322 -318/-318/-318 -314/-314/-314
f -318/-318/-318 -313/-313/-313 -314/-314/-314
f -314/-314/-314 -313/-313/-313 -312/-312/-312
f -314/-314/-314 -312/-312/-312 -311/-311/-311
f -310/-310/-310 -314/-314/-314 -311/-311/-311
f -322/-322/-322 -314/-314/-314 -310/-310/-310
f -323/-323/-323 -322/-322/-322 -310/-310/-310
f -313/-313/-313 -309/-309/-309 -312/-312/-312
f -312/-312/-312 -309/-309/-309 -308/-308/-308
f -307/-307/-307 -312/-312/-312 -308/-308/-308
f -312/-312/-312 -307/-307/-307 -306/-306/-306
f -311/-311/-311 -312/-312/-312 -306/-306/-306
f -319/-319/-319 -305/-305/-305 -318/-318/-318
f -319/-319/-319 -316/-316/-316 -305/-305/-305
f -305/-305/-305 -304/-304/-304 -318/-318/-318
f -318/-318/-318 -304/-304/-304 -313/-313/-313
f -304/-304/-304 -305/-305/-305 -303/-303/-303
f -303/-303/-303 -302/-302/-302 -304/-304/-304
f -302/-302/-302 -301/-301/-301 -304/-304/-304
f -313/-313/-313 -301/-301/-301 -309/-309/-309
f -304/-304/-304 -301/-301/-301 -313/-313/-313
f -305/-305/-305 -300/-300/-300 -303/-303/-303
f -305/-305/-305 -299/-299/-299 -300/-300/-300
f -299/-299/-299 -298/-298/-298 -300/-300/-300
f -301/-301/-301 -302/-302/-302 -297/-297/-297
f -296/-296/-296 -301/-301/-301 -297/-297/-297
f -301/-301/-301 -296/-296/-296 -309/-309/-309
f -308/-308/-308 -309/-309/-309 -296/-296/-296
f -296/-296/-296 -297/-297/-297 -295/-295/-295
f -294/-294/-294 -296/-296/-296 -295/-295/-295
f -294/-294/-294 -308/-308/-308 -296/-296/-296
f -303/-303/-303 -300/-300/-300 -293/-293/-293
f -300/-300/-300 -298/-298/-298 -293/-293/-293
f -292/-292/-292 -303/-303/-303 -293/-293/-293
f -292/-292/-292 -293/-293/-293 -291/-291/-291
f -290/-290/-290 -292/-292/-292 -291/-291/-291
f -290/-290/-290 -291/-291/-291 -289/-289/-289
f -288/-288/-288 -290/-290/-290 -289/-289/-289
f -288/-288/-288 -289/-289/-289 -287/-287/-287
f -286/-286/-286 -288/-288/-288 -287/-287/-287
f -289/-289/-289 -285/-285/-285 -287/-287/-287
f -285/-285/-285 -284/-284/-284 -287/-287/-287
f -289/-289/-289 -291/-291/-291 -283/-283/-283
f -285/-285/-285 -289/-289/-289 -283/-283/-283
f -282/-282/-282 -283/-283/-283 -291/-291/-291
f -293/-293/-293 -282/-282/-282 -291/-291/-291
f -288/-288/-288 -286/-286/-286 -281/-281/-281
f -280/-280/-280 -288/-288/-288 -281/-281/-281
f -288/-288/-288 -280/-280/-280 -290/-290/-290
f -280/-280/-280 -281/-281/-281 -279/-279/-279
f -281/-281/-281 -278/-278/-278 -279/-279/-279
f -279/-279/-279 -277/-277/-277 -280/-280/-280
f -277/-277/-277 -276/-276/-276 -280/-280/-280
f -280/-280/-280 -276/-276/-276 -290/-290/-290
f -277/-277/-277 -275/-275/-275 -276/-276/-276
f -275/-275/-275 -274/-274/-274 -276/-276/-276
f -279/-279/-279 -278/-278/-278 -273/-273/-273
f -272/-272/-272 -279/-279/-279 -273/-273/-273
f -271/-271/-271 -277/-277/-277 -279/-279/-279
f -272/-272/-272 -271/-271/-271 -279/-279/-279
f -275/-275/-275 -277/-277/-277 -271/-271/-271
f -270/-270/-270 -275/-275/-275 -271/-271/-271
f -274/-274/-274 -292/-292/-292 -276/-276/-276
f -292/-292/-292 -290/-290/-290 -276/-276/-276
f -275/-275/-275 -297/-297/-297 -274/-274/-274
f -297/-297/-297 -302/-302/-302 -274/-274/-274
f -295/-295/-295 -297/-297/-297 -275/-275/-275
f -270/-270/-270 -295/-295/-295 -275/-275/-275
f -303/-303/-303 -292/-292/-292 -274/-274/-274
f -302/-302/-302 -303/-303/-303 -274/-274/-274
f -366/-366/-366 -343/-343/-343 -371/-371/-371
f -370/-370/-370 -347/-347/-347 -359/-359/-359
f -316/-316/-316 -299/-299/-299 -305/-305/-305
f -298/-298/-298 -282/-282/-282 -293/-293/-293
f -267/-267/-267 -268/-268/-268 -269/-269/-269
f -266/-266/-266 -267/-267/-267 -269/-269/-269
f -265/-265/-265 -268/-268/-268 -267/-267/-267
f -264/-264/-264 -265/-265/-265 -267/-267/-267
f -264/-264/-264 -263/-263/-263 -265/-265/-265
f -263/-263/-263 -262/-262/-262 -265/-265/-265
f -269/-269/-269 -268/-268/-268 -261/-261/-261
f -261/-261/-261 -268/-268/-268 -265/-265/-265
f -260/-260/-260 -269/-269/-269 -261/-261/-261
f -260/-260/-260 -261/-261/-261 -259/-259/-259
f -261/-261/-261 -258/-258/-258 -259/-259/-259
f -261/-261/-261 -257/-257/-257 -258/-258/-258
f -257/-257/-257 -261/-261/-261 -265/-265/-265
f -265/-265/-265 -262/-262/-262 -257/-257/-257
f -257/-257/-257 -256/-256/-256 -258/-258/-258
f -257/-257/-257 -255/-255/-255 -256/-256/-256
f -262/-262/-262 -255/-255/-255 -257/-257/-257
f -255/-255/-255 -254/-254/-254 -256/-256/-256
f -259/-259/-259 -258/-258/-258 -253/-253/-253
f -258/-258/-258 -252/-252/-252 -253/-253/-253
f -252/-252/-252 -258/-258/-258 -256/-256/-256
f -251/-251/-251 -252/-252/-252 -256/-256/-256
f -256/-256/-256 -254/-254/-254 -251/-251/-251
f -254/-254/-254 -250/-250/-250 -251/-251/-251
f -249/-249/-249 -262/-262/-262 -263/-263/-263
f -248/-248/-248 -249/-249/-249 -263/-263/-263
f -247/-247/-247 -249/-249/-249 -248/-248/-248
f -246/-246/-246 -247/-247/-247 -248/-248/-248
f -247/-247/-247 -245/-245/-245 -249/-249/-249
f -245/-245/-245 -244/-244/-244 -249/-249/-249
f -255/-255/-255 -244/-244/-244 -254/-254/-254
f -244/-244/-244 -245/-245/-245 -243/-243/-243
f -242/-242/-242 -244/-244/-244 -243/-243/-243
f -244/-244/-244 -242/-242/-242 -254/-254/-254
f -242/-242/-242 -243/-243/-243 -241/-241/-241
f -240/-240/-240 -242/-242/-242 -241/-241/-241
f -240/-240/-240 -250/-250/-250 -254/-254/-254
f -242/-242/-242 -240/-240/-240 -254/-254/-254
f -239/-239/-239 -247/-247/-247 -246/-246/-246
f -245/-245/-245 -247/-247/-247 -239/-239/-239
f -238/-238/-238 -239/-239/-239 -246/-246/-246
f -238/-238/-238 -237/-237/-237 -239/-239/-239
f -237/-237/-237 -236/-236/-236 -239/-239/-239
f -236/-236/-236 -237/-237/-237 -235/-235/-235
f -234/-234/-234 -236/-236/-236 -235/-235/-235
f -236/-236/-236 -234/-234/-234 -233/-233/-233
f -232/-232/-232 -236/-236/-236 -233/-233/-233
f -236/-236/-236 -232/-232/-232 -239/-239/-239
f -231/-231/-231 -232/-232/-232 -233/-233/-233
f -232/-232/-232 -231/-231/-231 -230/-230/-230
f -241/-241/-241 -243/-243/-243 -230/-230/-230
f -229/-229/-229 -232/-232/-232 -230/-230/-230
f -232/-232/-232 -229/-229/-229 -239/-239/-239
f -229/-229/-229 -230/-230/-230 -243/-243/-243
f -228/-228/-228 -231/-231/-231 -233/-233/-233
f -231/-231/-231 -227/-227/-227 -230/-230/-230
f -227/-227/-227 -231/-231/-231 -228/-228/-228
f -227/-227/-227 -226/-226/-226 -230/-230/-230
f -226/-226/-226 -241/-241/-241 -230/-230/-230
f -225/-225/-225 -227/-227/-227 -228/-228/-228
f -229/-229/-229 -245/-245/-245 -239/-239/-239
f -245/-245/-245 -229/-229/-229 -243/-243/-243
f -222/-222/-222 -223/-223/-223 -224/-224/-224
f -221/-221/-221 -222/-222/-222 -224/-224/-224
f -221/-221/-221 -220/-220/-220 -222/-222/-222
f -220/-220/-220 -219/-219/-219 -222/-222/-222
f -218/-218/-218 -219/-219/-219 -220/-220/-220
f -217/-217/-217 -218/-218/-218 -220/-220/-220
f -221/-221/-221 -224/-224/-224 -216/-216/-216
f -215/-215/-215 -221/-221/-221 -216/-216/-216
f -221/-221/-221 -215/-215/-215 -220/-220/-220
f -214/-214/-214 -215/-215/-215 -216/-216/-216
f -213/-213/-213 -214/-214/-214 -216/-216/-216
f -214/-214/-214 -212/-212/-212 -215/-215/-215
f -212/-212/-212 -211/-211/-211 -215/-215/-215
f -215/-215/-215 -211/-211/-211 -220/-220/-220
f -217/-217/-217 -220/-220/-220 -211/-211/-211
f -212/-212/-212 -210/-210/-210 -211/-211/-211
f -210/-210/-210 -209/-209/-209 -211/-211/-211
f -209/-209/-209 -217/-217/-217 -211/-211/-211
f -214/-214/-214 -213/-213/-213 -208/-208/-208
f -207/-207/-207 -214/-214/-214 -208/-208/-208
f -214/-214/-214 -207/-207/-207 -212/-212/-212
f -207/-207/-207 -206/-206/-206 -212/-212/-212
f -210/-210/-210 -212/-212/-212 -206/-206/-206
f -205/-205/-205 -210/-210/-210 -206/-206/-206
f -217/-217/-217 -204/-204/-204 -218/-218/-218
f -204/-204/-204 -203/-203/-203 -218/-218/-218
f -202/-202/-202 -203/-203/-203 -204/-204/-204
f -201/-201/-201 -202/-202/-202 -204/-204/-204
f -204/-204/-204 -200/-200/-200 -201/-201/-201
f -200/-200/-200 -199/-199/-199 -201/-201/-201
f -200/-200/-200 -198/-198/-198 -199/-199/-199
f -198/-198/-198 -200/-200/-200 -209/-209/-209
f -210/-210/-210 -198/-198/-198 -209/-209/-209
f -198/-198/-198 -197/-197/-197 -199/-199/-199
f -197/-197/-197 -198/-198/-198 -196/-196/-196
f -196/-196/-196 -198/-198/-198 -210/-210/-210
f -205/-205/-205 -196/-196/-196 -210/-210/-210
f -195/-195/-195 -197/-197/-197 -196/-196/-196
f -201/-201/-201 -194/-194/-194 -202/-202/-202
f -201/-201/-201 -199/-199/-199 -194/-194/-194
f -194/-194/-194 -193/-193/-193 -202/-202/-202
f -192/-192/-192 -193/-193/-193 -194/-194/-194
f -191/-191/-191 -192/-192/-192 -194/-194/-194
f -192/-192/-192 -191/-191/-191 -190/-190/-190
f -189/-189/-189 -192/-192/-192 -190/-190/-190
f -188/-188/-188 -191/-191/-191 -194/-194/-194
f -187/-187/-187 -188/-188/-188 -194/-194/-194
f -199/-199/-199 -187/-187/-187 -194/-194/-194
f -186/-186/-186 -188/-188/-188 -187/-187/-187
f -188/-188/-188 -186/-186/-186 -185/-185/-185
f -184/-184/-184 -188/-188/-188 -185/-185/-185
f -191/-191/-191 -188/-188/-188 -184/-184/-184
f -190/-190/-190 -191/-191/-191 -184/-184/-184
f -183/-183/-183 -186/-186/-186 -187/-187/-187
f -197/-197/-197 -195/-195/-195 -183/-183/-183
f -182/-182/-182 -186/-186/-186 -183/-183/-183
f -181/-181/-181 -182/-182/-182 -183/-183/-183
f -195/-195/-195 -181/-181/-181 -183/-183/-183
f -186/-186/-186 -182/-182/-182 -180/-180/-180
f -185/-185/-185 -186/-186/-186 -180/-180/-180
f -183/-183/-183 -187/-187/-187 -199/-199/-199
f -197/-197/-197 -183/-183/-183 -199/-199/-199
f -244/-244/-244 -255/-255/-255 -262/-262/-262
f -249/-249/-249 -244/-244/-244 -262/-262/-262
f -200/-200/-200 -204/-204/-204 -217/-217/-217
f -209/-209/-209 -200/-200/-200 -217/-217/-217
f -177/-177/-177 -178/-178/-178 -179/-179/-179
f -176/-176/-176 -177/-177/-177 -179/-179/-179
f -175/-175/-175 -177/-177/-177 -176/-176/-176
f -174/-174/-174 -175/-175/-175 -176/-176/-176
f -174/-174/-174 -176/-176/-176 -173/-173/-173
f -176/-176/-176 -172/-172/-172 -173/-173/-173
f -176/-176/-176 -179/-179/-179 -172/-172/-172
f -179/-179/-179 -171/-171/-171 -172/-172/-172
f -179/-179/-179 -170/-170/-170 -171/-171/-171
f -173/-173/-173 -172/-172/-172 -169/-169/-169
f -174/-174/-174 -173/-173/-173 -169/-169/-169
f -172/-172/-172 -168/-168/-168 -169/-169/-169
f -167/-167/-167 -168/-168/-168 -172/-172/-172
f -171/-171/-171 -167/-167/-167 -172/-172/-172
f -171/-171/-171 -170/-170/-170 -166/-166/-166
f -167/-167/-167 -171/-171/-171 -166/-166/-166
f -165/-165/-165 -174/-174/-174 -169/-169/-169
f -174/-174/-174 -165/-165/-165 -175/-175/-175
f -165/-165/-165 -164/-164/-164 -175/-175/-175
f -179/-179/-179 -178/-178/-178 -163/-163/-163
f -179/-179/-179 -163/-163/-163 -162/-162/-162
f -161/-161/-161 -162/-162/-162 -163/-163/-163
f -160/-160/-160 -161/-161/-161 -163/-163/-163
f -160/-160/-160 -163/-163/-163 -159/-159/-159
f -163/-163/-163 -158/-158/-158 -159/-159/-159
f -178/-178/-178 -158/-158/-158 -163/-163/-163
f -157/-157/-157 -179/-179/-179 -162/-162/-162
f -170/-170/-170 -179/-179/-179 -157/-157/-157
f -170/-170/-170 -157/-157/-157 -166/-166/-166
f -161/-161/-161 -156/-156/-156 -162/-162/-162
f -161/-161/-161 -160/-160/-160 -156/-156/-156
f -156/-156/-156 -155/-155/-155 -162/-162/-162
f -154/-154/-154 -157/-157/-157 -162/-162/-162
f -155/-155/-155 -154/-154/-154 -162/-162/-162
f -157/-157/-157 -154/-154/-154 -166/-166/-166
f -160/-160/-160 -153/-153/-153 -156/-156/-156
f -160/-160/-160 -159/-159/-159 -153/-153/-153
f -159/-159/-159 -152/-152/-152 -153/-153/-153
f -149/-149/-149 -150/-150/-150 -151/-151/-151
f -148/-148/-148 -149/-149/-149 -151/-151/-151
f -148/-148/-148 -151/-151/-151 -147/-147/-147
f -151/-151/-151 -146/-146/-146 -147/-147/-147
f -146/-146/-146 -145/-145/-145 -147/-147/-147
f -145/-145/-145 -144/-144/-144 -147/-147/-147
f -150/-150/-150 -143/-143/-143 -151/-151/-151
f -143/-143/-143 -142/-142/-142 -151/-151/-151
f -145/-145/-145 -146/-146/-146 -141/-141/-141
f -146/-146/-146 -140/-140/-140 -141/-141/-141
f -151/-151/-151 -142/-142/-142 -140/-140/-140
f -146/-146/-146 -151/-151/-151 -140/-140/-140
f -142/-142/-142 -139/-139/-139 -140/-140/-140
f -140/-140/-140 -139/-139/-139 -141/-141/-141
f -138/-138/-138 -147/-147/-147 -144/-144/-144
f -137/-137/-137 -138/-138/-138 -144/-144/-144
f -147/-147/-147 -136/-136/-136 -148/-148/-148
f -135/-135/-135 -136/-136/-136 -147/-147/-147
f -138/-138/-138 -135/-135/-135 -147/-147/-147
f -143/-143/-143 -134/-134/-134 -142/-142/-142
f -134/-134/-134 -133/-133/-133 -142/-142/-142
f -142/-142/-142 -133/-133/-133 -132/-132/-132
f -139/-139/-139 -142/-142/-142 -132/-132/-132
f -139/-139/-139 -132/-132/-132 -131/-131/-131
f -130/-130/-130 -139/-139/-139 -131/-131/-131
f -139/-139/-139 -130/-130/-130 -141/-141/-141
f -131/-131/-131 -132/-132/-132 -129/-129/-129
f -128/-128/-128 -131/-131/-131 -129/-129/-129
f -127/-127/-127 -132/-132/-132 -133/-133/-133
f -126/-126/-126 -129/-129/-129 -132/-132/-132
f -127/-127/-127 -126/-126/-126 -132/-132/-132
f -123/-123/-123 -124/-124/-124 -125/-125/-125
f -122/-122/-122 -123/-123/-123 -125/-125/-125
f -124/-124/-124 -121/-121/-121 -125/-125/-125
f -121/-121/-121 -120/-120/-120 -125/-125/-125
f -119/-119/-119 -120/-120/-120 -121/-121/-121
f -118/-118/-118 -119/-119/-119 -121/-121/-121
f -117/-117/-117 -120/-120/-120 -119/-119/-119
f -118/-118/-118 -116/-116/-116 -119/-119/-119
f -116/-116/-116 -115/-115/-115 -119/-119/-119
f -119/-119/-119 -115/-115/-115 -117/-117/-117
f -115/-115/-115 -114/-114/-114 -117/-117/-117
f -117/-117/-117 -114/-114/-114 -113/-113/-113
f -112/-112/-112 -117/-117/-117 -113/-113/-113
f -112/-112/-112 -113/-113/-113 -111/-111/-111
f -112/-112/-112 -111/-111/-111 -110/-110/-110
f -109/-109/-109 -112/-112/-112 -110/-110/-110
f -109/-109/-109 -110/-110/-110 -108/-108/-108
f -107/-107/-107 -109/-109/-109 -108/-108/-108
f -113/-113/-113 -106/-106/-106 -111/-111/-111
f -113/-113/-113 -105/-105/-105 -106/-106/-106
f -113/-113/-113 -114/-114/-114 -105/-105/-105
f -105/-105/-105 -104/-104/-104 -106/-106/-106
f -105/-105/-105 -103/-103/-103 -104/-104/-104
f -103/-103/-103 -102/-102/-102 -104/-104/-104
f -114/-114/-114 -101/-101/-101 -105/-105/-105
f -114/-114/-114 -115/-115/-115 -101/-101/-101
f -100/-100/-100 -103/-103/-103 -105/-105/-105
f -101/-101/-101 -100/-100/-100 -105/-105/-105
f -115/-115/-115 -99/-99/-99 -101/-101/-101
f -99/-99/-99 -98/-98/-98 -101/-101/-101
f -98/-98/-98 -100/-100/-100 -101/-101/-101
f -98/-98/-98 -99/-99/-99 -97/-97/-97
f -96/-96/-96 -98/-98/-98 -97/-97/-97
f -99/-99/-99 -115/-115/-115 -116/-116/-116
f -97/-97/-97 -99/-99/-99 -116/-116/-116
f -95/-95/-95 -106/-106/-106 -104/-104/-104
f -104/-104/-104 -102/-102/-102 -95/-95/-95
f -111/-111/-111 -106/-106/-106 -95/-95/-95
f -111/-111/-111 -95/-95/-95 -110/-110/-110
f -95/-95/-95 -94/-94/-94 -110/-110/-110
f -95/-95/-95 -93/-93/-93 -94/-94/-94
f -102/-102/-102 -93/-93/-93 -95/-95/-95
f -93/-93/-93 -92/-92/-92 -94/-94/-94
f -94/-94/-94 -92/-92/-92 -91/-91/-91
f -94/-94/-94 -91/-91/-91 -110/-110/-110
f -92/-92/-92 -90/-90/-90 -91/-91/-91
f -91/-91/-91 -108/-108/-108 -110/-110/-110
f -97/-97/-97 -89/-89/-89 -96/-96/-96
f -89/-89/-89 -88/-88/-88 -96/-96/-96
f -87/-87/-87 -89/-89/-89 -97/-97/-97
f -116/-116/-116 -87/-87/-87 -97/-97/-97
f -86/-86/-86 -87/-87/-87 -116/-116/-116
f -118/-118/-118 -86/-86/-86 -116/-116/-116
f -85/-85/-85 -86/-86/-86 -118/-118/-118
f -121/-121/-121 -85/-85/-85 -118/-118/-118
f -84/-84/-84 -85/-85/-85 -121/-121/-121
f -124/-124/-124 -84/-84/-84 -121/-121/-121
f -83/-83/-83 -84/-84/-84 -124/-124/-124
f -123/-123/-123 -83/-83/-83 -124/-124/-124
f -82/-82/-82 -83/-83/-83 -123/-123/-123
f -81/-81/-81 -82/-82/-82 -123/-123/-123
f -80/-80/-80 -82/-82/-82 -81/-81/-81
f -90/-90/-90 -92/-92/-92 -79/-79/-79
f -92/-92/-92 -93/-93/-93 -79/-79/-79
f -93/-93/-93 -78/-78/-78 -79/-79/-79
f -78/-78/-78 -77/-77/-77 -79/-79/-79
f -77/-77/-77 -76/-76/-76 -79/-79/-79
f -79/-79/-79 -76/-76/-76 -75/-75/-75
f -75/-75/-75 -90/-90/-90 -79/-79/-79
f -76/-76/-76 -74/-74/-74 -75/-75/-75
f -73/-73/-73 -77/-77/-77 -78/-78/-78
f -72/-72/-72 -77/-77/-77 -73/-73/-73
f -71/-71/-71 -72/-72/-72 -73/-73/-73
f -71/-71/-71 -70/-70/-70 -72/-72/-72
f -70/-70/-70 -69/-69/-69 -72/-72/-72
f -68/-68/-68 -72/-72/-72 -69/-69/-69
f -68/-68/-68 -69/-69/-69 -67/-67/-67
f -68/-68/-68 -67/-67/-67 -66/-66/-66
f -67/-67/-67 -65/-65/-65 -66/-66/-66
f -65/-65/-65 -64/-64/-64 -66/-66/-66
f -64/-64/-64 -63/-63/-63 -66/-66/-66
f -69/-69/-69 -62/-62/-62 -67/-67/-67
f -61/-61/-61 -62/-62/-62 -69/-69/-69
f -70/-70/-70 -61/-61/-61 -69/-69/-69
f -71/-71/-71 -73/-73/-73 -103/-103/-103
f -103/-103/-103 -73/-73/-73 -60/-60/-60
f -60/-60/-60 -73/-73/-73 -78/-78/-78
f -102/-102/-102 -103/-103/-103 -60/-60/-60
f -100/-100/-100 -71/-71/-71 -103/-103/-103
f -70/-70/-70 -71/-71/-71 -100/-100/-100
f -70/-70/-70 -59/-59/-59 -61/-61/-61
f -59/-59/-59 -70/-70/-70 -100/-100/-100
f -59/-59/-59 -58/-58/-58 -61/-61/-61
f -59/-59/-59 -98/-98/-98 -58/-58/-58
f -98/-98/-98 -59/-59/-59 -100/-100/-100
f -98/-98/-98 -96/-96/-96 -58/-58/-58
f -60/-60/-60 -93/-93/-93 -102/-102/-102
f -60/-60/-60 -78/-78/-78 -93/-93/-93
f -57/-57/-57 -64/-64/-64 -65/-65/-65
f -57/-57/-57 -56/-56/-56 -64/-64/-64
f -56/-56/-56 -55/-55/-55 -64/-64/-64
f -56/-56/-56 -54/-54/-54 -55/-55/-55
f -53/-53/-53 -58/-58/-58 -96/-96/-96
f -88/-88/-88 -53/-53/-53 -96/-96/-96
f -53/-53/-53 -52/-52/-52 -58/-58/-58
f -52/-52/-52 -61/-61/-61 -58/-58/-58
f -52/-52/-52 -51/-51/-51 -61/-61/-61
f -51/-51/-51 -62/-62/-62 -61/-61/-61
f -51/-51/-51 -50/-50/-50 -62/-62/-62
f -50/-50/-50 -67/-67/-67 -62/-62/-62
f -50/-50/-50 -49/-49/-49 -67/-67/-67
f -49/-49/-49 -57/-57/-57 -65/-65/-65
f -49/-49/-49 -65/-65/-65 -67/-67/-67
f -46/-46/-46 -47/-47/-47 -48/-48/-48
f -45/-45/-45 -46/-46/-46 -48/-48/-48
f -48/-48/-48 -44/-44/-44 -45/-45/-45
f -44/-44/-44 -43/-43/-43 -45/-45/-45
f -47/-47/-47 -42/-42/-42 -48/-48/-48
f -42/-42/-42 -41/-41/-41 -48/-48/-48
f -40/-40/-40 -44/-44/-44 -48/-48/-48
f -41/-41/-41 -40/-40/-40 -48/-48/-48
f -37/-37/-37 -38/-38/-38 -39/-39/-39
f -36/-36/-36 -37/-37/-37 -39/-39/-39
f -36/-36/-36 -39/-39/-39 -35/-35/-35
f -39/-39/-39 -34/-34/-34 -35/-35/-35
f -33/-33/-33 -37/-37/-37 -36/-36/-36
f -32/-32/-32 -33/-33/-33 -36/-36/-36
f -36/-36/-36 -35/-35/-35 -32/-32/-32
f -38/-38/-38 -37/-37/-37 -31/-31/-31
f -31/-31/-31 -37/-37/-37 -33/-33/-33
f -30/-30/-30 -38/-38/-38 -31/-31/-31
f -27/-27/-27 -28/-28/-28 -29/-29/-29
f -26/-26/-26 -27/-27/-27 -29/-29/-29
f -25/-25/-25 -28/-28/-28 -27/-27/-27
f -24/-24/-24 -28/-28/-28 -25/-25/-25
f -23/-23/-23 -24/-24/-24 -25/-25/-25
f -26/-26/-26 -29/-29/-29 -22/-22/-22
f -22/-22/-22 -29/-29/-29 -21/-21/-21
f -29/-29/-29 -20/-20/-20 -21/-21/-21
f -29/-29/-29 -19/-19/-19 -20/-20/-20
f -28/-28/-28 -24/-24/-24 -19/-19/-19
f -29/-29/-29 -28/-28/-28 -19/-19/-19
f -19/-19/-19 -18/-18/-18 -20/-20/-20
f -24/-24/-24 -23/-23/-23 -17/-17/-17
f -16/-16/-16 -24/-24/-24 -17/-17/-17
f -24/-24/-24 -16/-16/-16 -19/-19/-19
f -16/-16/-16 -17/-17/-17 -15/-15/-15
f -14/-14/-14 -16/-16/-16 -15/-15/-15
f -16/-16/-16 -14/-14/-14 -19/-19/-19
f -13/-13/-13 -14/-14/-14 -15/-15/-15
f -14/-14/-14 -13/-13/-13 -12/-12/-12
f -14/-14/-14 -12/-12/-12 -11/-11/-11
f -19/-19/-19 -14/-14/-14 -11/-11/-11
f -18/-18/-18 -19/-19/-19 -11/-11/-11
f -12/-12/-12 -10/-10/-10 -11/-11/-11
f -7/-7/-7 -8/-8/-8 -9/-9/-9
f -6/-6/-6 -7/-7/-7 -9/-9/-9
f -5/-5/-5 -9/-9/-9 -8/-8/-8
f -4/-4/-4 -5/-5/-5 -8/-8/-8
f -3/-3/-3 -6/-6/-6 -9/-9/-9
f -2/-2/-2 -3/-3/-3 -9/-9/-9
f -1/-1/-1 -2/-2/-2 -9/-9/-9
f -5/-5/-5 -1/-1/-1 -9/-9/-9

