g Keeper_Accessrioes
v 0.1588125 0.5971246 0.06192695
v 0.1420213 0.6008451 0.07001713
v 0.1432871 0.5047572 0.06058088
v 0.08380822 0.5718298 0.05743951
v 0.07101236 0.5428409 0.03474637
v 0.1432871 0.5047572 0.06058088
v -0.912944 1.413095 0.1063217
v -0.9180931 1.415943 0.08039607
v -0.9141021 1.415066 0.1072612
v -0.9138659 1.408617 0.07953136
v -0.8963896 1.425579 0.07385121
v -0.872469 1.433719 0.06619354
v -0.9078994 1.40853 0.10223
v -0.8894079 1.423417 0.09981605
v -0.8620935 1.434368 0.09490678
v -0.8654622 1.418322 0.09303253
v -0.8980428 1.403968 0.1007288
v -0.8427353 1.42511 0.08613835
v -0.8470744 1.438328 0.09184113
v -0.80521 1.423718 0.06349467
v -0.8095113 1.43047 0.07209402
v -0.8008615 1.425573 0.06888282
v -0.8054684 1.410923 0.0726267
v -0.805241 1.399805 0.05669114
v -0.8236675 1.384781 0.0741837
v -0.8241641 1.375749 0.05321278
v -0.8341452 1.371427 0.07383376
v -0.829769 1.369375 0.05459491
v -0.8016797 1.348033 0.0602772
v -0.8276476 1.35307 0.0752802
v -0.8341452 1.371427 0.07383376
v -0.8363159 1.371222 0.07682485
v -0.8195075 1.366562 0.08812349
v -0.8025264 1.347291 0.08027333
v -0.7814078 1.370054 0.07848818
v -0.7812645 1.371046 0.05465249
v -0.7721273 1.380971 0.0761809
v -0.7835512 1.399843 0.03643897
v -0.7685022 1.383247 0.0539194
v -0.7534505 1.394081 0.04952589
v -0.7562715 1.391526 0.06812847
v -0.7425143 1.409988 0.05456435
v -0.7557816 1.410098 0.02996498
v -0.7941866 1.408889 0.04946755
v -0.8368281 1.417801 0.0511219
v -0.7878942 1.41607 0.03016889
v -0.7957047 1.428138 0.01945174
v -0.7266016 1.424172 0.00813048
v -0.7215041 1.42223 0.02582732
v -0.7166216 1.432511 0.04824191
v -0.6932225 1.428171 0.03970995
v -0.6939868 1.419133 0.01218047
v -0.6663453 1.422181 0.03443404
v -0.8373817 1.412503 0.05791123
v -0.8502418 1.420577 0.06227528
v -0.8454788 1.433767 0.05716266
v -0.8575948 1.439281 0.06160399
v -0.8452378 1.433995 0.05485237
v -0.8753551 1.413912 0.0692409
v -0.9051498 1.403377 0.07785594
v -0.8534934 1.42917 0.05758184
v -0.8623207 1.447155 0.06243014
v -0.8895351 1.436153 0.06887912
v -0.8399585 1.422141 0.03108392
v -0.8844841 1.421317 0.06644334
v -0.859919 1.429994 0.03456407
v -0.9050515 1.404537 0.06941969
v -0.9213802 1.415814 0.07376225
v -0.8920589 1.419883 0.04233205
v -0.9083564 1.403114 0.04529434
v -0.9259483 1.41498 0.04485201
v -0.8985837 1.435687 0.04070379
v -0.8714511 1.446913 0.03698935
v -0.8516028 1.441004 0.03246953
v -0.8413962 1.423541 0.02727798
v -0.8514029 1.441139 0.03178541
v -0.8347226 1.431347 0.005890951
v -0.7926484 1.435948 -0.002997315
v -0.8657435 1.420546 0.03107768
v -0.874082 1.438373 0.03564443
v -0.8858296 1.412264 0.03391285
v -0.892279 1.428141 0.04064754
v -0.9164871 1.415284 0.04102925
v -0.8647307 1.422998 0.0112912
v -0.9028876 1.407526 0.03666988
v -0.9137211 1.414012 0.01279779
v -0.9049256 1.41031 0.01466537
v -0.8886308 1.415592 0.01296745
v -0.8904493 1.427329 0.01159278
v -0.8658644 1.435816 0.009912378
v -0.8458418 1.442335 0.008166315
v -0.8469222 1.444514 0.007480481
v -0.8314146 1.432926 0.001460878
v -0.8517641 1.437367 0.00702977
v -0.8001115 1.439606 -0.02991567
v -0.8391953 1.436568 0.0008979719
v -0.8597312 1.426053 0.004659522
v -0.8664943 1.434539 0.007496954
v -0.898351 1.41639 0.006885796
v -0.8967527 1.416589 -0.01168389
v -0.8424138 1.434955 -0.01852876
v -0.8617637 1.427847 -0.0170861
v -0.8662987 1.435324 -0.02031789
v -0.8501277 1.441872 -0.02311558
v -0.8160337 1.450662 -0.03155109
v -0.7963895 1.458019 -0.03520044
v -0.752037 1.466498 -0.03961774
v -0.7464775 1.443928 -0.03413861
v -0.7413967 1.46198 -0.04122721
v -0.7372491 1.43812 -0.02385691
v -0.7220923 1.465792 -0.04740816
v -0.7255034 1.468211 -0.02871141
v -0.713967 1.445035 -0.04186558
v -0.6943101 1.471411 -0.05495238
v -0.6999146 1.473971 -0.03251841
v -0.689974 1.473733 -0.04626703
v -0.6821357 1.455814 -0.04828391
v -0.6860823 1.449297 -0.05631456
v -0.675306 1.432496 -0.03336316
v -0.7009325 1.42455 -0.01045861
v -0.676898 1.421767 -0.03468441
v -0.6648423 1.413694 -0.002694828
v -0.6656783 1.424473 -0.01196326
v -0.6619285 1.431242 0.02452317
v -0.8146663 1.398893 0.07926665
v -0.8195075 1.366562 0.08812349
v -0.8363159 1.371222 0.07682485
v -0.79831 1.38845 0.0876518
v -0.8025264 1.347291 0.08027333
v -0.7996914 1.412466 0.07531238
v -0.7814602 1.403527 0.08686731
v -0.7982273 1.426228 0.07243339
v -0.7814078 1.370054 0.07848818
v -0.7721273 1.380971 0.0761809
v -0.7562715 1.391526 0.06812847
v -0.7927694 1.440198 0.07656075
v -0.813569 1.433842 0.08113281
v -0.8190818 1.450573 0.08655382
v -0.8479604 1.441879 0.0932588
v -0.7871771 1.451216 0.07999174
v -0.7639578 1.41903 0.08330749
v -0.7493464 1.432374 0.07584636
v -0.7425143 1.409988 0.05456435
v -0.7166216 1.432511 0.04824191
v -0.7636922 1.457278 0.07062271
v -0.8546413 1.452182 0.09289268
v -0.8621096 1.436514 0.09554213
v -0.7299111 1.454491 0.06153446
v -0.7298915 1.480887 0.06170317
v -0.782055 1.474002 0.07409165
v -0.7956386 1.481274 0.0331266
v -0.8044825 1.470416 0.07918633
v -0.7135848 1.458705 0.06326915
v -0.8345898 1.459238 0.08683293
v -0.8340022 1.464779 0.06034615
v -0.8311667 1.470455 0.05979494
v -0.6962488 1.456447 0.05918531
v -0.6932225 1.428171 0.03970995
v -0.6663453 1.422181 0.03443404
v -0.8590157 1.454073 0.06688012
v -0.8705077 1.446221 0.09720479
v -0.8918161 1.434735 0.102389
v -0.8888994 1.426255 0.1013386
v -0.8752742 1.448727 0.07078944
v -0.9149994 1.42118 0.1075217
v -0.9141021 1.415066 0.1072612
v -0.9180931 1.415943 0.08039607
v -0.9199882 1.42438 0.08353788
v -0.8963896 1.425579 0.07385121
v -0.8965676 1.435387 0.07701833
v -0.872469 1.433719 0.06619354
v -0.8575948 1.439281 0.06160399
v -0.8454788 1.433767 0.05716266
v -0.8452378 1.433995 0.05485237
v -0.8352994 1.469604 0.05887152
v -0.8623207 1.447155 0.06243014
v -0.8376999 1.471931 0.03363363
v -0.8658001 1.459049 0.06367704
v -0.8895351 1.436153 0.06887912
v -0.8733456 1.461638 0.04167113
v -0.895658 1.445138 0.06853199
v -0.9213802 1.415814 0.07376225
v -0.9229555 1.425279 0.07414796
v -0.9259483 1.41498 0.04485201
v -0.9005721 1.447087 0.0467553
v -0.9253715 1.425516 0.04889527
v -0.8985837 1.435687 0.04070379
v -0.8714511 1.446913 0.03698935
v -0.8516028 1.441004 0.03246953
v -0.8514029 1.441139 0.03178541
v -0.8367679 1.471339 0.03153347
v -0.874341 1.46282 0.03743448
v -0.874082 1.438373 0.03564443
v -0.8367043 1.468537 0.009864933
v -0.8263982 1.477026 0.0291338
v -0.8926561 1.448847 0.03844427
v -0.892279 1.428141 0.04064754
v -0.8748707 1.458373 0.01450279
v -0.9136411 1.430621 0.04036614
v -0.9164871 1.415284 0.04102925
v -0.9137211 1.414012 0.01279779
v -0.8932978 1.448739 0.01620477
v -0.9148347 1.430016 0.01959206
v -0.8904493 1.427329 0.01159278
v -0.8658644 1.435816 0.009912378
v -0.8458418 1.442335 0.008166315
v -0.8469222 1.444514 0.007480481
v -0.8372149 1.467306 0.006173088
v -0.8517641 1.437367 0.00702977
v -0.8273352 1.471178 0.006827356
v -0.8581871 1.460211 0.00788889
v -0.8549593 1.456531 -0.01696109
v -0.8664943 1.434539 0.007496954
v -0.8239678 1.466948 -0.02106973
v -0.8027987 1.472547 -0.02270632
v -0.8729022 1.45258 0.008245804
v -0.8993257 1.432971 0.008507952
v -0.898351 1.41639 0.006885796
v -0.8711578 1.449016 -0.01433313
v -0.897391 1.428681 -0.007784829
v -0.8967527 1.416589 -0.01168389
v -0.8662987 1.435324 -0.02031789
v -0.8501277 1.441872 -0.02311558
v -0.8160337 1.450662 -0.03155109
v -0.7963895 1.458019 -0.03520044
v -0.7514108 1.490347 -0.02623064
v -0.752037 1.466498 -0.03961774
v -0.7413967 1.46198 -0.04122721
v -0.7426291 1.496513 0.0289652
v -0.7130274 1.511822 0.02094876
v -0.7248609 1.504519 -0.03133648
v -0.6765974 1.526226 0.009399571
v -0.699275 1.489917 0.05349218
v -0.7228852 1.471 -0.04539622
v -0.7255034 1.468211 -0.02871141
v -0.6999146 1.473971 -0.03251841
v -0.6917948 1.517048 -0.03372114
v -0.6971951 1.48107 -0.04759008
v -0.6918406 1.482452 -0.03816487
v -0.6820031 1.509155 -0.02758743
v -0.6703957 1.518055 0.003782091
v -0.6589484 1.491994 0.03645246
v -0.6625893 1.495833 0.05001976
v -0.6969224 1.4631 0.0601748
v -0.6699286 1.465999 0.05987122
v -0.6681432 1.468962 0.04539345
v -0.6853629 1.46489 0.04565363
v -0.695066 1.462556 0.04974021
v -0.6691931 1.455633 0.05884043
v -0.6672654 1.459241 0.04526591
v -0.6619285 1.431242 0.02452317
v -0.8236675 1.384781 0.0741837
v -0.8054684 1.410923 0.0726267
v -0.8008615 1.425573 0.06888282
v -0.8328551 1.406616 0.08276537
v -0.8095113 1.43047 0.07209402
v -0.8470744 1.438328 0.09184113
v -0.8341452 1.371427 0.07383376
v -0.847877 1.427889 0.09000095
v -0.8620935 1.434368 0.09490678
v -0.8525882 1.39652 0.08973988
v -0.8745075 1.419332 0.09671603
v -0.8894079 1.423417 0.09981605
v -0.8593274 1.384689 0.08911697
v -0.8363159 1.371222 0.07682485
v -0.8958417 1.405773 0.1013129
v -0.912944 1.413095 0.1063217
v -0.8813154 1.396921 0.1013329
v -0.8972918 1.406383 0.1046424
v -0.9141021 1.415066 0.1072612
v -0.8606789 1.384372 0.09215073
v -0.8826189 1.396235 0.1040658
v -0.8680384 1.422543 0.09845477
v -0.8888994 1.426255 0.1013386
v -0.8621096 1.436514 0.09554213
v -0.857715 1.409515 0.09903146
v -0.8479604 1.441879 0.0932588
v -0.8481482 1.39631 0.09106623
v -0.8375199 1.420722 0.08974952
v -0.813569 1.433842 0.08113281
v -0.7982273 1.426228 0.07243339
v -0.8259666 1.41362 0.08358029
v -0.8146663 1.398893 0.07926665
v -0.7996914 1.412466 0.07531238
v 0.9129436 1.413075 0.1063072
v 0.9141018 1.415046 0.107247
v 0.9180923 1.415928 0.08038202
v 0.913865 1.408602 0.07951595
v 0.8963889 1.425565 0.07383931
v 0.8724682 1.433707 0.06618352
v 0.9078988 1.408511 0.1022147
v 0.8894076 1.423399 0.09980382
v 0.8620932 1.434351 0.09489702
v 0.8654617 1.418305 0.09301962
v 0.8980422 1.403949 0.1007127
v 0.8427346 1.425094 0.08612711
v 0.847074 1.438311 0.09183232
v 0.8052091 1.423707 0.06348366
v 0.8095106 1.430457 0.07208417
v 0.8008606 1.425561 0.06887212
v 0.8054674 1.410911 0.07261311
v 0.8052399 1.399795 0.0566754
v 0.8236665 1.384768 0.07416482
v 0.8241627 1.37574 0.05319215
v 0.8341441 1.371414 0.07381216
v 0.8297676 1.369366 0.05457297
v 0.8016783 1.348023 0.06025146
v 0.8276463 1.353057 0.07525512
v 0.8341441 1.371414 0.07381216
v 0.8363147 1.371208 0.07680319
v 0.8195063 1.366546 0.08810113
v 0.8025252 1.347277 0.08024744
v 0.7814066 1.370041 0.07846696
v 0.7812631 1.371037 0.05463147
v 0.7721263 1.380957 0.07616191
v 0.7835498 1.399837 0.0364235
v 0.7685009 1.383238 0.0539009
v 0.7534493 1.394074 0.04950969
v 0.7562704 1.391515 0.06811173
v 0.7425131 1.40998 0.05455142
v 0.7557801 1.410094 0.02995181
v 0.7941854 1.40888 0.04945369
v 0.8368626 1.417963 0.05112436
v 0.7878928 1.416065 0.03015652
v 0.7957034 1.428136 0.01944162
v 0.7215031 1.422227 0.02581833
v 0.7166207 1.432505 0.04823418
v 0.6932219 1.428167 0.03970378
v 0.7266005 1.424172 0.008122279
v 0.7372481 1.438124 -0.02386244
v 0.693987 1.419132 0.01217386
v 0.6663451 1.422178 0.03442784
v 0.8374073 1.41259 0.05789734
v 0.8502422 1.420572 0.06226341
v 0.8454794 1.433764 0.05715375
v 0.8575941 1.43927 0.06159524
v 0.8452447 1.434032 0.05484914
v 0.8753543 1.413899 0.069227
v 0.9051489 1.403362 0.07783964
v 0.8535073 1.429252 0.05758494
v 0.8623196 1.447144 0.06242359
v 0.8895338 1.43614 0.06887005
v 0.8399466 1.422261 0.03113153
v 0.8844826 1.421304 0.06643143
v 0.8598821 1.430091 0.03463867
v 0.90505 1.404524 0.06940438
v 0.9213787 1.4158 0.07374904
v 0.9259467 1.414971 0.04483862
v 0.8920573 1.419875 0.0423198
v 0.9083547 1.403106 0.04527876
v 0.8985823 1.43568 0.04069458
v 0.8714498 1.446907 0.03698247
v 0.8515546 1.441073 0.03255131
v 0.8413892 1.423572 0.02728682
v 0.8513613 1.441167 0.03184322
v 0.8347212 1.431347 0.005880954
v 0.7926468 1.43595 -0.003005898
v 0.8657411 1.420543 0.0310677
v 0.8740809 1.438367 0.0356353
v 0.8858283 1.412258 0.03389851
v 0.8922777 1.428134 0.0406362
v 0.9164858 1.415277 0.04101511
v 0.8001096 1.439613 -0.02992362
v 0.8314131 1.432926 0.001451224
v 0.7464764 1.443934 -0.03414353
v 0.8647292 1.422997 0.0112792
v 0.9028863 1.40752 0.03665441
v 0.9137195 1.41401 0.01278344
v 0.9049241 1.410307 0.01465041
v 0.8886293 1.41559 0.01295372
v 0.8904477 1.427328 0.01158131
v 0.865863 1.435815 0.009902854
v 0.8458403 1.442334 0.008158305
v 0.8469207 1.444514 0.007472881
v 0.8517628 1.437367 0.007020723
v 0.8391937 1.436569 0.000888927
v 0.8597296 1.426053 0.004648182
v 0.8664928 1.434538 0.007487176
v 0.8983493 1.41639 0.006872101
v 0.8967507 1.416592 -0.01169753
v 0.842412 1.434959 -0.01853816
v 0.8617617 1.427852 -0.01709712
v 0.8662968 1.435329 -0.02032752
v 0.850126 1.441877 -0.02312373
v 0.8160319 1.450669 -0.03155711
v 0.7963876 1.458028 -0.03520478
v 0.7520359 1.466505 -0.03961928
v 0.741396 1.461987 -0.04122911
v 0.7220926 1.465799 -0.04740924
v 0.7255034 1.468215 -0.02871222
v 0.7139676 1.44504 -0.04186903
v 0.6943113 1.471416 -0.05495317
v 0.6999155 1.473974 -0.03251885
v 0.6899751 1.473738 -0.04626768
v 0.682137 1.455819 -0.04828633
v 0.6860836 1.449302 -0.05631754
v 0.6753072 1.432499 -0.03336774
v 0.700933 1.424551 -0.01046416
v 0.6768994 1.42177 -0.0346899
v 0.664843 1.413694 -0.002701552
v 0.6656792 1.424474 -0.01196883
v 0.6619285 1.431239 0.02451801
v 0.8146654 1.398879 0.07925062
v 0.8363147 1.371208 0.07680319
v 0.8195063 1.366546 0.08810113
v 0.7983092 1.388435 0.08763395
v 0.8025252 1.347277 0.08024744
v 0.7996906 1.412453 0.07529917
v 0.7814595 1.403512 0.0868526
v 0.7982266 1.426216 0.07242285
v 0.7814066 1.370041 0.07846696
v 0.7721263 1.380957 0.07616191
v 0.7562704 1.391515 0.06811173
v 0.7927688 1.440184 0.07655299
v 0.8135684 1.433828 0.08112355
v 0.8190813 1.450557 0.08654775
v 0.8479599 1.441862 0.09325067
v 0.7872108 1.451213 0.07994444
v 0.7639571 1.419016 0.08329599
v 0.7493458 1.432361 0.07583761
v 0.7425131 1.40998 0.05455142
v 0.7637144 1.457272 0.07059067
v 0.7299105 1.454482 0.06153046
v 0.7166207 1.432505 0.04823418
v 0.8546408 1.452165 0.09288648
v 0.8621093 1.436496 0.09553279
v 0.7820997 1.473976 0.07402549
v 0.7298909 1.480879 0.06170401
v 0.7135841 1.458696 0.06326644
v 0.8045205 1.470387 0.07912717
v 0.7956409 1.481261 0.03311941
v 0.8345894 1.459222 0.08682834
v 0.8340016 1.464768 0.06034264
v 0.6962478 1.45644 0.05918251
v 0.6932219 1.428167 0.03970378
v 0.6663451 1.422178 0.03442784
v 0.7426293 1.496505 0.02896508
v 0.8311974 1.470374 0.05972453
v 0.7130269 1.51182 0.02095272
v 0.6992741 1.489912 0.05349374
v 0.676597 1.526226 0.00940349
v 0.7514099 1.490352 -0.02622846
v 0.7248609 1.504524 -0.03133302
v 0.6969215 1.463093 0.06017296
v 0.6950651 1.462551 0.04973837
v 0.6625882 1.495828 0.05002079
v 0.6699277 1.465993 0.0598695
v 0.6853623 1.464886 0.04565209
v 0.6681424 1.468958 0.04539199
v 0.6589476 1.491991 0.03645275
v 0.6703954 1.518054 0.003784726
v 0.6820036 1.509157 -0.02758524
v 0.6691923 1.455627 0.05883759
v 0.6672648 1.459237 0.04526352
v 0.6619285 1.431239 0.02451801
v 0.6917949 1.517052 -0.03371747
v 0.6918415 1.482455 -0.03816474
v 0.6971959 1.481075 -0.04758989
v 0.6999155 1.473974 -0.03251885
v 0.7228854 1.471006 -0.0453967
v 0.7255034 1.468215 -0.02871222
v 0.741396 1.461987 -0.04122911
v 0.7520359 1.466505 -0.03961928
v 0.8027933 1.472553 -0.02270292
v 0.7963876 1.458028 -0.03520478
v 0.823966 1.466954 -0.02107269
v 0.8160319 1.450669 -0.03155711
v 0.8549577 1.456536 -0.01696645
v 0.850126 1.441877 -0.02312373
v 0.8662968 1.435329 -0.02032752
v 0.8273297 1.471176 0.006830386
v 0.8372136 1.467306 0.006170033
v 0.8367031 1.468536 0.009862123
v 0.826363 1.476963 0.02915711
v 0.8376374 1.471853 0.03368716
v 0.8367517 1.471318 0.03154579
v 0.8353207 1.469519 0.05881212
v 0.871156 1.44902 -0.01434016
v 0.8973893 1.428683 -0.007796127
v 0.8967507 1.416592 -0.01169753
v 0.8983493 1.41639 0.006872101
v 0.8993242 1.432969 0.008497462
v 0.8729007 1.452579 0.008239447
v 0.8664928 1.434538 0.007487176
v 0.8581858 1.46021 0.007884195
v 0.8517628 1.437367 0.007020723
v 0.8469207 1.444514 0.007472881
v 0.8458403 1.442334 0.008158305
v 0.865863 1.435815 0.009902854
v 0.8748695 1.458371 0.01449753
v 0.8743398 1.462813 0.03743033
v 0.8932964 1.448737 0.01619741
v 0.8904477 1.427328 0.01158131
v 0.9137195 1.41401 0.01278344
v 0.8926551 1.448841 0.03843694
v 0.8513613 1.441167 0.03184322
v 0.8740809 1.438367 0.0356353
v 0.8515546 1.441073 0.03255131
v 0.8922777 1.428134 0.0406362
v 0.8714498 1.446907 0.03698247
v 0.9136398 1.430614 0.04035501
v 0.9164858 1.415277 0.04101511
v 0.9148334 1.430013 0.0195808
v 0.8733361 1.461625 0.04167608
v 0.9005709 1.447078 0.04674828
v 0.8985823 1.43568 0.04069458
v 0.92537 1.425506 0.04888392
v 0.9259467 1.414971 0.04483862
v 0.9229541 1.425265 0.07413658
v 0.9213787 1.4158 0.07374904
v 0.8956567 1.445125 0.06852462
v 0.8895338 1.43614 0.06887005
v 0.8657976 1.459031 0.06367207
v 0.8623196 1.447144 0.06242359
v 0.8452447 1.434032 0.05484914
v 0.8454794 1.433764 0.05715375
v 0.859015 1.454061 0.06687422
v 0.8575941 1.43927 0.06159524
v 0.8752736 1.448714 0.0707823
v 0.8724682 1.433707 0.06618352
v 0.8705074 1.446203 0.09719721
v 0.8918158 1.434716 0.1023789
v 0.888899 1.426236 0.101327
v 0.896567 1.435372 0.07700834
v 0.8963889 1.425565 0.07383931
v 0.9199876 1.424364 0.08352545
v 0.9180923 1.415928 0.08038202
v 0.9149991 1.42116 0.1075087
v 0.9141018 1.415046 0.107247
v 0.8236665 1.384768 0.07416482
v 0.8008606 1.425561 0.06887212
v 0.8054674 1.410911 0.07261311
v 0.8328544 1.406601 0.0827506
v 0.8095106 1.430457 0.07208417
v 0.847074 1.438311 0.09183232
v 0.8341441 1.371414 0.07381216
v 0.8478764 1.427872 0.08999011
v 0.8620932 1.434351 0.09489702
v 0.8525873 1.396504 0.08972291
v 0.8745071 1.419314 0.0967032
v 0.8894076 1.423399 0.09980382
v 0.8593265 1.384673 0.08909761
v 0.8363147 1.371208 0.07680319
v 0.8958411 1.405754 0.1012971
v 0.9129436 1.413075 0.1063072
v 0.8813148 1.396902 0.1013156
v 0.8972912 1.406363 0.1046268
v 0.9141018 1.415046 0.107247
v 0.8606781 1.384356 0.09213131
v 0.8826183 1.396215 0.1040484
v 0.8680379 1.422524 0.09844264
v 0.888899 1.426236 0.101327
v 0.8621093 1.436496 0.09553279
v 0.8577144 1.409497 0.09901691
v 0.8479599 1.441862 0.09325067
v 0.8481475 1.396293 0.09104928
v 0.8375193 1.420706 0.08973745
v 0.8135684 1.433828 0.08112355
v 0.7982266 1.426216 0.07242285
v 0.8259659 1.413605 0.08356697
v 0.8146654 1.398879 0.07925062
v 0.7996906 1.412453 0.07529917
v -0.2243595 0.1859856 -0.02404381
v -0.221826 0.1857451 -0.02383315
v -0.2200504 0.1899111 -0.06197625
v -0.2201474 0.1901773 -0.06403352
v -0.2150332 0.2285754 -0.05630991
v -0.2176395 0.2249089 -0.02286856
v -0.220173 0.2251494 -0.02307924
v -0.2151302 0.2288416 -0.05836717
v -0.2243595 0.1859856 -0.02404381
v -0.2201474 0.1901773 -0.06403352
v -0.2151302 0.2288416 -0.05836717
v -0.220173 0.2251494 -0.02307924
v 0.2158962 0.233095 -0.05389686
v 0.222087 0.1853853 -0.06088886
v 0.217389 0.1847824 -0.06019473
v 0.2111982 0.2324921 -0.05320274
v 0.2090095 0.2337188 -0.06372847
v 0.2154964 0.186009 -0.0717468
v 0.2201944 0.1866118 -0.07244096
v 0.2140036 0.2343216 -0.06544894
v 0.2140036 0.2343216 -0.06544894
v 0.2158962 0.233095 -0.05389686
v 0.2111982 0.2324921 -0.05320274
v 0.2090095 0.2337188 -0.06372847
v 0.2154964 0.186009 -0.0717468
v 0.217389 0.1847824 -0.06019473
v 0.222087 0.1853853 -0.06088886
v 0.2201944 0.1866118 -0.07244096
v 0.2158962 0.233095 -0.05389686
v 0.2140036 0.2343216 -0.06544894
v 0.2201944 0.1866118 -0.07244096
v 0.222087 0.1853853 -0.06088886
v 0.1420213 0.6008451 0.07001713
v 0.1067273 0.5934333 0.07043809
v 0.1432871 0.5047572 0.06058088
v 0.08380822 0.5718298 0.05743951
v 0.07101236 0.5428409 0.03474637
v 0.06117157 0.505298 0.02345803
v 0.04682559 0.39705 0.005583412
v 0.1532801 0.3524663 0.01723225
v 0.1550766 0.1577522 0.00999958
v 0.09024747 0.1417291 -0.02923422
v 0.1205166 0.09057868 0.000885941
v 0.1146241 0.07475965 -0.01278707
v 0.1005345 0.07512753 -0.02370217
v 0.1581368 0.12335 0.0120169
v 0.1964108 0.09630779 -0.006832622
v 0.2209703 0.1556487 -0.03739151
v 0.2086082 0.08162231 -0.01548611
v 0.2171622 0.08639919 -0.03027621
v 0.2196056 0.4185163 -0.0272566
v 0.2062647 0.517416 0.009498885
v 0.1881923 0.5583943 0.02559102
v 0.1793783 0.5741561 0.03871915
v 0.1588125 0.5971246 0.06192695
v -0.1560229 0.4750016 0.08798364
v -0.1754662 0.4744457 0.07515878
v -0.1706876 0.5111532 0.07768069
v -0.1549048 0.5102066 0.0889011
v -0.1141791 0.4728614 0.09149914
v -0.170246 0.5210378 0.07745185
v -0.113403 0.5078622 0.0918324
v -0.1546764 0.5203819 0.08889888
v -0.1132073 0.5175999 0.09189174
v -0.09024747 0.1417291 -0.02923422
v -0.1146241 0.07475965 -0.01278707
v -0.1005345 0.07512753 -0.02370217
v -0.1205166 0.09057868 0.000885941
v -0.1550766 0.1577522 0.00999958
v -0.1581368 0.12335 0.0120169
v -0.1964108 0.09630779 -0.006832622
v -0.1532801 0.3524663 0.01723225
v -0.04682559 0.39705 0.005583412
v -0.2209703 0.1556487 -0.03739151
v -0.2086082 0.08162231 -0.01548611
v -0.2171622 0.08639919 -0.03027621
v -0.2196056 0.4185163 -0.0272566
v -0.2062647 0.517416 0.009498885
v -0.1432871 0.5047572 0.06058088
v -0.06117157 0.505298 0.02345803
v -0.1881923 0.5583943 0.02559102
v -0.07101236 0.5428409 0.03474637
v -0.1793783 0.5741561 0.03871915
v -0.08380822 0.5718298 0.05743951
v -0.1588125 0.5971246 0.06192695
v -0.1067273 0.5934333 0.07043809
v -0.1420213 0.6008451 0.07001713
v -0.2158962 0.233095 -0.05389686
v -0.2111982 0.2324921 -0.05320274
v -0.217389 0.1847824 -0.06019473
v -0.222087 0.1853853 -0.06088886
v -0.2090095 0.2337188 -0.06372847
v -0.2140036 0.2343216 -0.06544894
v -0.2201944 0.1866118 -0.07244096
v -0.2154964 0.186009 -0.0717468
v -0.2140036 0.2343216 -0.06544894
v -0.2090095 0.2337188 -0.06372847
v -0.2111982 0.2324921 -0.05320274
v -0.2158962 0.233095 -0.05389686
v -0.2154964 0.186009 -0.0717468
v -0.2201944 0.1866118 -0.07244096
v -0.222087 0.1853853 -0.06088886
v -0.217389 0.1847824 -0.06019473
v -0.2158962 0.233095 -0.05389686
v -0.222087 0.1853853 -0.06088886
v -0.2201944 0.1866118 -0.07244096
v -0.2140036 0.2343216 -0.06544894
v -0.2202449 0.450561 -0.005964336
v -0.2177351 0.4503441 -0.005534897
v -0.2011401 0.4565729 -0.04869773
v -0.2024141 0.4569918 -0.05066639
v -0.2192385 0.4681503 -0.002958782
v -0.2202449 0.450561 -0.005964336
v -0.2024141 0.4569918 -0.05066639
v -0.2003659 0.4745812 -0.04824733
v -0.2167287 0.4679333 -0.002529358
v -0.2192385 0.4681503 -0.002958782
v -0.2003659 0.4745812 -0.04824733
v -0.1990922 0.474162 -0.04627864
v 0.2171605 0.3818234 -0.05262905
v 0.2213643 0.3348297 -0.06086605
v 0.216468 0.3342946 -0.05891487
v 0.2127647 0.3812418 -0.05067789
v 0.2163344 0.3362324 -0.07144375
v 0.2213643 0.3348297 -0.06086605
v 0.2171605 0.3818234 -0.05262905
v 0.2135056 0.3833471 -0.06320678
v 0.2089178 0.3827655 -0.06125565
v 0.2117819 0.3356972 -0.06949262
v 0.2163344 0.3362324 -0.07144375
v 0.2135056 0.3833471 -0.06320678
v 0.2135056 0.3833471 -0.06320678
v 0.2171605 0.3818234 -0.05262905
v 0.2127647 0.3812418 -0.05067789
v 0.2089178 0.3827655 -0.06125565
v 0.2117819 0.3356972 -0.06949262
v 0.216468 0.3342946 -0.05891487
v 0.2213643 0.3348297 -0.06086605
v 0.2163344 0.3362324 -0.07144375
v 0.2243595 0.1859856 -0.02404381
v 0.2201474 0.1901773 -0.06403352
v 0.2200504 0.1899111 -0.06197625
v 0.221826 0.1857451 -0.02383315
v 0.2150332 0.2285754 -0.05630991
v 0.2151302 0.2288416 -0.05836717
v 0.220173 0.2251494 -0.02307924
v 0.2176395 0.2249089 -0.02286856
v 0.2243595 0.1859856 -0.02404381
v 0.220173 0.2251494 -0.02307924
v 0.2151302 0.2288416 -0.05836717
v 0.2201474 0.1901773 -0.06403352
v 0.2105734 0.379015 -0.06124594
v 0.1922559 0.3819788 -0.111582
v 0.1938838 0.3820977 -0.1129036
v 0.2134313 0.3790385 -0.06071098
v 0.2161788 0.3397534 -0.06755678
v 0.1968512 0.3422148 -0.1174149
v 0.1950445 0.3420304 -0.1159973
v 0.2132693 0.3397318 -0.06809169
v 0.2132693 0.3397318 -0.06809169
v 0.1922559 0.3819788 -0.111582
v 0.2105734 0.379015 -0.06124594
v 0.1950445 0.3420304 -0.1159973
v 0.1576399 0.3853822 -0.1368188
v 0.1595935 0.3460916 -0.1419791
v 0.1098401 0.3846358 -0.1392825
v 0.1121152 0.3442327 -0.143623
v 0.067402 0.3821156 -0.1099865
v 0.06826439 0.3423552 -0.1149294
v 0.06149903 0.374579 -0.06418729
v 0.06118612 0.3356519 -0.07255325
v 0.08332288 0.3566924 0.01198796
v 0.07772458 0.3196254 0.004500298
v 0.2134313 0.3790385 -0.06071098
v 0.1968512 0.3422148 -0.1174149
v 0.2161788 0.3397534 -0.06755678
v 0.1938838 0.3820977 -0.1129036
v 0.1603587 0.3451598 -0.1431974
v 0.1584027 0.3844514 -0.1380361
v 0.1112542 0.344438 -0.1455521
v 0.1089739 0.3848415 -0.1412136
v 0.06650437 0.3424095 -0.1163263
v 0.06563088 0.3821833 -0.1113901
v 0.05820143 0.3357938 -0.07296845
v 0.05856653 0.3747124 -0.0646207
v 0.07517873 0.3200699 0.004506686
v 0.0807361 0.3571299 0.01201209
v 0.05856653 0.3747124 -0.0646207
v 0.06149903 0.374579 -0.06418729
v 0.08332288 0.3566924 0.01198796
v 0.0807361 0.3571299 0.01201209
v 0.07772458 0.3196254 0.004500298
v 0.06118612 0.3356519 -0.07255325
v 0.05820143 0.3357938 -0.07296845
v 0.07517873 0.3200699 0.004506686
v 0.1089739 0.3848415 -0.1412136
v 0.1584027 0.3844514 -0.1380361
v 0.1576399 0.3853822 -0.1368188
v 0.1098401 0.3846358 -0.1392825
v 0.1121152 0.3442327 -0.143623
v 0.1595935 0.3460916 -0.1419791
v 0.1603587 0.3451598 -0.1431974
v 0.1112542 0.344438 -0.1455521
v 0.05856653 0.3747124 -0.0646207
v 0.06563088 0.3821833 -0.1113901
v 0.067402 0.3821156 -0.1099865
v 0.06149903 0.374579 -0.06418729
v 0.06118612 0.3356519 -0.07255325
v 0.06826439 0.3423552 -0.1149294
v 0.06650437 0.3424095 -0.1163263
v 0.05820143 0.3357938 -0.07296845
v 0.1584027 0.3844514 -0.1380361
v 0.1938838 0.3820977 -0.1129036
v 0.1922559 0.3819788 -0.111582
v 0.1576399 0.3853822 -0.1368188
v 0.1595935 0.3460916 -0.1419791
v 0.1950445 0.3420304 -0.1159973
v 0.1968512 0.3422148 -0.1174149
v 0.1603587 0.3451598 -0.1431974
v 0.06563088 0.3821833 -0.1113901
v 0.1089739 0.3848415 -0.1412136
v 0.1098401 0.3846358 -0.1392825
v 0.067402 0.3821156 -0.1099865
v 0.06826439 0.3423552 -0.1149294
v 0.1121152 0.3442327 -0.143623
v 0.1112542 0.344438 -0.1455521
v 0.06650437 0.3424095 -0.1163263
v -0.2057965 0.4751225 -0.04934553
v -0.2008909 0.4745156 -0.04910405
v -0.2010566 0.4742532 -0.04704893
v -0.2035627 0.4748667 -0.04937729
v -0.2057965 0.4751225 -0.04934553
v -0.186516 0.4798263 -0.09228949
v -0.1832657 0.4792066 -0.09007074
v -0.1514198 0.4817914 -0.1143128
v -0.153016 0.4829754 -0.1176979
v -0.1046412 0.4821875 -0.1189863
v -0.1052397 0.4810444 -0.1156772
v -0.07199126 0.4751518 -0.09302372
v -0.06932141 0.4752757 -0.09424459
v -0.2056276 0.4572802 -0.05180128
v -0.2030463 0.4566551 -0.0494482
v -0.2028803 0.4569173 -0.05150352
v -0.2078606 0.4575358 -0.05176918
v -0.2056276 0.4572802 -0.05180128
v -0.1841788 0.4615328 -0.09274229
v -0.1874652 0.4621855 -0.09514823
v -0.1541515 0.4655559 -0.1216712
v -0.1526354 0.4641553 -0.1176344
v -0.1058699 0.4648069 -0.1229893
v -0.1064625 0.4634165 -0.1189995
v -0.07044701 0.4576155 -0.09647572
v -0.07273138 0.4574799 -0.09527615
v -0.2008909 0.4745156 -0.04910405
v -0.2056276 0.4572802 -0.05180128
v -0.2028803 0.4569173 -0.05150352
v -0.2035627 0.4748667 -0.04937729
v -0.1832657 0.4792066 -0.09007074
v -0.1841788 0.4615328 -0.09274229
v -0.1526354 0.4641553 -0.1176344
v -0.1514198 0.4817914 -0.1143128
v -0.1064625 0.4634165 -0.1189995
v -0.1052397 0.4810444 -0.1156772
v -0.07273138 0.4574799 -0.09527615
v -0.07199126 0.4751518 -0.09302372
v -0.05334625 0.4643149 -0.04862087
v -0.054501 0.4467413 -0.05059594
v -0.06068099 0.4562934 0.0208461
v -0.06168405 0.4387043 0.01784178
v -0.2030463 0.4566551 -0.0494482
v -0.2057965 0.4751225 -0.04934553
v -0.2010566 0.4742532 -0.04704893
v -0.2078606 0.4575358 -0.05176918
v -0.1874652 0.4621855 -0.09514823
v -0.186516 0.4798263 -0.09228949
v -0.153016 0.4829754 -0.1176979
v -0.1541515 0.4655559 -0.1216712
v -0.1046412 0.4821875 -0.1189863
v -0.1058699 0.4648069 -0.1229893
v -0.06932141 0.4752757 -0.09424459
v -0.07044701 0.4576155 -0.09647572
v -0.05192462 0.4467736 -0.05111665
v -0.05067578 0.4643673 -0.04921467
v -0.05917178 0.4385706 0.01778325
v -0.05816883 0.4561598 0.0207876
v -0.05816883 0.4561598 0.0207876
v -0.06068099 0.4562934 0.0208461
v -0.05334625 0.4643149 -0.04862087
v -0.05067578 0.4643673 -0.04921467
v -0.06168405 0.4387043 0.01784178
v -0.05917178 0.4385706 0.01778325
v -0.05192462 0.4467736 -0.05111665
v -0.054501 0.4467413 -0.05059594
v -0.07044701 0.4576155 -0.09647572
v -0.07273138 0.4574799 -0.09527615
v -0.054501 0.4467413 -0.05059594
v -0.05192462 0.4467736 -0.05111665
v -0.07199126 0.4751518 -0.09302372
v -0.06932141 0.4752757 -0.09424459
v -0.05067578 0.4643673 -0.04921467
v -0.05334625 0.4643149 -0.04862087
v 0.2202449 0.450561 -0.005964336
v 0.2024141 0.4569918 -0.05066639
v 0.2011401 0.4565729 -0.04869773
v 0.2177351 0.4503441 -0.005534897
v 0.1990922 0.474162 -0.04627864
v 0.2003659 0.4745812 -0.04824733
v 0.2192385 0.4681503 -0.002958782
v 0.2167287 0.4679333 -0.002529358
v 0.2192385 0.4681503 -0.002958782
v 0.2003659 0.4745812 -0.04824733
v 0.2024141 0.4569918 -0.05066639
v 0.2202449 0.450561 -0.005964336
v 0.2223177 0.3602708 -0.02226304
v 0.226467 0.3604876 -0.0226925
v 0.2166279 0.3583755 -0.05909678
v 0.2146269 0.3580286 -0.05749505
v 0.2149482 0.3778713 -0.05576551
v 0.2253507 0.3799834 -0.01936126
v 0.2212014 0.3797666 -0.01893174
v 0.2138158 0.3775245 -0.05416378
v 0.2166279 0.3583755 -0.05909678
v 0.226467 0.3604876 -0.0226925
v 0.2253507 0.3799834 -0.01936126
v 0.2149482 0.3778713 -0.05576551
v -0.2041768 0.4764321 -0.04142075
v -0.1994474 0.4756644 -0.03984283
v -0.2020811 0.4530466 -0.04295344
v -0.2068102 0.4538142 -0.04453151
v -0.2058843 0.4553446 -0.0564423
v -0.2032395 0.4779606 -0.05332855
v -0.2041768 0.4764321 -0.04142075
v -0.2068102 0.4538142 -0.04453151
v -0.1976615 0.4770611 -0.05150903
v -0.2032395 0.4779606 -0.05332855
v -0.2058843 0.4553446 -0.0564423
v -0.2003048 0.4544448 -0.05462247
v -0.2032395 0.4779606 -0.05332855
v -0.1976615 0.4770611 -0.05150903
v -0.1994474 0.4756644 -0.03984283
v -0.2041768 0.4764321 -0.04142075
v -0.2068102 0.4538142 -0.04453151
v -0.2020811 0.4530466 -0.04295344
v -0.2003048 0.4544448 -0.05462247
v -0.2058843 0.4553446 -0.0564423
v 0.2240835 0.3297011 -0.02823558
v 0.2180399 0.3393484 -0.06248844
v 0.2141517 0.339293 -0.06365975
v 0.2194272 0.3295017 -0.02780607
v 0.2105601 0.357962 -0.06032841
v 0.2150062 0.3580221 -0.05915711
v 0.2227261 0.3476489 -0.02490429
v 0.2183106 0.3474493 -0.02447478
v 0.2150062 0.3580221 -0.05915711
v 0.2180399 0.3393484 -0.06248844
v 0.2240835 0.3297011 -0.02823558
v 0.2227261 0.3476489 -0.02490429
v -0.2171605 0.3818234 -0.05262905
v -0.2127647 0.3812418 -0.05067789
v -0.216468 0.3342946 -0.05891487
v -0.2213643 0.3348297 -0.06086605
v -0.2163344 0.3362324 -0.07144375
v -0.2135056 0.3833471 -0.06320678
v -0.2171605 0.3818234 -0.05262905
v -0.2213643 0.3348297 -0.06086605
v -0.2089178 0.3827655 -0.06125565
v -0.2135056 0.3833471 -0.06320678
v -0.2163344 0.3362324 -0.07144375
v -0.2117819 0.3356972 -0.06949262
v -0.2135056 0.3833471 -0.06320678
v -0.2089178 0.3827655 -0.06125565
v -0.2127647 0.3812418 -0.05067789
v -0.2171605 0.3818234 -0.05262905
v -0.2117819 0.3356972 -0.06949262
v -0.2163344 0.3362324 -0.07144375
v -0.2213643 0.3348297 -0.06086605
v -0.216468 0.3342946 -0.05891487
v -0.2240835 0.3297011 -0.02823558
v -0.2194272 0.3295017 -0.02780607
v -0.2141517 0.339293 -0.06365975
v -0.2180399 0.3393484 -0.06248844
v -0.2105601 0.357962 -0.06032841
v -0.2183106 0.3474493 -0.02447478
v -0.2227261 0.3476489 -0.02490429
v -0.2150062 0.3580221 -0.05915711
v -0.2150062 0.3580221 -0.05915711
v -0.2227261 0.3476489 -0.02490429
v -0.2240835 0.3297011 -0.02823558
v -0.2180399 0.3393484 -0.06248844
v -0.2223177 0.3602708 -0.02226304
v -0.2146269 0.3580286 -0.05749505
v -0.2166279 0.3583755 -0.05909678
v -0.226467 0.3604876 -0.0226925
v -0.2149482 0.3778713 -0.05576551
v -0.2138158 0.3775245 -0.05416378
v -0.2212014 0.3797666 -0.01893174
v -0.2253507 0.3799834 -0.01936126
v -0.2166279 0.3583755 -0.05909678
v -0.2149482 0.3778713 -0.05576551
v -0.2253507 0.3799834 -0.01936126
v -0.226467 0.3604876 -0.0226925
v -0.2116919 0.2306963 -0.06317262
v -0.2137129 0.2304945 -0.06274137
v -0.2019438 0.2393072 -0.1235488
v -0.1999464 0.2389334 -0.1214997
v -0.2195056 0.1905746 -0.06855398
v -0.2174834 0.1907777 -0.06898577
v -0.203376 0.1995446 -0.1264247
v -0.2053758 0.1999091 -0.1284741
v -0.2174834 0.1907777 -0.06898577
v -0.2116919 0.2306963 -0.06317262
v -0.1999464 0.2389334 -0.1214997
v -0.203376 0.1995446 -0.1264247
v -0.157059 0.2405082 -0.1517292
v -0.1591752 0.2003701 -0.1532745
v -0.1118367 0.2370556 -0.1499548
v -0.1139043 0.1971414 -0.1547411
v -0.07959963 0.2294405 -0.112401
v -0.08473056 0.1899369 -0.1187422
v -0.0783551 0.2199078 -0.06070871
v -0.08097247 0.1801842 -0.06806838
v -0.09309953 0.2156518 -0.00997704
v -0.09110198 0.1759748 -0.01733677
v -0.2137129 0.2304945 -0.06274137
v -0.2195056 0.1905746 -0.06855398
v -0.2053758 0.1999091 -0.1284741
v -0.2019438 0.2393072 -0.1235488
v -0.1595893 0.2004594 -0.1562759
v -0.1574687 0.240613 -0.1547307
v -0.1124319 0.1972829 -0.1578974
v -0.1103628 0.2371986 -0.1531118
v -0.08220543 0.1897371 -0.119472
v -0.07707459 0.2292407 -0.1131309
v -0.07849757 0.1803346 -0.06866013
v -0.07588014 0.2200583 -0.06130046
v -0.08855738 0.176149 -0.01747661
v -0.0905548 0.215826 -0.01011687
v -0.0783551 0.2199078 -0.06070871
v -0.07588014 0.2200583 -0.06130046
v -0.0905548 0.215826 -0.01011687
v -0.09309953 0.2156518 -0.00997704
v -0.09110198 0.1759748 -0.01733677
v -0.08855738 0.176149 -0.01747661
v -0.07849757 0.1803346 -0.06866013
v -0.08097247 0.1801842 -0.06806838
v -0.1124319 0.1972829 -0.1578974
v -0.1139043 0.1971414 -0.1547411
v -0.08473056 0.1899369 -0.1187422
v -0.08220543 0.1897371 -0.119472
v -0.1118367 0.2370556 -0.1499548
v -0.1103628 0.2371986 -0.1531118
v -0.07707459 0.2292407 -0.1131309
v -0.07959963 0.2294405 -0.112401
v -0.1574687 0.240613 -0.1547307
v -0.157059 0.2405082 -0.1517292
v -0.1999464 0.2389334 -0.1214997
v -0.2019438 0.2393072 -0.1235488
v -0.1591752 0.2003701 -0.1532745
v -0.2053758 0.1999091 -0.1284741
v -0.203376 0.1995446 -0.1264247
v -0.1595893 0.2004594 -0.1562759
v -0.1139043 0.1971414 -0.1547411
v -0.1124319 0.1972829 -0.1578974
v -0.08220543 0.1897371 -0.119472
v -0.08473056 0.1899369 -0.1187422
v -0.08097247 0.1801842 -0.06806838
v -0.07849757 0.1803346 -0.06866013
v -0.07959963 0.2294405 -0.112401
v -0.07707459 0.2292407 -0.1131309
v -0.07588014 0.2200583 -0.06130046
v -0.0783551 0.2199078 -0.06070871
v -0.157059 0.2405082 -0.1517292
v -0.1574687 0.240613 -0.1547307
v -0.1103628 0.2371986 -0.1531118
v -0.1118367 0.2370556 -0.1499548
v -0.2105734 0.379015 -0.06124594
v -0.2134313 0.3790385 -0.06071098
v -0.1938838 0.3820977 -0.1129036
v -0.1922559 0.3819788 -0.111582
v -0.2161788 0.3397534 -0.06755678
v -0.2132693 0.3397318 -0.06809169
v -0.1950445 0.3420304 -0.1159973
v -0.1968512 0.3422148 -0.1174149
v -0.2132693 0.3397318 -0.06809169
v -0.2105734 0.379015 -0.06124594
v -0.1922559 0.3819788 -0.111582
v -0.1950445 0.3420304 -0.1159973
v -0.1576399 0.3853822 -0.1368188
v -0.1595935 0.3460916 -0.1419791
v -0.1098401 0.3846358 -0.1392825
v -0.1121152 0.3442327 -0.143623
v -0.067402 0.3821156 -0.1099865
v -0.06826439 0.3423552 -0.1149294
v -0.06149903 0.374579 -0.06418729
v -0.06118612 0.3356519 -0.07255325
v -0.08332288 0.3566924 0.01198796
v -0.07772458 0.3196254 0.004500298
v -0.2134313 0.3790385 -0.06071098
v -0.2161788 0.3397534 -0.06755678
v -0.1968512 0.3422148 -0.1174149
v -0.1938838 0.3820977 -0.1129036
v -0.1603587 0.3451598 -0.1431974
v -0.1584027 0.3844514 -0.1380361
v -0.1112542 0.344438 -0.1455521
v -0.1089739 0.3848415 -0.1412136
v -0.06650437 0.3424095 -0.1163263
v -0.06563088 0.3821833 -0.1113901
v -0.05820143 0.3357938 -0.07296845
v -0.05856653 0.3747124 -0.0646207
v -0.07517873 0.3200699 0.004506686
v -0.0807361 0.3571299 0.01201209
v -0.1089739 0.3848415 -0.1412136
v -0.1098401 0.3846358 -0.1392825
v -0.1576399 0.3853822 -0.1368188
v -0.1584027 0.3844514 -0.1380361
v -0.1121152 0.3442327 -0.143623
v -0.1112542 0.344438 -0.1455521
v -0.1603587 0.3451598 -0.1431974
v -0.1595935 0.3460916 -0.1419791
v -0.05856653 0.3747124 -0.0646207
v -0.06149903 0.374579 -0.06418729
v -0.067402 0.3821156 -0.1099865
v -0.06563088 0.3821833 -0.1113901
v -0.06118612 0.3356519 -0.07255325
v -0.05820143 0.3357938 -0.07296845
v -0.06650437 0.3424095 -0.1163263
v -0.06826439 0.3423552 -0.1149294
v -0.1584027 0.3844514 -0.1380361
v -0.1576399 0.3853822 -0.1368188
v -0.1922559 0.3819788 -0.111582
v -0.1938838 0.3820977 -0.1129036
v -0.1595935 0.3460916 -0.1419791
v -0.1603587 0.3451598 -0.1431974
v -0.1968512 0.3422148 -0.1174149
v -0.1950445 0.3420304 -0.1159973
v -0.06563088 0.3821833 -0.1113901
v -0.067402 0.3821156 -0.1099865
v -0.1098401 0.3846358 -0.1392825
v -0.1089739 0.3848415 -0.1412136
v -0.06826439 0.3423552 -0.1149294
v -0.06650437 0.3424095 -0.1163263
v -0.1112542 0.344438 -0.1455521
v -0.1121152 0.3442327 -0.143623
v -0.07772458 0.3196254 0.004500298
v -0.07517873 0.3200699 0.004506686
v -0.05820143 0.3357938 -0.07296845
v -0.06118612 0.3356519 -0.07255325
v -0.05856653 0.3747124 -0.0646207
v -0.0807361 0.3571299 0.01201209
v -0.08332288 0.3566924 0.01198796
v -0.06149903 0.374579 -0.06418729
v 0.2116919 0.2306963 -0.06317262
v 0.1999464 0.2389334 -0.1214997
v 0.2019438 0.2393072 -0.1235488
v 0.2137129 0.2304945 -0.06274137
v 0.2195056 0.1905746 -0.06855398
v 0.2053758 0.1999091 -0.1284741
v 0.203376 0.1995446 -0.1264247
v 0.2174834 0.1907777 -0.06898577
v 0.2174834 0.1907777 -0.06898577
v 0.1999464 0.2389334 -0.1214997
v 0.2116919 0.2306963 -0.06317262
v 0.203376 0.1995446 -0.1264247
v 0.157059 0.2405082 -0.1517292
v 0.1591752 0.2003701 -0.1532745
v 0.1118367 0.2370556 -0.1499548
v 0.1139043 0.1971414 -0.1547411
v 0.07959963 0.2294405 -0.112401
v 0.08473056 0.1899369 -0.1187422
v 0.0783551 0.2199078 -0.06070871
v 0.08097247 0.1801842 -0.06806838
v 0.09309953 0.2156518 -0.00997704
v 0.09110198 0.1759748 -0.01733677
v 0.2137129 0.2304945 -0.06274137
v 0.2053758 0.1999091 -0.1284741
v 0.2195056 0.1905746 -0.06855398
v 0.2019438 0.2393072 -0.1235488
v 0.1595893 0.2004594 -0.1562759
v 0.1574687 0.240613 -0.1547307
v 0.1124319 0.1972829 -0.1578974
v 0.1103628 0.2371986 -0.1531118
v 0.08220543 0.1897371 -0.119472
v 0.07707459 0.2292407 -0.1131309
v 0.07849757 0.1803346 -0.06866013
v 0.07588014 0.2200583 -0.06130046
v 0.08855738 0.176149 -0.01747661
v 0.0905548 0.215826 -0.01011687
v 0.157059 0.2405082 -0.1517292
v 0.1118367 0.2370556 -0.1499548
v 0.1103628 0.2371986 -0.1531118
v 0.1574687 0.240613 -0.1547307
v 0.1595893 0.2004594 -0.1562759
v 0.1124319 0.1972829 -0.1578974
v 0.1139043 0.1971414 -0.1547411
v 0.1591752 0.2003701 -0.1532745
v 0.2053758 0.1999091 -0.1284741
v 0.203376 0.1995446 -0.1264247
v 0.0783551 0.2199078 -0.06070871
v 0.09309953 0.2156518 -0.00997704
v 0.0905548 0.215826 -0.01011687
v 0.07588014 0.2200583 -0.06130046
v 0.09110198 0.1759748 -0.01733677
v 0.08097247 0.1801842 -0.06806838
v 0.07849757 0.1803346 -0.06866013
v 0.08855738 0.176149 -0.01747661
v 0.1574687 0.240613 -0.1547307
v 0.2019438 0.2393072 -0.1235488
v 0.1999464 0.2389334 -0.1214997
v 0.157059 0.2405082 -0.1517292
v 0.1124319 0.1972829 -0.1578974
v 0.08220543 0.1897371 -0.119472
v 0.08473056 0.1899369 -0.1187422
v 0.1139043 0.1971414 -0.1547411
v 0.1118367 0.2370556 -0.1499548
v 0.07959963 0.2294405 -0.112401
v 0.07707459 0.2292407 -0.1131309
v 0.1103628 0.2371986 -0.1531118
v 0.08220543 0.1897371 -0.119472
v 0.07849757 0.1803346 -0.06866013
v 0.08097247 0.1801842 -0.06806838
v 0.08473056 0.1899369 -0.1187422
v 0.07959963 0.2294405 -0.112401
v 0.0783551 0.2199078 -0.06070871
v 0.07588014 0.2200583 -0.06130046
v 0.07707459 0.2292407 -0.1131309
v 0.2041768 0.4764321 -0.04142075
v 0.2068102 0.4538142 -0.04453151
v 0.2020811 0.4530466 -0.04295344
v 0.1994474 0.4756644 -0.03984283
v 0.2058843 0.4553446 -0.0564423
v 0.2068102 0.4538142 -0.04453151
v 0.2041768 0.4764321 -0.04142075
v 0.2032395 0.4779606 -0.05332855
v 0.1976615 0.4770611 -0.05150903
v 0.2003048 0.4544448 -0.05462247
v 0.2058843 0.4553446 -0.0564423
v 0.2032395 0.4779606 -0.05332855
v 0.2032395 0.4779606 -0.05332855
v 0.2041768 0.4764321 -0.04142075
v 0.1994474 0.4756644 -0.03984283
v 0.1976615 0.4770611 -0.05150903
v 0.2068102 0.4538142 -0.04453151
v 0.2058843 0.4553446 -0.0564423
v 0.2003048 0.4544448 -0.05462247
v 0.2020811 0.4530466 -0.04295344
v 0.2035627 0.4748667 -0.04937729
v 0.186516 0.4798263 -0.09228949
v 0.2057965 0.4751225 -0.04934553
v 0.1832657 0.4792066 -0.09007074
v 0.153016 0.4829754 -0.1176979
v 0.1514198 0.4817914 -0.1143128
v 0.1046412 0.4821875 -0.1189863
v 0.1052397 0.4810444 -0.1156772
v 0.06932141 0.4752757 -0.09424459
v 0.07199126 0.4751518 -0.09302372
v 0.2057965 0.4751225 -0.04934553
v 0.2008909 0.4745156 -0.04910405
v 0.2010566 0.4742532 -0.04704893
v 0.2078606 0.4575358 -0.05176918
v 0.1841788 0.4615328 -0.09274229
v 0.2056276 0.4572802 -0.05180128
v 0.1874652 0.4621855 -0.09514823
v 0.1526354 0.4641553 -0.1176344
v 0.1541515 0.4655559 -0.1216712
v 0.1058699 0.4648069 -0.1229893
v 0.1064625 0.4634165 -0.1189995
v 0.07273138 0.4574799 -0.09527615
v 0.07044701 0.4576155 -0.09647572
v 0.2056276 0.4572802 -0.05180128
v 0.2030463 0.4566551 -0.0494482
v 0.2028803 0.4569173 -0.05150352
v 0.2008909 0.4745156 -0.04910405
v 0.2028803 0.4569173 -0.05150352
v 0.2056276 0.4572802 -0.05180128
v 0.2035627 0.4748667 -0.04937729
v 0.1832657 0.4792066 -0.09007074
v 0.1841788 0.4615328 -0.09274229
v 0.1514198 0.4817914 -0.1143128
v 0.1526354 0.4641553 -0.1176344
v 0.1064625 0.4634165 -0.1189995
v 0.1052397 0.4810444 -0.1156772
v 0.07199126 0.4751518 -0.09302372
v 0.07273138 0.4574799 -0.09527615
v 0.05334625 0.4643149 -0.04862087
v 0.054501 0.4467413 -0.05059594
v 0.06068099 0.4562934 0.0208461
v 0.06168405 0.4387043 0.01784178
v 0.2030463 0.4566551 -0.0494482
v 0.2010566 0.4742532 -0.04704893
v 0.2057965 0.4751225 -0.04934553
v 0.2078606 0.4575358 -0.05176918
v 0.1874652 0.4621855 -0.09514823
v 0.186516 0.4798263 -0.09228949
v 0.1541515 0.4655559 -0.1216712
v 0.153016 0.4829754 -0.1176979
v 0.1046412 0.4821875 -0.1189863
v 0.1058699 0.4648069 -0.1229893
v 0.07044701 0.4576155 -0.09647572
v 0.06932141 0.4752757 -0.09424459
v 0.05192462 0.4467736 -0.05111664
v 0.05067578 0.4643673 -0.04921467
v 0.05917178 0.4385706 0.01778325
v 0.05816883 0.4561598 0.0207876
v 0.05816883 0.4561598 0.0207876
v 0.05067578 0.4643673 -0.04921467
v 0.05334625 0.4643149 -0.04862087
v 0.06068099 0.4562934 0.0208461
v 0.06168405 0.4387043 0.01784178
v 0.054501 0.4467413 -0.05059594
v 0.05192462 0.4467736 -0.05111664
v 0.05917178 0.4385706 0.01778325
v 0.07044701 0.4576155 -0.09647572
v 0.05192462 0.4467736 -0.05111664
v 0.054501 0.4467413 -0.05059594
v 0.07273138 0.4574799 -0.09527615
v 0.07199126 0.4751518 -0.09302372
v 0.05334625 0.4643149 -0.04862087
v 0.05067578 0.4643673 -0.04921467
v 0.06932141 0.4752757 -0.09424459
v 0.05541238 0.5400648 0.05173917
v 0.07101236 0.5428409 0.03474637
v 0.08380822 0.5718298 0.05743951
v 0.06117157 0.505298 0.02345803
v 0.07557175 0.5725722 0.0822411
v 0.1067273 0.5934333 0.07043809
v 0.1101959 0.5886359 0.09333663
v 0.1420213 0.6008451 0.07001713
v 0.06845444 0.5413307 0.07348321
v 0.06440134 0.5031517 0.07060901
v 0.1132073 0.5175999 0.09189174
v 0.1525773 0.5941273 0.08959345
v 0.04264537 0.4990356 0.038544
v 0.03694913 0.4545884 0.02534921
v 0.03933695 0.3966591 0.01461309
v 0.04682559 0.39705 0.005583412
v 0.1753556 0.5886647 0.07837497
v 0.1588125 0.5971246 0.06192695
v 0.1961572 0.5694634 0.04759198
v 0.1793783 0.5741561 0.03871915
v 0.1898543 0.5501932 0.06019518
v 0.2086181 0.5506731 0.03166003
v 0.1881923 0.5583943 0.02559102
v 0.2199602 0.5125557 0.01683064
v 0.2062647 0.517416 0.009498885
v 0.06206982 0.4623004 0.06831485
v 0.07940814 0.1405675 -0.0170133
v 0.09024747 0.1417291 -0.02923422
v 0.1979982 0.5127912 0.05826493
v 0.2283354 0.4706722 0.002085272
v 0.2196056 0.4185163 -0.0272566
v 0.2044038 0.4736184 0.05607142
v 0.2347247 0.4152732 -0.01939291
v 0.06269848 0.4063053 0.05604481
v 0.09577984 0.1404484 0.0136737
v 0.08840313 0.07111282 -0.006505089
v 0.1005345 0.07512753 -0.02370217
v 0.1166338 0.4148248 0.07955699
v 0.1108735 0.06850173 -0.002122921
v 0.1146241 0.07475965 -0.01278707
v 0.2260162 0.1614805 -0.02036036
v 0.2209703 0.1556487 -0.03739151
v 0.2171622 0.08639919 -0.03027621
v 0.1141791 0.4728614 0.09149914
v 0.1642705 0.416898 0.07868849
v 0.1377984 0.1532639 0.04228204
v 0.1056244 0.0702256 0.00829764
v 0.1185989 0.09222671 0.02427943
v 0.1336135 0.1125271 0.03124736
v 0.1204352 0.0875468 0.01299137
v 0.1581501 0.117179 0.02499906
v 0.1205166 0.09057868 0.000885941
v 0.1581368 0.12335 0.0120169
v 0.1452926 0.1198034 0.03821538
v 0.1791638 0.1534702 0.04204756
v 0.198902 0.08842371 0.009188018
v 0.1964108 0.09630779 -0.006832622
v 0.1700593 0.1202849 0.03824703
v 0.1882548 0.1072674 0.0306089
v 0.2013881 0.09068047 0.02268281
v 0.2117516 0.0774648 -0.003237268
v 0.2086082 0.08162231 -0.01548611
v 0.2147206 0.1554431 0.004450957
v 0.214343 0.08161752 0.007948586
v 0.2282678 0.08652112 -0.01208746
v 0.2081247 0.4171823 0.04240547
v 0.1754662 0.4744457 0.07515878
v 0.1560229 0.4750016 0.08798364
v 0.1706876 0.5111532 0.07768069
v 0.1549048 0.5102066 0.0889011
v 0.170246 0.5210378 0.07745185
v 0.1546764 0.5203819 0.08889888
v 0.113403 0.5078622 0.0918324
v -0.05541238 0.5400648 0.05173917
v -0.08380822 0.5718298 0.05743951
v -0.07101236 0.5428409 0.03474637
v -0.06117157 0.505298 0.02345803
v -0.07557175 0.5725722 0.0822411
v -0.1067273 0.5934333 0.07043809
v -0.1101959 0.5886359 0.09333663
v -0.1420213 0.6008451 0.07001713
v -0.06845444 0.5413307 0.07348321
v -0.06440134 0.5031517 0.07060901
v -0.1132073 0.5175999 0.09189174
v -0.1525773 0.5941273 0.08959345
v -0.113403 0.5078622 0.0918324
v -0.1546764 0.5203819 0.08889888
v -0.170246 0.5210378 0.07745185
v -0.1141791 0.4728614 0.09149914
v -0.1753556 0.5886647 0.07837497
v -0.1588125 0.5971246 0.06192695
v -0.1898543 0.5501932 0.06019518
v -0.1706876 0.5111532 0.07768069
v -0.1961572 0.5694634 0.04759198
v -0.1793783 0.5741561 0.03871915
v -0.2086181 0.5506731 0.03166003
v -0.1881923 0.5583943 0.02559102
v -0.1979982 0.5127912 0.05826493
v -0.1754662 0.4744457 0.07515878
v -0.2199602 0.5125557 0.01683064
v -0.2062647 0.517416 0.009498885
v -0.2044038 0.4736184 0.05607142
v -0.1642705 0.416898 0.07868849
v -0.1560229 0.4750016 0.08798364
v -0.2283354 0.4706722 0.002085272
v -0.2196056 0.4185163 -0.0272566
v -0.2347247 0.4152732 -0.01939291
v -0.2209703 0.1556487 -0.03739151
v -0.2081247 0.4171823 0.04240547
v -0.2260162 0.1614805 -0.02036036
v -0.2171622 0.08639919 -0.03027621
v -0.2147206 0.1554431 0.004450957
v -0.2282678 0.08652112 -0.01208746
v -0.2086082 0.08162231 -0.01548611
v -0.214343 0.08161752 0.007948586
v -0.2117516 0.0774648 -0.003237268
v -0.1964108 0.09630779 -0.006832622
v -0.198902 0.08842371 0.009188018
v -0.1581368 0.12335 0.0120169
v -0.1581501 0.117179 0.02499906
v -0.2013881 0.09068047 0.02268281
v -0.1882548 0.1072674 0.0306089
v -0.1791638 0.1534702 0.04204756
v -0.1204352 0.0875468 0.01299137
v -0.1205166 0.09057868 0.000885941
v -0.1146241 0.07475965 -0.01278707
v -0.1166338 0.4148248 0.07955699
v -0.1700593 0.1202849 0.03824703
v -0.1452926 0.1198034 0.03821538
v -0.1377984 0.1532639 0.04228204
v -0.1336135 0.1125271 0.03124736
v -0.09577984 0.1404484 0.0136737
v -0.1108735 0.06850173 -0.002122921
v -0.1005345 0.07512753 -0.02370217
v -0.1185989 0.09222671 0.02427943
v -0.06206982 0.4623004 0.06831485
v -0.06269848 0.4063053 0.05604481
v -0.03933695 0.3966591 0.01461309
v -0.08840313 0.07111282 -0.006505089
v -0.09024747 0.1417291 -0.02923422
v -0.1056244 0.0702256 0.00829764
v -0.07940814 0.1405675 -0.0170133
v -0.04682559 0.39705 0.005583412
v -0.03694913 0.4545884 0.02534921
v -0.04264537 0.4990356 0.038544
v -0.6672654 1.459241 0.04526591
v -0.6853629 1.46489 0.04565363
v -0.7014111 1.466885 0.00328633
v -0.6619285 1.431242 0.02452317
v -0.6681432 1.468962 0.04539345
v -0.6656783 1.424473 -0.01196326
v -0.6589484 1.491994 0.03645246
v -0.675306 1.432496 -0.03336316
v -0.6703957 1.518055 0.003782091
v -0.6821357 1.455814 -0.04828391
v -0.6820031 1.509155 -0.02758743
v -0.689974 1.473733 -0.04626703
v -0.6918406 1.482452 -0.03816487
v -0.6999146 1.473971 -0.03251841
v 0.6672648 1.459237 0.04526352
v 0.7014115 1.466885 0.003285391
v 0.6853623 1.464886 0.04565209
v 0.6619285 1.431239 0.02451801
v 0.6681424 1.468958 0.04539199
v 0.6656792 1.424474 -0.01196883
v 0.6589476 1.491991 0.03645275
v 0.6753072 1.432499 -0.03336774
v 0.6703954 1.518054 0.003784726
v 0.682137 1.455819 -0.04828633
v 0.6820036 1.509157 -0.02758524
v 0.6899751 1.473738 -0.04626768
v 0.6918415 1.482455 -0.03816474
v 0.6999155 1.473974 -0.03251885
vt 0.9891739 0.2255998
vt 0.9922068 0.2239282
vt 0.9899015 0.2300179
vt 0.9873536 0.2245562
vt 0.9894943 0.2255446
vt 0.9899015 0.2300179
vt 0.7148565 0.2851007
vt 0.7152177 0.2730155
vt 0.7156128 0.2857735
vt 0.711749 0.2754543
vt 0.7037278 0.2716905
vt 0.6914532 0.2700241
vt 0.7115626 0.2821703
vt 0.7049786 0.2842106
vt 0.6914957 0.2839017
vt 0.6925812 0.280645
vt 0.7076011 0.2810634
vt 0.6821945 0.279651
vt 0.6823241 0.2834156
vt 0.6692486 0.2748466
vt 0.6780578 0.2827765
vt 0.6703663 0.2766059
vt 0.6678184 0.2751406
vt 0.6654769 0.2758266
vt 0.6726065 0.2816439
vt 0.6730169 0.2838766
vt 0.6747922 0.2842116
vt 0.6760979 0.2855205
vt 0.6674968 0.2891619
vt 0.6735449 0.293816
vt 0.6790503 0.2922494
vt 0.6800207 0.2944606
vt 0.6743313 0.2989359
vt 0.6674926 0.2953314
vt 0.6553015 0.2901061
vt 0.6575012 0.282446
vt 0.6501085 0.2867729
vt 0.6541108 0.2718752
vt 0.6506513 0.2790596
vt 0.6435366 0.2754899
vt 0.6438148 0.2812925
vt 0.6373395 0.2759188
vt 0.6413351 0.2675751
vt 0.6617625 0.2715496
vt 0.6793267 0.2671206
vt 0.6558194 0.2651386
vt 0.6537021 0.2585648
vt 0.626119 0.2608352
vt 0.6256462 0.2664044
vt 0.6232373 0.2717862
vt 0.6152138 0.2718157
vt 0.6160047 0.2650225
vt 0.6098529 0.2724321
vt 0.6790401 0.2702388
vt 0.6832746 0.2721733
vt 0.6794621 0.2680583
vt 0.6843356 0.269382
vt 0.6796757 0.2675958
vt 0.6947821 0.2744762
vt 0.7082208 0.2760195
vt 0.685113 0.2658861
vt 0.6849662 0.2681696
vt 0.6986052 0.2699262
vt 0.6804912 0.2589502
vt 0.6998482 0.2656024
vt 0.6865917 0.259982
vt 0.7087189 0.2651051
vt 0.7161726 0.2696842
vt 0.7012086 0.2604668
vt 0.7086366 0.2607641
vt 0.716168 0.2559334
vt 0.7005262 0.2561637
vt 0.6867363 0.2568128
vt 0.681322 0.2569486
vt 0.6803583 0.2568752
vt 0.6811641 0.2566493
vt 0.6756681 0.2489406
vt 0.6533368 0.2498696
vt 0.6886965 0.252728
vt 0.6878309 0.2558498
vt 0.6976043 0.2511389
vt 0.6993624 0.254958
vt 0.7117507 0.2549067
vt 0.686771 0.2488737
vt 0.7051017 0.2518456
vt 0.7087036 0.2420471
vt 0.705073 0.244719
vt 0.6972864 0.2468967
vt 0.6963016 0.2433189
vt 0.684063 0.2451524
vt 0.6762187 0.2461129
vt 0.6761341 0.2456115
vt 0.6738391 0.2477332
vt 0.6781572 0.2447864
vt 0.6546942 0.2438844
vt 0.6758552 0.2452299
vt 0.6822317 0.2415344
vt 0.6842704 0.2434442
vt 0.7012076 0.2405328
vt 0.6991183 0.2320605
vt 0.6746777 0.2388009
vt 0.681298 0.2368845
vt 0.6819096 0.2318678
vt 0.6743679 0.2324385
vt 0.6579741 0.2349785
vt 0.650429 0.236854
vt 0.623737 0.2401597
vt 0.6279731 0.2484435
vt 0.6189649 0.2445897
vt 0.6260227 0.2524732
vt 0.6123196 0.2462483
vt 0.6118593 0.2439049
vt 0.6149454 0.2515251
vt 0.6067206 0.2468941
vt 0.6047536 0.2432202
vt 0.604804 0.2448385
vt 0.6059973 0.2510653
vt 0.6078389 0.2512229
vt 0.6076021 0.2581317
vt 0.6161634 0.2596688
vt 0.6092595 0.2589964
vt 0.6096438 0.2646299
vt 0.6076473 0.2637694
vt 0.6076995 0.2702977
vt 0.7485803 0.2382717
vt 0.7508435 0.2550883
vt 0.7427238 0.2533064
vt 0.7585914 0.2416517
vt 0.7583271 0.2557614
vt 0.7513307 0.2304354
vt 0.7652895 0.2328513
vt 0.7486132 0.224148
vt 0.7662835 0.2455044
vt 0.7711104 0.2399105
vt 0.7809411 0.2347095
vt 0.7547596 0.2138014
vt 0.7405471 0.2166716
vt 0.7378176 0.206536
vt 0.7198334 0.2100123
vt 0.7659404 0.2080406
vt 0.7733384 0.2242823
vt 0.7820451 0.2174816
vt 0.7924573 0.2273856
vt 0.810107 0.2151261
vt 0.7758751 0.2072904
vt 0.7170237 0.2024093
vt 0.7091273 0.2109037
vt 0.8016278 0.2047853
vt 0.8010237 0.1919106
vt 0.7614293 0.1906089
vt 0.7578275 0.1670928
vt 0.7540888 0.1916626
vt 0.814974 0.201088
vt 0.7263249 0.1996513
vt 0.7272059 0.1875748
vt 0.7287339 0.1803605
vt 0.8243546 0.2031955
vt 0.8226571 0.2118303
vt 0.832019 0.21074
vt 0.7142124 0.1911261
vt 0.7078868 0.2032263
vt 0.6895823 0.2039559
vt 0.6881766 0.2116734
vt 0.7059935 0.192075
vt 0.6689459 0.205491
vt 0.6619002 0.2118396
vt 0.6619725 0.1873181
vt 0.669782 0.1952118
vt 0.6860805 0.1859049
vt 0.6893401 0.1934378
vt 0.7050966 0.1853931
vt 0.7125334 0.1846973
vt 0.7195796 0.1844297
vt 0.7200159 0.1816341
vt 0.7254058 0.1794343
vt 0.7087467 0.1814428
vt 0.7266182 0.1612442
vt 0.7072672 0.1757869
vt 0.6813517 0.180718
vt 0.7051948 0.1650811
vt 0.683592 0.1744414
vt 0.6578264 0.1791453
vt 0.6643218 0.174735
vt 0.6603843 0.156378
vt 0.6850079 0.1639951
vt 0.6665269 0.1629774
vt 0.6826366 0.158214
vt 0.7045145 0.1597428
vt 0.7200718 0.1599581
vt 0.7200928 0.1584936
vt 0.7272351 0.158681
vt 0.7066572 0.1519446
vt 0.704543 0.155453
vt 0.7311362 0.1455314
vt 0.7368214 0.1601376
vt 0.693337 0.1494571
vt 0.6884896 0.1529431
vt 0.7086796 0.1425102
vt 0.6837105 0.1479135
vt 0.6726979 0.1513722
vt 0.6803061 0.1325926
vt 0.6954367 0.1404504
vt 0.6864963 0.138861
vt 0.6959577 0.1350828
vt 0.7098711 0.1374067
vt 0.7204831 0.1391614
vt 0.7222874 0.1366912
vt 0.7334267 0.1400674
vt 0.7174762 0.133504
vt 0.7398864 0.1460639
vt 0.7208779 0.1318591
vt 0.7260945 0.1232488
vt 0.7101408 0.1295647
vt 0.7469251 0.1351965
vt 0.7606097 0.1427872
vt 0.7124747 0.1262289
vt 0.7005761 0.1203186
vt 0.6921793 0.1221755
vt 0.7169074 0.1181926
vt 0.7044986 0.1116856
vt 0.6996692 0.1037137
vt 0.7200195 0.1129654
vt 0.7293832 0.1169248
vt 0.7549669 0.1274414
vt 0.76695 0.129596
vt 0.8029873 0.1516359
vt 0.805164 0.136119
vt 0.8126582 0.135676
vt 0.8002594 0.1725444
vt 0.8192874 0.1726321
vt 0.8201721 0.1542708
vt 0.8378322 0.173883
vt 0.8208919 0.1892658
vt 0.8253933 0.1406751
vt 0.8256148 0.1375905
vt 0.8385714 0.1395051
vt 0.8364338 0.1541635
vt 0.8364476 0.1429082
vt 0.8403407 0.1419188
vt 0.8413675 0.1540755
vt 0.8426578 0.1745018
vt 0.8419805 0.1898333
vt 0.8369203 0.1901315
vt 0.824322 0.1979701
vt 0.8354224 0.1966446
vt 0.8410404 0.1982452
vt 0.8385017 0.2000561
vt 0.8263311 0.1997845
vt 0.8349721 0.2030792
vt 0.8405001 0.20136
vt 0.8377092 0.2120275
vt 0.815783 0.2598629
vt 0.8015935 0.2609651
vt 0.794645 0.2598362
vt 0.8096366 0.2504355
vt 0.7947786 0.2551935
vt 0.8007805 0.2369777
vt 0.8234189 0.2592047
vt 0.804932 0.2392497
vt 0.8057119 0.2319424
vt 0.8181052 0.2445399
vt 0.8143171 0.2304403
vt 0.8161198 0.2236407
vt 0.8240912 0.2448811
vt 0.8244507 0.2579166
vt 0.8244829 0.2249029
vt 0.8254577 0.2163988
vt 0.8246911 0.2324985
vt 0.825959 0.2240329
vt 0.8260779 0.215509
vt 0.8251984 0.2439229
vt 0.8258393 0.2318715
vt 0.8389523 0.2325432
vt 0.8360133 0.2232503
vt 0.8459387 0.23243
vt 0.8357962 0.2392365
vt 0.8509089 0.237332
vt 0.8325448 0.2465554
vt 0.8444479 0.2459722
vt 0.8545506 0.253758
vt 0.8547326 0.2623346
vt 0.8439667 0.2526811
vt 0.8402234 0.2604006
vt 0.8486588 0.264051
vt 0.7148565 0.2851007
vt 0.7156128 0.2857735
vt 0.7152177 0.2730155
vt 0.711749 0.2754543
vt 0.7037278 0.2716905
vt 0.6914532 0.2700241
vt 0.7115626 0.2821703
vt 0.7049786 0.2842106
vt 0.6914957 0.2839017
vt 0.6925812 0.280645
vt 0.7076011 0.2810634
vt 0.6821945 0.279651
vt 0.6823241 0.2834156
vt 0.6692486 0.2748466
vt 0.6780578 0.2827765
vt 0.6703663 0.2766059
vt 0.6678184 0.2751406
vt 0.6654769 0.2758266
vt 0.6726065 0.2816439
vt 0.6730169 0.2838766
vt 0.6747922 0.2842116
vt 0.6760979 0.2855205
vt 0.6674968 0.2891619
vt 0.6735449 0.293816
vt 0.6790503 0.2922494
vt 0.6800207 0.2944606
vt 0.6743313 0.2989359
vt 0.6674926 0.2953314
vt 0.6553015 0.2901061
vt 0.6575012 0.282446
vt 0.6501085 0.2867729
vt 0.6541108 0.2718752
vt 0.6506513 0.2790596
vt 0.6435366 0.2754899
vt 0.6438148 0.2812925
vt 0.6373395 0.2759188
vt 0.6413351 0.2675751
vt 0.6617625 0.2715496
vt 0.6793267 0.2671206
vt 0.6558194 0.2651386
vt 0.6537021 0.2585648
vt 0.6256462 0.2664044
vt 0.6232373 0.2717862
vt 0.6152138 0.2718157
vt 0.626119 0.2608352
vt 0.6260227 0.2524732
vt 0.6160047 0.2650225
vt 0.6098529 0.2724321
vt 0.6790401 0.2702388
vt 0.6832746 0.2721733
vt 0.6794621 0.2680583
vt 0.6843356 0.269382
vt 0.6796757 0.2675958
vt 0.6947821 0.2744762
vt 0.7082208 0.2760195
vt 0.685113 0.2658861
vt 0.6849662 0.2681696
vt 0.6986052 0.2699262
vt 0.6804912 0.2589502
vt 0.6998482 0.2656024
vt 0.6865917 0.259982
vt 0.7087189 0.2651051
vt 0.7161726 0.2696842
vt 0.716168 0.2559334
vt 0.7012086 0.2604668
vt 0.7086366 0.2607641
vt 0.7005262 0.2561637
vt 0.6867363 0.2568128
vt 0.681322 0.2569486
vt 0.6803583 0.2568752
vt 0.6811641 0.2566493
vt 0.6756681 0.2489406
vt 0.6533368 0.2498696
vt 0.6886965 0.252728
vt 0.6878309 0.2558498
vt 0.6976043 0.2511389
vt 0.6993624 0.254958
vt 0.7117507 0.2549067
vt 0.6546942 0.2438844
vt 0.6738391 0.2477332
vt 0.6279731 0.2484435
vt 0.686771 0.2488737
vt 0.7051017 0.2518456
vt 0.7087036 0.2420471
vt 0.705073 0.244719
vt 0.6972864 0.2468967
vt 0.6963016 0.2433189
vt 0.684063 0.2451524
vt 0.6762187 0.2461129
vt 0.6761341 0.2456115
vt 0.6781572 0.2447864
vt 0.6758552 0.2452299
vt 0.6822317 0.2415344
vt 0.6842704 0.2434442
vt 0.7012076 0.2405328
vt 0.6991183 0.2320605
vt 0.6746777 0.2388009
vt 0.681298 0.2368845
vt 0.6819096 0.2318678
vt 0.6743679 0.2324385
vt 0.6579741 0.2349785
vt 0.650429 0.236854
vt 0.623737 0.2401597
vt 0.6189649 0.2445897
vt 0.6123196 0.2462483
vt 0.6118593 0.2439049
vt 0.6149454 0.2515251
vt 0.6067206 0.2468941
vt 0.6047536 0.2432202
vt 0.604804 0.2448385
vt 0.6059973 0.2510653
vt 0.6078389 0.2512229
vt 0.6076021 0.2581317
vt 0.6161634 0.2596688
vt 0.6092595 0.2589964
vt 0.6096438 0.2646299
vt 0.6076473 0.2637694
vt 0.6076995 0.2702977
vt 0.7485803 0.2382717
vt 0.7427238 0.2533064
vt 0.7508435 0.2550883
vt 0.7585914 0.2416517
vt 0.7583271 0.2557614
vt 0.7513307 0.2304354
vt 0.7652895 0.2328513
vt 0.7486132 0.224148
vt 0.7662835 0.2455044
vt 0.7711104 0.2399105
vt 0.7809411 0.2347095
vt 0.7547596 0.2138014
vt 0.7405471 0.2166716
vt 0.7378176 0.206536
vt 0.7198334 0.2100123
vt 0.7659404 0.2080406
vt 0.7733384 0.2242823
vt 0.7820451 0.2174816
vt 0.7924573 0.2273856
vt 0.7758751 0.2072904
vt 0.8016278 0.2047853
vt 0.810107 0.2151261
vt 0.7170237 0.2024093
vt 0.7091273 0.2109037
vt 0.7614293 0.1906089
vt 0.8010237 0.1919106
vt 0.814974 0.201088
vt 0.7540888 0.1916626
vt 0.7578275 0.1670928
vt 0.7263249 0.1996513
vt 0.7272059 0.1875748
vt 0.8243546 0.2031955
vt 0.8226571 0.2118303
vt 0.832019 0.21074
vt 0.8002594 0.1725444
vt 0.7287339 0.1803605
vt 0.8192874 0.1726321
vt 0.8208919 0.1892658
vt 0.8378322 0.173883
vt 0.8029873 0.1516359
vt 0.8201721 0.1542708
vt 0.824322 0.1979701
vt 0.8263311 0.1997845
vt 0.8369203 0.1901315
vt 0.8354224 0.1966446
vt 0.8385017 0.2000561
vt 0.8410404 0.1982452
vt 0.8419805 0.1898333
vt 0.8426578 0.1745018
vt 0.8413675 0.1540755
vt 0.8349721 0.2030792
vt 0.8405001 0.20136
vt 0.8377092 0.2120275
vt 0.8364338 0.1541635
vt 0.8403407 0.1419188
vt 0.8364476 0.1429082
vt 0.8385714 0.1395051
vt 0.8253933 0.1406751
vt 0.8256148 0.1375905
vt 0.8126582 0.135676
vt 0.805164 0.136119
vt 0.7606097 0.1427872
vt 0.76695 0.129596
vt 0.7469251 0.1351965
vt 0.7549669 0.1274414
vt 0.7260945 0.1232488
vt 0.7293832 0.1169248
vt 0.7200195 0.1129654
vt 0.7398864 0.1460639
vt 0.7334267 0.1400674
vt 0.7311362 0.1455314
vt 0.7368214 0.1601376
vt 0.7266182 0.1612442
vt 0.7272351 0.158681
vt 0.7254058 0.1794343
vt 0.7169074 0.1181926
vt 0.7044986 0.1116856
vt 0.6996692 0.1037137
vt 0.6921793 0.1221755
vt 0.7005761 0.1203186
vt 0.7124747 0.1262289
vt 0.7101408 0.1295647
vt 0.7208779 0.1318591
vt 0.7174762 0.133504
vt 0.7222874 0.1366912
vt 0.7204831 0.1391614
vt 0.7098711 0.1374067
vt 0.7086796 0.1425102
vt 0.7066572 0.1519446
vt 0.6954367 0.1404504
vt 0.6959577 0.1350828
vt 0.6803061 0.1325926
vt 0.693337 0.1494571
vt 0.7200928 0.1584936
vt 0.704543 0.155453
vt 0.7200718 0.1599581
vt 0.6884896 0.1529431
vt 0.7045145 0.1597428
vt 0.6837105 0.1479135
vt 0.6726979 0.1513722
vt 0.6864963 0.138861
vt 0.7051948 0.1650811
vt 0.6850079 0.1639951
vt 0.6826366 0.158214
vt 0.6665269 0.1629774
vt 0.6603843 0.156378
vt 0.6643218 0.174735
vt 0.6578264 0.1791453
vt 0.683592 0.1744414
vt 0.6813517 0.180718
vt 0.7072672 0.1757869
vt 0.7087467 0.1814428
vt 0.7200159 0.1816341
vt 0.7195796 0.1844297
vt 0.7142124 0.1911261
vt 0.7125334 0.1846973
vt 0.7059935 0.192075
vt 0.7050966 0.1853931
vt 0.7078868 0.2032263
vt 0.6895823 0.2039559
vt 0.6881766 0.2116734
vt 0.6893401 0.1934378
vt 0.6860805 0.1859049
vt 0.669782 0.1952118
vt 0.6619725 0.1873181
vt 0.6689459 0.205491
vt 0.6619002 0.2118396
vt 0.815783 0.2598629
vt 0.794645 0.2598362
vt 0.8015935 0.2609651
vt 0.8096366 0.2504355
vt 0.7947786 0.2551935
vt 0.8007805 0.2369777
vt 0.8234189 0.2592047
vt 0.804932 0.2392497
vt 0.8057119 0.2319424
vt 0.8181052 0.2445399
vt 0.8143171 0.2304403
vt 0.8161198 0.2236407
vt 0.8240912 0.2448811
vt 0.8244507 0.2579166
vt 0.8244829 0.2249029
vt 0.8254577 0.2163988
vt 0.8246911 0.2324985
vt 0.825959 0.2240329
vt 0.8260779 0.215509
vt 0.8251984 0.2439229
vt 0.8258393 0.2318715
vt 0.8389523 0.2325432
vt 0.8360133 0.2232503
vt 0.8459387 0.23243
vt 0.8357962 0.2392365
vt 0.8509089 0.237332
vt 0.8325448 0.2465554
vt 0.8444479 0.2459722
vt 0.8545506 0.253758
vt 0.8547326 0.2623346
vt 0.8439667 0.2526811
vt 0.8402234 0.2604006
vt 0.8486588 0.264051
vt 0.9858663 0.02112459
vt 0.9857187 0.02184676
vt 0.9755353 0.02076339
vt 0.9751527 0.02035045
vt 0.9759616 0.008597123
vt 0.9850266 0.007138717
vt 0.9852208 0.007849204
vt 0.9755741 0.008998143
vt 0.9858663 0.02112459
vt 0.9751527 0.02035045
vt 0.9755741 0.008998143
vt 0.9852208 0.007849204
vt 0.9927483 0.07345778
vt 0.9927483 0.08597112
vt 0.9938872 0.08597112
vt 0.9938872 0.07345778
vt 0.9888098 0.07345778
vt 0.9888098 0.08597112
vt 0.9899487 0.08597112
vt 0.9899487 0.07345778
vt 0.9899487 0.07345778
vt 0.9927483 0.07345778
vt 0.9927483 0.07231856
vt 0.9899487 0.07231856
vt 0.9899487 0.08710975
vt 0.9927483 0.08710975
vt 0.9927483 0.08597112
vt 0.9899487 0.08597112
vt 0.9927483 0.07345778
vt 0.9899487 0.07345778
vt 0.9899487 0.08597112
vt 0.9927483 0.08597112
vt 0.9922068 0.2239282
vt 0.9896724 0.2235722
vt 0.9899015 0.2300179
vt 0.9873536 0.2245562
vt 0.9894943 0.2255446
vt 0.9851221 0.2286437
vt 0.9812996 0.2355109
vt 0.9864047 0.2409423
vt 0.9791731 0.2537463
vt 0.9741929 0.2515816
vt 0.9740367 0.2564439
vt 0.9724766 0.2563424
vt 0.9715261 0.2554581
vt 0.9778924 0.2561298
vt 0.979707 0.2593177
vt 0.9843268 0.2568966
vt 0.9801421 0.2607395
vt 0.9813894 0.2609326
vt 0.9943213 0.2399352
vt 0.9963557 0.2315214
vt 0.9956421 0.2284803
vt 0.9949406 0.2269882
vt 0.9891739 0.2255998
vt 0.9172025 0.2028238
vt 0.9068213 0.2020409
vt 0.9083654 0.2185486
vt 0.9170222 0.2185587
vt 0.935991 0.2027387
vt 0.9082525 0.2229703
vt 0.9356304 0.2183768
vt 0.9168963 0.2231015
vt 0.9355139 0.2227287
vt 0.9741929 0.2515816
vt 0.9724766 0.2563424
vt 0.9715261 0.2554581
vt 0.9740367 0.2564439
vt 0.9791731 0.2537463
vt 0.9778924 0.2561298
vt 0.979707 0.2593177
vt 0.9864413 0.2409341
vt 0.9812996 0.2355109
vt 0.9843268 0.2568966
vt 0.9801421 0.2607395
vt 0.9813894 0.2609326
vt 0.9943219 0.2399351
vt 0.9963629 0.2315199
vt 0.9903212 0.2299253
vt 0.9846364 0.2287461
vt 0.9957365 0.2284594
vt 0.9855788 0.2263699
vt 0.9951007 0.2269536
vt 0.9874994 0.2245285
vt 0.9934225 0.224674
vt 0.9896724 0.2235722
vt 0.9922068 0.2239282
vt 0.9927483 0.07345778
vt 0.9938872 0.07345778
vt 0.9938872 0.08597112
vt 0.9927483 0.08597112
vt 0.9888098 0.07345778
vt 0.9899487 0.07345778
vt 0.9899487 0.08597112
vt 0.9888098 0.08597112
vt 0.9899487 0.07345778
vt 0.9899487 0.07231856
vt 0.9927483 0.07231856
vt 0.9927483 0.07345778
vt 0.9899487 0.08710975
vt 0.9899487 0.08597112
vt 0.9927483 0.08597112
vt 0.9927483 0.08710975
vt 0.9927483 0.07345778
vt 0.9927483 0.08597112
vt 0.9899487 0.08597112
vt 0.9899487 0.07345778
vt 0.9949701 0.01559448
vt 0.995548 0.01560195
vt 0.9954149 0.02282588
vt 0.9949356 0.0230008
vt 0.9901429 0.01558541
vt 0.9949701 0.01559448
vt 0.9949356 0.0230008
vt 0.9902013 0.02294869
vt 0.9897431 0.01558764
vt 0.9901429 0.01558541
vt 0.9902013 0.02294869
vt 0.9898419 0.02263718
vt 0.9934316 0.05485596
vt 0.9933412 0.06871289
vt 0.9946969 0.06872182
vt 0.9947875 0.05486469
vt 0.9900079 0.06869116
vt 0.9933412 0.06871289
vt 0.9934316 0.05485596
vt 0.990098 0.054834
vt 0.9887421 0.05482498
vt 0.988652 0.06868245
vt 0.9900079 0.06869116
vt 0.990098 0.054834
vt 0.990098 0.054834
vt 0.9934316 0.05485596
vt 0.9934404 0.05349942
vt 0.9901075 0.05347732
vt 0.9899986 0.07004747
vt 0.9933326 0.07006942
vt 0.9933412 0.06871289
vt 0.9900079 0.06869116
vt 0.9858663 0.02112459
vt 0.9751527 0.02035045
vt 0.9755353 0.02076339
vt 0.9857187 0.02184676
vt 0.9759616 0.008597123
vt 0.9755741 0.008998143
vt 0.9852208 0.007849204
vt 0.9850266 0.007138717
vt 0.9858663 0.02112459
vt 0.9852208 0.007849204
vt 0.9755741 0.008998143
vt 0.9751527 0.02035045
vt 0.6548424 0.4408833
vt 0.6548924 0.4221291
vt 0.6541873 0.4221291
vt 0.6542022 0.4408833
vt 0.6398694 0.4408833
vt 0.6401264 0.4221291
vt 0.639364 0.4221291
vt 0.639364 0.4408833
vt 0.8985274 0.008780017
vt 0.9047084 0.004051253
vt 0.8985275 0.004034698
vt 0.9047084 0.008780017
vt 0.9102809 0.003988251
vt 0.9102809 0.008780017
vt 0.9144771 0.004008546
vt 0.9144771 0.008780017
vt 0.9196718 0.004034698
vt 0.9196718 0.008780017
vt 0.9242238 0.004135251
vt 0.9242238 0.008780017
vt 0.9371642 0.004237756
vt 0.9371642 0.008780017
vt 0.6542022 0.4408833
vt 0.6401264 0.4221291
vt 0.6398694 0.4408833
vt 0.6541873 0.4221291
vt 0.6393329 0.4052949
vt 0.6539401 0.4056231
vt 0.6400588 0.392488
vt 0.6541282 0.3924882
vt 0.6401183 0.3767265
vt 0.654097 0.3767265
vt 0.6404147 0.3629145
vt 0.6541085 0.3629145
vt 0.6401765 0.3236503
vt 0.6545798 0.3236503
vt 0.6541085 0.3629145
vt 0.6551477 0.3629145
vt 0.6554581 0.3236503
vt 0.6545798 0.3236503
vt 0.639364 0.3236503
vt 0.639364 0.3629145
vt 0.6404147 0.3629145
vt 0.6401765 0.3236503
vt 0.6541282 0.3924882
vt 0.6539401 0.4056231
vt 0.6547016 0.4052201
vt 0.6547627 0.3924882
vt 0.639364 0.392488
vt 0.639364 0.4052201
vt 0.6393329 0.4052949
vt 0.6400588 0.392488
vt 0.6541085 0.3629145
vt 0.654097 0.3767265
vt 0.6548424 0.3767265
vt 0.6551477 0.3629145
vt 0.639364 0.3629145
vt 0.639364 0.3767265
vt 0.6401183 0.3767265
vt 0.6404147 0.3629145
vt 0.6539401 0.4056231
vt 0.6541873 0.4221291
vt 0.6548924 0.4221291
vt 0.6547016 0.4052201
vt 0.639364 0.4052201
vt 0.639364 0.4221291
vt 0.6401264 0.4221291
vt 0.6393329 0.4052949
vt 0.654097 0.3767265
vt 0.6541282 0.3924882
vt 0.6547627 0.3924882
vt 0.6548424 0.3767265
vt 0.639364 0.3767265
vt 0.639364 0.392488
vt 0.6400588 0.392488
vt 0.6401183 0.3767265
vt 0.6771766 0.325559
vt 0.6762234 0.324229
vt 0.6771768 0.324229
vt 0.6762234 0.325559
vt 0.6771766 0.325559
vt 0.6771882 0.3485532
vt 0.6762234 0.3485532
vt 0.6767037 0.3645145
vt 0.6768698 0.3642091
vt 0.6768031 0.3853869
vt 0.6768013 0.3857543
vt 0.6762233 0.4058756
vt 0.6771823 0.4058756
vt 0.6818619 0.3255592
vt 0.6812575 0.324229
vt 0.681863 0.324229
vt 0.6812575 0.325559
vt 0.6818619 0.3255592
vt 0.6818657 0.3485532
vt 0.6812575 0.3485532
vt 0.6811738 0.3641209
vt 0.6815718 0.3643661
vt 0.6811568 0.3852807
vt 0.6815115 0.3855758
vt 0.6812575 0.4058756
vt 0.681864 0.4058756
vt 0.898954 0.00437925
vt 0.8993945 0.008556254
vt 0.898954 0.008554853
vt 0.8993945 0.00437925
vt 0.9070101 0.00437925
vt 0.9070101 0.008551845
vt 0.9121772 0.008457923
vt 0.9122313 0.00426757
vt 0.9191875 0.008439415
vt 0.9192526 0.004244854
vt 0.925995 0.008553743
vt 0.925995 0.00437925
vt 0.9303995 0.005954399
vt 0.9304702 0.0101175
vt 0.9371964 0.00437925
vt 0.9371964 0.008542374
vt 0.6812575 0.324229
vt 0.6771766 0.325559
vt 0.6771768 0.324229
vt 0.6812575 0.325559
vt 0.6812575 0.3485532
vt 0.6771882 0.3485532
vt 0.6768698 0.3642091
vt 0.6811738 0.3641209
vt 0.6768031 0.3853869
vt 0.6811568 0.3852807
vt 0.6771823 0.4058756
vt 0.6812575 0.4058756
vt 0.6831969 0.4184063
vt 0.6775315 0.4188296
vt 0.6812575 0.4396968
vt 0.6772224 0.4396968
vt 0.6772224 0.4396968
vt 0.6762233 0.4396968
vt 0.674037 0.41824
vt 0.6775315 0.4188296
vt 0.681874 0.4396968
vt 0.6812575 0.4396968
vt 0.6831969 0.4184063
vt 0.6844137 0.4177158
vt 0.6812575 0.4058756
vt 0.681864 0.4058756
vt 0.6844137 0.4177158
vt 0.6831969 0.4184063
vt 0.6762233 0.4058756
vt 0.6771823 0.4058756
vt 0.6775315 0.4188296
vt 0.674037 0.41824
vt 0.9949701 0.01559448
vt 0.9949356 0.0230008
vt 0.9954149 0.02282588
vt 0.995548 0.01560195
vt 0.9898419 0.02263718
vt 0.9902013 0.02294869
vt 0.9901429 0.01558541
vt 0.9897431 0.01558764
vt 0.9901429 0.01558541
vt 0.9902013 0.02294869
vt 0.9949356 0.0230008
vt 0.9949701 0.01559448
vt 0.9954731 0.04412183
vt 0.9948204 0.04401568
vt 0.9948096 0.0512784
vt 0.9952023 0.05110379
vt 0.9901276 0.05026796
vt 0.9895778 0.04332095
vt 0.9889317 0.0434477
vt 0.9897063 0.05009671
vt 0.9948096 0.0512784
vt 0.9948204 0.04401568
vt 0.9895778 0.04332095
vt 0.9901276 0.05026796
vt 0.9912627 0.01303993
vt 0.989888 0.01303915
vt 0.989888 0.006775183
vt 0.9912634 0.006775183
vt 0.9945459 0.006775183
vt 0.9945445 0.01303993
vt 0.9912627 0.01303993
vt 0.9912634 0.006775183
vt 0.9961634 0.0130407
vt 0.9945445 0.01303993
vt 0.9945459 0.006775183
vt 0.9961646 0.006776636
vt 0.9945445 0.01303993
vt 0.9941421 0.01460665
vt 0.9909112 0.01436868
vt 0.9912627 0.01303993
vt 0.9912634 0.006775183
vt 0.9909101 0.005446279
vt 0.9941413 0.005208546
vt 0.9945459 0.006775183
vt 0.9952102 0.0279197
vt 0.9942167 0.0389372
vt 0.9950511 0.0405753
vt 0.9961619 0.02812577
vt 0.987365 0.04147834
vt 0.9880419 0.03997541
vt 0.9878254 0.02959795
vt 0.9868307 0.02967218
vt 0.9880419 0.03997541
vt 0.9942167 0.0389372
vt 0.9952102 0.0279197
vt 0.9878254 0.02959795
vt 0.9934316 0.05485596
vt 0.9947875 0.05486469
vt 0.9946969 0.06872182
vt 0.9933412 0.06871289
vt 0.9900079 0.06869116
vt 0.990098 0.054834
vt 0.9934316 0.05485596
vt 0.9933412 0.06871289
vt 0.9887421 0.05482498
vt 0.990098 0.054834
vt 0.9900079 0.06869116
vt 0.988652 0.06868245
vt 0.990098 0.054834
vt 0.9901075 0.05347732
vt 0.9934404 0.05349942
vt 0.9934316 0.05485596
vt 0.9899986 0.07004747
vt 0.9900079 0.06869116
vt 0.9933412 0.06871289
vt 0.9933326 0.07006942
vt 0.9952102 0.0279197
vt 0.9961619 0.02812577
vt 0.9950511 0.0405753
vt 0.9942167 0.0389372
vt 0.987365 0.04147834
vt 0.9868307 0.02967218
vt 0.9878254 0.02959795
vt 0.9880419 0.03997541
vt 0.9880419 0.03997541
vt 0.9878254 0.02959795
vt 0.9952102 0.0279197
vt 0.9942167 0.0389372
vt 0.9954731 0.04412183
vt 0.9952023 0.05110379
vt 0.9948096 0.0512784
vt 0.9948204 0.04401568
vt 0.9901276 0.05026796
vt 0.9897063 0.05009671
vt 0.9889317 0.0434477
vt 0.9895778 0.04332095
vt 0.9948096 0.0512784
vt 0.9901276 0.05026796
vt 0.9895778 0.04332095
vt 0.9948204 0.04401568
vt 0.6722531 0.4408833
vt 0.671642 0.4408833
vt 0.6714658 0.421241
vt 0.6722531 0.421241
vt 0.6581699 0.4408833
vt 0.6575403 0.4408833
vt 0.6578438 0.421241
vt 0.6586107 0.421241
vt 0.8985275 0.008773074
vt 0.8985275 0.003822744
vt 0.9050012 0.003822744
vt 0.9050012 0.008890584
vt 0.9139653 0.003822744
vt 0.9139653 0.008879185
vt 0.9195242 0.003822744
vt 0.9195242 0.008945525
vt 0.9244461 0.003822744
vt 0.9244461 0.008921608
vt 0.9333048 0.003822744
vt 0.9333048 0.008873478
vt 0.9371641 0.003822744
vt 0.9371642 0.00875026
vt 0.671642 0.4408833
vt 0.6581699 0.4408833
vt 0.6586107 0.421241
vt 0.6714658 0.421241
vt 0.6587828 0.3940413
vt 0.6714035 0.3940412
vt 0.6586694 0.3771742
vt 0.6714916 0.3771742
vt 0.658708 0.3622399
vt 0.6714218 0.3622399
vt 0.65851 0.3353604
vt 0.6715145 0.3353604
vt 0.6582543 0.3236503
vt 0.671697 0.3236503
vt 0.6722531 0.3353604
vt 0.6715145 0.3353604
vt 0.671697 0.3236503
vt 0.6722531 0.3236503
vt 0.6574812 0.3236503
vt 0.6582543 0.3236503
vt 0.65851 0.3353604
vt 0.6577998 0.3353604
vt 0.6586694 0.3771742
vt 0.6579853 0.3771742
vt 0.6579242 0.3622399
vt 0.658708 0.3622399
vt 0.6722531 0.3771742
vt 0.6714916 0.3771742
vt 0.6714218 0.3622399
vt 0.6722531 0.3622399
vt 0.6714035 0.3940412
vt 0.6722531 0.3940412
vt 0.6722531 0.421241
vt 0.6714658 0.421241
vt 0.6578143 0.3940413
vt 0.6586107 0.421241
vt 0.6578438 0.421241
vt 0.6587828 0.3940413
vt 0.6579853 0.3771742
vt 0.6586694 0.3771742
vt 0.658708 0.3622399
vt 0.6579242 0.3622399
vt 0.6577998 0.3353604
vt 0.65851 0.3353604
vt 0.6722531 0.3622399
vt 0.6714218 0.3622399
vt 0.6715145 0.3353604
vt 0.6722531 0.3353604
vt 0.6722531 0.3940412
vt 0.6714035 0.3940412
vt 0.6714916 0.3771742
vt 0.6722531 0.3771742
vt 0.6548424 0.4408833
vt 0.6542022 0.4408833
vt 0.6541873 0.4221291
vt 0.6548924 0.4221291
vt 0.6398694 0.4408833
vt 0.639364 0.4408833
vt 0.639364 0.4221291
vt 0.6401264 0.4221291
vt 0.8985274 0.008780017
vt 0.8985275 0.004034698
vt 0.9047084 0.004051253
vt 0.9047084 0.008780017
vt 0.9102809 0.003988251
vt 0.9102809 0.008780017
vt 0.9144771 0.004008546
vt 0.9144771 0.008780017
vt 0.9196718 0.004034698
vt 0.9196718 0.008780017
vt 0.9242238 0.004135251
vt 0.9242238 0.008780017
vt 0.9371642 0.004237756
vt 0.9371642 0.008780017
vt 0.6542022 0.4408833
vt 0.6398694 0.4408833
vt 0.6401264 0.4221291
vt 0.6541873 0.4221291
vt 0.6393329 0.4052949
vt 0.6539401 0.4056231
vt 0.6400588 0.392488
vt 0.6541282 0.3924882
vt 0.6401183 0.3767265
vt 0.654097 0.3767265
vt 0.6404147 0.3629145
vt 0.6541085 0.3629145
vt 0.6401765 0.3236503
vt 0.6545798 0.3236503
vt 0.6541282 0.3924882
vt 0.6547627 0.3924882
vt 0.6547016 0.4052201
vt 0.6539401 0.4056231
vt 0.639364 0.392488
vt 0.6400588 0.392488
vt 0.6393329 0.4052949
vt 0.639364 0.4052201
vt 0.6541085 0.3629145
vt 0.6551477 0.3629145
vt 0.6548424 0.3767265
vt 0.654097 0.3767265
vt 0.639364 0.3629145
vt 0.6404147 0.3629145
vt 0.6401183 0.3767265
vt 0.639364 0.3767265
vt 0.6539401 0.4056231
vt 0.6547016 0.4052201
vt 0.6548924 0.4221291
vt 0.6541873 0.4221291
vt 0.639364 0.4052201
vt 0.6393329 0.4052949
vt 0.6401264 0.4221291
vt 0.639364 0.4221291
vt 0.654097 0.3767265
vt 0.6548424 0.3767265
vt 0.6547627 0.3924882
vt 0.6541282 0.3924882
vt 0.639364 0.3767265
vt 0.6401183 0.3767265
vt 0.6400588 0.392488
vt 0.639364 0.392488
vt 0.639364 0.3236503
vt 0.6401765 0.3236503
vt 0.6404147 0.3629145
vt 0.639364 0.3629145
vt 0.6541085 0.3629145
vt 0.6545798 0.3236503
vt 0.6554581 0.3236503
vt 0.6551477 0.3629145
vt 0.6722531 0.4408833
vt 0.6722531 0.421241
vt 0.6714658 0.421241
vt 0.671642 0.4408833
vt 0.6581699 0.4408833
vt 0.6586107 0.421241
vt 0.6578438 0.421241
vt 0.6575403 0.4408833
vt 0.8985275 0.008773074
vt 0.9050012 0.003822744
vt 0.8985275 0.003822744
vt 0.9050012 0.008890584
vt 0.9139653 0.003822744
vt 0.9139653 0.008879185
vt 0.9195242 0.003822744
vt 0.9195242 0.008945525
vt 0.9244461 0.003822744
vt 0.9244461 0.008921608
vt 0.9333048 0.003822744
vt 0.9333048 0.008873478
vt 0.9371641 0.003822744
vt 0.9371642 0.00875026
vt 0.671642 0.4408833
vt 0.6586107 0.421241
vt 0.6581699 0.4408833
vt 0.6714658 0.421241
vt 0.6587828 0.3940413
vt 0.6714035 0.3940412
vt 0.6586694 0.3771742
vt 0.6714916 0.3771742
vt 0.658708 0.3622399
vt 0.6714218 0.3622399
vt 0.65851 0.3353604
vt 0.6715145 0.3353604
vt 0.6582543 0.3236503
vt 0.671697 0.3236503
vt 0.6722531 0.3940412
vt 0.6722531 0.3771742
vt 0.6714916 0.3771742
vt 0.6714035 0.3940412
vt 0.6587828 0.3940413
vt 0.6586694 0.3771742
vt 0.6579853 0.3771742
vt 0.6578143 0.3940413
vt 0.6586107 0.421241
vt 0.6578438 0.421241
vt 0.6722531 0.3353604
vt 0.6722531 0.3236503
vt 0.671697 0.3236503
vt 0.6715145 0.3353604
vt 0.6574812 0.3236503
vt 0.6577998 0.3353604
vt 0.65851 0.3353604
vt 0.6582543 0.3236503
vt 0.6714035 0.3940412
vt 0.6714658 0.421241
vt 0.6722531 0.421241
vt 0.6722531 0.3940412
vt 0.6586694 0.3771742
vt 0.658708 0.3622399
vt 0.6579242 0.3622399
vt 0.6579853 0.3771742
vt 0.6722531 0.3771742
vt 0.6722531 0.3622399
vt 0.6714218 0.3622399
vt 0.6714916 0.3771742
vt 0.658708 0.3622399
vt 0.65851 0.3353604
vt 0.6577998 0.3353604
vt 0.6579242 0.3622399
vt 0.6722531 0.3622399
vt 0.6722531 0.3353604
vt 0.6715145 0.3353604
vt 0.6714218 0.3622399
vt 0.9912627 0.01303993
vt 0.9912634 0.006775183
vt 0.989888 0.006775183
vt 0.989888 0.01303915
vt 0.9945459 0.006775183
vt 0.9912634 0.006775183
vt 0.9912627 0.01303993
vt 0.9945445 0.01303993
vt 0.9961634 0.0130407
vt 0.9961646 0.006776636
vt 0.9945459 0.006775183
vt 0.9945445 0.01303993
vt 0.9945445 0.01303993
vt 0.9912627 0.01303993
vt 0.9909112 0.01436868
vt 0.9941421 0.01460665
vt 0.9912634 0.006775183
vt 0.9945459 0.006775183
vt 0.9941413 0.005208546
vt 0.9909101 0.005446279
vt 0.6762234 0.325559
vt 0.6771882 0.3485532
vt 0.6771766 0.325559
vt 0.6762234 0.3485532
vt 0.6767888 0.3641574
vt 0.6766584 0.3645836
vt 0.6767057 0.3853247
vt 0.6767468 0.3858374
vt 0.6771823 0.4058756
vt 0.6762233 0.4058756
vt 0.6771766 0.325559
vt 0.6762234 0.324229
vt 0.6771768 0.324229
vt 0.6812575 0.325559
vt 0.6818657 0.3485532
vt 0.6818619 0.3255592
vt 0.6812575 0.3485532
vt 0.6816097 0.3644072
vt 0.6812159 0.3641186
vt 0.6812074 0.3852779
vt 0.6815571 0.3856252
vt 0.681864 0.4058756
vt 0.6812575 0.4058756
vt 0.6818619 0.3255592
vt 0.6812575 0.324229
vt 0.681863 0.324229
vt 0.898954 0.00437925
vt 0.898954 0.008554853
vt 0.8993945 0.008556254
vt 0.8993945 0.00437925
vt 0.9070101 0.00437925
vt 0.9070101 0.008551845
vt 0.9122272 0.004269021
vt 0.9121809 0.008456672
vt 0.919192 0.008437908
vt 0.9192476 0.004246601
vt 0.925995 0.00437925
vt 0.925995 0.008553743
vt 0.930415 0.00595135
vt 0.9304551 0.01011894
vt 0.9371964 0.00437925
vt 0.9371964 0.008542374
vt 0.6812575 0.324229
vt 0.6771768 0.324229
vt 0.6771766 0.325559
vt 0.6812575 0.325559
vt 0.6812575 0.3485532
vt 0.6771882 0.3485532
vt 0.6812159 0.3641186
vt 0.6767888 0.3641574
vt 0.6767057 0.3853247
vt 0.6812074 0.3852779
vt 0.6812575 0.4058756
vt 0.6771823 0.4058756
vt 0.6828623 0.419233
vt 0.6785855 0.4192805
vt 0.6812575 0.4396968
vt 0.6772224 0.4396968
vt 0.6772224 0.4396968
vt 0.6785855 0.4192805
vt 0.6717752 0.4176107
vt 0.6762233 0.4396968
vt 0.681874 0.4396968
vt 0.6848912 0.4169178
vt 0.6828623 0.419233
vt 0.6812575 0.4396968
vt 0.6812575 0.4058756
vt 0.6828623 0.419233
vt 0.6848912 0.4169178
vt 0.681864 0.4058756
vt 0.6762233 0.4058756
vt 0.6717752 0.4176107
vt 0.6785855 0.4192805
vt 0.6771823 0.4058756
vt 0.8773935 0.2372998
vt 0.8697566 0.2446113
vt 0.888738 0.25626
vt 0.8597811 0.2252718
vt 0.8958741 0.2490062
vt 0.9066405 0.2629721
vt 0.9106908 0.2536413
vt 0.9259964 0.2640891
vt 0.88877 0.2358047
vt 0.8853396 0.2187167
vt 0.9097348 0.2229135
vt 0.928013 0.2542827
vt 0.8677719 0.2183912
vt 0.8610494 0.1973477
vt 0.8586661 0.1690607
vt 0.8528476 0.1691662
vt 0.9381076 0.2520936
vt 0.9367253 0.2627779
vt 0.9551573 0.246036
vt 0.9558638 0.2543887
vt 0.949162 0.2363879
vt 0.964101 0.2375163
vt 0.9667571 0.247725
vt 0.9737188 0.2196943
vt 0.9794674 0.2246433
vt 0.8834229 0.2000354
vt 0.8703747 0.04570249
vt 0.8636952 0.04287344
vt 0.9521995 0.2191914
vt 0.9806408 0.1989066
vt 0.9951867 0.1738302
vt 0.9539189 0.2010115
vt 0.9874403 0.1713684
vt 0.8804884 0.16503
vt 0.8876479 0.047833
vt 0.8798286 0.01900634
vt 0.8737075 0.012692
vt 0.9081225 0.1674258
vt 0.8868517 0.0138602
vt 0.8853595 0.009427339
vt 0.9699914 0.05246642
vt 0.9773009 0.04732713
vt 0.9683768 0.01559395
vt 0.9090518 0.2031975
vt 0.9304522 0.1671393
vt 0.9115589 0.052697
vt 0.8883898 0.01854038
vt 0.8978343 0.025354
vt 0.9076509 0.03203368
vt 0.8969768 0.01958275
vt 0.9203888 0.02819784
vt 0.8972702 0.01360634
vt 0.9204751 0.02149952
vt 0.9143627 0.03563306
vt 0.9311811 0.05229411
vt 0.9449141 0.01881695
vt 0.944514 0.0106535
vt 0.9266908 0.0352976
vt 0.9362071 0.02997041
vt 0.9435228 0.02455798
vt 0.95397 0.0165993
vt 0.9578871 0.01305439
vt 0.9562116 0.05180797
vt 0.9513829 0.02092749
vt 0.9612139 0.02062148
vt 0.9568797 0.1656176
vt 0.9383898 0.2020631
vt 0.9279556 0.2027694
vt 0.9370926 0.2188498
vt 0.9283623 0.2186522
vt 0.9370776 0.2230632
vt 0.9283597 0.2228959
vt 0.9095614 0.2187215
vt 0.8773935 0.2372998
vt 0.888738 0.2562602
vt 0.8697566 0.2446113
vt 0.8597811 0.2252718
vt 0.8958741 0.2490062
vt 0.9066405 0.2629725
vt 0.9106908 0.2536413
vt 0.9259962 0.2640882
vt 0.88877 0.2358047
vt 0.8853396 0.2187167
vt 0.9097348 0.2229135
vt 0.9280125 0.2542787
vt 0.9095614 0.2187215
vt 0.9283601 0.2228959
vt 0.9370875 0.2231519
vt 0.9090518 0.2031978
vt 0.9381076 0.2520936
vt 0.9367253 0.2627783
vt 0.949162 0.2363879
vt 0.9370929 0.2188496
vt 0.9551573 0.246036
vt 0.9558638 0.2543888
vt 0.964101 0.2375163
vt 0.9667571 0.247725
vt 0.9521995 0.2191914
vt 0.9383898 0.2020629
vt 0.9737188 0.2196943
vt 0.9794674 0.2246433
vt 0.9539189 0.2010115
vt 0.9304522 0.1671393
vt 0.9279556 0.2027693
vt 0.9806408 0.1989066
vt 0.9951867 0.1738302
vt 0.9874403 0.1713684
vt 0.9773009 0.04732713
vt 0.9568797 0.1656176
vt 0.9699914 0.05246642
vt 0.9683768 0.01559395
vt 0.9562116 0.05180797
vt 0.9612139 0.02062148
vt 0.9578871 0.01305439
vt 0.9513829 0.02092749
vt 0.95397 0.0165993
vt 0.944514 0.0106535
vt 0.9449141 0.01881695
vt 0.9204751 0.02149952
vt 0.9203888 0.02819784
vt 0.9435228 0.02455798
vt 0.9362071 0.02997041
vt 0.9311811 0.05229411
vt 0.8969768 0.01958275
vt 0.8972702 0.01360634
vt 0.8853595 0.009427339
vt 0.9081225 0.1674258
vt 0.9266908 0.0352976
vt 0.9143627 0.03563306
vt 0.9115589 0.052697
vt 0.9076509 0.03203368
vt 0.8876479 0.047833
vt 0.8868517 0.0138602
vt 0.8737075 0.012692
vt 0.8978343 0.025354
vt 0.8834229 0.2000354
vt 0.8804884 0.16503
vt 0.8586661 0.1690607
vt 0.8798286 0.01900634
vt 0.8636952 0.04287344
vt 0.8883898 0.01854038
vt 0.8703747 0.04570249
vt 0.8528476 0.1691662
vt 0.8610494 0.1973477
vt 0.8677719 0.2183912
vt 0.5832919 0.6777559
vt 0.584538 0.6768337
vt 0.5965315 0.6781276
vt 0.5883771 0.6882913
vt 0.5835209 0.6749526
vt 0.593733 0.6915556
vt 0.5859682 0.6680296
vt 0.5987736 0.6916322
vt 0.5960062 0.6637625
vt 0.6055591 0.6878906
vt 0.6043157 0.6670916
vt 0.608213 0.6833864
vt 0.6079823 0.673842
vt 0.6061266 0.6785504
vt 0.5832919 0.6777559
vt 0.5965315 0.6781276
vt 0.584538 0.6768337
vt 0.5883771 0.6882913
vt 0.5835209 0.6749526
vt 0.593733 0.6915556
vt 0.5859682 0.6680296
vt 0.5987736 0.6916322
vt 0.5960062 0.6637625
vt 0.6055591 0.6878906
vt 0.6043157 0.6670916
vt 0.608213 0.6833864
vt 0.6079823 0.673842
vt 0.6061266 0.6785504
vn -0.2165468 0.6419095 -0.7355677
vn -0.1494395 0.6905904 -0.7076387
vn -0.3137685 0.209763 -0.9260393
vn -0.04963769 0.633988 -0.7717482
vn 0.02862647 0.4636422 -0.8855599
vn -0.3137685 0.209763 -0.9260393
vn -0.6729541 -0.703356 -0.2289611
vn -0.8382703 -0.2027961 -0.5061389
vn -0.2811755 -0.1103948 0.9532856
vn -0.5670437 -0.5846254 -0.5802367
vn -0.3590869 0.1693818 -0.9178052
vn -0.2981955 0.03234862 -0.9539565
vn -0.2853006 -0.6800203 0.675408
vn -0.2445929 -0.02051305 -0.9694089
vn 0.1494534 -0.49878 -0.8537461
vn 0.3753653 -0.7993156 0.4692501
vn 0.2850564 -0.8117815 0.5096604
vn 0.2900715 -0.7826914 0.5506839
vn -0.336284 -0.2955418 -0.8941858
vn -0.2257549 -0.9451059 0.2362404
vn 0.06843878 -0.9970264 -0.03541943
vn -0.7200357 0.01138278 -0.6938437
vn -0.650297 0.2494761 -0.7175483
vn -0.5539794 0.123713 -0.8232872
vn -0.6006365 0.3995068 -0.6925533
vn -0.3548671 0.03184054 -0.9343745
vn -0.6935267 0.2214192 -0.6855613
vn -0.6557775 -0.3359406 -0.6760915
vn 0.2636389 -0.6705151 -0.6934725
vn -0.5062354 -0.8608766 -0.05115945
vn -0.6935267 0.2214192 -0.6855613
vn -0.1278955 -0.1250146 0.9838771
vn -0.1439591 -0.1414798 0.9794179
vn 0.3419686 -0.6954819 0.6319512
vn 0.5870453 -0.5039002 0.6336105
vn 0.3141114 -0.4812831 -0.8183524
vn 0.5852336 -0.4827681 0.651488
vn -0.2704263 -0.5317857 -0.802542
vn 0.4687821 -0.7731359 -0.427205
vn 0.4249844 -0.7979538 -0.4273851
vn 0.6835982 -0.4678934 0.5601513
vn 0.7342028 -0.5544648 0.3918099
vn 0.0961134 -0.7873657 -0.608948
vn -0.4722095 -0.783457 -0.4039966
vn -0.2333483 -0.9604277 -0.1520761
vn -0.1601389 -0.8228831 -0.5451779
vn -0.09347428 -0.892989 -0.4402649
vn -0.1081734 -0.9273841 -0.3581298
vn 0.18781 -0.9805608 0.05681492
vn 0.3977563 -0.6148818 0.6809627
vn 0.0103572 -0.7973392 0.6034425
vn -0.1346514 -0.9872098 0.08535761
vn 0.3242999 -0.7901239 0.5201285
vn -0.07590467 -0.9815501 0.1754931
vn 0.001543412 -0.9774295 -0.2112563
vn -0.5431809 0.01990179 -0.8393798
vn -0.3082815 0.1036912 -0.9456271
vn -0.07298858 -0.1889513 0.9792702
vn 0.1503256 -0.8472599 -0.5094631
vn 0.005203395 -0.8391048 -0.5439448
vn 0.1407582 -0.9070916 0.3967015
vn 0.2456805 -0.07542603 0.9664119
vn 0.2112188 -0.03239414 0.9769018
vn -0.246121 -0.8986325 -0.3631587
vn 0.4546579 -0.6839086 0.5705743
vn -0.1013618 -0.7859821 -0.6098834
vn 0.1803229 -0.8310063 0.5262243
vn -0.4443832 -0.4722207 0.7612694
vn 0.2493496 -0.6824262 -0.6871095
vn 0.04157558 -0.8671674 -0.4962784
vn -0.6674637 -0.4568685 -0.5880166
vn -0.2292815 0.1052816 -0.9676495
vn -0.2274069 0.1246889 -0.965784
vn -0.283454 0.09205715 -0.9545571
vn 0.1218661 -0.9922156 0.02563374
vn 0.1175502 -0.1077248 0.9872068
vn 0.01483177 -0.8907951 -0.454163
vn -0.04734297 -0.9510286 -0.3054556
vn 0.3252867 -0.7971442 0.5086745
vn 0.1920048 -0.08900706 0.9773495
vn 0.3579755 -0.8086129 0.4669036
vn 0.148957 -0.08570614 0.9851224
vn -0.6790258 -0.3615551 0.6389068
vn 0.1402392 -0.7786852 -0.6115409
vn 0.04322137 -0.8788331 0.4751679
vn -0.7040733 -0.2499697 -0.6646774
vn -0.07518011 -0.8935924 -0.4425387
vn 0.2216686 -0.7910283 -0.5702081
vn -0.1570049 0.1033714 -0.982173
vn -0.1276882 0.0724033 -0.989168
vn -0.1942418 0.05066566 -0.9796443
vn -0.1045427 -0.04048852 0.9936959
vn 0.01092332 -0.9776519 -0.2099464
vn 0.1168527 -0.1777492 0.9771135
vn -0.0275459 -0.7884051 -0.6145394
vn 0.1777972 -0.9822366 0.05999465
vn 0.3291144 -0.9253006 0.1884209
vn 0.06632354 -0.1063616 0.9921131
vn -0.06403598 -0.8815755 0.4676795
vn -0.1209536 -0.8801905 -0.4589498
vn 0.06914499 -0.8757325 -0.4778194
vn 0.2801955 -0.918368 -0.2794473
vn -0.2641834 0.06642956 -0.962182
vn -0.2167408 0.0437235 -0.9752495
vn -0.2341409 0.03905599 -0.9714178
vn -0.1608399 0.1838223 -0.9697113
vn -0.1388475 0.1933696 -0.9712515
vn 0.01488428 -0.7824096 -0.6225861
vn -0.3239466 -0.03022818 -0.9455923
vn -0.1243218 -0.9023499 -0.4126849
vn -0.4327015 0.2099007 -0.8767617
vn 0.008160302 0.5314907 -0.8470247
vn -0.3254522 -0.6680073 -0.6692138
vn -0.1812089 0.3240606 -0.9285192
vn 0.6417579 0.5221261 -0.5617215
vn 0.8374284 0.5458642 0.0273144
vn 0.943188 0.3311377 -0.02728143
vn -0.1372805 -0.5554585 -0.8201341
vn 0.9339085 0.3364001 -0.1210364
vn -0.2497868 -0.9095606 -0.3321237
vn -0.126763 -0.8590059 -0.496024
vn 0.2117148 -0.9771403 -0.01933163
vn 0.8891753 0.4069086 -0.2092669
vn 0.9326264 0.3241765 -0.1584852
vn 0.01806876 0.09548923 0.9952664
vn -0.1439591 -0.1414798 0.9794179
vn -0.1278955 -0.1250146 0.9838771
vn 0.0009510156 0.06417701 0.997938
vn 0.3419686 -0.6954819 0.6319512
vn -0.1532556 0.2116255 0.9652603
vn 0.1182907 -0.0230205 0.9927121
vn -0.1439693 2.405919E-05 0.9895822
vn 0.5870453 -0.5039002 0.6336105
vn 0.5852336 -0.4827681 0.651488
vn 0.6835982 -0.4678934 0.5601513
vn -0.07797008 -0.01214888 0.9968817
vn 0.3352934 -0.1762691 0.9254769
vn 0.2240554 0.03219458 0.9740446
vn 0.2422651 0.0831409 0.9666412
vn 0.1625542 0.1806186 0.9700273
vn 0.3880905 -0.01424051 0.9215112
vn 0.5057812 -0.0251934 0.8622939
vn 0.7342028 -0.5544648 0.3918099
vn 0.3977563 -0.6148818 0.6809627
vn 0.2541048 0.1880771 0.9487137
vn -0.1898444 0.845442 0.4991863
vn 0.2329898 0.08078209 0.9691182
vn 0.3758862 -0.06580172 0.9243266
vn -0.06559076 0.7669629 0.6383306
vn -0.05506732 0.8615528 0.5046724
vn -0.2272356 0.9708819 0.07584388
vn -0.04946271 0.8379623 0.5434819
vn 0.1467702 -0.1377729 0.979529
vn -0.1598848 0.7712213 0.6161612
vn -0.4662551 0.8801876 0.08874572
vn -0.2257668 0.9464061 0.2309647
vn 0.1041364 -0.3742455 0.921464
vn 0.0103572 -0.7973392 0.6034425
vn 0.3242999 -0.7901239 0.5201285
vn -0.4024402 0.8436854 -0.355298
vn -0.2845841 0.819978 0.4966365
vn -0.3386275 0.8137183 0.4724342
vn 0.1950223 0.05086361 0.979479
vn -0.4719725 0.842124 -0.2609006
vn -0.5464295 0.6777508 0.4920049
vn -0.2811755 -0.1103948 0.9532856
vn -0.8382703 -0.2027961 -0.5061389
vn -0.6775814 0.7293033 -0.09486875
vn -0.3590869 0.1693818 -0.9178052
vn -0.5214627 0.8250811 -0.2175266
vn -0.2981955 0.03234862 -0.9539565
vn -0.3082815 0.1036912 -0.9456271
vn -0.5431809 0.01990179 -0.8393798
vn -0.07298858 -0.1889513 0.9792702
vn -0.2602162 0.9059096 0.3340886
vn 0.2456805 -0.07542603 0.9664119
vn -0.3606945 0.914151 -0.1850063
vn -0.2471292 0.849758 0.4656592
vn 0.2112188 -0.03239414 0.9769018
vn -0.398817 0.8525168 -0.3378756
vn -0.3913626 0.7562662 0.5243061
vn -0.4443832 -0.4722207 0.7612694
vn -0.6207465 0.5593287 0.5493862
vn -0.6674637 -0.4568685 -0.5880166
vn -0.5464252 0.8130686 -0.2008455
vn -0.7728193 0.59702 -0.2152148
vn -0.2292815 0.1052816 -0.9676495
vn -0.2274069 0.1246889 -0.965784
vn -0.283454 0.09205715 -0.9545571
vn 0.1175502 -0.1077248 0.9872068
vn -0.2650741 0.9426633 0.2027849
vn -0.1819317 0.746264 0.6403053
vn 0.1920048 -0.08900706 0.9773495
vn -0.3262887 0.8345615 -0.4438949
vn -0.2164828 0.97604 -0.02193729
vn -0.440392 0.6829457 0.5827865
vn 0.148957 -0.08570614 0.9851224
vn -0.3256569 0.7016893 -0.6337032
vn -0.696098 0.4725527 0.5405011
vn -0.6790258 -0.3615551 0.6389068
vn -0.7040733 -0.2499697 -0.6646774
vn -0.507172 0.6366041 -0.5809578
vn -0.7648444 0.4767204 -0.4333019
vn -0.1570049 0.1033714 -0.982173
vn -0.1276882 0.0724033 -0.989168
vn -0.1942418 0.05066566 -0.9796443
vn -0.1045427 -0.04048852 0.9936959
vn -0.377956 0.9257798 -0.009002209
vn 0.1168527 -0.1777492 0.9771135
vn -0.2419937 0.9577294 -0.1555429
vn -0.3435718 0.8697086 0.3543521
vn -0.3706585 0.7452833 -0.5542247
vn 0.06632354 -0.1063616 0.9921131
vn -0.2914394 0.8293719 -0.4766604
vn -0.2887855 0.9000514 -0.3263593
vn -0.4722217 0.7036897 0.5308742
vn -0.5958027 0.4823395 0.6421587
vn -0.06403598 -0.8815755 0.4676795
vn -0.5201766 0.665144 -0.5357236
vn -0.7122129 0.4804571 -0.5117751
vn -0.1209536 -0.8801905 -0.4589498
vn -0.2641834 0.06642956 -0.962182
vn -0.2167408 0.0437235 -0.9752495
vn -0.2341409 0.03905599 -0.9714178
vn -0.1608399 0.1838223 -0.9697113
vn -0.3746147 0.8758154 -0.304321
vn -0.1388475 0.1933696 -0.9712515
vn -0.3239466 -0.03022818 -0.9455923
vn -0.283565 0.9452006 0.1618235
vn -0.3024755 0.9147919 0.2677019
vn -0.4207166 0.8164756 -0.3954301
vn -0.04396116 0.9728491 0.2272269
vn -0.07159146 0.6689118 0.7398862
vn -0.1998739 0.06125496 -0.977905
vn 0.008160302 0.5314907 -0.8470247
vn 0.6417579 0.5221261 -0.5617215
vn -0.1979952 0.8942878 -0.4013069
vn -0.004131676 0.1425718 -0.9897759
vn 0.9247703 -0.2674386 -0.2706964
vn 0.9404244 -0.08009152 -0.3304352
vn 0.937278 -0.007925823 -0.3484926
vn 0.9389145 -0.1492403 -0.3101078
vn 0.2282384 0.6557699 0.7196339
vn 0.1234688 0.06728722 0.9900646
vn 0.2615163 0.05233952 0.9637789
vn 0.7852761 -0.5749072 -0.2298329
vn 0.9664933 -0.04782739 0.2521968
vn 0.3351648 -0.08207608 0.9385777
vn 0.3444984 -0.3663152 0.8643691
vn 0.8709155 0.4707053 -0.1412186
vn 0.9326264 0.3241765 -0.1584852
vn -0.6006365 0.3995068 -0.6925533
vn -0.650297 0.2494761 -0.7175483
vn -0.7200357 0.01138278 -0.6938437
vn -0.3694808 0.1073466 -0.9230171
vn 0.06843878 -0.9970264 -0.03541943
vn -0.336284 -0.2955418 -0.8941858
vn -0.6935267 0.2214192 -0.6855613
vn -0.3472054 0.06910554 -0.9352395
vn 0.1494534 -0.49878 -0.8537461
vn -0.3339793 0.1108355 -0.9360414
vn -0.2701965 0.01119566 -0.96274
vn -0.2445929 -0.02051305 -0.9694089
vn -0.4962053 0.02099997 -0.8679512
vn -0.1278955 -0.1250146 0.9838771
vn -0.3012679 -0.1298577 -0.9446558
vn -0.6729541 -0.703356 -0.2289611
vn -0.3426079 -0.1867463 -0.920731
vn 0.1183311 0.03156682 0.9924723
vn -0.2811755 -0.1103948 0.9532856
vn 0.2583447 -0.4330712 0.8635435
vn 0.1436249 -0.08019175 0.9863777
vn 0.1947565 0.1143149 0.9741673
vn 0.1950223 0.05086361 0.979479
vn 0.2329898 0.08078209 0.9691182
vn 0.2884127 -0.04033771 0.9566562
vn 0.2422651 0.0831409 0.9666412
vn 0.3684725 -0.2356501 0.8992758
vn 0.3589921 -0.03406776 0.9327187
vn 0.3352934 -0.1762691 0.9254769
vn -0.1439693 2.405919E-05 0.9895822
vn 0.3745414 -0.1476741 0.9153749
vn 0.01806876 0.09548923 0.9952664
vn -0.1532556 0.2116255 0.9652603
vn 0.6729487 -0.7033166 -0.2290975
vn 0.2811908 -0.1105798 0.9532596
vn 0.8382568 -0.2027038 -0.5061983
vn 0.5670331 -0.5845226 -0.5803506
vn 0.3590722 0.1695552 -0.917779
vn 0.2981774 0.03253511 -0.9539558
vn 0.2853052 -0.6801562 0.6752692
vn 0.244578 -0.02032439 -0.9694166
vn -0.1494564 -0.4986128 -0.8538431
vn -0.3754047 -0.7994143 0.4690502
vn -0.285056 -0.8118765 0.5095091
vn -0.2902546 -0.7832547 0.5497859
vn 0.3362767 -0.2953647 -0.894247
vn 0.2282086 -0.9453844 0.2327425
vn -0.06845669 -0.9970204 -0.03555204
vn 0.7200274 0.01150906 -0.6938502
vn 0.6502891 0.2496118 -0.7175081
vn 0.5539721 0.1238698 -0.8232687
vn 0.600631 0.3996375 -0.6924827
vn 0.3548561 0.03201909 -0.9343724
vn 0.6935223 0.2215437 -0.6855255
vn 0.6557596 -0.3358119 -0.6761729
vn -0.2636496 -0.6703804 -0.6935985
vn 0.5062262 -0.8608712 -0.05133924
vn 0.6935223 0.2215437 -0.6855255
vn 0.1279085 -0.12521 0.9838505
vn 0.14397 -0.1416708 0.9793885
vn -0.3419641 -0.6956074 0.6318156
vn -0.5870414 -0.5040206 0.6335183
vn -0.3141273 -0.4811251 -0.8184391
vn -0.5852302 -0.4828874 0.6514026
vn 0.2704129 -0.5316345 -0.8026466
vn -0.4687973 -0.773048 -0.4273474
vn -0.4249992 -0.7978663 -0.4275334
vn -0.6835957 -0.4679957 0.5600687
vn -0.7342054 -0.5545307 0.3917119
vn -0.09613281 -0.7872375 -0.6091104
vn 0.4735512 -0.7819151 -0.4054109
vn 0.2353026 -0.9597161 -0.1535501
vn 0.1614532 -0.8225701 -0.5452626
vn 0.09414565 -0.8930455 -0.4400072
vn -0.1878286 -0.9805663 0.05665783
vn -0.3977468 -0.6149905 0.6808702
vn -0.01035388 -0.7974107 0.6033481
vn 0.1081675 -0.927328 -0.3582771
vn 0.1243255 -0.9022859 -0.4128235
vn 0.1346611 -0.9872174 0.08525374
vn -0.3243048 -0.7901803 0.52004
vn 0.07699458 -0.9820293 0.1723087
vn -0.00200476 -0.9771867 -0.2123731
vn 0.5429112 0.02004804 -0.8395507
vn 0.3082468 0.1039014 -0.9456154
vn 0.07340321 -0.1864448 0.9797195
vn -0.1503848 -0.847156 -0.5096183
vn -0.005218836 -0.8390054 -0.5440981
vn -0.1435378 -0.9071335 0.395608
vn -0.2459752 -0.07520284 0.9663544
vn -0.2111649 -0.03254069 0.9769086
vn 0.2468025 -0.899197 -0.361294
vn -0.4558248 -0.6839782 0.5695591
vn 0.09803823 -0.7860632 -0.6103222
vn -0.1803255 -0.8311052 0.5260673
vn 0.4443813 -0.4723729 0.7611762
vn 0.6674538 -0.4567589 -0.5881127
vn -0.2510033 -0.6817716 -0.6871571
vn -0.04158569 -0.8670692 -0.4964492
vn 0.2286002 0.1050727 -0.9678335
vn 0.2255682 0.1240977 -0.9662912
vn 0.2827541 0.09347004 -0.9546274
vn -0.1222464 -0.9920548 0.02971786
vn -0.1150478 -0.1084342 0.987424
vn -0.01492949 -0.8910984 -0.4535644
vn 0.04733619 -0.9509759 -0.3056208
vn -0.3247285 -0.7975034 0.5084681
vn -0.1911451 -0.08910875 0.9775087
vn -0.3579752 -0.8087209 0.4667165
vn -0.1489259 -0.08588921 0.9851112
vn 0.6790339 -0.3616736 0.6388311
vn 0.02753806 -0.7882824 -0.6146972
vn -0.01093384 -0.9776127 -0.2101285
vn -0.01488861 -0.7823021 -0.6227213
vn -0.1407168 -0.7788832 -0.611179
vn -0.04322363 -0.8789237 0.475
vn 0.7040697 -0.2498425 -0.664729
vn 0.07516547 -0.8935108 -0.442706
vn -0.221716 -0.7909337 -0.5703208
vn 0.156994 0.1035621 -0.9821547
vn 0.1276768 0.0725944 -0.9891556
vn 0.1942314 0.05085213 -0.9796367
vn 0.1045562 -0.04068198 0.9936865
vn -0.1168399 -0.177933 0.9770815
vn -0.1778014 -0.9822469 0.0598125
vn -0.3291212 -0.9253336 0.188247
vn -0.06631247 -0.1065527 0.9920933
vn 0.06403228 -0.8816661 0.4675093
vn 0.1209352 -0.8801005 -0.4591272
vn -0.06915705 -0.875638 -0.477991
vn -0.2802083 -0.9183108 -0.2796223
vn 0.2641729 0.06661536 -0.9621721
vn 0.2167293 0.04391086 -0.9752436
vn 0.2341096 0.03930899 -0.9714152
vn 0.1608379 0.1840536 -0.9696677
vn 0.1388516 0.1935771 -0.9712096
vn 0.3239525 -0.03008919 -0.9455948
vn 0.432698 0.2100146 -0.8767362
vn -0.008197718 0.5315809 -0.8469679
vn 0.3254805 -0.6679232 -0.669284
vn 0.1812063 0.3241454 -0.9284902
vn -0.6417826 0.5221679 -0.5616544
vn -0.8374365 0.5458496 0.02735638
vn -0.943189 0.3311364 -0.02726111
vn 0.1373134 -0.5553829 -0.8201797
vn -0.9339094 0.336404 -0.1210187
vn 0.2498109 -0.9095181 -0.3322219
vn 0.126797 -0.8589565 -0.4961013
vn -0.2117044 -0.9771407 -0.01942684
vn -0.8891738 0.4069251 -0.2092414
vn -0.9326241 0.3241869 -0.158477
vn -0.01805653 0.09529573 0.9952852
vn 0.1279085 -0.12521 0.9838505
vn 0.14397 -0.1416708 0.9793885
vn -0.0009370405 0.06398351 0.9979505
vn -0.3419641 -0.6956074 0.6318156
vn 0.1532689 0.211436 0.9652997
vn -0.1184364 -0.02303214 0.9926945
vn 0.1439788 -0.0001681985 0.9895808
vn -0.5870414 -0.5040206 0.6335183
vn -0.5852302 -0.4828874 0.6514026
vn -0.6835957 -0.4679957 0.5600687
vn 0.07754218 -0.01121901 0.9969259
vn -0.3352843 -0.1764476 0.9254462
vn -0.2247258 0.03304221 0.9738616
vn -0.2422527 0.08295576 0.9666603
vn -0.1627104 0.1817709 0.9697859
vn -0.3880743 -0.01391108 0.9215231
vn -0.5053779 -0.02495761 0.8625371
vn -0.7342054 -0.5545307 0.3917119
vn -0.2531672 0.1886511 0.9488504
vn -0.375425 -0.06570766 0.9245207
vn -0.3977468 -0.6149905 0.6808702
vn 0.1898558 0.8453438 0.4993482
vn -0.2329772 0.08059594 0.9691367
vn 0.05579624 0.8614694 0.5047349
vn 0.06585478 0.7666308 0.638702
vn -0.1467561 -0.1379245 0.9795098
vn 0.04988116 0.8382515 0.5429975
vn 0.2275946 0.9707724 0.07616762
vn 0.15917 0.7716885 0.6157611
vn 0.4653242 0.8807042 0.0885072
vn -0.1041194 -0.3743648 0.9214175
vn -0.01035388 -0.7974107 0.6033481
vn -0.3243048 -0.7901803 0.52004
vn 0.2836967 0.9451181 0.162074
vn 0.2261059 0.9464437 0.2304785
vn 0.3024935 0.9147482 0.2678307
vn 0.07161973 0.6688305 0.7399571
vn 0.04393923 0.9728272 0.2273249
vn 0.3746564 0.8758624 -0.3041341
vn 0.4207378 0.8165234 -0.3953091
vn -0.1234848 0.06716683 0.9900708
vn -0.3351612 -0.08219249 0.9385687
vn -0.2282558 0.6556962 0.7196956
vn -0.2615235 0.0522397 0.9637824
vn -0.9664883 -0.04788985 0.2522042
vn -0.7852687 -0.5748863 -0.2299105
vn -0.9389073 -0.1492166 -0.310141
vn -0.9372711 -0.007904169 -0.3485118
vn -0.9404166 -0.0800757 -0.3304611
vn -0.3445217 -0.3664083 0.8643204
vn -0.870912 0.4707174 -0.1412001
vn -0.9326241 0.3241869 -0.158477
vn 0.1979846 0.8943305 -0.4012169
vn -0.9247633 -0.2674297 -0.2707288
vn 0.004150725 0.1426736 -0.9897611
vn -0.6417826 0.5221679 -0.5616544
vn 0.1998927 0.06137307 -0.9778937
vn -0.008197718 0.5315809 -0.8469679
vn 0.3239525 -0.03008919 -0.9455948
vn 0.1388516 0.1935771 -0.9712096
vn 0.2887903 0.9001362 -0.3261209
vn 0.1608379 0.1840536 -0.9696677
vn 0.2914165 0.8294637 -0.4765147
vn 0.2341096 0.03930899 -0.9714152
vn 0.3706577 0.7453874 -0.5540853
vn 0.2167293 0.04391086 -0.9752436
vn 0.2641729 0.06661536 -0.9621721
vn 0.2419255 0.9578617 -0.154832
vn 0.3779169 0.9257975 -0.008819195
vn 0.3256185 0.8352607 -0.4430712
vn 0.2173695 0.9758699 -0.02069781
vn 0.3600091 0.914494 -0.1846461
vn 0.2649511 0.9422642 0.2047904
vn 0.2594985 0.906127 0.3340573
vn 0.5201765 0.6652358 -0.5356097
vn 0.7122075 0.4805452 -0.5116999
vn 0.1209352 -0.8801005 -0.4591272
vn 0.06403228 -0.8816661 0.4675093
vn 0.5958168 0.4822111 0.6422421
vn 0.47224 0.7035828 0.5309997
vn -0.06631247 -0.1065527 0.9920933
vn 0.3435834 0.8696367 0.3545172
vn -0.1168399 -0.177933 0.9770815
vn 0.1045562 -0.04068198 0.9936865
vn 0.1942314 0.05085213 -0.9796367
vn 0.1276768 0.0725944 -0.9891556
vn 0.3255567 0.7020233 -0.6333848
vn 0.1826904 0.7465266 0.639783
vn 0.5071655 0.6367144 -0.5808424
vn 0.156994 0.1035621 -0.9821547
vn 0.7040697 -0.2498425 -0.664729
vn 0.4404048 0.6828342 0.5829075
vn -0.1150478 -0.1084342 0.987424
vn -0.1911451 -0.08910875 0.9775087
vn 0.2827541 0.09347004 -0.9546274
vn -0.1489259 -0.08588921 0.9851112
vn 0.2255682 0.1240977 -0.9662912
vn 0.6961089 0.4724469 0.5405797
vn 0.6790339 -0.3616736 0.6388311
vn 0.7648405 0.4767996 -0.433222
vn 0.3973728 0.8530868 -0.3381388
vn 0.5463291 0.8131691 -0.2007002
vn 0.2286002 0.1050727 -0.9678335
vn 0.7728239 0.5970559 -0.2150989
vn 0.6674538 -0.4567589 -0.5881127
vn 0.6207533 0.5592166 0.5494926
vn 0.4443813 -0.4723729 0.7611762
vn 0.3913277 0.7562193 0.5243995
vn -0.2111649 -0.03254069 0.9769086
vn 0.2459453 0.849955 0.4659265
vn -0.2459752 -0.07520284 0.9663544
vn 0.07340321 -0.1864448 0.9797195
vn 0.5429112 0.02004804 -0.8395507
vn 0.4024462 0.8437776 -0.3550726
vn 0.3082468 0.1039014 -0.9456154
vn 0.4719733 0.8421722 -0.2607433
vn 0.2981774 0.03253511 -0.9539558
vn 0.2845941 0.8198805 0.496792
vn 0.3386368 0.8136227 0.4725922
vn -0.1950098 0.05067658 0.9794912
vn 0.5214639 0.8251206 -0.2173742
vn 0.3590722 0.1695552 -0.917779
vn 0.677584 0.7293181 -0.09473663
vn 0.8382568 -0.2027038 -0.5061983
vn 0.5464374 0.6776481 0.4921375
vn 0.2811908 -0.1105798 0.9532596
vn 0.600631 0.3996375 -0.6924827
vn 0.7200274 0.01150906 -0.6938502
vn 0.6502891 0.2496118 -0.7175081
vn 0.3694689 0.1075224 -0.9230015
vn -0.06845669 -0.9970204 -0.03555204
vn 0.3362767 -0.2953647 -0.894247
vn 0.6935223 0.2215437 -0.6855255
vn 0.3471923 0.06928375 -0.9352311
vn -0.1494564 -0.4986128 -0.8538431
vn 0.333967 0.1110137 -0.9360245
vn 0.2701845 0.01137917 -0.9627413
vn 0.244578 -0.02032439 -0.9694166
vn 0.4961929 0.02115895 -0.8679544
vn 0.1279085 -0.12521 0.9838505
vn 0.3012583 -0.1296795 -0.9446834
vn 0.6729487 -0.7033166 -0.2290975
vn 0.3425958 -0.1865751 -0.9207702
vn -0.1183175 0.03137645 0.9924799
vn 0.2811908 -0.1105798 0.9532596
vn -0.2583371 -0.4332387 0.8634618
vn -0.1436115 -0.08038329 0.9863642
vn -0.1947421 0.1141283 0.9741921
vn -0.1950098 0.05067658 0.9794912
vn -0.2329772 0.08059594 0.9691367
vn -0.2884011 -0.04051962 0.9566519
vn -0.2422527 0.08295576 0.9666603
vn -0.3684626 -0.2358199 0.8992354
vn -0.3589798 -0.034245 0.9327168
vn -0.3352843 -0.1764476 0.9254462
vn 0.1439788 -0.0001681985 0.9895808
vn -0.3745295 -0.1478465 0.9153519
vn -0.01805653 0.09529573 0.9952852
vn 0.1532689 0.211436 0.9652997
vn -0.09314504 -0.9892246 -0.1129546
vn -0.09314505 -0.9892246 -0.1129546
vn -0.09314505 -0.9892246 -0.1129546
vn -0.09314506 -0.9892246 -0.1129546
vn 0.09053174 0.9891173 0.1159778
vn 0.09053174 0.9891173 0.1159778
vn 0.09053174 0.9891173 0.1159778
vn 0.09053173 0.9891173 0.1159778
vn -0.9861491 0.1258253 -0.1080646
vn -0.9861491 0.1258253 -0.1080647
vn -0.9861491 0.1258253 -0.1080647
vn -0.9861491 0.1258253 -0.1080646
vn 0.16045 -0.1227123 0.9793863
vn 0.1604499 -0.1227123 0.9793863
vn 0.1604499 -0.1227123 0.9793863
vn 0.1604499 -0.1227123 0.9793863
vn -0.2537912 0.1173163 -0.9601182
vn -0.2537912 0.1173163 -0.9601182
vn -0.2537912 0.1173163 -0.9601182
vn -0.2537912 0.1173163 -0.9601182
vn -0.09131904 0.9877364 0.1266398
vn -0.09131903 0.9877364 0.1266398
vn -0.09131904 0.9877364 0.1266397
vn -0.09131903 0.9877364 0.1266398
vn 0.108486 -0.9865184 -0.1225244
vn 0.108486 -0.9865184 -0.1225244
vn 0.108486 -0.9865184 -0.1225244
vn 0.108486 -0.9865184 -0.1225244
vn 0.9783459 0.1481349 -0.1445517
vn 0.978346 0.1481349 -0.1445517
vn 0.9783459 0.1481349 -0.1445517
vn 0.9783459 0.1481349 -0.1445517
vn -0.1494395 0.6905904 -0.7076387
vn -0.1238173 0.6643109 -0.7371297
vn -0.3137685 0.209763 -0.9260393
vn -0.04963769 0.633988 -0.7717482
vn 0.02862647 0.4636422 -0.8855599
vn 0.2050402 0.1763593 -0.9627336
vn 0.09439988 0.1505152 -0.9840904
vn -0.1993973 0.1167837 -0.9729349
vn -0.1111356 0.06738165 -0.9915183
vn 0.1406817 0.07146774 -0.9874721
vn 0.7214614 -0.2306808 -0.652901
vn 0.7512739 -0.3037666 -0.5859295
vn -0.3777849 -0.312905 -0.8714178
vn -0.1244455 -0.4702949 -0.873691
vn -0.66137 -0.3278863 -0.6745964
vn -0.3729123 0.005500338 -0.9278502
vn -0.6110011 -0.5484576 -0.570852
vn 0.595584 -0.2095334 -0.7754841
vn -0.4574471 0.1302477 -0.8796463
vn -0.5746772 0.1995988 -0.7936664
vn -0.3849272 0.3008813 -0.872526
vn -0.3319326 0.5317112 -0.7791687
vn -0.2165468 0.6419095 -0.7355677
vn -0.1885536 -0.0983006 0.9771308
vn -0.5829861 -0.05380112 0.8106988
vn -0.5702539 0.03614578 0.8206729
vn -0.2510339 -0.004574672 0.9679675
vn 0.1893357 -0.1245357 0.9739829
vn -0.6014975 0.04402271 0.7976609
vn 0.1868796 -0.01844557 0.9822097
vn -0.189006 -0.005866281 0.9819583
vn 0.1570222 -0.02132189 0.9873648
vn -0.1406817 0.07146773 -0.9874721
vn -0.7512739 -0.3037666 -0.5859295
vn 0.3777849 -0.312905 -0.8714178
vn -0.7214614 -0.2306808 -0.652901
vn 0.1111356 0.06738164 -0.9915183
vn 0.1244455 -0.470295 -0.8736909
vn 0.66137 -0.3278863 -0.6745964
vn 0.1993974 0.1167837 -0.9729349
vn -0.09439989 0.1505152 -0.9840904
vn 0.3729123 0.005500329 -0.9278502
vn 0.6110011 -0.5484575 -0.570852
vn -0.5955839 -0.2095334 -0.775484
vn 0.4574473 0.1302478 -0.8796463
vn 0.5746775 0.1995988 -0.7936664
vn 0.3137685 0.209763 -0.9260392
vn -0.2050403 0.1763593 -0.9627335
vn 0.384927 0.300881 -0.8725261
vn -0.02862621 0.4636419 -0.8855601
vn 0.3319324 0.531711 -0.779169
vn 0.04963773 0.6339878 -0.7717484
vn 0.2165469 0.6419093 -0.7355677
vn 0.1238172 0.6643109 -0.7371299
vn 0.1494395 0.6905904 -0.7076388
vn -0.1604503 -0.1227125 0.9793863
vn -0.1604503 -0.1227125 0.9793863
vn -0.1604503 -0.1227124 0.9793863
vn -0.1604503 -0.1227125 0.9793863
vn 0.2537909 0.117316 -0.9601183
vn 0.2537909 0.117316 -0.9601183
vn 0.2537909 0.117316 -0.9601183
vn 0.2537909 0.117316 -0.9601183
vn 0.09131886 0.9877364 0.1266405
vn 0.09131887 0.9877364 0.1266405
vn 0.09131887 0.9877364 0.1266405
vn 0.09131887 0.9877364 0.1266405
vn -0.108486 -0.9865184 -0.1225239
vn -0.108486 -0.9865184 -0.1225239
vn -0.108486 -0.9865184 -0.1225239
vn -0.108486 -0.9865184 -0.1225239
vn -0.978346 0.1481348 -0.1445519
vn -0.978346 0.1481348 -0.1445519
vn -0.978346 0.1481348 -0.1445519
vn -0.978346 0.1481347 -0.1445518
vn -0.06050258 -0.9843477 -0.1655269
vn -0.06050258 -0.9843477 -0.1655269
vn -0.06050259 -0.9843477 -0.1655269
vn -0.06050258 -0.9843477 -0.1655269
vn -0.9240392 0.1353673 -0.3575293
vn -0.9240392 0.1353673 -0.3575293
vn -0.9240392 0.1353673 -0.3575293
vn -0.9240392 0.1353673 -0.3575293
vn 0.06096566 0.9844148 0.1649569
vn 0.06096566 0.9844148 0.1649569
vn 0.06096566 0.9844148 0.1649569
vn 0.06096566 0.9844148 0.1649569
vn 0.3969495 -0.1260215 0.9091477
vn 0.3969495 -0.1260215 0.9091477
vn 0.3969495 -0.1260215 0.9091477
vn 0.3969496 -0.1260215 0.9091477
vn 0.9232575 0.1321426 -0.3607408
vn 0.9232575 0.1321426 -0.3607408
vn 0.9232575 0.1321426 -0.3607407
vn 0.9232575 0.1321426 -0.3607408
vn -0.4029024 0.1340109 -0.9053788
vn -0.4029025 0.1340109 -0.9053788
vn -0.4029024 0.1340109 -0.9053788
vn -0.4029024 0.1340109 -0.9053788
vn -0.05710929 0.9851119 0.162151
vn -0.05710929 0.9851119 0.162151
vn -0.05710929 0.9851119 0.162151
vn -0.05710929 0.9851119 0.162151
vn 0.04853613 -0.987007 -0.1531709
vn 0.04853613 -0.987007 -0.1531709
vn 0.04853614 -0.987007 -0.1531709
vn 0.04853613 -0.987007 -0.1531709
vn 0.09314559 -0.9892244 -0.1129561
vn 0.09314559 -0.9892244 -0.1129561
vn 0.09314559 -0.9892244 -0.1129561
vn 0.09314559 -0.9892244 -0.1129561
vn -0.09053185 0.9891172 0.1159795
vn -0.09053186 0.9891172 0.1159795
vn -0.09053186 0.9891172 0.1159795
vn -0.09053186 0.9891172 0.1159795
vn 0.9861491 0.1258254 -0.1080646
vn 0.9861491 0.1258254 -0.1080646
vn 0.9861491 0.1258254 -0.1080646
vn 0.9861491 0.1258254 -0.1080646
vn -0.02009973 0.9976159 0.06601825
vn -0.02009973 0.9976159 0.06601825
vn -0.02009973 0.9976159 0.06601825
vn -0.02009973 0.9976159 0.06601824
vn 0.03215545 -0.9976247 -0.06091889
vn 0.03215545 -0.9976247 -0.0609189
vn 0.03215545 -0.9976247 -0.0609189
vn 0.03215545 -0.9976247 -0.0609189
vn -0.9332145 -0.1130722 0.341065
vn -0.8102052 -0.1266613 0.5722976
vn -0.9332145 -0.1130722 0.341065
vn -0.8153077 -0.1263421 0.5650762
vn -0.3108866 -0.1313064 0.9413332
vn -0.3227637 -0.1315686 0.9372904
vn 0.2966139 -0.1002894 0.949717
vn 0.2790328 -0.1016923 0.9548819
vn 0.8284863 -0.05207788 0.5575825
vn 0.8266665 -0.05229847 0.5602564
vn 0.9937769 -0.02174558 -0.1092458
vn 0.9943535 -0.02166345 -0.1038831
vn 0.9685425 -0.02365973 -0.2477206
vn 0.9685425 -0.02365973 -0.2477206
vn 0.9301569 0.1170664 -0.3479994
vn 0.8088364 0.1300939 -0.5734626
vn 0.9301569 0.1170664 -0.3479994
vn 0.8059042 0.1302651 -0.5775373
vn 0.3192675 0.1326271 -0.938338
vn 0.3083582 0.1323279 -0.9420216
vn -0.2668942 0.1025823 -0.9582507
vn -0.2892295 0.100817 -0.9519361
vn -0.8208371 0.05405225 -0.568599
vn -0.8231867 0.05378664 -0.5652173
vn -0.995182 0.02294591 0.09532128
vn -0.994501 0.02296467 0.1021782
vn -0.9677569 0.02310063 0.2508243
vn -0.9677569 0.02310063 0.2508243
vn 0.08596347 0.9756629 0.2017229
vn 0.08596348 0.975663 0.2017229
vn 0.08596348 0.975663 0.2017229
vn 0.08596348 0.975663 0.2017229
vn -0.09040569 -0.9792106 -0.1815861
vn -0.09040569 -0.9792106 -0.1815861
vn -0.09040569 -0.9792106 -0.1815861
vn -0.0904057 -0.9792106 -0.1815861
vn 0.009466846 0.9743773 -0.2247201
vn 0.009466848 0.9743773 -0.2247202
vn 0.009466847 0.9743773 -0.2247202
vn 0.009466848 0.9743773 -0.2247202
vn 0.01674408 -0.9743432 0.2244435
vn 0.01674408 -0.9743432 0.2244435
vn 0.01674408 -0.9743432 0.2244435
vn 0.01674408 -0.9743432 0.2244435
vn -0.01924856 0.9873512 0.1573758
vn -0.01924856 0.9873512 0.1573758
vn -0.01924856 0.9873512 0.1573758
vn -0.01924856 0.9873512 0.1573758
vn 0.01661802 -0.9884583 -0.1505789
vn 0.01661802 -0.9884583 -0.1505789
vn 0.01661802 -0.9884583 -0.150579
vn 0.01661802 -0.9884583 -0.1505789
vn 0.181073 0.9733468 -0.1407433
vn 0.181073 0.9733468 -0.1407433
vn 0.1810731 0.9733468 -0.1407433
vn 0.1810731 0.9733468 -0.1407433
vn -0.1733448 -0.9788745 0.1084265
vn -0.1733448 -0.9788745 0.1084265
vn -0.1733448 -0.9788745 0.1084265
vn -0.1733448 -0.9788745 0.1084265
vn -0.002491404 0.9964895 0.08368125
vn -0.002491404 0.9964895 0.08368125
vn -0.002491404 0.9964895 0.08368125
vn -0.002491404 0.9964895 0.08368126
vn -0.004569979 -0.9972288 -0.07425455
vn -0.004569979 -0.9972288 -0.07425455
vn -0.004569979 -0.9972288 -0.07425454
vn -0.004569979 -0.9972288 -0.07425454
vn 0.1150762 0.9840853 0.1354013
vn 0.1150761 0.9840853 0.1354013
vn 0.1150762 0.9840853 0.1354013
vn 0.1150762 0.9840853 0.1354013
vn 0.09642419 0.9836661 0.1519982
vn 0.09406228 0.9766663 0.1930682
vn 0.09385207 0.9759867 0.1965748
vn 0.05538636 0.9575254 0.2829795
vn 0.05934042 0.9588822 0.2775314
vn 0.01395411 0.9526541 0.3037356
vn 0.01153582 0.9542402 0.2988189
vn -0.004238906 0.9638184 0.2665259
vn -0.004238906 0.9638184 0.2665258
vn -0.115005 -0.9841192 -0.135216
vn -0.115005 -0.9841192 -0.135216
vn -0.115005 -0.9841192 -0.135216
vn -0.115005 -0.9841192 -0.135216
vn -0.09659725 -0.9836813 -0.1517897
vn -0.09712883 -0.9752309 -0.1987226
vn -0.0971125 -0.975596 -0.1969305
vn -0.0579644 -0.9568378 -0.2847835
vn -0.05794661 -0.9568323 -0.2848053
vn -0.01093726 -0.9510017 -0.3089924
vn -0.006528351 -0.9528625 -0.3033321
vn 0.01630337 -0.9616596 -0.2737613
vn 0.01630337 -0.9616596 -0.2737613
vn 0.1198018 0.1212781 -0.9853624
vn 0.9123229 -0.1336635 0.3870412
vn 0.1198018 0.1212781 -0.9853624
vn 0.9116169 -0.1338156 0.3886488
vn 0.7776272 -0.1559282 0.6090832
vn 0.7772678 -0.1559689 0.6095314
vn 0.3190884 -0.1872257 0.9290474
vn 0.3091845 -0.1874955 0.932336
vn -0.2652074 -0.1528477 0.9519994
vn -0.2784751 -0.1509029 0.9485146
vn -0.8036091 -0.04156227 0.5937045
vn -0.7898712 -0.04567086 0.6115698
vn -0.9925565 0.04547633 0.1129752
vn -0.9941121 0.04775416 0.09726659
vn -0.992608 0.07448203 -0.09582286
vn -0.992608 0.07448202 -0.09582284
vn -0.4445786 -0.07117242 0.8929078
vn -0.9455466 0.1284435 -0.2990718
vn -0.4445786 -0.07117242 0.8929078
vn -0.9464651 0.1281745 -0.2962689
vn -0.7901363 0.1650464 -0.5902916
vn -0.7907053 0.1649481 -0.5895569
vn -0.312179 0.2177872 -0.9247232
vn -0.3183136 0.2174172 -0.9227167
vn 0.2969434 0.1741063 -0.9388885
vn 0.2808419 0.1772484 -0.9432448
vn 0.7928945 0.0424451 -0.6078788
vn 0.8048689 0.03798323 -0.5922359
vn 0.9937309 -0.05476693 -0.09746492
vn 0.9920431 -0.05271693 -0.1143308
vn 0.9923823 -0.07693289 0.09622143
vn 0.9923823 -0.07693291 0.09622143
vn 0.03050319 0.9924581 0.118729
vn 0.03050319 0.9924581 0.118729
vn 0.03050319 0.9924581 0.118729
vn 0.0305032 0.9924581 0.118729
vn -0.0335236 -0.9921063 -0.1208355
vn -0.0335236 -0.9921063 -0.1208355
vn -0.0335236 -0.9921063 -0.1208355
vn -0.0335236 -0.9921063 -0.1208355
vn -0.04285789 -0.9753885 -0.216288
vn -0.04285789 -0.9753885 -0.216288
vn -0.04285789 -0.9753885 -0.216288
vn -0.04285789 -0.9753885 -0.216288
vn 0.04235794 0.974728 0.2193421
vn 0.04235795 0.974728 0.2193421
vn 0.04235794 0.974728 0.2193421
vn 0.04235794 0.974728 0.2193421
vn 0.06050251 -0.9843479 -0.1655249
vn 0.06050251 -0.9843479 -0.165525
vn 0.0605025 -0.9843479 -0.1655249
vn 0.06050251 -0.9843479 -0.165525
vn -0.06096559 0.9844137 0.1649631
vn -0.06096559 0.9844137 0.1649631
vn -0.0609656 0.9844137 0.1649631
vn -0.06096559 0.9844137 0.1649631
vn 0.9240391 0.1353672 -0.3575296
vn 0.9240391 0.1353672 -0.3575296
vn 0.9240391 0.1353672 -0.3575296
vn 0.9240391 0.1353672 -0.3575296
vn 0.1027558 -0.9940808 0.03527872
vn 0.1027558 -0.9940808 0.03527872
vn 0.1027558 -0.9940808 0.03527872
vn 0.1027558 -0.9940808 0.03527872
vn -0.1178556 0.9925447 -0.03106498
vn -0.1178556 0.9925447 -0.03106497
vn -0.1178556 0.9925447 -0.03106498
vn -0.1178556 0.9925447 -0.03106498
vn 0.955323 0.1150234 -0.2722639
vn 0.955323 0.1150234 -0.2722639
vn 0.955323 0.1150233 -0.2722639
vn 0.955323 0.1150234 -0.2722639
vn -0.3284648 -0.09105202 0.9401172
vn -0.3284647 -0.09105202 0.9401172
vn -0.3284648 -0.09105202 0.9401172
vn -0.3284648 -0.09105202 0.9401172
vn -0.9903682 0.1240305 -0.06154016
vn -0.9903682 0.1240305 -0.06154017
vn -0.9903682 0.1240304 -0.06154016
vn -0.9903682 0.1240305 -0.06154016
vn 0.3221681 0.09204827 -0.9421968
vn 0.3221681 0.09204827 -0.9421968
vn 0.3221681 0.09204826 -0.9421968
vn 0.3221681 0.09204825 -0.9421968
vn 0.1145775 0.9841501 0.1353533
vn 0.1145775 0.9841501 0.1353533
vn 0.1145775 0.9841501 0.1353533
vn 0.1145775 0.9841501 0.1353533
vn -0.1145607 -0.9841511 -0.1353601
vn -0.1145607 -0.9841511 -0.1353601
vn -0.1145607 -0.9841511 -0.1353601
vn -0.1145607 -0.9841511 -0.1353601
vn 0.05247586 -0.9601022 -0.2746818
vn 0.05247587 -0.9601022 -0.2746818
vn 0.05247586 -0.9601022 -0.2746818
vn 0.05247586 -0.9601022 -0.2746818
vn -0.05271287 0.9537988 0.2957856
vn -0.05271287 0.9537988 0.2957856
vn -0.05271287 0.9537988 0.2957857
vn -0.05271287 0.9537988 0.2957856
vn 0.9773561 0.1451947 -0.1539269
vn 0.9773561 0.1451947 -0.1539269
vn 0.9773561 0.1451947 -0.1539269
vn 0.9773561 0.1451947 -0.1539269
vn -0.3969492 -0.1260219 0.9091479
vn -0.3969492 -0.1260219 0.9091479
vn -0.3969493 -0.1260219 0.9091479
vn -0.3969492 -0.1260219 0.9091479
vn -0.9232574 0.1321429 -0.3607408
vn -0.9232574 0.1321429 -0.3607408
vn -0.9232574 0.1321429 -0.3607408
vn -0.9232574 0.1321429 -0.3607407
vn 0.4029022 0.1340099 -0.905379
vn 0.4029022 0.1340099 -0.905379
vn 0.4029022 0.1340099 -0.905379
vn 0.4029023 0.1340099 -0.905379
vn 0.05710945 0.9851118 0.1621525
vn 0.05710945 0.9851118 0.1621525
vn 0.05710946 0.9851118 0.1621525
vn 0.05710945 0.9851118 0.1621525
vn -0.04853626 -0.987007 -0.1531712
vn -0.04853626 -0.987007 -0.1531712
vn -0.04853626 -0.987007 -0.1531712
vn -0.04853626 -0.987007 -0.1531712
vn -0.05247578 -0.960102 -0.2746825
vn -0.05247578 -0.960102 -0.2746825
vn -0.05247579 -0.960102 -0.2746825
vn -0.05247578 -0.960102 -0.2746825
vn 0.0527129 0.9537991 0.2957847
vn 0.05271291 0.9537991 0.2957847
vn 0.05271291 0.9537991 0.2957846
vn 0.0527129 0.9537991 0.2957847
vn -0.9773562 0.1451945 -0.1539268
vn -0.9773562 0.1451945 -0.1539268
vn -0.9773562 0.1451945 -0.1539268
vn -0.9773562 0.1451945 -0.1539268
vn -0.1027557 -0.9940808 0.03527946
vn -0.1027557 -0.9940807 0.03527945
vn -0.1027557 -0.9940807 0.03527945
vn -0.1027557 -0.9940807 0.03527946
vn 0.1178553 0.9925447 -0.03106718
vn 0.1178553 0.9925447 -0.03106718
vn 0.1178553 0.9925447 -0.03106718
vn 0.1178553 0.9925447 -0.03106718
vn -0.955323 0.1150238 -0.2722636
vn -0.955323 0.1150238 -0.2722636
vn -0.955323 0.1150238 -0.2722636
vn -0.955323 0.1150238 -0.2722636
vn -0.01357343 0.990195 0.139031
vn -0.01357343 0.990195 0.139031
vn -0.01357343 0.990195 0.139031
vn -0.01357343 0.990195 0.139031
vn 0.01973112 -0.9888253 -0.1477678
vn 0.01973112 -0.9888253 -0.1477678
vn 0.01973112 -0.9888253 -0.1477678
vn 0.01973112 -0.9888253 -0.1477678
vn 0.9705862 -0.139426 0.1962723
vn 0.9705862 -0.139426 0.1962723
vn 0.8331881 -0.1335576 0.5366189
vn 0.842338 -0.1342501 0.5219613
vn 0.2975248 -0.09698708 0.9497749
vn 0.302132 -0.0972057 0.948297
vn -0.4369861 -0.05347226 0.8978775
vn -0.4502635 -0.05242716 0.8913553
vn -0.9338818 0.03757555 0.3556022
vn -0.9317383 0.03653564 0.3612879
vn -0.9936305 0.06882094 -0.08923144
vn -0.9942409 0.06974544 -0.08136772
vn -0.9709545 0.05091879 -0.2337832
vn -0.9709545 0.05091879 -0.2337832
vn -0.9723954 0.1385127 -0.1877806
vn -0.9723954 0.1385127 -0.1877806
vn -0.8448029 0.1340222 -0.5180213
vn -0.8359879 0.1333824 -0.5322907
vn -0.3018239 0.097154 -0.9484005
vn -0.2975928 0.09695219 -0.9497572
vn 0.4571262 0.05121129 -0.8879263
vn 0.4449458 0.05219861 -0.894035
vn 0.9314154 -0.0363491 -0.362138
vn 0.9340796 -0.03764288 -0.3550751
vn 0.9943029 -0.06958433 0.08074609
vn 0.9936457 -0.06853919 0.08927889
vn 0.9717321 -0.05034702 0.230655
vn 0.9717321 -0.05034703 0.230655
vn -0.05464604 0.9962422 0.06719729
vn -0.05464605 0.9962422 0.06719729
vn -0.05464605 0.9962422 0.06719729
vn -0.05464604 0.9962422 0.06719729
vn 0.05402031 -0.9959881 -0.07134105
vn 0.05402031 -0.9959881 -0.07134105
vn 0.05402031 -0.9959881 -0.07134104
vn 0.05402032 -0.9959881 -0.07134105
vn -0.1153008 -0.9878956 -0.1037684
vn -0.1153008 -0.9878957 -0.1037684
vn -0.1153008 -0.9878956 -0.1037684
vn -0.1153008 -0.9878956 -0.1037684
vn 0.1136264 0.9882268 0.1024538
vn 0.1136264 0.9882268 0.1024538
vn 0.1136264 0.9882268 0.1024538
vn 0.1136264 0.9882268 0.1024538
vn 0.02510071 0.9962799 0.08243895
vn 0.02510072 0.9962799 0.08243896
vn 0.02510072 0.9962799 0.08243895
vn 0.02510071 0.9962799 0.08243895
vn -0.03035221 -0.9967163 -0.07506967
vn -0.03035221 -0.9967163 -0.07506966
vn -0.03035221 -0.9967163 -0.07506967
vn -0.03035221 -0.9967163 -0.07506967
vn -0.07069397 -0.9962699 -0.04948327
vn -0.07069398 -0.9962699 -0.04948328
vn -0.05754811 -0.981784 -0.1810755
vn -0.05754811 -0.981784 -0.1810755
vn -0.05754811 -0.981784 -0.1810755
vn -0.05754811 -0.981784 -0.1810755
vn 0.0562997 0.9827194 0.1763316
vn 0.0562997 0.9827194 0.1763316
vn 0.0562997 0.9827194 0.1763316
vn 0.0562997 0.9827194 0.1763316
vn 0.07214836 0.9960093 0.05253484
vn 0.07214836 0.9960093 0.05253484
vn 0.07214835 0.9960093 0.05253484
vn 0.07214836 0.9960093 0.05253484
vn 0.02009962 0.9976157 0.066022
vn 0.02009962 0.9976157 0.066022
vn 0.02009962 0.9976157 0.066022
vn 0.02009962 0.9976157 0.066022
vn -0.03215543 -0.9976246 -0.06091968
vn -0.03215543 -0.9976246 -0.06091967
vn -0.03215543 -0.9976246 -0.06091968
vn -0.03215543 -0.9976246 -0.06091968
vn 0.9332145 -0.113072 0.341065
vn 0.9332145 -0.113072 0.341065
vn 0.810205 -0.126661 0.5722978
vn 0.8153076 -0.1263419 0.5650764
vn 0.3108864 -0.1313063 0.9413332
vn 0.3227634 -0.1315684 0.9372904
vn -0.2966137 -0.1002894 0.949717
vn -0.2790327 -0.1016923 0.9548819
vn -0.8284863 -0.0520778 0.5575826
vn -0.8266665 -0.05229839 0.5602564
vn -0.9937769 -0.02174548 -0.1092459
vn -0.9943535 -0.02166335 -0.1038831
vn -0.9685425 -0.02365967 -0.2477206
vn -0.9685425 -0.02365967 -0.2477206
vn -0.9301569 0.1170665 -0.3479994
vn -0.9301569 0.1170666 -0.3479995
vn -0.8088362 0.1300939 -0.5734627
vn -0.8059042 0.1302652 -0.5775375
vn -0.3192674 0.1326271 -0.938338
vn -0.3083581 0.1323279 -0.9420216
vn 0.2668941 0.1025823 -0.9582507
vn 0.2892293 0.100817 -0.9519361
vn 0.820837 0.05405225 -0.5685991
vn 0.8231867 0.05378665 -0.5652174
vn 0.995182 0.02294588 0.09532129
vn 0.994501 0.02296463 0.1021783
vn 0.9677569 0.02310057 0.2508244
vn 0.9677569 0.02310057 0.2508244
vn -0.009466861 0.9743784 -0.2247156
vn -0.009466862 0.9743784 -0.2247156
vn -0.00946686 0.9743784 -0.2247156
vn -0.009466862 0.9743784 -0.2247156
vn -0.01674399 -0.9743451 0.2244353
vn -0.01674399 -0.9743451 0.2244353
vn -0.01674399 -0.9743451 0.2244353
vn -0.01674399 -0.9743451 0.2244353
vn 0.01924836 0.9873515 0.1573738
vn 0.01924836 0.9873515 0.1573738
vn 0.01924836 0.9873515 0.1573738
vn 0.01924836 0.9873515 0.1573738
vn -0.01661816 -0.9884585 -0.1505782
vn -0.01661816 -0.9884585 -0.1505782
vn -0.01661816 -0.9884585 -0.1505782
vn -0.01661816 -0.9884585 -0.1505782
vn -0.1810728 0.973346 -0.1407489
vn -0.1810728 0.973346 -0.1407489
vn -0.1810728 0.973346 -0.1407489
vn -0.1810728 0.973346 -0.1407489
vn 0.1733445 -0.9788729 0.1084409
vn 0.1733445 -0.9788729 0.1084409
vn 0.1733445 -0.9788729 0.1084409
vn 0.1733445 -0.9788729 0.1084409
vn 0.002491373 0.9964896 0.08368005
vn 0.002491373 0.9964896 0.08368006
vn 0.002491373 0.9964896 0.08368003
vn 0.002491373 0.9964896 0.08368003
vn 0.004570077 -0.9972288 -0.07425537
vn 0.004570077 -0.9972288 -0.07425537
vn 0.004570077 -0.9972288 -0.07425535
vn 0.004570077 -0.9972288 -0.07425537
vn 0.09040555 -0.9792103 -0.1815873
vn 0.09040555 -0.9792103 -0.1815873
vn 0.09040556 -0.9792103 -0.1815873
vn 0.09040555 -0.9792103 -0.1815873
vn -0.08596353 0.9756631 0.2017219
vn -0.08596353 0.9756631 0.2017219
vn -0.08596352 0.9756631 0.2017219
vn -0.08596353 0.9756631 0.2017219
vn 0.01357407 0.9901951 0.1390307
vn 0.01357407 0.9901951 0.1390307
vn 0.01357407 0.9901951 0.1390307
vn 0.01357407 0.990195 0.1390307
vn -0.01973139 -0.9888251 -0.1477683
vn -0.01973139 -0.9888251 -0.1477683
vn -0.01973139 -0.9888251 -0.1477683
vn -0.01973139 -0.9888251 -0.1477682
vn -0.9705862 -0.1394261 0.1962722
vn -0.8331881 -0.1335578 0.536619
vn -0.9705862 -0.1394261 0.1962722
vn -0.8423379 -0.1342503 0.5219614
vn -0.2975248 -0.09698723 0.9497749
vn -0.3021319 -0.09720584 0.948297
vn 0.4369861 -0.0534723 0.8978775
vn 0.4502636 -0.05242719 0.8913552
vn 0.9338818 0.03757557 0.3556021
vn 0.9317383 0.03653565 0.3612879
vn 0.9936305 0.06882099 -0.08923144
vn 0.9942409 0.0697455 -0.08136771
vn 0.9709545 0.05091882 -0.2337831
vn 0.9709545 0.05091883 -0.2337831
vn 0.9723954 0.1385124 -0.1877806
vn 0.844803 0.134022 -0.5180213
vn 0.9723954 0.1385124 -0.1877806
vn 0.8359879 0.1333823 -0.5322906
vn 0.3018239 0.09715404 -0.9484005
vn 0.2975928 0.09695221 -0.9497572
vn -0.4571262 0.05121129 -0.8879263
vn -0.4449458 0.05219862 -0.894035
vn -0.9314154 -0.03634908 -0.362138
vn -0.9340796 -0.03764286 -0.3550751
vn -0.9943029 -0.06958427 0.08074613
vn -0.9936457 -0.06853914 0.08927892
vn -0.9717321 -0.05034696 0.230655
vn -0.9717321 -0.05034696 0.230655
vn -0.07214835 0.9960093 0.0525348
vn -0.07214836 0.9960093 0.0525348
vn -0.07214835 0.9960093 0.0525348
vn -0.07214836 0.9960093 0.0525348
vn 0.07069393 -0.9962698 -0.04948394
vn 0.07069393 -0.9962698 -0.04948394
vn 0.07069393 -0.9962698 -0.04948394
vn 0.07069393 -0.9962698 -0.04948394
vn 0.03035218 -0.9967163 -0.07506896
vn 0.03035218 -0.9967163 -0.07506896
vn 0.05464596 0.9962422 0.06719763
vn 0.05464596 0.9962422 0.06719764
vn 0.05464596 0.9962422 0.06719764
vn 0.05464596 0.9962422 0.06719763
vn -0.05402027 -0.9959882 -0.07134064
vn -0.05402028 -0.9959882 -0.07134063
vn -0.05402027 -0.9959882 -0.07134064
vn -0.05402027 -0.9959882 -0.07134063
vn -0.02510063 0.9962799 0.082439
vn -0.02510063 0.9962799 0.08243901
vn -0.02510063 0.9962799 0.08243901
vn -0.02510064 0.9962799 0.08243901
vn 0.1153006 -0.9878958 -0.1037672
vn 0.1153006 -0.9878958 -0.1037672
vn 0.1153006 -0.9878958 -0.1037672
vn 0.1153006 -0.9878958 -0.1037673
vn -0.1136268 0.9882266 0.1024553
vn -0.1136268 0.9882266 0.1024553
vn -0.1136268 0.9882266 0.1024553
vn -0.1136268 0.9882266 0.1024553
vn 0.05754788 -0.9817841 -0.1810752
vn 0.05754789 -0.9817841 -0.1810753
vn 0.05754788 -0.9817841 -0.1810753
vn 0.05754788 -0.9817841 -0.1810753
vn -0.05629959 0.9827193 0.1763321
vn -0.05629959 0.9827193 0.1763321
vn -0.05629959 0.9827193 0.1763321
vn -0.05629959 0.9827193 0.1763321
vn 0.3284649 -0.09105188 0.9401172
vn 0.3284649 -0.09105188 0.9401172
vn 0.328465 -0.09105188 0.9401172
vn 0.3284649 -0.09105188 0.9401172
vn 0.9903682 0.1240306 -0.06154018
vn 0.9903682 0.1240306 -0.06154018
vn 0.9903682 0.1240307 -0.06154019
vn 0.9903682 0.1240306 -0.06154017
vn -0.3221681 0.09204897 -0.9421968
vn -0.322168 0.09204896 -0.9421968
vn -0.322168 0.09204896 -0.9421967
vn -0.3221681 0.09204896 -0.9421968
vn -0.1145771 0.9841501 0.1353538
vn -0.1145771 0.9841501 0.1353538
vn -0.1145771 0.9841501 0.1353538
vn -0.1145771 0.9841501 0.1353538
vn 0.1145609 -0.984151 -0.135361
vn 0.1145609 -0.984151 -0.135361
vn 0.1145609 -0.984151 -0.135361
vn 0.1145609 -0.984151 -0.135361
vn -0.09642439 0.9836663 0.1519961
vn -0.09406231 0.9766665 0.1930672
vn -0.09642439 0.9836663 0.1519961
vn -0.0938521 0.975987 0.1965739
vn -0.05934039 0.9588824 0.2775306
vn -0.05538635 0.9575257 0.2829787
vn -0.01395413 0.9526544 0.3037347
vn -0.01153584 0.9542404 0.2988179
vn 0.004238906 0.9638184 0.2665258
vn 0.004238906 0.9638184 0.2665259
vn -0.115076 0.984083 0.1354185
vn -0.115076 0.984083 0.1354185
vn -0.115076 0.984083 0.1354184
vn 0.09659743 -0.9836812 -0.1517899
vn 0.09712891 -0.9752309 -0.1987227
vn 0.09659742 -0.9836812 -0.1517899
vn 0.09711259 -0.975596 -0.1969306
vn 0.05794662 -0.9568325 -0.2848046
vn 0.0579644 -0.956838 -0.2847827
vn 0.01093713 -0.9510031 -0.308988
vn 0.00652817 -0.9528642 -0.3033267
vn -0.01630378 -0.9616625 -0.2737505
vn -0.01630378 -0.9616625 -0.2737505
vn 0.115005 -0.9841192 -0.135216
vn 0.115005 -0.9841192 -0.135216
vn 0.115005 -0.9841192 -0.135216
vn -0.1198009 0.1212777 -0.9853626
vn -0.1198009 0.1212777 -0.9853626
vn -0.9123232 -0.1336633 0.3870404
vn -0.9116173 -0.1338154 0.3886479
vn -0.7776276 -0.1559281 0.6090828
vn -0.7772681 -0.1559688 0.609531
vn -0.3091847 -0.1874954 0.932336
vn -0.3190885 -0.1872256 0.9290474
vn 0.2652073 -0.1528476 0.9519994
vn 0.278475 -0.1509028 0.9485146
vn 0.7898713 -0.04567089 0.6115697
vn 0.8036091 -0.04156231 0.5937044
vn 0.9925566 0.04547624 0.1129752
vn 0.9941121 0.04775406 0.09726656
vn 0.992608 0.07448193 -0.09582274
vn 0.992608 0.07448192 -0.09582274
vn 0.4445781 -0.07117236 0.8929081
vn 0.4445781 -0.07117236 0.8929081
vn 0.9455465 0.1284431 -0.299072
vn 0.946465 0.1281741 -0.2962691
vn 0.7901363 0.1650461 -0.5902919
vn 0.7907051 0.1649479 -0.5895572
vn 0.3183137 0.2174172 -0.9227167
vn 0.3121791 0.2177873 -0.9247232
vn -0.2969435 0.1741063 -0.9388885
vn -0.280842 0.1772484 -0.9432448
vn -0.8048687 0.03798322 -0.5922361
vn -0.7928944 0.04244509 -0.607879
vn -0.9937309 -0.05476702 -0.09746508
vn -0.992043 -0.05271699 -0.114331
vn -0.9923823 -0.07693302 0.09622131
vn -0.9923823 -0.07693303 0.09622131
vn -0.03050322 0.9924582 0.118728
vn -0.03050322 0.9924582 0.118728
vn -0.03050322 0.9924582 0.118728
vn -0.03050322 0.9924582 0.118728
vn 0.03352338 -0.9921064 -0.1208352
vn 0.03352337 -0.9921064 -0.1208352
vn 0.03352337 -0.9921064 -0.1208352
vn 0.03352337 -0.9921064 -0.1208352
vn 0.04285797 -0.9753885 -0.2162881
vn 0.04285798 -0.9753885 -0.2162881
vn 0.04285797 -0.9753885 -0.2162881
vn 0.04285797 -0.9753885 -0.2162881
vn -0.04235796 0.974728 0.2193427
vn -0.04235796 0.974728 0.2193427
vn -0.04235795 0.974728 0.2193427
vn -0.04235796 0.974728 0.2193427
vn -0.9210783 0.3886087 -0.02445792
vn 0.02862647 0.4636422 -0.8855599
vn -0.04963769 0.633988 -0.7717482
vn 0.2050402 0.1763593 -0.9627336
vn -0.719345 0.6136009 0.325633
vn -0.1238173 0.6643109 -0.7371297
vn -0.1583508 0.2572822 0.9532738
vn -0.1494395 0.6905904 -0.7076387
vn -0.530094 -0.0121262 0.8478522
vn -0.6077955 -0.006848121 0.794064
vn -0.1570223 -0.0213219 0.9873648
vn 0.1788047 0.2796218 0.9433137
vn -0.9708797 0.1397063 0.1946147
vn -0.9984529 0.009619275 0.0547649
vn -0.9606006 -0.1503928 0.2337274
vn 0.09439988 0.1505152 -0.9840904
vn 0.6710244 0.6449887 0.3656717
vn -0.2165468 0.6419095 -0.7355677
vn 0.7586758 0.6492973 -0.05314178
vn -0.3319326 0.5317112 -0.7791687
vn 0.7518174 0.0647682 0.6561827
vn 0.9320016 0.3582957 0.05474678
vn -0.3849272 0.3008813 -0.872526
vn 0.954993 0.1882807 0.2292131
vn -0.5746772 0.1995988 -0.7936664
vn -0.6088899 -0.1210754 0.7839603
vn -0.9664355 -0.1714475 0.1913329
vn 0.1406817 0.07146774 -0.9874721
vn 0.7893463 0.07700213 0.6091001
vn 0.9903125 0.1310549 0.04588893
vn -0.4574471 0.1302477 -0.8796463
vn 0.7953157 -0.02645019 0.6056179
vn 0.9937875 -0.0006725912 0.1112925
vn -0.6217533 -0.1854425 0.7609427
vn -0.6675678 -0.1814432 0.7221022
vn -0.9478841 -0.2418501 0.2074233
vn -0.3777849 -0.312905 -0.8714178
vn -0.2275351 -0.1707759 0.958678
vn 0.5038903 -0.8630934 -0.03412146
vn 0.7512739 -0.3037666 -0.5859295
vn 0.9899413 -0.0233358 0.1395408
vn -0.3729123 0.005500338 -0.9278502
vn 0.595584 -0.2095334 -0.7754841
vn -0.1893357 -0.1245357 0.973983
vn 0.3820729 -0.1186743 0.9164805
vn -0.2561837 -0.1652991 0.9523897
vn -0.6886995 -0.2451113 0.6823588
vn -0.2490154 -0.3808043 0.8904939
vn -0.2720095 -0.3205384 0.9073401
vn 0.6890691 -0.7088374 0.1507754
vn -0.04642111 -0.9982426 -0.03683214
vn 0.7214614 -0.2306808 -0.652901
vn -0.1244455 -0.4702949 -0.873691
vn -0.2525481 -0.2285659 0.9402006
vn 0.4260342 -0.1036459 0.8987505
vn -0.5997378 -0.7996397 0.02984999
vn -0.66137 -0.3278863 -0.6745964
vn 0.02586482 -0.2622632 0.9646497
vn 0.5159497 -0.2022882 0.8323914
vn 0.499201 -0.2828231 0.8190296
vn -0.2752534 -0.9597096 -0.0565061
vn -0.6110011 -0.5484576 -0.570852
vn 0.8058653 -0.04506298 0.5903814
vn 0.8014733 -0.1151178 0.5868462
vn 0.9851474 -0.0789898 0.1524638
vn 0.8012074 -0.06143266 0.5952249
vn 0.5829862 -0.05380108 0.8106987
vn 0.1885536 -0.09830058 0.9771308
vn 0.5702539 0.03614578 0.8206729
vn 0.2510338 -0.004574621 0.9679675
vn 0.6014973 0.04402267 0.7976609
vn 0.1890061 -0.005866264 0.9819583
vn -0.1868794 -0.01844555 0.9822097
vn 0.9210783 0.3886086 -0.02445833
vn 0.04963773 0.6339878 -0.7717484
vn -0.02862621 0.4636419 -0.8855601
vn -0.2050403 0.1763593 -0.9627335
vn 0.719345 0.6136009 0.3256329
vn 0.1238172 0.6643109 -0.7371299
vn 0.1583508 0.2572823 0.9532738
vn 0.1494395 0.6905904 -0.7076388
vn 0.530094 -0.01212619 0.8478522
vn 0.6077955 -0.006848134 0.794064
vn 0.1570222 -0.02132189 0.9873648
vn -0.1788047 0.2796218 0.9433137
vn 0.1868796 -0.01844557 0.9822097
vn -0.189006 -0.005866281 0.9819583
vn -0.6014975 0.04402271 0.7976609
vn 0.1893357 -0.1245357 0.9739829
vn -0.6710248 0.6449887 0.3656712
vn 0.2165469 0.6419093 -0.7355677
vn -0.7518173 0.06476814 0.6561827
vn -0.5702539 0.03614578 0.8206729
vn -0.7586757 0.6492974 -0.05314253
vn 0.3319324 0.531711 -0.779169
vn -0.9320017 0.3582955 0.054747
vn 0.384927 0.300881 -0.8725261
vn -0.7893463 0.07700224 0.6091003
vn -0.5829861 -0.05380112 0.8106988
vn -0.954993 0.1882808 0.2292133
vn 0.5746775 0.1995988 -0.7936664
vn -0.7953157 -0.0264501 0.6056181
vn -0.3820729 -0.1186743 0.9164805
vn -0.1885536 -0.0983006 0.9771308
vn -0.9903125 0.1310551 0.04588903
vn 0.4574473 0.1302478 -0.8796463
vn -0.9937875 -0.0006725574 0.1112925
vn 0.3729123 0.005500329 -0.9278502
vn -0.8012075 -0.06143264 0.5952249
vn -0.9899413 -0.02333579 0.1395408
vn -0.5955839 -0.2095334 -0.775484
vn -0.8058653 -0.04506296 0.5903814
vn -0.9851474 -0.07898973 0.1524639
vn 0.6110011 -0.5484575 -0.570852
vn -0.8014733 -0.1151178 0.5868462
vn 0.2752533 -0.9597096 -0.05650612
vn 0.66137 -0.3278863 -0.6745964
vn 0.5997378 -0.7996397 0.02985004
vn 0.1244455 -0.470295 -0.8736909
vn 0.0464211 -0.9982426 -0.03683216
vn -0.499201 -0.2828231 0.8190296
vn -0.5159497 -0.2022884 0.8323914
vn -0.4260342 -0.1036459 0.8987505
vn -0.689069 -0.7088376 0.1507753
vn -0.7214614 -0.2306808 -0.652901
vn -0.7512739 -0.3037666 -0.5859295
vn 0.227535 -0.1707759 0.958678
vn -0.02586486 -0.2622631 0.9646497
vn 0.2525481 -0.2285659 0.9402006
vn 0.2561837 -0.1652991 0.9523897
vn 0.2720095 -0.3205385 0.90734
vn 0.6675678 -0.1814432 0.7221022
vn -0.5038903 -0.8630936 -0.03412148
vn 0.3777849 -0.312905 -0.8714178
vn 0.2490154 -0.3808044 0.8904939
vn 0.6088899 -0.1210755 0.7839603
vn 0.6217533 -0.1854425 0.7609427
vn 0.9606006 -0.1503928 0.2337274
vn 0.9478841 -0.2418502 0.2074233
vn -0.1406817 0.07146773 -0.9874721
vn 0.6886995 -0.2451113 0.6823588
vn 0.9664355 -0.1714475 0.1913328
vn -0.09439989 0.1505152 -0.9840904
vn 0.9984529 0.009619282 0.05476482
vn 0.9708797 0.1397063 0.1946145
vn 0.8709155 0.4707053 -0.1412186
vn 0.9664933 -0.04782739 0.2521968
vn 0.9518316 0.06014274 -0.3006651
vn 0.9326264 0.3241765 -0.1584852
vn 0.7852761 -0.5749072 -0.2298329
vn 0.8891753 0.4069086 -0.2092669
vn 0.9389145 -0.1492403 -0.3101078
vn 0.9339085 0.3364001 -0.1210364
vn 0.937278 -0.007925823 -0.3484926
vn 0.943188 0.3311377 -0.02728143
vn 0.9404244 -0.08009152 -0.3304352
vn 0.8374284 0.5458642 0.0273144
vn 0.9247703 -0.2674386 -0.2706964
vn 0.6417579 0.5221261 -0.5617215
vn -0.870912 0.4707174 -0.1412001
vn -0.9518259 0.06015945 -0.30068
vn -0.9664883 -0.04788985 0.2522042
vn -0.9326241 0.3241869 -0.158477
vn -0.7852687 -0.5748863 -0.2299105
vn -0.8891738 0.4069251 -0.2092414
vn -0.9389073 -0.1492166 -0.310141
vn -0.9339094 0.336404 -0.1210187
vn -0.9372711 -0.007904169 -0.3485118
vn -0.943189 0.3311364 -0.02726111
vn -0.9404166 -0.0800757 -0.3304611
vn -0.8374365 0.5458496 0.02735638
vn -0.9247633 -0.2674297 -0.2707288
vn -0.6417826 0.5221679 -0.5616544
g Keeper_Accessrioes_0
f 3/3/3 2/2/2 1/1/1
f 6/6/6 5/5/5 4/4/4
f 9/9/9 8/8/8 7/7/7
f 7/7/7 8/8/8 10/10/10
f 11/11/11 10/10/10 8/8/8
f 12/12/12 10/10/10 11/11/11
f 13/13/13 7/7/7 10/10/10
f 13/13/13 14/14/14 7/7/7
f 15/15/15 14/14/14 13/13/13
f 15/15/15 13/13/13 16/16/16
f 17/17/17 13/13/13 10/10/10
f 13/13/13 17/17/17 16/16/16
f 15/15/15 16/16/16 18/18/18
f 19/19/19 15/15/15 18/18/18
f 19/19/19 18/18/18 20/20/20
f 21/21/21 19/19/19 20/20/20
f 20/20/20 22/22/22 21/21/21
f 23/23/23 22/22/22 20/20/20
f 24/24/24 23/23/23 20/20/20
f 25/25/25 23/23/23 24/24/24
f 26/26/26 25/25/25 24/24/24
f 27/27/27 25/25/25 26/26/26
f 28/28/28 27/27/27 26/26/26
f 26/26/26 29/29/29 28/28/28
f 26/26/26 24/24/24 29/29/29
f 29/29/29 30/30/30 28/28/28
f 28/28/28 30/30/30 31/31/31
f 31/31/31 30/30/30 32/32/32
f 32/32/32 30/30/30 33/33/33
f 34/34/34 33/33/33 30/30/30
f 29/29/29 34/34/34 30/30/30
f 34/34/34 29/29/29 35/35/35
f 29/29/29 36/36/36 35/35/35
f 24/24/24 36/36/36 29/29/29
f 35/35/35 36/36/36 37/37/37
f 36/36/36 24/24/24 38/38/38
f 36/36/36 39/39/39 37/37/37
f 38/38/38 39/39/39 36/36/36
f 37/37/37 39/39/39 40/40/40
f 39/39/39 38/38/38 40/40/40
f 41/41/41 37/37/37 40/40/40
f 41/41/41 40/40/40 42/42/42
f 40/40/40 43/43/43 42/42/42
f 38/38/38 43/43/43 40/40/40
f 24/24/24 44/44/44 38/38/38
f 20/20/20 44/44/44 24/24/24
f 44/44/44 20/20/20 45/45/45
f 45/45/45 46/46/46 44/44/44
f 44/44/44 46/46/46 38/38/38
f 46/46/46 43/43/43 38/38/38
f 46/46/46 45/45/45 47/47/47
f 46/46/46 47/47/47 43/43/43
f 47/47/47 48/48/48 43/43/43
f 43/43/43 49/49/49 42/42/42
f 48/48/48 49/49/49 43/43/43
f 42/42/42 49/49/49 50/50/50
f 50/50/50 49/49/49 51/51/51
f 49/49/49 52/52/52 51/51/51
f 49/49/49 48/48/48 52/52/52
f 51/51/51 52/52/52 53/53/53
f 20/20/20 54/54/54 45/45/45
f 20/20/20 18/18/18 54/54/54
f 18/18/18 55/55/55 54/54/54
f 18/18/18 16/16/16 55/55/55
f 45/45/45 54/54/54 56/56/56
f 56/56/56 54/54/54 55/55/55
f 57/57/57 56/56/56 55/55/55
f 57/57/57 55/55/55 12/12/12
f 58/58/58 45/45/45 56/56/56
f 16/16/16 59/59/59 55/55/55
f 55/55/55 59/59/59 12/12/12
f 16/16/16 17/17/17 59/59/59
f 12/12/12 59/59/59 10/10/10
f 17/17/17 60/60/60 59/59/59
f 59/59/59 60/60/60 10/10/10
f 60/60/60 17/17/17 10/10/10
f 61/61/61 45/45/45 58/58/58
f 58/58/58 62/62/62 61/61/61
f 62/62/62 63/63/63 61/61/61
f 45/45/45 61/61/61 64/64/64
f 45/45/45 64/64/64 47/47/47
f 63/63/63 65/65/65 61/61/61
f 61/61/61 66/66/66 64/64/64
f 66/66/66 61/61/61 65/65/65
f 67/67/67 65/65/65 63/63/63
f 68/68/68 67/67/67 63/63/63
f 69/69/69 65/65/65 67/67/67
f 69/69/69 66/66/66 65/65/65
f 70/70/70 67/67/67 68/68/68
f 70/70/70 69/69/69 67/67/67
f 71/71/71 70/70/70 68/68/68
f 71/71/71 72/72/72 70/70/70
f 72/72/72 69/69/69 70/70/70
f 69/69/69 72/72/72 66/66/66
f 72/72/72 73/73/73 66/66/66
f 66/66/66 73/73/73 74/74/74
f 64/64/64 66/66/66 74/74/74
f 64/64/64 74/74/74 75/75/75
f 47/47/47 64/64/64 75/75/75
f 74/74/74 76/76/76 75/75/75
f 75/75/75 77/77/77 47/47/47
f 47/47/47 77/77/77 78/78/78
f 47/47/47 78/78/78 48/48/48
f 75/75/75 76/76/76 79/79/79
f 77/77/77 75/75/75 79/79/79
f 76/76/76 80/80/80 79/79/79
f 81/81/81 79/79/79 80/80/80
f 82/82/82 81/81/81 80/80/80
f 82/82/82 83/83/83 81/81/81
f 84/84/84 77/77/77 79/79/79
f 84/84/84 79/79/79 81/81/81
f 83/83/83 85/85/85 81/81/81
f 83/83/83 86/86/86 85/85/85
f 85/85/85 87/87/87 81/81/81
f 86/86/86 87/87/87 85/85/85
f 87/87/87 88/88/88 81/81/81
f 88/88/88 87/87/87 86/86/86
f 88/88/88 84/84/84 81/81/81
f 89/89/89 88/88/88 86/86/86
f 88/88/88 89/89/89 84/84/84
f 89/89/89 90/90/90 84/84/84
f 77/77/77 84/84/84 90/90/90
f 91/91/91 77/77/77 90/90/90
f 91/91/91 92/92/92 77/77/77
f 92/92/92 93/93/93 77/77/77
f 77/77/77 93/93/93 78/78/78
f 93/93/93 92/92/92 94/94/94
f 93/93/93 95/95/95 78/78/78
f 93/93/93 96/96/96 95/95/95
f 96/96/96 93/93/93 94/94/94
f 96/96/96 94/94/94 97/97/97
f 94/94/94 98/98/98 97/97/97
f 99/99/99 97/97/97 98/98/98
f 97/97/97 99/99/99 100/100/100
f 96/96/96 97/97/97 101/101/101
f 96/96/96 101/101/101 95/95/95
f 102/102/102 97/97/97 100/100/100
f 97/97/97 102/102/102 101/101/101
f 103/103/103 102/102/102 100/100/100
f 103/103/103 104/104/104 102/102/102
f 104/104/104 101/101/101 102/102/102
f 95/95/95 101/101/101 104/104/104
f 105/105/105 95/95/95 104/104/104
f 95/95/95 105/105/105 106/106/106
f 106/106/106 107/107/107 95/95/95
f 107/107/107 108/108/108 95/95/95
f 95/95/95 108/108/108 78/78/78
f 109/109/109 108/108/108 107/107/107
f 108/108/108 110/110/110 78/78/78
f 109/109/109 110/110/110 108/108/108
f 78/78/78 110/110/110 48/48/48
f 109/109/109 111/111/111 110/110/110
f 109/109/109 112/112/112 111/111/111
f 110/110/110 113/113/113 48/48/48
f 111/111/111 113/113/113 110/110/110
f 111/111/111 112/112/112 114/114/114
f 112/112/112 115/115/115 114/114/114
f 114/114/114 115/115/115 116/116/116
f 114/114/114 116/116/116 117/117/117
f 114/114/114 118/118/118 111/111/111
f 118/118/118 114/114/114 117/117/117
f 118/118/118 113/113/113 111/111/111
f 118/118/118 117/117/117 119/119/119
f 113/113/113 120/120/120 48/48/48
f 48/48/48 120/120/120 52/52/52
f 118/118/118 121/121/121 113/113/113
f 121/121/121 118/118/118 119/119/119
f 121/121/121 120/120/120 113/113/113
f 52/52/52 120/120/120 122/122/122
f 120/120/120 121/121/121 122/122/122
f 121/121/121 119/119/119 122/122/122
f 52/52/52 122/122/122 53/53/53
f 119/119/119 123/123/123 122/122/122
f 122/122/122 123/123/123 53/53/53
f 123/123/123 124/124/124 53/53/53
f 127/127/127 126/126/126 125/125/125
f 126/126/126 128/128/128 125/125/125
f 126/126/126 129/129/129 128/128/128
f 125/125/125 128/128/128 130/130/130
f 128/128/128 131/131/131 130/130/130
f 132/132/132 130/130/130 131/131/131
f 129/129/129 133/133/133 128/128/128
f 131/131/131 128/128/128 133/133/133
f 134/134/134 131/131/131 133/133/133
f 134/134/134 135/135/135 131/131/131
f 136/136/136 132/132/132 131/131/131
f 132/132/132 136/136/136 137/137/137
f 136/136/136 138/138/138 137/137/137
f 138/138/138 139/139/139 137/137/137
f 140/140/140 136/136/136 131/131/131
f 136/136/136 140/140/140 138/138/138
f 135/135/135 141/141/141 131/131/131
f 141/141/141 140/140/140 131/131/131
f 141/141/141 135/135/135 142/142/142
f 135/135/135 143/143/143 142/142/142
f 142/142/142 143/143/143 144/144/144
f 141/141/141 142/142/142 145/145/145
f 140/140/140 141/141/141 145/145/145
f 139/139/139 138/138/138 146/146/146
f 147/147/147 139/139/139 146/146/146
f 148/148/148 142/142/142 144/144/144
f 142/142/142 148/148/148 145/145/145
f 148/148/148 149/149/149 145/145/145
f 145/145/145 150/150/150 140/140/140
f 150/150/150 145/145/145 149/149/149
f 151/151/151 150/150/150 149/149/149
f 150/150/150 152/152/152 140/140/140
f 138/138/138 140/140/140 152/152/152
f 152/152/152 150/150/150 151/151/151
f 153/153/153 148/148/148 144/144/144
f 153/153/153 149/149/149 148/148/148
f 138/138/138 154/154/154 146/146/146
f 154/154/154 138/138/138 152/152/152
f 154/154/154 152/152/152 155/155/155
f 146/146/146 154/154/154 155/155/155
f 156/156/156 152/152/152 151/151/151
f 152/152/152 156/156/156 155/155/155
f 153/153/153 144/144/144 157/157/157
f 144/144/144 158/158/158 157/157/157
f 157/157/157 158/158/158 159/159/159
f 160/160/160 146/146/146 155/155/155
f 146/146/146 160/160/160 161/161/161
f 161/161/161 147/147/147 146/146/146
f 147/147/147 161/161/161 162/162/162
f 163/163/163 147/147/147 162/162/162
f 160/160/160 164/164/164 161/161/161
f 162/162/162 161/161/161 164/164/164
f 163/163/163 162/162/162 165/165/165
f 166/166/166 163/163/163 165/165/165
f 166/166/166 165/165/165 167/167/167
f 165/165/165 168/168/168 167/167/167
f 168/168/168 165/165/165 162/162/162
f 169/169/169 167/167/167 168/168/168
f 170/170/170 168/168/168 162/162/162
f 170/170/170 169/169/169 168/168/168
f 170/170/170 162/162/162 164/164/164
f 171/171/171 169/169/169 170/170/170
f 164/164/164 171/171/171 170/170/170
f 172/172/172 171/171/171 164/164/164
f 160/160/160 172/172/172 164/164/164
f 172/172/172 160/160/160 173/173/173
f 160/160/160 155/155/155 173/173/173
f 174/174/174 173/173/173 155/155/155
f 175/175/175 174/174/174 155/155/155
f 175/175/175 176/176/176 174/174/174
f 175/175/175 155/155/155 156/156/156
f 177/177/177 175/175/175 156/156/156
f 175/175/175 178/178/178 176/176/176
f 179/179/179 176/176/176 178/178/178
f 180/180/180 178/178/178 175/175/175
f 177/177/177 180/180/180 175/175/175
f 181/181/181 179/179/179 178/178/178
f 178/178/178 180/180/180 181/181/181
f 179/179/179 181/181/181 182/182/182
f 181/181/181 183/183/183 182/182/182
f 182/182/182 183/183/183 184/184/184
f 180/180/180 185/185/185 181/181/181
f 181/181/181 185/185/185 183/183/183
f 183/183/183 186/186/186 184/184/184
f 185/185/185 186/186/186 183/183/183
f 187/187/187 184/184/184 186/186/186
f 185/185/185 187/187/187 186/186/186
f 187/187/187 185/185/185 188/188/188
f 185/185/185 180/180/180 188/188/188
f 188/188/188 180/180/180 177/177/177
f 189/189/189 188/188/188 177/177/177
f 189/189/189 177/177/177 190/190/190
f 177/177/177 191/191/191 190/190/190
f 191/191/191 192/192/192 190/190/190
f 192/192/192 193/193/193 190/190/190
f 191/191/191 194/194/194 192/192/192
f 194/194/194 191/191/191 195/195/195
f 195/195/195 191/191/191 177/177/177
f 195/195/195 177/177/177 156/156/156
f 156/156/156 151/151/151 195/195/195
f 192/192/192 196/196/196 193/193/193
f 196/196/196 197/197/197 193/193/193
f 194/194/194 198/198/198 192/192/192
f 196/196/196 192/192/192 198/198/198
f 197/197/197 196/196/196 199/199/199
f 200/200/200 197/197/197 199/199/199
f 200/200/200 199/199/199 201/201/201
f 202/202/202 196/196/196 198/198/198
f 199/199/199 196/196/196 202/202/202
f 199/199/199 203/203/203 201/201/201
f 203/203/203 199/199/199 202/202/202
f 201/201/201 203/203/203 202/202/202
f 204/204/204 201/201/201 202/202/202
f 204/204/204 202/202/202 205/205/205
f 202/202/202 198/198/198 205/205/205
f 205/205/205 198/198/198 194/194/194
f 206/206/206 205/205/205 194/194/194
f 206/206/206 194/194/194 207/207/207
f 194/194/194 208/208/208 207/207/207
f 207/207/207 208/208/208 209/209/209
f 210/210/210 208/208/208 194/194/194
f 210/210/210 194/194/194 195/195/195
f 210/210/210 195/195/195 151/151/151
f 208/208/208 211/211/211 209/209/209
f 211/211/211 208/208/208 212/212/212
f 209/209/209 211/211/211 213/213/213
f 208/208/208 210/210/210 214/214/214
f 208/208/208 214/214/214 212/212/212
f 210/210/210 151/151/151 215/215/215
f 214/214/214 210/210/210 215/215/215
f 211/211/211 216/216/216 213/213/213
f 216/216/216 211/211/211 212/212/212
f 213/213/213 216/216/216 217/217/217
f 218/218/218 213/213/213 217/217/217
f 217/217/217 216/216/216 219/219/219
f 219/219/219 216/216/216 212/212/212
f 217/217/217 220/220/220 218/218/218
f 220/220/220 217/217/217 219/219/219
f 220/220/220 221/221/221 218/218/218
f 222/222/222 221/221/221 220/220/220
f 219/219/219 222/222/222 220/220/220
f 222/222/222 219/219/219 212/212/212
f 223/223/223 222/222/222 212/212/212
f 223/223/223 212/212/212 224/224/224
f 212/212/212 214/214/214 224/224/224
f 225/225/225 224/224/224 214/214/214
f 215/215/215 225/225/225 214/214/214
f 225/225/225 215/215/215 226/226/226
f 227/227/227 225/225/225 226/226/226
f 228/228/228 227/227/227 226/226/226
f 226/226/226 215/215/215 229/229/229
f 215/215/215 151/151/151 229/229/229
f 229/229/229 151/151/151 149/149/149
f 229/229/229 230/230/230 226/226/226
f 229/229/229 149/149/149 230/230/230
f 226/226/226 231/231/231 228/228/228
f 230/230/230 231/231/231 226/226/226
f 230/230/230 232/232/232 231/231/231
f 149/149/149 233/233/233 230/230/230
f 230/230/230 233/233/233 232/232/232
f 233/233/233 149/149/149 153/153/153
f 231/231/231 234/234/234 228/228/228
f 234/234/234 235/235/235 228/228/228
f 236/236/236 235/235/235 234/234/234
f 231/231/231 237/237/237 234/234/234
f 232/232/232 237/237/237 231/231/231
f 238/238/238 236/236/236 234/234/234
f 237/237/237 238/238/238 234/234/234
f 238/238/238 239/239/239 236/236/236
f 238/238/238 237/237/237 239/239/239
f 237/237/237 240/240/240 239/239/239
f 237/237/237 232/232/232 240/240/240
f 232/232/232 241/241/241 240/240/240
f 242/242/242 241/241/241 232/232/232
f 233/233/233 243/243/243 232/232/232
f 243/243/243 242/242/242 232/232/232
f 244/244/244 233/233/233 153/153/153
f 243/243/243 233/233/233 244/244/244
f 242/242/242 243/243/243 245/245/245
f 245/245/245 243/243/243 244/244/244
f 246/246/246 242/242/242 245/245/245
f 246/246/246 245/245/245 247/247/247
f 248/248/248 244/244/244 153/153/153
f 245/245/245 244/244/244 248/248/248
f 247/247/247 245/245/245 248/248/248
f 157/157/157 248/248/248 153/153/153
f 247/247/247 248/248/248 157/157/157
f 249/249/249 247/247/247 157/157/157
f 249/249/249 157/157/157 159/159/159
f 249/249/249 250/250/250 247/247/247
f 249/249/249 159/159/159 250/250/250
f 159/159/159 251/251/251 250/250/250
f 254/254/254 253/253/253 252/252/252
f 255/255/255 254/254/254 252/252/252
f 255/255/255 256/256/256 254/254/254
f 257/257/257 256/256/256 255/255/255
f 252/252/252 258/258/258 255/255/255
f 259/259/259 257/257/257 255/255/255
f 260/260/260 257/257/257 259/259/259
f 258/258/258 261/261/261 255/255/255
f 259/259/259 255/255/255 261/261/261
f 259/259/259 262/262/262 260/260/260
f 262/262/262 259/259/259 261/261/261
f 262/262/262 263/263/263 260/260/260
f 258/258/258 264/264/264 261/261/261
f 258/258/258 265/265/265 264/264/264
f 262/262/262 266/266/266 263/263/263
f 266/266/266 267/267/267 263/263/263
f 261/261/261 268/268/268 262/262/262
f 261/261/261 264/264/264 268/268/268
f 268/268/268 266/266/266 262/262/262
f 266/266/266 269/269/269 267/267/267
f 269/269/269 270/270/270 267/267/267
f 264/264/264 271/271/271 268/268/268
f 265/265/265 271/271/271 264/264/264
f 268/268/268 272/272/272 266/266/266
f 271/271/271 272/272/272 268/268/268
f 272/272/272 269/269/269 266/266/266
f 269/269/269 273/273/273 270/270/270
f 273/273/273 274/274/274 270/270/270
f 273/273/273 275/275/275 274/274/274
f 276/276/276 273/273/273 269/269/269
f 275/275/275 273/273/273 276/276/276
f 272/272/272 276/276/276 269/269/269
f 277/277/277 275/275/275 276/276/276
f 271/271/271 278/278/278 272/272/272
f 265/265/265 278/278/278 271/271/271
f 278/278/278 276/276/276 272/272/272
f 276/276/276 279/279/279 277/277/277
f 279/279/279 276/276/276 278/278/278
f 277/277/277 279/279/279 280/280/280
f 281/281/281 280/280/280 279/279/279
f 282/282/282 278/278/278 265/265/265
f 282/282/282 279/279/279 278/278/278
f 282/282/282 281/281/281 279/279/279
f 283/283/283 282/282/282 265/265/265
f 281/281/281 282/282/282 283/283/283
f 284/284/284 281/281/281 283/283/283
f 287/287/287 286/286/286 285/285/285
f 287/287/287 285/285/285 288/288/288
f 288/288/288 289/289/289 287/287/287
f 288/288/288 290/290/290 289/289/289
f 285/285/285 291/291/291 288/288/288
f 292/292/292 291/291/291 285/285/285
f 292/292/292 293/293/293 291/291/291
f 291/291/291 293/293/293 294/294/294
f 291/291/291 295/295/295 288/288/288
f 295/295/295 291/291/291 294/294/294
f 294/294/294 293/293/293 296/296/296
f 293/293/293 297/297/297 296/296/296
f 296/296/296 297/297/297 298/298/298
f 297/297/297 299/299/299 298/298/298
f 300/300/300 298/298/298 299/299/299
f 300/300/300 301/301/301 298/298/298
f 301/301/301 302/302/302 298/298/298
f 301/301/301 303/303/303 302/302/302
f 303/303/303 304/304/304 302/302/302
f 303/303/303 305/305/305 304/304/304
f 305/305/305 306/306/306 304/304/304
f 307/307/307 304/304/304 306/306/306
f 302/302/302 304/304/304 307/307/307
f 308/308/308 307/307/307 306/306/306
f 308/308/308 306/306/306 309/309/309
f 308/308/308 309/309/309 310/310/310
f 308/308/308 310/310/310 311/311/311
f 311/311/311 312/312/312 308/308/308
f 312/312/312 307/307/307 308/308/308
f 307/307/307 312/312/312 313/313/313
f 314/314/314 307/307/307 313/313/313
f 314/314/314 302/302/302 307/307/307
f 314/314/314 313/313/313 315/315/315
f 302/302/302 314/314/314 316/316/316
f 317/317/317 314/314/314 315/315/315
f 317/317/317 316/316/316 314/314/314
f 317/317/317 315/315/315 318/318/318
f 316/316/316 317/317/317 318/318/318
f 315/315/315 319/319/319 318/318/318
f 318/318/318 319/319/319 320/320/320
f 321/321/321 318/318/318 320/320/320
f 321/321/321 316/316/316 318/318/318
f 322/322/322 302/302/302 316/316/316
f 322/322/322 298/298/298 302/302/302
f 323/323/323 298/298/298 322/322/322
f 322/322/322 324/324/324 323/323/323
f 324/324/324 322/322/322 316/316/316
f 321/321/321 324/324/324 316/316/316
f 323/323/323 324/324/324 325/325/325
f 324/324/324 321/321/321 325/325/325
f 326/326/326 321/321/321 320/320/320
f 320/320/320 327/327/327 326/326/326
f 326/326/326 327/327/327 328/328/328
f 321/321/321 326/326/326 329/329/329
f 321/321/321 329/329/329 325/325/325
f 325/325/325 329/329/329 330/330/330
f 331/331/331 326/326/326 328/328/328
f 329/329/329 326/326/326 331/331/331
f 331/331/331 328/328/328 332/332/332
f 323/323/323 333/333/333 298/298/298
f 296/296/296 298/298/298 333/333/333
f 334/334/334 296/296/296 333/333/333
f 294/294/294 296/296/296 334/334/334
f 333/333/333 323/323/323 335/335/335
f 333/333/333 335/335/335 334/334/334
f 335/335/335 336/336/336 334/334/334
f 334/334/334 336/336/336 290/290/290
f 323/323/323 337/337/337 335/335/335
f 338/338/338 294/294/294 334/334/334
f 338/338/338 334/334/334 290/290/290
f 295/295/295 294/294/294 338/338/338
f 338/338/338 290/290/290 288/288/288
f 339/339/339 295/295/295 338/338/338
f 339/339/339 338/338/338 288/288/288
f 295/295/295 339/339/339 288/288/288
f 323/323/323 340/340/340 337/337/337
f 341/341/341 337/337/337 340/340/340
f 342/342/342 341/341/341 340/340/340
f 340/340/340 323/323/323 343/343/343
f 343/343/343 323/323/323 325/325/325
f 344/344/344 342/342/342 340/340/340
f 345/345/345 340/340/340 343/343/343
f 340/340/340 345/345/345 344/344/344
f 342/342/342 344/344/344 346/346/346
f 347/347/347 342/342/342 346/346/346
f 347/347/347 346/346/346 348/348/348
f 344/344/344 349/349/349 346/346/346
f 345/345/345 349/349/349 344/344/344
f 346/346/346 350/350/350 348/348/348
f 349/349/349 350/350/350 346/346/346
f 348/348/348 350/350/350 351/351/351
f 350/350/350 349/349/349 351/351/351
f 351/351/351 349/349/349 345/345/345
f 352/352/352 351/351/351 345/345/345
f 352/352/352 345/345/345 353/353/353
f 345/345/345 343/343/343 353/353/353
f 353/353/353 343/343/343 354/354/354
f 343/343/343 325/325/325 354/354/354
f 355/355/355 353/353/353 354/354/354
f 356/356/356 354/354/354 325/325/325
f 356/356/356 325/325/325 357/357/357
f 357/357/357 325/325/325 330/330/330
f 355/355/355 354/354/354 358/358/358
f 354/354/354 356/356/356 358/358/358
f 359/359/359 355/355/355 358/358/358
f 358/358/358 360/360/360 359/359/359
f 360/360/360 361/361/361 359/359/359
f 362/362/362 361/361/361 360/360/360
f 357/357/357 330/330/330 363/363/363
f 363/363/363 364/364/364 357/357/357
f 364/364/364 356/356/356 357/357/357
f 330/330/330 365/365/365 363/363/363
f 356/356/356 366/366/366 358/358/358
f 358/358/358 366/366/366 360/360/360
f 367/367/367 362/362/362 360/360/360
f 368/368/368 362/362/362 367/367/367
f 369/369/369 367/367/367 360/360/360
f 369/369/369 368/368/368 367/367/367
f 370/370/370 369/369/369 360/360/360
f 369/369/369 370/370/370 368/368/368
f 366/366/366 370/370/370 360/360/360
f 370/370/370 371/371/371 368/368/368
f 371/371/371 370/370/370 366/366/366
f 372/372/372 371/371/371 366/366/366
f 366/366/366 356/356/356 372/372/372
f 356/356/356 373/373/373 372/372/372
f 374/374/374 373/373/373 356/356/356
f 364/364/364 374/374/374 356/356/356
f 374/374/374 364/364/364 375/375/375
f 364/364/364 376/376/376 375/375/375
f 376/376/376 364/364/364 363/363/363
f 375/375/375 376/376/376 377/377/377
f 378/378/378 375/375/375 377/377/377
f 379/379/379 378/378/378 377/377/377
f 380/380/380 379/379/379 377/377/377
f 377/377/377 376/376/376 381/381/381
f 381/381/381 376/376/376 363/363/363
f 382/382/382 380/380/380 377/377/377
f 382/382/382 377/377/377 381/381/381
f 380/380/380 382/382/382 383/383/383
f 384/384/384 383/383/383 382/382/382
f 381/381/381 384/384/384 382/382/382
f 381/381/381 363/363/363 384/384/384
f 363/363/363 385/385/385 384/384/384
f 385/385/385 363/363/363 386/386/386
f 386/386/386 363/363/363 387/387/387
f 363/363/363 365/365/365 387/387/387
f 365/365/365 388/388/388 387/387/387
f 330/330/330 388/388/388 365/365/365
f 389/389/389 388/388/388 330/330/330
f 390/390/390 388/388/388 389/389/389
f 391/391/391 389/389/389 330/330/330
f 391/391/391 330/330/330 329/329/329
f 390/390/390 389/389/389 392/392/392
f 393/393/393 390/390/390 392/392/392
f 393/393/393 392/392/392 394/394/394
f 394/394/394 392/392/392 395/395/395
f 396/396/396 392/392/392 389/389/389
f 392/392/392 396/396/396 395/395/395
f 391/391/391 396/396/396 389/389/389
f 395/395/395 396/396/396 397/397/397
f 398/398/398 391/391/391 329/329/329
f 398/398/398 329/329/329 331/331/331
f 399/399/399 396/396/396 391/391/391
f 396/396/396 399/399/399 397/397/397
f 398/398/398 399/399/399 391/391/391
f 398/398/398 331/331/331 400/400/400
f 399/399/399 398/398/398 400/400/400
f 397/397/397 399/399/399 400/400/400
f 400/400/400 331/331/331 332/332/332
f 401/401/401 397/397/397 400/400/400
f 401/401/401 400/400/400 332/332/332
f 402/402/402 401/401/401 332/332/332
f 405/405/405 404/404/404 403/403/403
f 406/406/406 405/405/405 403/403/403
f 407/407/407 405/405/405 406/406/406
f 406/406/406 403/403/403 408/408/408
f 409/409/409 406/406/406 408/408/408
f 408/408/408 410/410/410 409/409/409
f 411/411/411 407/407/407 406/406/406
f 406/406/406 409/409/409 411/411/411
f 409/409/409 412/412/412 411/411/411
f 413/413/413 412/412/412 409/409/409
f 410/410/410 414/414/414 409/409/409
f 414/414/414 410/410/410 415/415/415
f 416/416/416 414/414/414 415/415/415
f 417/417/417 416/416/416 415/415/415
f 414/414/414 418/418/418 409/409/409
f 418/418/418 414/414/414 416/416/416
f 419/419/419 413/413/413 409/409/409
f 418/418/418 419/419/419 409/409/409
f 413/413/413 419/419/419 420/420/420
f 421/421/421 413/413/413 420/420/420
f 420/420/420 419/419/419 422/422/422
f 419/419/419 418/418/418 422/422/422
f 421/421/421 420/420/420 423/423/423
f 420/420/420 422/422/422 423/423/423
f 424/424/424 421/421/421 423/423/423
f 416/416/416 417/417/417 425/425/425
f 417/417/417 426/426/426 425/425/425
f 427/427/427 422/422/422 418/418/418
f 422/422/422 428/428/428 423/423/423
f 427/427/427 428/428/428 422/422/422
f 423/423/423 429/429/429 424/424/424
f 428/428/428 429/429/429 423/423/423
f 418/418/418 416/416/416 430/430/430
f 430/430/430 427/427/427 418/418/418
f 427/427/427 430/430/430 431/431/431
f 432/432/432 416/416/416 425/425/425
f 416/416/416 432/432/432 430/430/430
f 430/430/430 432/432/432 433/433/433
f 432/432/432 425/425/425 433/433/433
f 424/424/424 429/429/429 434/434/434
f 435/435/435 424/424/424 434/434/434
f 435/435/435 434/434/434 436/436/436
f 428/428/428 427/427/427 437/437/437
f 427/427/427 431/431/431 437/437/437
f 430/430/430 438/438/438 431/431/431
f 438/438/438 430/430/430 433/433/433
f 428/428/428 437/437/437 439/439/439
f 428/428/428 440/440/440 429/429/429
f 440/440/440 428/428/428 439/439/439
f 440/440/440 439/439/439 441/441/441
f 439/439/439 437/437/437 442/442/442
f 437/437/437 431/431/431 442/442/442
f 441/441/441 439/439/439 443/443/443
f 443/443/443 439/439/439 442/442/442
f 440/440/440 444/444/444 429/429/429
f 445/445/445 434/434/434 429/429/429
f 444/444/444 445/445/445 429/429/429
f 440/440/440 446/446/446 444/444/444
f 446/446/446 440/440/440 441/441/441
f 444/444/444 447/447/447 445/445/445
f 446/446/446 447/447/447 444/444/444
f 445/445/445 448/448/448 434/434/434
f 447/447/447 448/448/448 445/445/445
f 447/447/447 449/449/449 448/448/448
f 450/450/450 449/449/449 447/447/447
f 446/446/446 450/450/450 447/447/447
f 450/450/450 446/446/446 441/441/441
f 451/451/451 450/450/450 441/441/441
f 451/451/451 441/441/441 452/452/452
f 448/448/448 453/453/453 434/434/434
f 434/434/434 453/453/453 436/436/436
f 454/454/454 453/453/453 448/448/448
f 436/436/436 453/453/453 454/454/454
f 455/455/455 436/436/436 454/454/454
f 441/441/441 456/456/456 452/452/452
f 452/452/452 456/456/456 457/457/457
f 456/456/456 441/441/441 443/443/443
f 456/456/456 458/458/458 457/457/457
f 457/457/457 458/458/458 459/459/459
f 458/458/458 456/456/456 460/460/460
f 459/459/459 458/458/458 460/460/460
f 456/456/456 443/443/443 460/460/460
f 461/461/461 459/459/459 460/460/460
f 461/461/461 460/460/460 462/462/462
f 460/460/460 443/443/443 462/462/462
f 443/443/443 442/442/442 462/462/462
f 463/463/463 462/462/462 442/442/442
f 442/442/442 464/464/464 463/463/463
f 464/464/464 465/465/465 463/463/463
f 431/431/431 464/464/464 442/442/442
f 465/465/465 464/464/464 466/466/466
f 467/467/467 465/465/465 466/466/466
f 466/466/466 468/468/468 467/467/467
f 468/468/468 469/469/469 467/467/467
f 470/470/470 469/469/469 468/468/468
f 431/431/431 471/471/471 464/464/464
f 471/471/471 466/466/466 464/464/464
f 466/466/466 472/472/472 468/468/468
f 471/471/471 472/472/472 466/466/466
f 472/472/472 471/471/471 473/473/473
f 473/473/473 471/471/471 474/474/474
f 474/474/474 471/471/471 431/431/431
f 431/431/431 438/438/438 474/474/474
f 475/475/475 474/474/474 438/438/438
f 476/476/476 473/473/473 474/474/474
f 476/476/476 474/474/474 475/475/475
f 477/477/477 475/475/475 438/438/438
f 433/433/433 477/477/477 438/438/438
f 478/478/478 470/470/470 468/468/468
f 470/470/470 478/478/478 479/479/479
f 480/480/480 470/470/470 479/479/479
f 480/480/480 479/479/479 481/481/481
f 482/482/482 479/479/479 478/478/478
f 479/479/479 482/482/482 481/481/481
f 483/483/483 482/482/482 478/478/478
f 482/482/482 483/483/483 481/481/481
f 483/483/483 478/478/478 468/468/468
f 483/483/483 484/484/484 481/481/481
f 485/485/485 483/483/483 468/468/468
f 483/483/483 485/485/485 484/484/484
f 485/485/485 486/486/486 484/484/484
f 472/472/472 485/485/485 468/468/468
f 485/485/485 472/472/472 486/486/486
f 472/472/472 487/487/487 486/486/486
f 472/472/472 473/473/473 487/487/487
f 473/473/473 488/488/488 487/487/487
f 489/489/489 488/488/488 473/473/473
f 490/490/490 489/489/489 473/473/473
f 490/490/490 473/473/473 491/491/491
f 473/473/473 476/476/476 491/491/491
f 490/490/490 492/492/492 489/489/489
f 492/492/492 493/493/493 489/489/489
f 494/494/494 493/493/493 492/492/492
f 491/491/491 495/495/495 490/490/490
f 495/495/495 492/492/492 490/490/490
f 491/491/491 476/476/476 496/496/496
f 476/476/476 475/475/475 496/496/496
f 497/497/497 491/491/491 496/496/496
f 495/495/495 491/491/491 497/497/497
f 475/475/475 498/498/498 496/496/496
f 499/499/499 495/495/495 497/497/497
f 500/500/500 498/498/498 475/475/475
f 495/495/495 499/499/499 501/501/501
f 495/495/495 501/501/501 492/492/492
f 499/499/499 502/502/502 501/501/501
f 501/501/501 502/502/502 494/494/494
f 501/501/501 503/503/503 492/492/492
f 503/503/503 494/494/494 492/492/492
f 503/503/503 501/501/501 494/494/494
f 504/504/504 500/500/500 475/475/475
f 504/504/504 475/475/475 477/477/477
f 504/504/504 505/505/505 500/500/500
f 505/505/505 506/506/506 500/500/500
f 506/506/506 505/505/505 507/507/507
f 508/508/508 506/506/506 507/507/507
f 507/507/507 509/509/509 508/508/508
f 507/507/507 505/505/505 509/509/509
f 509/509/509 510/510/510 508/508/508
f 505/505/505 511/511/511 509/509/509
f 509/509/509 511/511/511 510/510/510
f 505/505/505 504/504/504 511/511/511
f 511/511/511 512/512/512 510/510/510
f 504/504/504 513/513/513 511/511/511
f 512/512/512 511/511/511 513/513/513
f 513/513/513 504/504/504 477/477/477
f 514/514/514 512/512/512 513/513/513
f 513/513/513 477/477/477 514/514/514
f 514/514/514 477/477/477 515/515/515
f 515/515/515 477/477/477 433/433/433
f 516/516/516 515/515/515 433/433/433
f 433/433/433 517/517/517 516/516/516
f 517/517/517 518/518/518 516/516/516
f 425/425/425 517/517/517 433/433/433
f 518/518/518 517/517/517 519/519/519
f 520/520/520 518/518/518 519/519/519
f 517/517/517 425/425/425 521/521/521
f 519/519/519 517/517/517 521/521/521
f 426/426/426 521/521/521 425/425/425
f 521/521/521 426/426/426 522/522/522
f 521/521/521 522/522/522 519/519/519
f 426/426/426 523/523/523 522/522/522
f 520/520/520 519/519/519 524/524/524
f 522/522/522 524/524/524 519/519/519
f 525/525/525 520/520/520 524/524/524
f 525/525/525 524/524/524 526/526/526
f 526/526/526 524/524/524 522/522/522
f 527/527/527 525/525/525 526/526/526
f 522/522/522 523/523/523 528/528/528
f 528/528/528 526/526/526 522/522/522
f 526/526/526 528/528/528 527/527/527
f 523/523/523 529/529/529 528/528/528
f 528/528/528 529/529/529 527/527/527
f 532/532/532 531/531/531 530/530/530
f 531/531/531 533/533/533 530/530/530
f 534/534/534 533/533/533 531/531/531
f 534/534/534 535/535/535 533/533/533
f 536/536/536 530/530/530 533/533/533
f 535/535/535 537/537/537 533/533/533
f 537/537/537 535/535/535 538/538/538
f 539/539/539 536/536/536 533/533/533
f 533/533/533 537/537/537 539/539/539
f 540/540/540 537/537/537 538/538/538
f 537/537/537 540/540/540 539/539/539
f 538/538/538 541/541/541 540/540/540
f 542/542/542 536/536/536 539/539/539
f 543/543/543 536/536/536 542/542/542
f 544/544/544 540/540/540 541/541/541
f 545/545/545 544/544/544 541/541/541
f 546/546/546 539/539/539 540/540/540
f 542/542/542 539/539/539 546/546/546
f 544/544/544 546/546/546 540/540/540
f 547/547/547 544/544/544 545/545/545
f 548/548/548 547/547/547 545/545/545
f 549/549/549 542/542/542 546/546/546
f 549/549/549 543/543/543 542/542/542
f 550/550/550 546/546/546 544/544/544
f 550/550/550 549/549/549 546/546/546
f 547/547/547 550/550/550 544/544/544
f 551/551/551 547/547/547 548/548/548
f 552/552/552 551/551/551 548/548/548
f 553/553/553 551/551/551 552/552/552
f 551/551/551 554/554/554 547/547/547
f 554/554/554 551/551/551 553/553/553
f 554/554/554 550/550/550 547/547/547
f 553/553/553 555/555/555 554/554/554
f 556/556/556 549/549/549 550/550/550
f 556/556/556 543/543/543 549/549/549
f 554/554/554 556/556/556 550/550/550
f 555/555/555 557/557/557 554/554/554
f 554/554/554 557/557/557 556/556/556
f 557/557/557 555/555/555 558/558/558
f 558/558/558 559/559/559 557/557/557
f 556/556/556 560/560/560 543/543/543
f 557/557/557 560/560/560 556/556/556
f 559/559/559 560/560/560 557/557/557
f 560/560/560 561/561/561 543/543/543
f 560/560/560 559/559/559 561/561/561
f 559/559/559 562/562/562 561/561/561
f 565/565/565 564/564/564 563/563/563
f 566/566/566 565/565/565 563/563/563
f 569/569/569 568/568/568 567/567/567
f 570/570/570 569/569/569 567/567/567
f 573/573/573 572/572/572 571/571/571
f 574/574/574 573/573/573 571/571/571
f 577/577/577 576/576/576 575/575/575
f 578/578/578 577/577/577 575/575/575
f 581/581/581 580/580/580 579/579/579
f 582/582/582 581/581/581 579/579/579
f 585/585/585 584/584/584 583/583/583
f 586/586/586 585/585/585 583/583/583
f 589/589/589 588/588/588 587/587/587
f 590/590/590 589/589/589 587/587/587
f 593/593/593 592/592/592 591/591/591
f 594/594/594 593/593/593 591/591/591
f 597/597/597 596/596/596 595/595/595
f 596/596/596 597/597/597 598/598/598
f 600/600/600 599/599/599 597/597/597
f 600/600/600 597/597/597 601/601/601
f 602/602/602 601/601/601 597/597/597
f 602/602/602 603/603/603 601/601/601
f 603/603/603 604/604/604 601/601/601
f 604/604/604 603/603/603 605/605/605
f 604/604/604 605/605/605 606/606/606
f 606/606/606 607/607/607 604/604/604
f 608/608/608 605/605/605 603/603/603
f 603/603/603 609/609/609 608/608/608
f 610/610/610 609/609/609 603/603/603
f 610/610/610 603/603/603 602/602/602
f 610/610/610 611/611/611 609/609/609
f 610/610/610 612/612/612 611/611/611
f 613/613/613 610/610/610 602/602/602
f 613/613/613 602/602/602 614/614/614
f 602/602/602 597/597/597 614/614/614
f 614/614/614 597/597/597 615/615/615
f 597/597/597 616/616/616 615/615/615
f 597/597/597 617/617/617 616/616/616
f 620/620/620 619/619/619 618/618/618
f 621/621/621 620/620/620 618/618/618
f 621/621/621 618/618/618 622/622/622
f 623/623/623 620/620/620 621/621/621
f 624/624/624 621/621/621 622/622/622
f 625/625/625 623/623/623 621/621/621
f 625/625/625 621/621/621 624/624/624
f 626/626/626 625/625/625 624/624/624
f 629/629/629 628/628/628 627/627/627
f 630/630/630 627/627/627 628/628/628
f 630/630/630 631/631/631 627/627/627
f 630/630/630 632/632/632 631/631/631
f 633/633/633 631/631/631 632/632/632
f 631/631/631 634/634/634 627/627/627
f 634/634/634 635/635/635 627/627/627
f 633/633/633 636/636/636 631/631/631
f 631/631/631 636/636/636 634/634/634
f 633/633/633 637/637/637 636/636/636
f 637/637/637 638/638/638 636/636/636
f 636/636/636 639/639/639 634/634/634
f 634/634/634 639/639/639 640/640/640
f 635/635/635 634/634/634 641/641/641
f 641/641/641 634/634/634 640/640/640
f 641/641/641 642/642/642 635/635/635
f 641/641/641 640/640/640 643/643/643
f 641/641/641 644/644/644 642/642/642
f 645/645/645 641/641/641 643/643/643
f 646/646/646 644/644/644 641/641/641
f 645/645/645 647/647/647 641/641/641
f 641/641/641 648/648/648 646/646/646
f 647/647/647 649/649/649 641/641/641
f 648/648/648 641/641/641 649/649/649
f 652/652/652 651/651/651 650/650/650
f 653/653/653 652/652/652 650/650/650
f 656/656/656 655/655/655 654/654/654
f 657/657/657 656/656/656 654/654/654
f 660/660/660 659/659/659 658/658/658
f 661/661/661 660/660/660 658/658/658
f 664/664/664 663/663/663 662/662/662
f 665/665/665 664/664/664 662/662/662
f 668/668/668 667/667/667 666/666/666
f 669/669/669 668/668/668 666/666/666
f 672/672/672 671/671/671 670/670/670
f 673/673/673 672/672/672 670/670/670
f 676/676/676 675/675/675 674/674/674
f 677/677/677 676/676/676 674/674/674
f 680/680/680 679/679/679 678/678/678
f 681/681/681 680/680/680 678/678/678
f 684/684/684 683/683/683 682/682/682
f 685/685/685 684/684/684 682/682/682
f 688/688/688 687/687/687 686/686/686
f 689/689/689 688/688/688 686/686/686
f 692/692/692 691/691/691 690/690/690
f 693/693/693 692/692/692 690/690/690
f 696/696/696 695/695/695 694/694/694
f 697/697/697 696/696/696 694/694/694
f 700/700/700 699/699/699 698/698/698
f 701/701/701 700/700/700 698/698/698
f 704/704/704 703/703/703 702/702/702
f 705/705/705 704/704/704 702/702/702
f 708/708/708 707/707/707 706/706/706
f 709/709/709 708/708/708 706/706/706
f 712/712/712 711/711/711 710/710/710
f 713/713/713 712/712/712 710/710/710
f 716/716/716 715/715/715 714/714/714
f 717/717/717 716/716/716 714/714/714
f 720/720/720 719/719/719 718/718/718
f 721/721/721 720/720/720 718/718/718
f 724/724/724 723/723/723 722/722/722
f 723/723/723 725/725/725 722/722/722
f 723/723/723 726/726/726 725/725/725
f 726/726/726 727/727/727 725/725/725
f 727/727/727 726/726/726 728/728/728
f 729/729/729 727/727/727 728/728/728
f 729/729/729 728/728/728 730/730/730
f 731/731/731 729/729/729 730/730/730
f 731/731/731 730/730/730 732/732/732
f 733/733/733 731/731/731 732/732/732
f 733/733/733 732/732/732 734/734/734
f 735/735/735 733/733/733 734/734/734
f 738/738/738 737/737/737 736/736/736
f 737/737/737 739/739/739 736/736/736
f 737/737/737 740/740/740 739/739/739
f 740/740/740 741/741/741 739/739/739
f 741/741/741 740/740/740 742/742/742
f 743/743/743 741/741/741 742/742/742
f 743/743/743 742/742/742 744/744/744
f 745/745/745 743/743/743 744/744/744
f 745/745/745 744/744/744 746/746/746
f 747/747/747 745/745/745 746/746/746
f 746/746/746 748/748/748 747/747/747
f 748/748/748 749/749/749 747/747/747
f 752/752/752 751/751/751 750/750/750
f 753/753/753 752/752/752 750/750/750
f 756/756/756 755/755/755 754/754/754
f 757/757/757 756/756/756 754/754/754
f 760/760/760 759/759/759 758/758/758
f 761/761/761 760/760/760 758/758/758
f 764/764/764 763/763/763 762/762/762
f 765/765/765 764/764/764 762/762/762
f 768/768/768 767/767/767 766/766/766
f 769/769/769 768/768/768 766/766/766
f 772/772/772 771/771/771 770/770/770
f 773/773/773 772/772/772 770/770/770
f 776/776/776 775/775/775 774/774/774
f 777/777/777 776/776/776 774/774/774
f 780/780/780 779/779/779 778/778/778
f 781/781/781 780/780/780 778/778/778
f 784/784/784 783/783/783 782/782/782
f 785/785/785 784/784/784 782/782/782
f 788/788/788 787/787/787 786/786/786
f 789/789/789 788/788/788 786/786/786
f 792/792/792 791/791/791 790/790/790
f 791/791/791 793/793/793 790/790/790
f 795/795/795 794/794/794 793/793/793
f 796/796/796 795/795/795 793/793/793
f 795/795/795 796/796/796 797/797/797
f 798/798/798 795/795/795 797/797/797
f 798/798/798 797/797/797 799/799/799
f 797/797/797 800/800/800 799/799/799
f 800/800/800 801/801/801 799/799/799
f 801/801/801 802/802/802 799/799/799
f 805/805/805 804/804/804 803/803/803
f 804/804/804 806/806/806 803/803/803
f 808/808/808 807/807/807 806/806/806
f 809/809/809 808/808/808 806/806/806
f 808/808/808 809/809/809 810/810/810
f 811/811/811 808/808/808 810/810/810
f 810/810/810 812/812/812 811/811/811
f 812/812/812 813/813/813 811/811/811
f 812/812/812 814/814/814 813/813/813
f 814/814/814 815/815/815 813/813/813
f 818/818/818 817/817/817 816/816/816
f 817/817/817 819/819/819 816/816/816
f 820/820/820 819/819/819 817/817/817
f 821/821/821 820/820/820 817/817/817
f 820/820/820 821/821/821 822/822/822
f 823/823/823 820/820/820 822/822/822
f 822/822/822 824/824/824 823/823/823
f 824/824/824 825/825/825 823/823/823
f 824/824/824 826/826/826 825/825/825
f 826/826/826 827/827/827 825/825/825
f 828/828/828 827/827/827 826/826/826
f 829/829/829 828/828/828 826/826/826
f 828/828/828 829/829/829 830/830/830
f 829/829/829 831/831/831 830/830/830
f 834/834/834 833/833/833 832/832/832
f 833/833/833 835/835/835 832/832/832
f 836/836/836 835/835/835 833/833/833
f 837/837/837 836/836/836 833/833/833
f 836/836/836 837/837/837 838/838/838
f 839/839/839 836/836/836 838/838/838
f 838/838/838 840/840/840 839/839/839
f 840/840/840 841/841/841 839/839/839
f 840/840/840 842/842/842 841/841/841
f 842/842/842 843/843/843 841/841/841
f 844/844/844 843/843/843 842/842/842
f 845/845/845 844/844/844 842/842/842
f 844/844/844 845/845/845 846/846/846
f 845/845/845 847/847/847 846/846/846
f 850/850/850 849/849/849 848/848/848
f 851/851/851 850/850/850 848/848/848
f 854/854/854 853/853/853 852/852/852
f 855/855/855 854/854/854 852/852/852
f 858/858/858 857/857/857 856/856/856
f 859/859/859 858/858/858 856/856/856
f 862/862/862 861/861/861 860/860/860
f 863/863/863 862/862/862 860/860/860
f 866/866/866 865/865/865 864/864/864
f 867/867/867 866/866/866 864/864/864
f 870/870/870 869/869/869 868/868/868
f 871/871/871 870/870/870 868/868/868
f 874/874/874 873/873/873 872/872/872
f 875/875/875 874/874/874 872/872/872
f 878/878/878 877/877/877 876/876/876
f 879/879/879 878/878/878 876/876/876
f 882/882/882 881/881/881 880/880/880
f 883/883/883 882/882/882 880/880/880
f 886/886/886 885/885/885 884/884/884
f 887/887/887 886/886/886 884/884/884
f 890/890/890 889/889/889 888/888/888
f 891/891/891 890/890/890 888/888/888
f 894/894/894 893/893/893 892/892/892
f 895/895/895 894/894/894 892/892/892
f 898/898/898 897/897/897 896/896/896
f 899/899/899 898/898/898 896/896/896
f 902/902/902 901/901/901 900/900/900
f 903/903/903 902/902/902 900/900/900
f 906/906/906 905/905/905 904/904/904
f 907/907/907 906/906/906 904/904/904
f 910/910/910 909/909/909 908/908/908
f 911/911/911 910/910/910 908/908/908
f 914/914/914 913/913/913 912/912/912
f 915/915/915 914/914/914 912/912/912
f 918/918/918 917/917/917 916/916/916
f 919/919/919 918/918/918 916/916/916
f 922/922/922 921/921/921 920/920/920
f 923/923/923 922/922/922 920/920/920
f 926/926/926 925/925/925 924/924/924
f 927/927/927 926/926/926 924/924/924
f 930/930/930 929/929/929 928/928/928
f 931/931/931 930/930/930 928/928/928
f 934/934/934 933/933/933 932/932/932
f 935/935/935 934/934/934 932/932/932
f 938/938/938 937/937/937 936/936/936
f 939/939/939 938/938/938 936/936/936
f 942/942/942 941/941/941 940/940/940
f 943/943/943 942/942/942 940/940/940
f 946/946/946 945/945/945 944/944/944
f 947/947/947 946/946/946 944/944/944
f 950/950/950 949/949/949 948/948/948
f 951/951/951 950/950/950 948/948/948
f 954/954/954 953/953/953 952/952/952
f 955/955/955 954/954/954 952/952/952
f 958/958/958 957/957/957 956/956/956
f 959/959/959 958/958/958 956/956/956
f 962/962/962 961/961/961 960/960/960
f 963/963/963 962/962/962 960/960/960
f 966/966/966 965/965/965 964/964/964
f 967/967/967 966/966/966 964/964/964
f 970/970/970 969/969/969 968/968/968
f 971/971/971 970/970/970 968/968/968
f 974/974/974 973/973/973 972/972/972
f 975/975/975 974/974/974 972/972/972
f 974/974/974 975/975/975 976/976/976
f 975/975/975 977/977/977 976/976/976
f 978/978/978 976/976/976 977/977/977
f 979/979/979 978/978/978 977/977/977
f 980/980/980 978/978/978 979/979/979
f 981/981/981 980/980/980 979/979/979
f 982/982/982 980/980/980 981/981/981
f 983/983/983 982/982/982 981/981/981
f 982/982/982 983/983/983 984/984/984
f 983/983/983 985/985/985 984/984/984
f 988/988/988 987/987/987 986/986/986
f 989/989/989 988/988/988 986/986/986
f 988/988/988 989/989/989 990/990/990
f 989/989/989 991/991/991 990/990/990
f 992/992/992 990/990/990 991/991/991
f 993/993/993 992/992/992 991/991/991
f 994/994/994 992/992/992 993/993/993
f 995/995/995 994/994/994 993/993/993
f 996/996/996 994/994/994 995/995/995
f 997/997/997 996/996/996 995/995/995
f 996/996/996 997/997/997 998/998/998
f 997/997/997 999/999/999 998/998/998
f 1002/1002/1002 1001/1001/1001 1000/1000/1000
f 1003/1003/1003 1002/1002/1002 1000/1000/1000
f 1006/1006/1006 1005/1005/1005 1004/1004/1004
f 1007/1007/1007 1006/1006/1006 1004/1004/1004
f 1010/1010/1010 1009/1009/1009 1008/1008/1008
f 1011/1011/1011 1010/1010/1010 1008/1008/1008
f 1014/1014/1014 1013/1013/1013 1012/1012/1012
f 1015/1015/1015 1014/1014/1014 1012/1012/1012
f 1018/1018/1018 1017/1017/1017 1016/1016/1016
f 1019/1019/1019 1018/1018/1018 1016/1016/1016
f 1022/1022/1022 1021/1021/1021 1020/1020/1020
f 1021/1021/1021 1023/1023/1023 1020/1020/1020
f 1024/1024/1024 1020/1020/1020 1023/1023/1023
f 1025/1025/1025 1024/1024/1024 1023/1023/1023
f 1028/1028/1028 1027/1027/1027 1026/1026/1026
f 1029/1029/1029 1028/1028/1028 1026/1026/1026
f 1032/1032/1032 1031/1031/1031 1030/1030/1030
f 1033/1033/1033 1032/1032/1032 1030/1030/1030
f 1036/1036/1036 1035/1035/1035 1034/1034/1034
f 1037/1037/1037 1036/1036/1036 1034/1034/1034
f 1040/1040/1040 1039/1039/1039 1038/1038/1038
f 1041/1041/1041 1040/1040/1040 1038/1038/1038
f 1044/1044/1044 1043/1043/1043 1042/1042/1042
f 1045/1045/1045 1044/1044/1044 1042/1042/1042
f 1048/1048/1048 1047/1047/1047 1046/1046/1046
f 1049/1049/1049 1048/1048/1048 1046/1046/1046
f 1050/1050/1050 1048/1048/1048 1049/1049/1049
f 1051/1051/1051 1050/1050/1050 1049/1049/1049
f 1050/1050/1050 1051/1051/1051 1052/1052/1052
f 1051/1051/1051 1053/1053/1053 1052/1052/1052
f 1052/1052/1052 1053/1053/1053 1054/1054/1054
f 1053/1053/1053 1055/1055/1055 1054/1054/1054
f 1054/1054/1054 1055/1055/1055 1056/1056/1056
f 1055/1055/1055 1057/1057/1057 1056/1056/1056
f 1056/1056/1056 1057/1057/1057 1058/1058/1058
f 1057/1057/1057 1059/1059/1059 1058/1058/1058
f 1062/1062/1062 1061/1061/1061 1060/1060/1060
f 1063/1063/1063 1062/1062/1062 1060/1060/1060
f 1064/1064/1064 1062/1062/1062 1063/1063/1063
f 1065/1065/1065 1064/1064/1064 1063/1063/1063
f 1064/1064/1064 1065/1065/1065 1066/1066/1066
f 1065/1065/1065 1067/1067/1067 1066/1066/1066
f 1066/1066/1066 1067/1067/1067 1068/1068/1068
f 1067/1067/1067 1069/1069/1069 1068/1068/1068
f 1068/1068/1068 1069/1069/1069 1070/1070/1070
f 1069/1069/1069 1071/1071/1071 1070/1070/1070
f 1072/1072/1072 1070/1070/1070 1071/1071/1071
f 1073/1073/1073 1072/1072/1072 1071/1071/1071
f 1076/1076/1076 1075/1075/1075 1074/1074/1074
f 1077/1077/1077 1076/1076/1076 1074/1074/1074
f 1080/1080/1080 1079/1079/1079 1078/1078/1078
f 1081/1081/1081 1080/1080/1080 1078/1078/1078
f 1084/1084/1084 1083/1083/1083 1082/1082/1082
f 1085/1085/1085 1084/1084/1084 1082/1082/1082
f 1088/1088/1088 1087/1087/1087 1086/1086/1086
f 1089/1089/1089 1088/1088/1088 1086/1086/1086
f 1092/1092/1092 1091/1091/1091 1090/1090/1090
f 1093/1093/1093 1092/1092/1092 1090/1090/1090
f 1096/1096/1096 1095/1095/1095 1094/1094/1094
f 1097/1097/1097 1096/1096/1096 1094/1094/1094
f 1100/1100/1100 1099/1099/1099 1098/1098/1098
f 1101/1101/1101 1100/1100/1100 1098/1098/1098
f 1104/1104/1104 1103/1103/1103 1102/1102/1102
f 1105/1105/1105 1104/1104/1104 1102/1102/1102
f 1108/1108/1108 1107/1107/1107 1106/1106/1106
f 1109/1109/1109 1108/1108/1108 1106/1106/1106
f 1112/1112/1112 1111/1111/1111 1110/1110/1110
f 1113/1113/1113 1112/1112/1112 1110/1110/1110
f 1116/1116/1116 1115/1115/1115 1114/1114/1114
f 1117/1117/1117 1116/1116/1116 1114/1114/1114
f 1120/1120/1120 1119/1119/1119 1118/1118/1118
f 1121/1121/1121 1120/1120/1120 1118/1118/1118
f 1124/1124/1124 1123/1123/1123 1122/1122/1122
f 1123/1123/1123 1125/1125/1125 1122/1122/1122
f 1125/1125/1125 1123/1123/1123 1126/1126/1126
f 1127/1127/1127 1125/1125/1125 1126/1126/1126
f 1126/1126/1126 1128/1128/1128 1127/1127/1127
f 1128/1128/1128 1129/1129/1129 1127/1127/1127
f 1128/1128/1128 1130/1130/1130 1129/1129/1129
f 1130/1130/1130 1131/1131/1131 1129/1129/1129
f 1130/1130/1130 1132/1132/1132 1131/1131/1131
f 1132/1132/1132 1133/1133/1133 1131/1131/1131
f 1133/1133/1133 1132/1132/1132 1134/1134/1134
f 1135/1135/1135 1133/1133/1133 1134/1134/1134
f 1138/1138/1138 1137/1137/1137 1136/1136/1136
f 1137/1137/1137 1139/1139/1139 1136/1136/1136
f 1139/1139/1139 1137/1137/1137 1140/1140/1140
f 1141/1141/1141 1139/1139/1139 1140/1140/1140
f 1140/1140/1140 1142/1142/1142 1141/1141/1141
f 1142/1142/1142 1143/1143/1143 1141/1141/1141
f 1142/1142/1142 1144/1144/1144 1143/1143/1143
f 1144/1144/1144 1145/1145/1145 1143/1143/1143
f 1144/1144/1144 1146/1146/1146 1145/1145/1145
f 1146/1146/1146 1147/1147/1147 1145/1145/1145
f 1147/1147/1147 1146/1146/1146 1148/1148/1148
f 1149/1149/1149 1147/1147/1147 1148/1148/1148
f 1152/1152/1152 1151/1151/1151 1150/1150/1150
f 1153/1153/1153 1152/1152/1152 1150/1150/1150
f 1156/1156/1156 1155/1155/1155 1154/1154/1154
f 1157/1157/1157 1156/1156/1156 1154/1154/1154
f 1154/1154/1154 1158/1158/1158 1157/1157/1157
f 1158/1158/1158 1159/1159/1159 1157/1157/1157
f 1162/1162/1162 1161/1161/1161 1160/1160/1160
f 1163/1163/1163 1162/1162/1162 1160/1160/1160
f 1166/1166/1166 1165/1165/1165 1164/1164/1164
f 1167/1167/1167 1166/1166/1166 1164/1164/1164
f 1170/1170/1170 1169/1169/1169 1168/1168/1168
f 1171/1171/1171 1170/1170/1170 1168/1168/1168
f 1174/1174/1174 1173/1173/1173 1172/1172/1172
f 1175/1175/1175 1174/1174/1174 1172/1172/1172
f 1178/1178/1178 1177/1177/1177 1176/1176/1176
f 1179/1179/1179 1178/1178/1178 1176/1176/1176
f 1182/1182/1182 1181/1181/1181 1180/1180/1180
f 1183/1183/1183 1182/1182/1182 1180/1180/1180
f 1186/1186/1186 1185/1185/1185 1184/1184/1184
f 1187/1187/1187 1186/1186/1186 1184/1184/1184
f 1190/1190/1190 1189/1189/1189 1188/1188/1188
f 1191/1191/1191 1190/1190/1190 1188/1188/1188
f 1194/1194/1194 1193/1193/1193 1192/1192/1192
f 1195/1195/1195 1194/1194/1194 1192/1192/1192
f 1198/1198/1198 1197/1197/1197 1196/1196/1196
f 1199/1199/1199 1198/1198/1198 1196/1196/1196
f 1202/1202/1202 1201/1201/1201 1200/1200/1200
f 1203/1203/1203 1202/1202/1202 1200/1200/1200
f 1206/1206/1206 1205/1205/1205 1204/1204/1204
f 1207/1207/1207 1206/1206/1206 1204/1204/1204
f 1210/1210/1210 1209/1209/1209 1208/1208/1208
f 1209/1209/1209 1211/1211/1211 1208/1208/1208
f 1211/1211/1211 1209/1209/1209 1212/1212/1212
f 1213/1213/1213 1211/1211/1211 1212/1212/1212
f 1213/1213/1213 1212/1212/1212 1214/1214/1214
f 1215/1215/1215 1213/1213/1213 1214/1214/1214
f 1214/1214/1214 1216/1216/1216 1215/1215/1215
f 1216/1216/1216 1217/1217/1217 1215/1215/1215
f 1208/1208/1208 1219/1219/1219 1218/1218/1218
f 1219/1219/1219 1220/1220/1220 1218/1218/1218
f 1223/1223/1223 1222/1222/1222 1221/1221/1221
f 1222/1222/1222 1224/1224/1224 1221/1221/1221
f 1224/1224/1224 1222/1222/1222 1225/1225/1225
f 1226/1226/1226 1224/1224/1224 1225/1225/1225
f 1227/1227/1227 1226/1226/1226 1225/1225/1225
f 1228/1228/1228 1227/1227/1227 1225/1225/1225
f 1228/1228/1228 1229/1229/1229 1227/1227/1227
f 1229/1229/1229 1230/1230/1230 1227/1227/1227
f 1221/1221/1221 1232/1232/1232 1231/1231/1231
f 1232/1232/1232 1233/1233/1233 1231/1231/1231
f 1236/1236/1236 1235/1235/1235 1234/1234/1234
f 1237/1237/1237 1236/1236/1236 1234/1234/1234
f 1237/1237/1237 1238/1238/1238 1236/1236/1236
f 1238/1238/1238 1239/1239/1239 1236/1236/1236
f 1239/1239/1239 1238/1238/1238 1240/1240/1240
f 1241/1241/1241 1239/1239/1239 1240/1240/1240
f 1242/1242/1242 1241/1241/1241 1240/1240/1240
f 1243/1243/1243 1242/1242/1242 1240/1240/1240
f 1243/1243/1243 1244/1244/1244 1242/1242/1242
f 1244/1244/1244 1245/1245/1245 1242/1242/1242
f 1244/1244/1244 1246/1246/1246 1245/1245/1245
f 1246/1246/1246 1247/1247/1247 1245/1245/1245
f 1247/1247/1247 1246/1246/1246 1248/1248/1248
f 1249/1249/1249 1247/1247/1247 1248/1248/1248
f 1252/1252/1252 1251/1251/1251 1250/1250/1250
f 1253/1253/1253 1252/1252/1252 1250/1250/1250
f 1253/1253/1253 1254/1254/1254 1252/1252/1252
f 1254/1254/1254 1255/1255/1255 1252/1252/1252
f 1255/1255/1255 1254/1254/1254 1256/1256/1256
f 1257/1257/1257 1255/1255/1255 1256/1256/1256
f 1258/1258/1258 1257/1257/1257 1256/1256/1256
f 1259/1259/1259 1258/1258/1258 1256/1256/1256
f 1259/1259/1259 1260/1260/1260 1258/1258/1258
f 1260/1260/1260 1261/1261/1261 1258/1258/1258
f 1260/1260/1260 1262/1262/1262 1261/1261/1261
f 1262/1262/1262 1263/1263/1263 1261/1261/1261
f 1263/1263/1263 1262/1262/1262 1264/1264/1264
f 1265/1265/1265 1263/1263/1263 1264/1264/1264
f 1268/1268/1268 1267/1267/1267 1266/1266/1266
f 1269/1269/1269 1268/1268/1268 1266/1266/1266
f 1272/1272/1272 1271/1271/1271 1270/1270/1270
f 1273/1273/1273 1272/1272/1272 1270/1270/1270
f 1276/1276/1276 1275/1275/1275 1274/1274/1274
f 1277/1277/1277 1276/1276/1276 1274/1274/1274
f 1280/1280/1280 1279/1279/1279 1278/1278/1278
f 1281/1281/1281 1280/1280/1280 1278/1278/1278
f 1284/1284/1284 1283/1283/1283 1282/1282/1282
f 1282/1282/1282 1283/1283/1283 1285/1285/1285
f 1286/1286/1286 1284/1284/1284 1282/1282/1282
f 1287/1287/1287 1284/1284/1284 1286/1286/1286
f 1288/1288/1288 1287/1287/1287 1286/1286/1286
f 1289/1289/1289 1287/1287/1287 1288/1288/1288
f 1290/1290/1290 1286/1286/1286 1282/1282/1282
f 1286/1286/1286 1290/1290/1290 1288/1288/1288
f 1291/1291/1291 1290/1290/1290 1282/1282/1282
f 1292/1292/1292 1288/1288/1288 1290/1290/1290
f 1291/1291/1291 1292/1292/1292 1290/1290/1290
f 1293/1293/1293 1289/1289/1289 1288/1288/1288
f 1293/1293/1293 1288/1288/1288 1292/1292/1292
f 1294/1294/1294 1282/1282/1282 1285/1285/1285
f 1294/1294/1294 1291/1291/1291 1282/1282/1282
f 1295/1295/1295 1294/1294/1294 1285/1285/1285
f 1291/1291/1291 1294/1294/1294 1295/1295/1295
f 1296/1296/1296 1295/1295/1295 1285/1285/1285
f 1297/1297/1297 1296/1296/1296 1285/1285/1285
f 1289/1289/1289 1293/1293/1293 1298/1298/1298
f 1299/1299/1299 1289/1289/1289 1298/1298/1298
f 1299/1299/1299 1298/1298/1298 1300/1300/1300
f 1301/1301/1301 1299/1299/1299 1300/1300/1300
f 1298/1298/1298 1302/1302/1302 1300/1300/1300
f 1298/1298/1298 1293/1293/1293 1302/1302/1302
f 1301/1301/1301 1300/1300/1300 1303/1303/1303
f 1300/1300/1300 1302/1302/1302 1303/1303/1303
f 1304/1304/1304 1301/1301/1301 1303/1303/1303
f 1303/1303/1303 1305/1305/1305 1304/1304/1304
f 1305/1305/1305 1306/1306/1306 1304/1304/1304
f 1307/1307/1307 1291/1291/1291 1295/1295/1295
f 1307/1307/1307 1295/1295/1295 1296/1296/1296
f 1296/1296/1296 1297/1297/1297 1308/1308/1308
f 1297/1297/1297 1309/1309/1309 1308/1308/1308
f 1303/1303/1303 1302/1302/1302 1310/1310/1310
f 1305/1305/1305 1303/1303/1303 1310/1310/1310
f 1305/1305/1305 1311/1311/1311 1306/1306/1306
f 1306/1306/1306 1311/1311/1311 1312/1312/1312
f 1311/1311/1311 1305/1305/1305 1313/1313/1313
f 1305/1305/1305 1310/1310/1310 1313/1313/1313
f 1311/1311/1311 1314/1314/1314 1312/1312/1312
f 1314/1314/1314 1311/1311/1311 1313/1313/1313
f 1315/1315/1315 1307/1307/1307 1296/1296/1296
f 1296/1296/1296 1308/1308/1308 1315/1315/1315
f 1308/1308/1308 1316/1316/1316 1315/1315/1315
f 1308/1308/1308 1309/1309/1309 1317/1317/1317
f 1308/1308/1308 1317/1317/1317 1316/1316/1316
f 1309/1309/1309 1318/1318/1318 1317/1317/1317
f 1315/1315/1315 1319/1319/1319 1307/1307/1307
f 1315/1315/1315 1316/1316/1316 1319/1319/1319
f 1317/1317/1317 1318/1318/1318 1320/1320/1320
f 1318/1318/1318 1321/1321/1321 1320/1320/1320
f 1314/1314/1314 1322/1322/1322 1312/1312/1312
f 1322/1322/1322 1323/1323/1323 1312/1312/1312
f 1323/1323/1323 1322/1322/1322 1324/1324/1324
f 1319/1319/1319 1325/1325/1325 1307/1307/1307
f 1319/1319/1319 1326/1326/1326 1325/1325/1325
f 1307/1307/1307 1325/1325/1325 1291/1291/1291
f 1316/1316/1316 1327/1327/1327 1319/1319/1319
f 1319/1319/1319 1327/1327/1327 1326/1326/1326
f 1317/1317/1317 1328/1328/1328 1316/1316/1316
f 1317/1317/1317 1320/1320/1320 1328/1328/1328
f 1328/1328/1328 1329/1329/1329 1316/1316/1316
f 1328/1328/1328 1320/1320/1320 1329/1329/1329
f 1316/1316/1316 1329/1329/1329 1330/1330/1330
f 1316/1316/1316 1330/1330/1330 1327/1327/1327
f 1320/1320/1320 1331/1331/1331 1329/1329/1329
f 1330/1330/1330 1329/1329/1329 1331/1331/1331
f 1332/1332/1332 1330/1330/1330 1331/1331/1331
f 1320/1320/1320 1321/1321/1321 1331/1331/1331
f 1321/1321/1321 1333/1333/1333 1331/1331/1331
f 1331/1331/1331 1333/1333/1333 1334/1334/1334
f 1332/1332/1332 1331/1331/1331 1334/1334/1334
f 1330/1330/1330 1335/1335/1335 1327/1327/1327
f 1330/1330/1330 1332/1332/1332 1335/1335/1335
f 1327/1327/1327 1335/1335/1335 1336/1336/1336
f 1327/1327/1327 1336/1336/1336 1326/1326/1326
f 1332/1332/1332 1334/1334/1334 1337/1337/1337
f 1334/1334/1334 1338/1338/1338 1337/1337/1337
f 1335/1335/1335 1339/1339/1339 1336/1336/1336
f 1335/1335/1335 1332/1332/1332 1339/1339/1339
f 1340/1340/1340 1339/1339/1339 1332/1332/1332
f 1336/1336/1336 1339/1339/1339 1340/1340/1340
f 1340/1340/1340 1332/1332/1332 1341/1341/1341
f 1332/1332/1332 1337/1337/1337 1341/1341/1341
f 1337/1337/1337 1338/1338/1338 1342/1342/1342
f 1338/1338/1338 1343/1343/1343 1342/1342/1342
f 1336/1336/1336 1340/1340/1340 1344/1344/1344
f 1340/1340/1340 1341/1341/1341 1344/1344/1344
f 1341/1341/1341 1337/1337/1337 1345/1345/1345
f 1337/1337/1337 1342/1342/1342 1345/1345/1345
f 1341/1341/1341 1345/1345/1345 1344/1344/1344
f 1342/1342/1342 1343/1343/1343 1346/1346/1346
f 1342/1342/1342 1346/1346/1346 1345/1345/1345
f 1343/1343/1343 1324/1324/1324 1346/1346/1346
f 1322/1322/1322 1346/1346/1346 1324/1324/1324
f 1345/1345/1345 1346/1346/1346 1322/1322/1322
f 1344/1344/1344 1345/1345/1345 1322/1322/1322
f 1344/1344/1344 1322/1322/1322 1314/1314/1314
f 1336/1336/1336 1344/1344/1344 1347/1347/1347
f 1347/1347/1347 1344/1344/1344 1314/1314/1314
f 1326/1326/1326 1336/1336/1336 1347/1347/1347
f 1347/1347/1347 1314/1314/1314 1313/1313/1313
f 1347/1347/1347 1313/1313/1313 1326/1326/1326
f 1313/1313/1313 1348/1348/1348 1326/1326/1326
f 1313/1313/1313 1310/1310/1310 1348/1348/1348
f 1326/1326/1326 1348/1348/1348 1349/1349/1349
f 1326/1326/1326 1349/1349/1349 1325/1325/1325
f 1310/1310/1310 1350/1350/1350 1348/1348/1348
f 1348/1348/1348 1350/1350/1350 1349/1349/1349
f 1310/1310/1310 1302/1302/1302 1350/1350/1350
f 1349/1349/1349 1351/1351/1351 1325/1325/1325
f 1350/1350/1350 1351/1351/1351 1349/1349/1349
f 1302/1302/1302 1352/1352/1352 1350/1350/1350
f 1350/1350/1350 1352/1352/1352 1351/1351/1351
f 1293/1293/1293 1352/1352/1352 1302/1302/1302
f 1293/1293/1293 1353/1353/1353 1352/1352/1352
f 1352/1352/1352 1353/1353/1353 1351/1351/1351
f 1353/1353/1353 1293/1293/1293 1292/1292/1292
f 1351/1351/1351 1354/1354/1354 1325/1325/1325
f 1351/1351/1351 1353/1353/1353 1354/1354/1354
f 1353/1353/1353 1292/1292/1292 1354/1354/1354
f 1325/1325/1325 1354/1354/1354 1291/1291/1291
f 1354/1354/1354 1292/1292/1292 1291/1291/1291
f 1357/1357/1357 1356/1356/1356 1355/1355/1355
f 1357/1357/1357 1355/1355/1355 1358/1358/1358
f 1356/1356/1356 1359/1359/1359 1355/1355/1355
f 1356/1356/1356 1360/1360/1360 1359/1359/1359
f 1360/1360/1360 1361/1361/1361 1359/1359/1359
f 1360/1360/1360 1362/1362/1362 1361/1361/1361
f 1359/1359/1359 1363/1363/1363 1355/1355/1355
f 1363/1363/1363 1359/1359/1359 1361/1361/1361
f 1363/1363/1363 1364/1364/1364 1355/1355/1355
f 1361/1361/1361 1365/1365/1365 1363/1363/1363
f 1365/1365/1365 1364/1364/1364 1363/1363/1363
f 1362/1362/1362 1366/1366/1366 1361/1361/1361
f 1361/1361/1361 1366/1366/1366 1365/1365/1365
f 1365/1365/1365 1367/1367/1367 1364/1364/1364
f 1366/1366/1366 1368/1368/1368 1365/1365/1365
f 1368/1368/1368 1366/1366/1366 1369/1369/1369
f 1367/1367/1367 1370/1370/1370 1364/1364/1364
f 1366/1366/1366 1362/1362/1362 1371/1371/1371
f 1362/1362/1362 1372/1372/1372 1371/1371/1371
f 1369/1369/1369 1366/1366/1366 1373/1373/1373
f 1366/1366/1366 1371/1371/1371 1373/1373/1373
f 1369/1369/1369 1373/1373/1373 1374/1374/1374
f 1371/1371/1371 1372/1372/1372 1375/1375/1375
f 1373/1373/1373 1371/1371/1371 1375/1375/1375
f 1372/1372/1372 1376/1376/1376 1375/1375/1375
f 1375/1375/1375 1376/1376/1376 1377/1377/1377
f 1373/1373/1373 1375/1375/1375 1377/1377/1377
f 1376/1376/1376 1378/1378/1378 1377/1377/1377
f 1373/1373/1373 1379/1379/1379 1374/1374/1374
f 1373/1373/1373 1377/1377/1377 1379/1379/1379
f 1374/1374/1374 1379/1379/1379 1380/1380/1380
f 1381/1381/1381 1377/1377/1377 1378/1378/1378
f 1377/1377/1377 1381/1381/1381 1379/1379/1379
f 1382/1382/1382 1381/1381/1381 1378/1378/1378
f 1379/1379/1379 1383/1383/1383 1380/1380/1380
f 1379/1379/1379 1381/1381/1381 1383/1383/1383
f 1380/1380/1380 1383/1383/1383 1384/1384/1384
f 1380/1380/1380 1384/1384/1384 1385/1385/1385
f 1385/1385/1385 1384/1384/1384 1370/1370/1370
f 1386/1386/1386 1381/1381/1381 1382/1382/1382
f 1381/1381/1381 1386/1386/1386 1383/1383/1383
f 1386/1386/1386 1382/1382/1382 1387/1387/1387
f 1388/1388/1388 1386/1386/1386 1387/1387/1387
f 1386/1386/1386 1388/1388/1388 1383/1383/1383
f 1388/1388/1388 1387/1387/1387 1389/1389/1389
f 1388/1388/1388 1390/1390/1390 1383/1383/1383
f 1383/1383/1383 1390/1390/1390 1384/1384/1384
f 1391/1391/1391 1388/1388/1388 1389/1389/1389
f 1390/1390/1390 1388/1388/1388 1391/1391/1391
f 1391/1391/1391 1389/1389/1389 1392/1392/1392
f 1384/1384/1384 1390/1390/1390 1393/1393/1393
f 1393/1393/1393 1390/1390/1390 1391/1391/1391
f 1394/1394/1394 1391/1391/1391 1392/1392/1392
f 1392/1392/1392 1395/1395/1395 1394/1394/1394
f 1394/1394/1394 1396/1396/1396 1391/1391/1391
f 1396/1396/1396 1393/1393/1393 1391/1391/1391
f 1395/1395/1395 1397/1397/1397 1394/1394/1394
f 1394/1394/1394 1397/1397/1397 1396/1396/1396
f 1395/1395/1395 1398/1398/1398 1397/1397/1397
f 1398/1398/1398 1399/1399/1399 1397/1397/1397
f 1397/1397/1397 1399/1399/1399 1396/1396/1396
f 1398/1398/1398 1400/1400/1400 1399/1399/1399
f 1400/1400/1400 1401/1401/1401 1399/1399/1399
f 1399/1399/1399 1402/1402/1402 1396/1396/1396
f 1396/1396/1396 1402/1402/1402 1393/1393/1393
f 1399/1399/1399 1401/1401/1401 1402/1402/1402
f 1402/1402/1402 1403/1403/1403 1393/1393/1393
f 1401/1401/1401 1403/1403/1403 1402/1402/1402
f 1404/1404/1404 1384/1384/1384 1393/1393/1393
f 1403/1403/1403 1404/1404/1404 1393/1393/1393
f 1405/1405/1405 1401/1401/1401 1400/1400/1400
f 1406/1406/1406 1405/1405/1405 1400/1400/1400
f 1406/1406/1406 1407/1407/1407 1405/1405/1405
f 1408/1408/1408 1384/1384/1384 1404/1404/1404
f 1384/1384/1384 1408/1408/1408 1370/1370/1370
f 1409/1409/1409 1404/1404/1404 1403/1403/1403
f 1409/1409/1409 1403/1403/1403 1401/1401/1401
f 1409/1409/1409 1410/1410/1410 1404/1404/1404
f 1401/1401/1401 1410/1410/1410 1409/1409/1409
f 1410/1410/1410 1411/1411/1411 1404/1404/1404
f 1411/1411/1411 1408/1408/1408 1404/1404/1404
f 1401/1401/1401 1412/1412/1412 1410/1410/1410
f 1412/1412/1412 1401/1401/1401 1405/1405/1405
f 1410/1410/1410 1412/1412/1412 1411/1411/1411
f 1412/1412/1412 1413/1413/1413 1411/1411/1411
f 1407/1407/1407 1414/1414/1414 1405/1405/1405
f 1407/1407/1407 1415/1415/1415 1414/1414/1414
f 1416/1416/1416 1412/1412/1412 1405/1405/1405
f 1416/1416/1416 1413/1413/1413 1412/1412/1412
f 1405/1405/1405 1414/1414/1414 1416/1416/1416
f 1370/1370/1370 1408/1408/1408 1417/1417/1417
f 1370/1370/1370 1417/1417/1417 1364/1364/1364
f 1418/1418/1418 1408/1408/1408 1411/1411/1411
f 1413/1413/1413 1418/1418/1418 1411/1411/1411
f 1408/1408/1408 1418/1418/1418 1417/1417/1417
f 1417/1417/1417 1418/1418/1418 1419/1419/1419
f 1419/1419/1419 1418/1418/1418 1413/1413/1413
f 1415/1415/1415 1420/1420/1420 1414/1414/1414
f 1415/1415/1415 1421/1421/1421 1420/1420/1420
f 1414/1414/1414 1422/1422/1422 1416/1416/1416
f 1416/1416/1416 1422/1422/1422 1413/1413/1413
f 1414/1414/1414 1420/1420/1420 1422/1422/1422
f 1422/1422/1422 1420/1420/1420 1413/1413/1413
f 1420/1420/1420 1423/1423/1423 1413/1413/1413
f 1421/1421/1421 1423/1423/1423 1420/1420/1420
f 1423/1423/1423 1419/1419/1419 1413/1413/1413
f 1423/1423/1423 1421/1421/1421 1419/1419/1419
f 1421/1421/1421 1424/1424/1424 1419/1419/1419
f 1419/1419/1419 1424/1424/1424 1358/1358/1358
f 1425/1425/1425 1417/1417/1417 1419/1419/1419
f 1425/1425/1425 1419/1419/1419 1358/1358/1358
f 1364/1364/1364 1417/1417/1417 1425/1425/1425
f 1426/1426/1426 1425/1425/1425 1358/1358/1358
f 1426/1426/1426 1364/1364/1364 1425/1425/1425
f 1355/1355/1355 1426/1426/1426 1358/1358/1358
f 1364/1364/1364 1426/1426/1426 1355/1355/1355
f 1429/1429/1429 1428/1428/1428 1427/1427/1427
f 1429/1429/1429 1427/1427/1427 1430/1430/1430
f 1429/1429/1429 1431/1431/1431 1428/1428/1428
f 1429/1429/1429 1430/1430/1430 1432/1432/1432
f 1429/1429/1429 1433/1433/1433 1431/1431/1431
f 1429/1429/1429 1432/1432/1432 1434/1434/1434
f 1429/1429/1429 1435/1435/1435 1433/1433/1433
f 1429/1429/1429 1434/1434/1434 1436/1436/1436
f 1429/1429/1429 1437/1437/1437 1435/1435/1435
f 1429/1429/1429 1436/1436/1436 1438/1438/1438
f 1429/1429/1429 1439/1439/1439 1437/1437/1437
f 1429/1429/1429 1438/1438/1438 1440/1440/1440
f 1429/1429/1429 1440/1440/1440 1439/1439/1439
f 1443/1443/1443 1442/1442/1442 1441/1441/1441
f 1441/1441/1441 1442/1442/1442 1444/1444/1444
f 1445/1445/1445 1442/1442/1442 1443/1443/1443
f 1444/1444/1444 1442/1442/1442 1446/1446/1446
f 1447/1447/1447 1442/1442/1442 1445/1445/1445
f 1446/1446/1446 1442/1442/1442 1448/1448/1448
f 1449/1449/1449 1442/1442/1442 1447/1447/1447
f 1448/1448/1448 1442/1442/1442 1450/1450/1450
f 1451/1451/1451 1442/1442/1442 1449/1449/1449
f 1450/1450/1450 1442/1442/1442 1452/1452/1452
f 1453/1453/1453 1442/1442/1442 1451/1451/1451
f 1452/1452/1452 1442/1442/1442 1454/1454/1454
f 1454/1454/1454 1442/1442/1442 1453/1453/1453
