g _296
v 7.1451956E-05 1.668472 0.10441624
v 1.1454267E-05 1.6304488 0.09697388
v 3.3425379E-06 1.7249087 0.09700506
v -3.710595E-05 1.7331586 0.09750523
v 0.0001424399 1.7139125 0.10233199
v -0.00030812132 1.7042096 0.10748558
v 5.2605036E-09 1.6139686 0.097392775
v 1.3513845E-08 1.6063752 0.09325001
v 2.9376938E-08 1.8023756 0.07891839
v 2.863758E-08 1.7754403 0.09319364
v 7.2372117E-09 1.5985538 0.08035902
v -1.2709046E-06 1.5949525 0.053015515
v 3.4789494E-08 1.7510191 0.09759041
v 3.9034163E-08 1.8391876 -0.01368018
v 4.18405E-08 1.8334428 0.026962373
v 4.247889E-08 1.8181528 0.06157133
v 1.3565053E-08 1.7391555 -0.10632833
v 1.7787412E-08 1.7625904 -0.10355142
v 3.3465952E-08 1.8299067 -0.056811552
v 2.2647567E-08 1.7862403 -0.09411351
v 2.6998729E-08 1.8059747 -0.08304879
v 5.4476055E-09 1.6887828 -0.09403397
v 2.5626774E-09 1.6713109 -0.08825232
v 9.511763E-09 1.7141577 -0.10258865
v 3.2404052E-10 1.6557547 -0.08408771
v 0.00010051014 1.5683534 0.041561306
v 8.249936E-08 1.5128732 0.057283293
v -2.4143517E-07 1.6280416 -0.07931219
v -3.2755658E-09 1.5883348 -0.08971403
v 1.1787938E-09 1.5958239 0.06628976
v -8.850373E-10 1.6451678 -0.07982551
v 2.6771044E-05 1.5871986 0.039985534
v 0.0005087016 1.5496072 0.0391726
v 1.7234812E-05 1.6203384 0.098252654
v 0.00032968106 1.6727333 0.10431112
v -1.9362821E-07 1.6080725 -0.08349535
v 8.277585E-05 1.5294757 0.04991179
v -0.09071047 1.7002908 -0.02319594
v -0.08608124 1.7016759 -0.017715273
v -0.085773475 1.692868 -0.013552685
v -0.08816399 1.6887379 -0.0182536
v -0.08409808 1.6852963 -0.00908905
v -0.08479449 1.679595 -0.012555871
v -0.07737957 1.6701685 -0.0016667375
v -0.07866944 1.6799374 0.0023685375
v -0.07396737 1.6785285 0.008602197
v -0.07217614 1.6705174 0.0009973204
v -0.09062881 1.7124563 -0.02525009
v -0.08614315 1.711307 -0.021020267
v -0.089920394 1.7255402 -0.020279577
v -0.08305752 1.717828 -0.017836438
v -0.08460485 1.7305533 -0.0072569377
v -0.08124414 1.7203808 -0.007869123
v -0.07926954 1.7249489 0.0027003633
v -0.0811034 1.7203039 -0.00041360967
v -0.07903017 1.7166392 0.008392437
v -0.081278645 1.7146275 0.0033208285
v -0.079135165 1.7071763 0.005966166
v -0.07754063 1.7077754 0.00078430196
v -0.07710918 1.6968642 -0.0068656504
v -0.078038074 1.6999822 -0.010137435
v -0.07682193 1.7036928 -0.004039139
v -0.077009484 1.7008321 -0.0013832845
v -0.082304955 1.6737939 -0.007268263
v -0.08194372 1.6823777 -0.0055060135
v -0.0751602 1.6716305 -0.0052275443
v -0.0797476 1.6749749 -0.009651797
v -0.08136572 1.6797042 -0.013540579
v -0.08235584 1.687621 -0.019288834
v -0.07496197 1.7271277 -0.0042820997
v -0.08073028 1.7285502 -0.011079334
v -0.0840622 1.7244357 -0.024031796
v -0.08428683 1.7144434 -0.029788768
v -0.08462477 1.7009367 -0.027432343
v -0.07729611 1.6996658 0.0043579806
v -0.077286944 1.7067082 0.010348749
v -0.07716497 1.6948265 0.009950338
v -0.077723294 1.6945703 0.0039339582
v -0.0766742 1.68567 0.008621945
v -0.07787655 1.6854444 0.004135762
v -0.07904719 1.6935328 -0.009096752
v -0.08192421 1.6980757 -0.0125620775
v -0.07775227 1.7145225 -0.0017069892
v -0.07691463 1.709367 -0.002297262
v -0.07962542 1.7179489 -0.0032430813
v -0.08062543 1.7163225 -0.008087819
v -0.08198765 1.7138541 -0.015335409
v -0.0845274 1.7106566 -0.017067341
v -0.086016186 1.7031541 -0.012427168
v -0.08480149 1.6959791 -0.011057811
v -0.08315844 1.6904986 -0.0069721304
v -0.08134979 1.687875 -0.003133423
v -0.076541565 1.706753 -0.0063110176
v -0.07762723 1.7117324 -0.0077703157
v -0.08204812 1.7072679 -0.011040425
v -0.07767941 1.7033284 -0.011278561
v -0.08189222 1.701118 -0.013149987
v -0.077304885 1.6918924 -0.0038802603
v -0.07537949 1.6961274 1.806748E-05
v -0.07585365 1.6946335 -0.003335427
v -0.078087136 1.7228482 -0.022102006
v -0.07763997 1.7145178 -0.028482689
v -0.07703837 1.7201697 0.010905772
v -0.07769645 1.7023953 -0.027280787
v -0.07754226 1.6885977 -0.019024339
v -0.07731645 1.6786925 -0.010873558
v -0.07940807 1.6813458 -0.01325037
v -0.07407139 1.6728632 -0.005598987
v -0.07503534 1.7015462 -0.028000908
v -0.07493358 1.6941861 -0.024136629
v -0.07492607 1.7064313 -0.029149555
v -0.07626192 1.7241952 -0.024228942
v -0.07427588 1.677309 -0.012608538
v -0.087801315 1.7008729 -0.01924221
v -0.08755855 1.7104414 -0.021148022
v -0.08614394 1.7182902 -0.01745521
v -0.08335527 1.7222849 -0.007395555
v -0.08324375 1.7231538 0.0031114628
v -0.080892645 1.7156476 0.0064174193
v -0.08578026 1.6815771 -0.009793424
v -0.08320404 1.677649 -0.0054427045
v -0.079981275 1.6752281 0.00086481083
v -0.0768346 1.6750364 0.0063243364
v -0.08721206 1.6910471 -0.014762922
v -0.054070227 1.7060833 0.06963815
v -0.012445174 1.7053866 0.09090387
v -0.008064646 1.7212034 0.09333122
v -0.057300195 1.7184626 0.06620039
v -0.013235345 1.7335178 0.09614077
v -0.028972944 1.7410251 0.09472827
v -0.053262852 1.738767 0.078902595
v -0.00916429 1.7256186 0.093434915
v -0.014731996 1.6675826 0.10086564
v -0.021459782 1.6638403 0.09616416
v -0.030614926 1.6594157 0.08885612
v -0.03575522 1.6484871 0.08364599
v -0.031118134 1.6384639 0.08400242
v -0.022163138 1.630804 0.08876989
v -0.013853832 1.6299787 0.09336632
v -0.005695073 1.7253488 0.095419556
v -0.005541328 1.7147574 0.09822965
v -0.0054108226 1.7034234 0.10429778
v -0.011713178 1.697686 0.09653285
v -0.03019822 1.6832016 0.085629
v -0.04228178 1.651224 0.07759187
v -0.05219377 1.6553415 0.06586311
v -0.040033635 1.6319509 0.07634428
v -0.047811717 1.627252 0.059698634
v -0.020159984 1.6065134 0.08646737
v -0.0175959 1.6163887 0.092716865
v -0.03170818 1.6093383 0.07290118
v -0.029228585 1.6217811 0.084855355
v -0.035958245 1.6968602 0.081090584
v -0.07170801 1.6698642 0.014320101
v -0.06820907 1.661795 0.0011334134
v -0.06984126 1.668909 -0.026893985
v -0.068931095 1.6909267 -0.03672236
v -0.06980822 1.7109628 -0.040539563
v -0.073190674 1.7334111 -0.033626225
v -0.079227656 1.7406981 0.0005502187
v -0.07427434 1.7322503 0.021671323
v -0.075171396 1.7106923 0.021510387
v -0.07336215 1.6902862 0.01831668
v -0.015243017 1.7742246 0.09246868
v -0.019978844 1.7992338 0.07643538
v -0.032579467 1.7707875 0.08719619
v -0.040539898 1.7912931 0.070121385
v -0.04604323 1.7648845 0.07772632
v -0.055530235 1.7803347 0.05890532
v -0.07080158 1.7277058 0.041539297
v -0.073069416 1.7114904 0.037441783
v -0.072513424 1.6909415 0.03329456
v -0.06937303 1.670478 0.031088315
v -0.05777251 1.7554573 0.06472412
v -0.067472376 1.7657657 0.045840885
v -0.06557288 1.650855 0.028170716
v -0.06454224 1.6457232 0.01844662
v -0.059531353 1.641575 0.044071764
v -0.05589782 1.6295098 0.03524604
v -0.04510103 1.617453 0.04940391
v -0.028569179 1.6030641 0.06307237
v -0.01812337 1.5988028 0.072160676
v -0.021859154 1.5989332 0.049920835
v -0.03900322 1.6094776 0.033286292
v -0.05023642 1.6210583 0.020298988
v -0.06159578 1.6425296 0.003533088
v -0.06472509 1.7070931 0.05607626
v -0.06409412 1.7212075 0.05701488
v -0.054263428 1.7471632 0.072371356
v -0.027374329 1.75011 0.0941904
v -0.01323224 1.7465452 0.09802433
v -0.045940407 1.6986806 0.07706528
v -0.057727825 1.7302437 0.07134793
v -0.061514653 1.7354543 0.062856
v -0.06679848 1.740496 0.04996792
v -0.07369546 1.7494403 0.03189757
v -0.04045654 1.7441957 0.08857681
v -0.043152492 1.7535354 0.082894064
v -0.061545562 1.6637511 0.052261703
v -0.01821318 1.8362776 -0.017684825
v -0.021453835 1.8299776 0.022467533
v -0.022069667 1.8158572 0.057165742
v -0.043706253 1.8077224 0.046522617
v -0.043197837 1.8216755 0.013803329
v -0.038721085 1.8281327 -0.023615053
v -0.07729588 1.7568243 0.009909844
v -0.08004471 1.7604394 -0.02394421
v -0.070935674 1.7363659 -0.061252534
v -0.07402166 1.7637514 -0.055588324
v -0.053743582 1.76575 -0.084444225
v -0.05405785 1.7382474 -0.08705755
v -0.060337875 1.7948772 0.036166575
v -0.07520137 1.777469 0.021319449
v -0.07571267 1.786297 -0.010095752
v -0.061942723 1.8082461 0.0047703153
v -0.057480335 1.8146663 -0.035086922
v -0.07125529 1.7916322 -0.046854988
v -0.015451526 1.8274901 -0.057915397
v -0.030911736 1.820791 -0.0606572
v -0.048665557 1.7910805 -0.07710435
v -0.026703686 1.7385807 -0.10262041
v -0.024604997 1.7641002 -0.0999404
v -0.021650765 1.7886872 -0.09062212
v -0.016347755 1.8080907 -0.08024966
v -0.03859856 1.8096554 -0.068935014
v -0.063477516 1.6889725 -0.058930658
v -0.058378767 1.6683642 -0.053550452
v -0.06643745 1.7112942 -0.062200386
v -0.022281174 1.6883352 -0.09046307
v -0.02083723 1.670052 -0.086029015
v -0.045392647 1.6874038 -0.08051043
v -0.041090187 1.6684396 -0.075311944
v -0.024904702 1.712033 -0.09828089
v -0.050281193 1.7118497 -0.08456213
v -0.019423144 1.6517593 -0.08103159
v -0.036353655 1.6505166 -0.07225157
v -0.05228786 1.6508662 -0.05356345
v -0.06303957 1.6489396 -0.031679925
v -0.031805426 1.5762514 0.034407996
v -0.05759826 1.5358251 0.032029416
v -0.04548586 1.5852879 0.023293644
v -0.07067392 1.5504761 0.014905335
v -0.05431019 1.596725 0.005919535
v -0.080654964 1.5736439 -0.031745043
v -0.059755944 1.6078329 -0.012216033
v -0.060470164 1.6177328 -0.0473427
v -0.050740123 1.6196619 -0.06367268
v -0.018369729 1.6262572 -0.07955483
v -0.036799423 1.6215343 -0.076404944
v -0.017653536 1.5882977 -0.08765415
v -0.035605453 1.588916 -0.0894504
v -0.05573464 1.5884771 -0.083527766
v -0.06111389 1.5897626 -0.06464129
v -0.0076274048 1.6681732 0.10440027
v -0.0040159384 1.6305727 0.096355885
v -0.006652453 1.6146383 0.0965537
v -0.008268536 1.6054797 0.0919128
v -0.007932926 1.5978652 0.077841446
v -0.014298201 1.5964483 0.06346454
v -0.0072517167 1.5957516 0.065483496
v -0.009892146 1.5954221 0.05243283
v -0.015874282 1.571078 0.038288936
v -0.018414553 1.6420046 -0.078843564
v -0.034899738 1.638751 -0.07320678
v -0.050154913 1.6357774 -0.05714727
v -0.059942853 1.6341224 -0.038029663
v -0.059460063 1.6231608 -0.0019236082
v -0.050136667 1.6117674 0.013194514
v -0.036374852 1.600228 0.025104715
v -0.021356244 1.5925833 0.036023345
v -0.010853921 1.588862 0.03962756
v -0.02528587 1.5532098 0.039736602
v -0.037398618 1.5576913 0.033458747
v -0.05103435 1.5681427 0.021880984
v -0.05670757 1.5760661 -0.002051554
v -0.060954496 1.6035361 -0.056021854
v -0.054586194 1.6034976 -0.07365514
v -0.036638625 1.6050729 -0.08234465
v -0.018064639 1.6072056 -0.083049074
v -0.03328224 1.515621 0.056080323
v -0.019237172 1.6932173 0.08858972
v -0.020587167 1.6988335 0.085866764
v -0.039374582 1.6488909 0.08064473
v -0.035277035 1.6348153 0.08135166
v -0.026929049 1.6255324 0.08642917
v -0.016479997 1.6222154 0.09330712
v -0.0052061207 1.6201539 0.09734741
v -0.0278098 1.6759211 0.08669197
v -0.024491126 1.671115 0.08996134
v -0.01897789 1.6713843 0.09450681
v -0.0064053396 1.6718657 0.10401806
v -0.013033267 1.6717346 0.10027235
v -0.07487636 1.6699371 0.0016139863
v -0.06728775 1.66314 -0.011430264
v -0.06273577 1.6458443 -0.013205554
v -0.061085194 1.6295897 -0.019955311
v -0.06083603 1.6133913 -0.02941216
v -0.06122435 1.5974149 -0.038306415
v -0.06267207 1.5858598 -0.040767543
v -0.028272757 1.5313753 0.048289847
v -0.046322078 1.5379148 0.036296807
v -0.060819887 1.5542128 0.020170156
v -0.06583059 1.5739824 -0.014306636
v -0.05910826 1.5840133 -0.02349759
v -0.00643891 1.7324841 0.096919574
v 3.08561E-08 1.7422178 0.098481596
v -0.004924365 1.7394614 0.09831153
v 0.090710506 1.7002908 -0.023195961
v 0.086081274 1.7016759 -0.017715292
v 0.0857735 1.692868 -0.013552704
v 0.088164 1.6887379 -0.018253641
v 0.0840981 1.6852963 -0.0090890685
v 0.08479451 1.679595 -0.012555933
v 0.07737959 1.6701685 -0.0016667764
v 0.07866946 1.6799374 0.0023685223
v 0.07396739 1.6785285 0.0086021805
v 0.072176166 1.6705174 0.0009972919
v 0.09062885 1.7124563 -0.02525011
v 0.08614319 1.711307 -0.021020286
v 0.08992043 1.7255402 -0.020279597
v 0.08305757 1.717828 -0.017836455
v 0.08460491 1.7305533 -0.007256959
v 0.08124418 1.7203808 -0.007869137
v 0.07926958 1.7249489 0.0027003482
v 0.08110344 1.7203039 -0.00041362474
v 0.07903099 1.7166451 0.00836035
v 0.0812787 1.7146275 0.0033208132
v 0.07913396 1.70718 0.005964487
v 0.077540666 1.7077754 0.00078428735
v 0.07710921 1.6968642 -0.0068656653
v 0.07803811 1.6999822 -0.010137451
v 0.07682197 1.7036928 -0.0040391535
v 0.07700952 1.7008321 -0.0013832988
v 0.08230497 1.6737939 -0.007268313
v 0.081943735 1.6823777 -0.00550603
v 0.07516022 1.6716305 -0.005227613
v 0.079747625 1.6749749 -0.009651853
v 0.081365734 1.6797042 -0.013540632
v 0.08235586 1.687621 -0.019288873
v 0.074962005 1.7271277 -0.0042821136
v 0.080730334 1.7285502 -0.011079358
v 0.08406222 1.7244357 -0.024031822
v 0.08428685 1.7144434 -0.029788787
v 0.084624805 1.7009367 -0.027432373
v 0.07729614 1.6996658 0.0043579615
v 0.07727659 1.7066934 0.010356379
v 0.07716493 1.6948264 0.009950362
v 0.077723324 1.6945703 0.0039339396
v 0.07667423 1.68567 0.008621931
v 0.07787658 1.6854444 0.004135747
v 0.07904722 1.6935328 -0.009096768
v 0.081924245 1.6980757 -0.012562094
v 0.07775231 1.7145225 -0.0017070037
v 0.07691467 1.709367 -0.0022972766
v 0.07962546 1.7179489 -0.0032430962
v 0.08062547 1.7163225 -0.008087834
v 0.08198769 1.7138541 -0.015335425
v 0.08452744 1.7106566 -0.017067356
v 0.08601622 1.7031541 -0.012427186
v 0.08480151 1.6959791 -0.011057828
v 0.08315846 1.6904986 -0.0069721467
v 0.08134981 1.687875 -0.0031334357
v 0.0765416 1.706753 -0.006311032
v 0.077627264 1.7117324 -0.0077703306
v 0.082048155 1.7072679 -0.011040441
v 0.07767945 1.7033284 -0.011278575
v 0.08189226 1.701118 -0.013150004
v 0.077304915 1.6918924 -0.0038802712
v 0.07537952 1.6961274 1.8053366E-05
v 0.07585368 1.6946335 -0.0033354412
v 0.07808717 1.7228482 -0.022102019
v 0.077640004 1.7145178 -0.028482703
v 0.07701206 1.720189 0.010827686
v 0.07769647 1.7023953 -0.027280804
v 0.07754229 1.6885977 -0.01902437
v 0.07731647 1.6786925 -0.010873601
v 0.079408094 1.6813458 -0.013250415
v 0.074071415 1.6728632 -0.005599029
v 0.07503537 1.7015462 -0.028000921
v 0.07493361 1.6941861 -0.024136646
v 0.0749261 1.7064313 -0.02914957
v 0.07626196 1.7241952 -0.024228957
v 0.074275896 1.677309 -0.012608575
v 0.08780135 1.7008729 -0.019242229
v 0.08755859 1.7104414 -0.021148039
v 0.08614398 1.7182902 -0.01745523
v 0.0833553 1.7222849 -0.007395572
v 0.08324381 1.7231538 0.0031114477
v 0.08089213 1.715647 0.0064143282
v 0.085780285 1.6815771 -0.0097934455
v 0.08320406 1.677649 -0.0054427246
v 0.0799813 1.6752281 0.0008647887
v 0.07683463 1.6750364 0.0063243187
v 0.087212086 1.6910471 -0.014762941
v 0.053276796 1.7059882 0.0689379
v 0.013146475 1.7056397 0.09140326
v 0.008675975 1.7211818 0.0934382
v 0.056462377 1.7205887 0.065453894
v 0.013268391 1.7324136 0.09611688
v 0.030299598 1.7418602 0.09418686
v 0.052636527 1.7403058 0.07877062
v 0.00976373 1.7254984 0.09332469
v 0.014169975 1.6666608 0.10216325
v 0.021828366 1.6645159 0.0978973
v 0.030912096 1.6619794 0.09034716
v 0.03504836 1.6507363 0.08581792
v 0.030489422 1.6406884 0.08520101
v 0.022031106 1.6308618 0.08856726
v 0.0138149895 1.6299717 0.093269385
v 0.005753194 1.7255409 0.09570828
v 0.0062149526 1.7150182 0.098673694
v 0.0057471124 1.7043536 0.105151825
v 0.012578173 1.6981375 0.09716126
v 0.029736351 1.68323 0.085937425
v 0.044616092 1.6519061 0.0739935
v 0.05364839 1.6571074 0.062017754
v 0.04045892 1.6329356 0.074034646
v 0.04804291 1.6290659 0.055400293
v 0.019721549 1.6071507 0.086050816
v 0.01759166 1.6163899 0.092710026
v 0.030902697 1.610763 0.06972824
v 0.030127062 1.6209812 0.08196838
v 0.03585945 1.696791 0.080895945
v 0.07170803 1.6698642 0.014320076
v 0.0682091 1.661795 0.0011333694
v 0.06984127 1.668909 -0.026894044
v 0.06893112 1.6909267 -0.036722377
v 0.06980826 1.7109628 -0.040539578
v 0.073190704 1.7334111 -0.033626236
v 0.0792277 1.7406981 0.0005502038
v 0.07433999 1.73207 0.021643274
v 0.07487742 1.709972 0.021572169
v 0.073272936 1.6882066 0.01830014
v 0.015243075 1.7742246 0.09246868
v 0.019978901 1.7992338 0.07643537
v 0.032579523 1.7707875 0.08719619
v 0.040539954 1.7912931 0.07012138
v 0.046043295 1.7648845 0.0777263
v 0.055530284 1.7803347 0.05890531
v 0.07072929 1.7275528 0.04079843
v 0.07235041 1.7101507 0.036030017
v 0.072438985 1.6911786 0.033274453
v 0.0721132 1.6702598 0.03138847
v 0.05777257 1.7554573 0.064724095
v 0.067472436 1.7657657 0.04584086
v 0.06426913 1.6521077 0.027378213
v 0.06276773 1.6464772 0.018578367
v 0.058320753 1.643567 0.042409055
v 0.05375195 1.6307946 0.034942776
v 0.043816388 1.6195163 0.048493154
v 0.027057644 1.605379 0.06238436
v 0.017504277 1.6004891 0.071706705
v 0.020762146 1.6007806 0.04905869
v 0.037045144 1.6112949 0.03243784
v 0.04774595 1.6222183 0.02006905
v 0.05975598 1.6435379 0.0030207117
v 0.063762 1.7070482 0.05616321
v 0.06263501 1.7252045 0.057087786
v 0.053280987 1.7504736 0.071975045
v 0.028700268 1.7529761 0.092279315
v 0.013192297 1.7466483 0.09775503
v 0.045278706 1.6985449 0.07644549
v 0.057506204 1.7322731 0.06999405
v 0.06009196 1.7370745 0.06337817
v 0.06679853 1.740496 0.04996789
v 0.07369552 1.7494403 0.03189756
v 0.039231837 1.743112 0.08943103
v 0.04139997 1.7526425 0.08415067
v 0.060977 1.6649538 0.05040607
v 0.018213259 1.8362776 -0.017684828
v 0.021453917 1.8299776 0.022467531
v 0.022069752 1.8158572 0.057165734
v 0.04370633 1.8077224 0.046522606
v 0.04319791 1.8216755 0.013803321
v 0.03872116 1.8281327 -0.023615059
v 0.07729594 1.7568243 0.009909829
v 0.08004476 1.7604394 -0.023944227
v 0.07093571 1.7363659 -0.06125255
v 0.074021704 1.7637514 -0.05558834
v 0.053743627 1.76575 -0.08444423
v 0.054057878 1.7382474 -0.08705756
v 0.060337942 1.7948772 0.036166564
v 0.07520142 1.777469 0.021319417
v 0.075712726 1.786297 -0.010095787
v 0.06194279 1.8082461 0.004770304
v 0.05748041 1.8146663 -0.035086934
v 0.07125534 1.7916322 -0.046855
v 0.0154515905 1.8274901 -0.0579154
v 0.030911803 1.820791 -0.060657203
v 0.0486656 1.7910805 -0.07710436
v 0.026703715 1.7385807 -0.10262041
v 0.024605036 1.7641002 -0.0999404
v 0.021650812 1.7886872 -0.09062212
v 0.016347809 1.8080907 -0.08024966
v 0.038598616 1.8096554 -0.068935014
v 0.06347753 1.6889725 -0.058930673
v 0.058378775 1.6683642 -0.053550486
v 0.06643748 1.7112942 -0.062200397
v 0.022281189 1.6883352 -0.09046307
v 0.020837234 1.670052 -0.086029015
v 0.04539266 1.6874038 -0.080510445
v 0.041090198 1.6684396 -0.07531196
v 0.02490472 1.712033 -0.09828091
v 0.050281223 1.7118497 -0.08456214
v 0.019423142 1.6517593 -0.08103159
v 0.036353655 1.6505166 -0.07225159
v 0.05227124 1.6508764 -0.053572625
v 0.063039586 1.6489396 -0.031679984
v 0.031856425 1.5763539 0.034402568
v 0.057598278 1.5358251 0.032029413
v 0.04547561 1.5852907 0.023320481
v 0.07067395 1.5504761 0.014905366
v 0.054292038 1.5967201 0.005956114
v 0.080654964 1.5736439 -0.03174501
v 0.059736475 1.6078366 -0.012189405
v 0.060453985 1.6177222 -0.04733415
v 0.050737243 1.6196684 -0.06366549
v 0.018369334 1.6262286 -0.0795642
v 0.03679938 1.6215335 -0.07640526
v 0.017653529 1.5882977 -0.08765415
v 0.03560545 1.588916 -0.089450404
v 0.05573464 1.5884771 -0.08352777
v 0.061114267 1.5897626 -0.064641275
v 0.0075552408 1.668172 0.10413647
v 0.0040577543 1.6305778 0.09644299
v 0.006726664 1.6145859 0.09683784
v 0.008222166 1.6056606 0.09179177
v 0.00783393 1.5986388 0.077626325
v 0.013806444 1.5980846 0.06310316
v 0.0071442407 1.5966079 0.06528117
v 0.009632045 1.5964192 0.05185483
v 0.015958086 1.5712174 0.03835099
v 0.018414551 1.6420046 -0.078843564
v 0.034899734 1.638751 -0.07320678
v 0.050132446 1.635788 -0.05713996
v 0.05993861 1.6341151 -0.038029898
v 0.05946007 1.6231608 -0.0019236193
v 0.047350325 1.6127169 0.012432845
v 0.033999816 1.6013021 0.023478389
v 0.019835545 1.5937977 0.033983
v 0.010409274 1.5897443 0.03836824
v 0.025264692 1.554268 0.03951996
v 0.037507497 1.5579616 0.033334967
v 0.051025018 1.5681403 0.021896983
v 0.056690853 1.5760661 -0.0020276695
v 0.060847096 1.6035413 -0.055951566
v 0.054585833 1.6034979 -0.07365482
v 0.036638565 1.6050726 -0.082344845
v 0.018064346 1.6071914 -0.08305619
v 0.033282258 1.515621 0.056080315
v 0.019649198 1.6933984 0.089138895
v 0.021000013 1.6990091 0.08642378
v 0.039822154 1.650268 0.0809844
v 0.036574565 1.6372352 0.08040799
v 0.026489763 1.6256604 0.08591584
v 0.01645375 1.6222153 0.09322853
v 0.0053144535 1.6201758 0.0975961
v 0.027502505 1.6759449 0.087272204
v 0.023423221 1.6729841 0.09012442
v 0.015722997 1.6728963 0.09702179
v 0.0061382274 1.6719236 0.10396571
v 0.010283832 1.671981 0.10188605
v 0.07487639 1.6699371 0.0016139593
v 0.067287765 1.66314 -0.011430321
v 0.06273579 1.6458443 -0.013205622
v 0.06108583 1.6295892 -0.019956013
v 0.060815744 1.6133615 -0.029410055
v 0.061200626 1.5974215 -0.03828884
v 0.06267778 1.5858608 -0.040767524
v 0.02715835 1.5339987 0.045864586
v 0.046717547 1.53781 0.036054965
v 0.060818955 1.5542126 0.020168416
v 0.0658261 1.5739818 -0.014289904
v 0.05908306 1.584019 -0.02347106
v 0.006134264 1.7328097 0.09726849
v 0.0047533065 1.7396154 0.09834381
v -0.002697232 1.6682309 0.104887314
v 0.002835684 1.6682523 0.10442029
v 0.023826284 1.7387205 0.09665854
v -0.02331706 1.739118 0.096696414
v 3.258168E-05 1.7205474 0.09843686
v 0.009215153 1.7155633 0.093104295
v -0.008475972 1.7154855 0.09266863
v 0.02664214 1.6965427 0.08434284
v -0.026404554 1.6964598 0.08398858
v 0.047250517 1.7423877 0.08409684
v -0.04800255 1.7423164 0.08339519
v -0.00024272696 1.6804461 0.10965334
v -0.0011057212 1.6848035 0.11385697
v -0.0015008468 1.6966811 0.1119735
v 0.00026427986 1.6754417 0.10472431
v -0.013850202 1.6827464 0.1001029
v -0.015855988 1.6867944 0.09851665
v -0.017720118 1.6843085 0.09400834
v -0.014520857 1.6786261 0.09613314
v -0.010862255 1.6852747 0.10572534
v -0.0030040124 1.6820422 0.10754473
v -0.0015616834 1.6811409 0.10986531
v -0.016941184 1.6793978 0.09363789
v -0.015672244 1.6841407 0.09889498
v -0.011540503 1.6866324 0.10557011
v -0.006537473 1.6861084 0.110846356
v -0.003424152 1.6851764 0.112794034
v -0.0065826415 1.6957583 0.108925395
v -0.010121057 1.6938412 0.10464791
v -0.01896131 1.6873791 0.089984074
v -0.013112311 1.6932828 0.097174555
v -0.011399988 1.692093 0.10384925
v -0.018146904 1.6782502 0.091836676
v -0.014856083 1.675757 0.09568804
v -0.010986703 1.6759309 0.099187285
v -0.0016841394 1.6763774 0.10455861
v -0.0033944976 1.6777687 0.10405385
v -0.008431453 1.6779672 0.10067957
v -0.006126009 1.6845434 0.10220822
v -0.0092966575 1.6852266 0.102844626
v -0.00625262 1.6823002 0.10119429
v -0.01098143 1.6835359 0.10049985
v -0.010971939 1.681824 0.09926767
v -0.008018183 1.6818218 0.09934405
v -0.0036217545 1.6829553 0.10478007
v -0.0105936825 1.6836861 0.10470915
v -0.01267469 1.6821637 0.100824475
v -0.012673421 1.679899 0.09874597
v -0.009383525 1.6794597 0.09971803
v -0.0052763997 1.6798483 0.10268298
v 0.01368596 1.68223 0.10044777
v 0.016259722 1.6881703 0.098727226
v 0.0190302 1.6844194 0.09415511
v 0.012540723 1.6789393 0.09840927
v 0.0103391195 1.6835754 0.106468424
v 0.0030616778 1.6808256 0.109869555
v 0.0012323664 1.6805167 0.11015826
v 0.015388512 1.6792502 0.09645339
v 0.015438605 1.6831163 0.099930026
v 0.011497617 1.6858093 0.10697198
v 0.0059699374 1.6849847 0.112736575
v 0.0019000665 1.6845973 0.11429597
v 0.0053286063 1.6972234 0.11081161
v 0.010158951 1.6953068 0.10629095
v 0.019341396 1.687426 0.09038148
v 0.013790543 1.6937659 0.09769083
v 0.011455314 1.6933414 0.1051614
v 0.016996946 1.6769122 0.09326836
v 0.013208207 1.6760148 0.09766286
v 0.008407038 1.6755246 0.10131292
v 0.0015804999 1.6754528 0.1047985
v 0.004009832 1.6780795 0.104923025
v 0.00861893 1.6786441 0.10084873
v 0.006192717 1.6831024 0.10327507
v 0.0083442265 1.6857169 0.102899015
v 0.006846239 1.6826556 0.10229977
v 0.011273543 1.6844774 0.099175505
v 0.012016085 1.6836331 0.09832628
v 0.0074130027 1.682738 0.10159459
v 0.0053126644 1.6812899 0.10575075
v 0.009628521 1.6843514 0.10462627
v 0.012641925 1.684279 0.10030758
v 0.012723625 1.6815614 0.09767774
v 0.009583869 1.6820482 0.09869691
v 0.005351787 1.6797657 0.10470523
v -0.012658466 1.6810538 0.09958444
v -0.014289545 1.6809332 0.09803314
v -0.016603641 1.6817704 0.096241005
v -0.016912881 1.6857557 0.09629308
v -0.015645515 1.6909995 0.09355707
v 0.016295807 1.6911782 0.093918845
v 0.017656244 1.6870376 0.09643944
v 0.015871873 1.681087 0.09742441
v 0.014151989 1.6809837 0.09856446
v 0.013497708 1.681558 0.09831158
v -0.012612216 1.6843995 0.10312712
v -0.013729067 1.6853316 0.10233325
v -0.014060983 1.688121 0.101484954
v -0.012361745 1.692776 0.10035964
v 0.012752614 1.6936543 0.101076685
v 0.014129584 1.689559 0.10218629
v 0.013948033 1.6847082 0.10321481
v 0.012380448 1.6832625 0.1037433
v 0.011178836 1.6841699 0.10274946
v -0.011928352 1.6830618 0.10253911
v -0.014283185 1.6869665 0.101674505
v -0.016026743 1.6860397 0.09845756
v -0.016996955 1.6844041 0.09618507
v -0.017686147 1.6820948 0.09366288
v 0.0187792 1.6805986 0.09383436
v 0.018127112 1.6840502 0.09658689
v 0.016919684 1.6858101 0.09899529
v 0.014614141 1.6869051 0.10260934
v 0.012056556 1.6874869 0.10669449
v 0.007057954 1.687978 0.11252639
v 0.0029436573 1.688121 0.11458317
v -0.0013420318 1.6882005 0.11427917
v -0.004757157 1.6880168 0.11278142
v -0.007781761 1.6879553 0.110392265
v -0.0119776 1.6873983 0.10515237
v -0.018618014 1.6809219 0.09106798
v 0.01995693 1.6807965 0.0906177
v 0.0121882185 1.6904881 0.10567245
v 0.009024407 1.6923814 0.11007056
v 0.0040686904 1.6927928 0.11344186
v -0.0016214774 1.6927397 0.11367969
v -0.006131058 1.6920041 0.11150662
v -0.009538286 1.691364 0.10779355
v -0.0122137265 1.6896199 0.104242474
v 0.010804059 1.6915786 0.10781605
v 0.009672754 1.6876991 0.11001893
v 0.008949558 1.6856883 0.10998846
v 0.0067655025 1.6829486 0.1082538
v 0.006071543 1.6844182 0.1063926
v -0.007899835 1.6837821 0.106032334
v -0.008558424 1.6844774 0.10761588
v -0.009369137 1.6867559 0.10833158
v -0.0097244205 1.6876638 0.108053796
v -0.010937547 1.6906008 0.10591543
v -0.010562177 1.6956935 0.10097138
v -0.0061460505 1.6989801 0.10673302
v -0.0009600971 1.7000239 0.110024706
v 0.0057244184 1.7004402 0.108041555
v 0.011202101 1.6968211 0.10194465
v 0.020326003 1.7169051 0.08189421
v 0.01987462 1.7198558 0.08171776
v 0.016982116 1.7193677 0.082305714
v 0.017769327 1.7160649 0.08226059
v 0.020959755 1.7225173 0.08237656
v 0.01806328 1.7230659 0.0828979
v 0.026807912 1.7254941 0.08446973
v 0.02565266 1.7279385 0.08605165
v 0.030541008 1.7266431 0.08532813
v 0.030221062 1.7293619 0.08755451
v 0.03784122 1.7258162 0.08455601
v 0.03851397 1.7286363 0.086158864
v 0.04323382 1.7228254 0.0806189
v 0.045219257 1.7248864 0.080610305
v 0.04475887 1.720601 0.076469846
v 0.047014132 1.7204587 0.075324744
v 0.042636465 1.7180371 0.07835239
v 0.044131383 1.7162615 0.07723124
v 0.039553437 1.7163247 0.08078041
v 0.0397058 1.714555 0.080181785
v 0.030501788 1.7148036 0.08265756
v 0.029811991 1.7131245 0.08219705
v 0.026784973 1.7147877 0.08241549
v 0.025705788 1.7128674 0.082028255
v 0.02369025 1.7244756 0.08362405
v 0.022097962 1.7265533 0.08466995
v 0.023117688 1.7153366 0.08196162
v 0.020927254 1.714129 0.0820958
v 0.034266494 1.7150044 0.082412936
v 0.03402826 1.7133672 0.08183673
v 0.034239206 1.7267932 0.085496575
v 0.03472219 1.7292082 0.087263025
v 0.040947746 1.7246145 0.08271245
v 0.042311043 1.7274153 0.08403643
v 0.0192404 1.7283723 0.08799989
v 0.024488434 1.7307096 0.0899415
v 0.014993184 1.7239375 0.08560681
v 0.030196272 1.7323811 0.09008807
v 0.03579699 1.7327764 0.088942066
v 0.040958628 1.7319685 0.087159306
v 0.049574427 1.7195287 0.07241865
v 0.04816648 1.7261202 0.078825384
v 0.04506439 1.729744 0.08407032
v 0.046072725 1.7137725 0.07436837
v 0.013101965 1.7190546 0.08512452
v 0.013933261 1.7142848 0.085212946
v 0.017765662 1.7109262 0.083860606
v 0.024016235 1.7089443 0.08246804
v 0.028571993 1.7085947 0.08173286
v 0.033543967 1.7091507 0.08065555
v 0.04049468 1.7103705 0.07801665
v 0.010790305 1.719811 0.08913967
v 0.012447655 1.725178 0.089831874
v 0.011058888 1.7147778 0.08903419
v 0.014498196 1.7092304 0.08710492
v 0.022396678 1.7047675 0.08377053
v 0.04175505 1.70522 0.07755356
v 0.03403146 1.7032076 0.08059292
v 0.028373 1.7032697 0.082125284
v 0.04879783 1.7102106 0.07191155
v 0.05253658 1.7188002 0.06885968
v 0.02465625 1.7335082 0.09355739
v 0.017924018 1.7300111 0.09225469
v 0.052502263 1.7271446 0.07467197
v 0.04963737 1.7336516 0.08160777
v 0.042967163 1.735043 0.08691495
v 0.037087124 1.7364067 0.08996373
v 0.03099258 1.7363894 0.09239232
v 0.023967538 1.7167016 0.08141008
v 0.021503117 1.7176595 0.08126643
v 0.026930947 1.7161627 0.08215697
v 0.030516123 1.7160478 0.08211058
v 0.034280714 1.7162694 0.081989095
v 0.020835128 1.720131 0.08159581
v 0.022037145 1.722179 0.08236929
v 0.024450133 1.7237167 0.08337722
v 0.02730795 1.7248031 0.08426623
v 0.030810742 1.7256705 0.08486715
v 0.034094043 1.7258301 0.084531166
v 0.03739745 1.7250143 0.08338636
v 0.040372968 1.724161 0.08263288
v 0.042487893 1.7225595 0.08018872
v 0.04405998 1.7203541 0.07682915
v 0.042396314 1.7185299 0.078523725
v 0.0394774 1.7174833 0.080696866
v 0.022427296 1.7212206 0.081144646
v 0.027487189 1.721952 0.083540894
v 0.030889165 1.7225965 0.08441276
v 0.0340827 1.7227921 0.08437944
v 0.037378542 1.7225592 0.08347913
v 0.04009669 1.7217604 0.08186051
v 0.042253926 1.7208326 0.07991385
v 0.022232953 1.7188982 0.080585584
v 0.02735706 1.7185718 0.08281481
v 0.03072354 1.7187083 0.08364161
v 0.033966154 1.71882 0.08364761
v 0.036991883 1.7189294 0.0828382
v 0.039783172 1.7191843 0.08134152
v 0.04170295 1.719519 0.07999534
v 0.03691633 1.7158006 0.08178889
v 0.03687065 1.7168348 0.081526496
v -0.01985785 1.7173064 0.08134292
v -0.018508133 1.7201587 0.081329934
v -0.016218955 1.7197558 0.08205797
v -0.017009147 1.716427 0.08201045
v -0.020299427 1.7229092 0.0821523
v -0.017438276 1.7233893 0.08272917
v -0.02598808 1.7257783 0.08395092
v -0.025582917 1.728324 0.08554323
v -0.030330693 1.7265481 0.08452236
v -0.03018708 1.7298946 0.08699535
v -0.0369293 1.7259426 0.08362523
v -0.0385737 1.7289523 0.085629515
v -0.042130128 1.7233987 0.080722794
v -0.044576664 1.724853 0.080777556
v -0.043991536 1.7206895 0.076964445
v -0.046719864 1.7205538 0.07609692
v -0.0429936 1.7183656 0.07682432
v -0.045376375 1.7173634 0.075778246
v -0.038828235 1.71629 0.08075077
v -0.040167365 1.7142081 0.0795888
v -0.02982591 1.7150598 0.08186736
v -0.029177139 1.7136194 0.081499964
v -0.026240272 1.71509 0.08178086
v -0.025173396 1.713316 0.0813971
v -0.022637878 1.7245824 0.083188675
v -0.021769773 1.7268338 0.084265746
v -0.022380752 1.7155583 0.08146243
v -0.020232761 1.7144922 0.08169683
v -0.03343188 1.715174 0.08185325
v -0.033244476 1.7138156 0.08139928
v -0.034104377 1.7264284 0.08433107
v -0.035341218 1.7297347 0.08660527
v -0.03955515 1.7250353 0.08234869
v -0.041327655 1.7270449 0.083521225
v -0.018698577 1.7286068 0.08780791
v -0.023908956 1.7314613 0.09008137
v -0.014261171 1.7242466 0.085818864
v -0.03003642 1.7336694 0.09034856
v -0.037574295 1.7343583 0.088588096
v -0.04222829 1.7328644 0.08636998
v -0.049615968 1.7195271 0.07344862
v -0.048648395 1.7265621 0.079475015
v -0.04584945 1.7298967 0.08365829
v -0.045831442 1.7139622 0.07514902
v -0.012467006 1.7194562 0.08516618
v -0.013360509 1.7145627 0.085071295
v -0.017209418 1.7112077 0.08367213
v -0.023861554 1.7094848 0.081702344
v -0.028154466 1.70818 0.081138335
v -0.033074737 1.7087245 0.08043299
v -0.0403512 1.7101939 0.078347124
v -0.010148791 1.7201658 0.08932495
v -0.011719261 1.725325 0.09038463
v -0.010519483 1.7149612 0.088818125
v -0.013957103 1.7093549 0.08685553
v -0.02223442 1.7050964 0.0830642
v -0.041931245 1.7050345 0.077974014
v -0.033837546 1.7026815 0.080609016
v -0.028124081 1.7027054 0.08179628
v -0.04896933 1.7104145 0.07282844
v -0.053049896 1.7186021 0.07004687
v -0.023516469 1.7340771 0.09386953
v -0.017162954 1.7304205 0.09237868
v -0.052870173 1.7263943 0.07556112
v -0.049673084 1.7334286 0.082302
v -0.04460477 1.7369514 0.08645222
v -0.038827103 1.7378417 0.089456394
v -0.03030498 1.7371066 0.092779174
v -0.02322979 1.7165321 0.0813983
v -0.020724293 1.7180438 0.080914974
v -0.026335793 1.7163517 0.08178006
v -0.029786987 1.7161076 0.081925854
v -0.0335062 1.7165968 0.08148086
v -0.019977547 1.7206544 0.08114816
v -0.02140583 1.7226301 0.08202762
v -0.023455186 1.7237238 0.0828619
v -0.026471447 1.7249833 0.08366773
v -0.030556308 1.7255296 0.08408305
v -0.03411339 1.7258325 0.083137885
v -0.036933947 1.7253882 0.08335106
v -0.038942117 1.7246099 0.0822177
v -0.0411355 1.7228284 0.080258876
v -0.04313684 1.7211013 0.076974384
v -0.042409685 1.7194853 0.077599145
v -0.03839083 1.717393 0.080070406
v -0.023315601 1.7211971 0.08135428
v -0.026260156 1.7218868 0.08284675
v -0.030402452 1.7225108 0.08384745
v -0.033967003 1.7226511 0.08363018
v -0.037049226 1.7224101 0.0825309
v -0.038972996 1.7217811 0.08131926
v -0.040969938 1.7211974 0.07990924
v -0.023147812 1.718963 0.08079915
v -0.02607108 1.7189974 0.08211672
v -0.030145478 1.7191582 0.08326142
v -0.033185694 1.7192527 0.08318219
v -0.03646637 1.719398 0.082199864
v -0.038584247 1.7194406 0.08103727
v -0.040369477 1.719426 0.07992578
v -0.036156837 1.7158067 0.081500165
v -0.03600179 1.7170094 0.080955446
v -4.784907E-07 1.6581248 0.10429628
v 2.6684331E-06 1.6401963 0.09951898
v 8.5973244E-07 1.6641269 0.10424794
v -1.9317204E-06 1.6360288 0.097998194
v -0.016395764 1.6571133 0.099557996
v -0.023436602 1.6534588 0.094191514
v -0.026177453 1.6513377 0.08993755
v -0.02746009 1.6501329 0.0872049
v -0.021680886 1.645909 0.09117772
v -0.009759838 1.6410204 0.09795111
v -0.01585711 1.6435323 0.095317096
v -0.014780978 1.6630676 0.101356916
v -0.023455724 1.6580753 0.09538554
v -0.029009202 1.6541486 0.08999638
v -0.032305136 1.6492947 0.08566326
v -0.026928106 1.6434408 0.086642414
v -0.017576104 1.638141 0.09223161
v -0.011079275 1.6364479 0.095507465
v -0.0076445243 1.6640753 0.104482785
v -0.008164243 1.6594937 0.103720814
v -0.004570285 1.6405705 0.09914199
v -0.0036173337 1.6360717 0.09740758
v 0.015354991 1.6566246 0.100468345
v 0.02108035 1.6539865 0.096001185
v 0.025602315 1.6521794 0.09081041
v 0.028326273 1.6509173 0.08874278
v 0.022157086 1.6452904 0.09133661
v 0.009692034 1.6410917 0.09774084
v 0.0163518 1.6433728 0.095181495
v 0.014597636 1.6612725 0.10248285
v 0.022101393 1.6586244 0.09762273
v 0.0301759 1.6559515 0.09083799
v 0.032146998 1.650316 0.087207556
v 0.026949644 1.643603 0.08741468
v 0.017599309 1.6381494 0.09227003
v 0.011065287 1.636453 0.0954584
v 0.007767076 1.6637592 0.10428909
v 0.008238458 1.6593597 0.104010455
v 0.0045554633 1.6406026 0.099037245
v 0.003603906 1.6360722 0.097346686
v 0.026067974 1.6472476 0.08949469
v -0.025855554 1.6477929 0.08860183
v 0.027590353 1.6521075 0.08908527
v -0.027113976 1.651247 0.08860534
v 0.003088748 1.6640992 0.10420104
v 0.003798001 1.6587224 0.1043584
v -0.0031099261 1.6640817 0.10458112
v -0.0037803089 1.658747 0.10429264
v -2.1351424E-07 1.6457171 0.10064331
v 0.008092767 1.6458753 0.0995396
v 0.014703247 1.6465123 0.09696487
v 0.020461738 1.6474527 0.09354154
v 0.025583439 1.6500696 0.090758674
v 0.026912615 1.6513833 0.08919655
v 0.025888115 1.6512473 0.086969055
v 0.02428979 1.6514753 0.089638345
v 0.007631452 1.6545304 0.10111198
v 1.8914731E-08 1.6543708 0.1013563
v 0.013884412 1.6534016 0.09819286
v 0.019502485 1.6524454 0.09515528
v 0.013200816 1.6518974 0.096840486
v 0.0074577713 1.6516336 0.098609716
v 1.804862E-08 1.6513629 0.09928149
v 0.01875588 1.6513609 0.0944767
v 0.024721636 1.6515511 0.09036154
v 0.018670723 1.6516443 0.09369283
v 0.0141957 1.6521897 0.09623413
v 0.007875302 1.652377 0.09849815
v 1.8000325E-08 1.6527803 0.09940044
v 0.024071192 1.6512427 0.089409314
v 0.024634507 1.6515489 0.08976509
v 0.018200716 1.651299 0.093058206
v 0.013590477 1.6519734 0.09595187
v 0.007523424 1.6520746 0.098319635
v 1.802897E-08 1.652036 0.09884532
v 0.026329616 1.6517848 0.08870387
v -0.008062206 1.6458671 0.099449314
v -0.014556229 1.6464834 0.096666105
v -0.020461211 1.6476475 0.09283789
v -0.02546344 1.6495532 0.08941705
v -0.026526868 1.6502618 0.08761867
v -0.026174257 1.6508918 0.08724871
v -0.02529033 1.6508219 0.08923219
v -0.0075572883 1.6547128 0.100885205
v -0.015021835 1.6536775 0.09779307
v -0.021152958 1.6521857 0.09403042
v -0.0130421175 1.6515852 0.096502475
v -0.007398915 1.6514827 0.098418064
v -0.01942373 1.6506801 0.09364181
v -0.025108647 1.6504205 0.08933999
v -0.019871222 1.651416 0.0930656
v -0.014219238 1.6523137 0.096112266
v -0.007810379 1.6526434 0.09828656
v -0.02508971 1.6507996 0.089041546
v -0.025269238 1.6508104 0.08903538
v -0.01951487 1.6511034 0.092917114
v -0.01336333 1.6519756 0.095340796
v -0.007433535 1.6520845 0.0980076
v -0.025905969 1.6506207 0.08763615
v 0.0037395095 1.6457899 0.10043033
v 0.0034427913 1.6513652 0.099221095
v 0.0034732234 1.652062 0.09879568
v 0.0036275627 1.6526511 0.09932017
v 0.0034775736 1.6545298 0.10149991
v -0.0034579593 1.6546053 0.10141226
v -0.0036116398 1.6527661 0.09923705
v -0.003465057 1.6520653 0.098737225
v -0.0034373188 1.6513326 0.09917921
v -0.0037311378 1.6457884 0.10036775
v -0.0028155504 1.6828378 0.11175915
v -0.0007610088 1.6820947 0.112289995
v 0.0017568389 1.6820475 0.11256474
v -0.0011003225 1.6788344 0.10642434
v 0.0001666711 1.678369 0.10667833
v 0.0018216013 1.6782352 0.10654283
v 0.0050892765 1.7214701 0.09651341
v -0.0047687194 1.7213091 0.09619346
v -0.058128618 1.631973 0.011269891
v -0.061258826 1.6379945 0.024689354
v -0.0634239 1.6470785 0.034853898
v -0.066594586 1.6689122 0.040729117
v -0.068437345 1.6908033 0.045467533
v -0.06892914 1.7097508 0.045570392
v -0.067419164 1.7260723 0.04855362
v 0.06658244 1.7260102 0.048222993
v 0.068355255 1.7097223 0.04557258
v 0.067467935 1.6910517 0.04542154
v 0.06548219 1.6692603 0.04016543
v 0.062209036 1.6488992 0.03339351
v 0.05923395 1.6392092 0.024503158
v 0.05593653 1.6334115 0.011184975
v -0.043260597 1.6400464 0.07585611
v -0.051533666 1.6398475 0.06225716
v -0.060955394 1.651806 0.04805782
v -0.06512373 1.6568283 0.038631864
v -0.06733107 1.6593922 0.029744212
v -0.06740678 1.6569562 0.015177167
v -0.06452625 1.6522928 0.0022382825
v 0.06316714 1.652874 0.002152544
v 0.06609431 1.6570737 0.0157192
v 0.066160314 1.6598372 0.029496826
v 0.063676305 1.6577008 0.038047895
v 0.059948638 1.6533157 0.046147525
v 0.05193831 1.6416659 0.058122884
v 0.04395841 1.6414758 0.07216185
v 0.057282265 1.6603895 0.056745265
v 0.055981796 1.6471751 0.052555874
v 0.053774025 1.6376437 0.049749214
v 0.049502634 1.6253362 0.041525684
v 0.042984784 1.6168575 0.025466904
v -0.04525144 1.6154071 0.025988795
v -0.051288597 1.6239109 0.042028412
v -0.05475327 1.6355009 0.051730487
v -0.05663911 1.6455817 0.055156656
v -0.057370763 1.6593314 0.059249002
v 0.024855532 1.6889611 0.0870109
v -0.024688747 1.6890757 0.0866895
v 0.024218451 1.684579 0.087614365
v -0.024239535 1.6846384 0.087410875
v 0.031446196 1.6539282 0.08906887
v 0.03368174 1.6562517 0.08799526
v 0.037945166 1.6585867 0.08346699
v 0.042623695 1.6607393 0.07784873
v 0.052987445 1.6690497 0.06740919
v 0.0572809 1.6722243 0.061859004
v 0.061320323 1.6770909 0.05604039
v 0.06686212 1.6812638 0.04261622
v 0.07264871 1.6816459 0.032036044
v 0.072795756 1.6791685 0.016364843
v -0.030063197 1.652287 0.08833752
v -0.033235013 1.6542462 0.08666631
v -0.037936345 1.6565976 0.0822622
v -0.042170476 1.6601492 0.077937365
v -0.0520259 1.6680175 0.068915345
v -0.05727933 1.671626 0.06264398
v -0.0612375 1.6760806 0.05746062
v -0.067943074 1.6810032 0.04287308
v -0.07264869 1.6816459 0.03203606
v 0.03323843 1.6668583 0.086570196
v 0.03653115 1.6729798 0.08370871
v 0.045425076 1.6837616 0.07767358
v 0.05361275 1.686767 0.07061314
v -0.033291206 1.6661124 0.085321255
v -0.037089705 1.6730207 0.082827106
v -0.04657456 1.6837792 0.07755311
v -0.05461157 1.686824 0.07042356
v 0.063536264 1.68985 0.05562853
v -0.06436467 1.6896577 0.055831723
v -0.07251879 1.6800809 0.016330302
v 0.039625745 1.6776962 0.08179982
v 0.031799518 1.6884211 0.08439112
v 0.025361393 1.6922985 0.08610471
v 0.020355191 1.6960918 0.08792332
v 0.012875761 1.7019225 0.09416188
v 0.0058570188 1.7099234 0.10189303
v 0.00010680537 1.709173 0.104794815
v -0.0052086134 1.7094203 0.1014664
v -0.012004351 1.7014438 0.093615256
v -0.019924553 1.6957631 0.08735233
v -0.02514169 1.6921904 0.08565993
v -0.03215269 1.6883532 0.0842398
v -0.040451884 1.6776875 0.08121716
v -0.046763968 1.6641802 0.074018255
v -0.04721563 1.6530104 0.07207134
v -0.047105975 1.6396594 0.06970994
v -0.04414486 1.6291599 0.06824096
v -0.031362057 1.6154144 0.0801608
v -0.018564949 1.6112849 0.09072467
v -0.0072137164 1.6101537 0.094896756
v 1.23446995E-08 1.6101066 0.09589337
v 0.007247019 1.6100883 0.09500238
v 0.018424992 1.611392 0.09055667
v 0.03134541 1.6153755 0.07693866
v 0.044194587 1.6304376 0.06518224
v 0.04788651 1.6415672 0.06534977
v 0.04991291 1.654418 0.0668786
v 0.047550168 1.6648325 0.07300969
v 0.0030275316 1.6722915 0.10434357
v -0.002417895 1.6723425 0.10465292
v -0.046322078 1.5379148 0.036296807
v -0.03328224 1.515621 0.056080323
v -0.05759826 1.5358251 0.032029416
v -0.036638625 1.6050729 -0.08234465
v -0.054586194 1.6034976 -0.07365514
v -0.05573464 1.5884771 -0.083527766
v -0.035605453 1.588916 -0.0894504
v 0.080730334 1.7285502 -0.011079358
v 0.074962005 1.7271277 -0.0042821136
v 0.07808717 1.7228482 -0.022102019
v 0.08406222 1.7244357 -0.024031822
v 3.3465952E-08 1.8299067 -0.056811552
v 3.9034163E-08 1.8391876 -0.01368018
v 4.18405E-08 1.8334428 0.026962373
v 4.247889E-08 1.8181528 0.06157133
v 1.7787412E-08 1.7625904 -0.10355142
v 1.3565053E-08 1.7391555 -0.10632833
v 2.2647567E-08 1.7862403 -0.09411351
v 2.6998729E-08 1.8059747 -0.08304879
v 2.5626774E-09 1.6713109 -0.08825232
v 5.4476055E-09 1.6887828 -0.09403397
v 9.511763E-09 1.7141577 -0.10258865
v 3.2404052E-10 1.6557547 -0.08408771
v -8.850373E-10 1.6451678 -0.07982551
v -2.4143517E-07 1.6280416 -0.07931219
v -1.9362821E-07 1.6080725 -0.08349535
v 0.033282258 1.515621 0.056080315
v 0.046717547 1.53781 0.036054965
v 0.057598278 1.5358251 0.032029413
v -3.2755658E-09 1.5883348 -0.08971403
v 0.04405998 1.7203541 0.07682915
v 0.04475887 1.720601 0.076469846
v 0.042636465 1.7180371 0.07835239
v 0.042396314 1.7185299 0.078523725
v 0.020835128 1.720131 0.08159581
v 0.022037145 1.722179 0.08236929
v 0.024450133 1.7237167 0.08337722
v 0.021503117 1.7176595 0.08126643
v 0.02730795 1.7248031 0.08426623
v 0.030810742 1.7256705 0.08486715
v 0.034094043 1.7258301 0.084531166
v 0.03739745 1.7250143 0.08338636
v 0.040372968 1.724161 0.08263288
v 0.042487893 1.7225595 0.08018872
v 0.023967538 1.7167016 0.08141008
v 0.026930947 1.7161627 0.08215697
v 0.030516123 1.7160478 0.08211058
v 0.034280714 1.7162694 0.081989095
v 0.03687065 1.7168348 0.081526496
v 0.0394774 1.7174833 0.080696866
v -0.023455186 1.7237238 0.0828619
v -0.02140583 1.7226301 0.08202762
v -0.019977547 1.7206544 0.08114816
v -0.020724293 1.7180438 0.080914974
v -0.026471447 1.7249833 0.08366773
v -0.030556308 1.7255296 0.08408305
v -0.03411339 1.7258325 0.083137885
v -0.036933947 1.7253882 0.08335106
v -0.038942117 1.7246099 0.0822177
v -0.0411355 1.7228284 0.080258876
v -0.04313684 1.7211013 0.076974384
v -0.02322979 1.7165321 0.0813983
v -0.042409685 1.7194853 0.077599145
v -0.026335793 1.7163517 0.08178006
v -0.029786987 1.7161076 0.081925854
v -0.0335062 1.7165968 0.08148086
v -0.03600179 1.7170094 0.080955446
v -0.03839083 1.717393 0.080070406
v 0.018670723 1.6516443 0.09369283
v 0.0141957 1.6521897 0.09623413
v 0.007875302 1.652377 0.09849815
v 0.0036275627 1.6526511 0.09932017
v 1.8000325E-08 1.6527803 0.09940044
v -0.02508971 1.6507996 0.089041546
v -0.019871222 1.651416 0.0930656
v -0.014219238 1.6523137 0.096112266
v -0.007810379 1.6526434 0.09828656
v -0.0036116398 1.6527661 0.09923705
vt 0.4901826 0.51918674
vt 0.53688467 0.46514866
vt 0.4306626 0.5883751
vt 0.41802073 0.60367656
vt 0.45311204 0.5624767
vt 0.45808443 0.5566972
vt 0.55072534 0.44701642
vt 0.5602963 0.43554258
vt 0.3313726 0.7024959
vt 0.36538932 0.66391236
vt 0.5822357 0.40947366
vt 0.6177215 0.36697605
vt 0.39440736 0.6309358
vt 0.09075119 0.64226735
vt 0.16811265 0.70227396
vt 0.26852638 0.71817136
vt 0.04263882 0.3699992
vt 0.031272817 0.41236177
vt 0.04442283 0.56864154
vt 0.025725767 0.4585162
vt 0.026062377 0.5013348
vt 0.08912005 0.27824014
vt 0.11218419 0.24471176
vt 0.061489295 0.32506996
vt 0.13413535 0.21318188
vt 0.6563511 0.32124
vt 0.6857459 0.2903992
vt 0.17103477 0.14639011
vt 0.21451007 0.07907212
vt 0.6005151 0.3876308
vt 0.1487839 0.18878299
vt 0.638626 0.34171098
vt 0.6827669 0.29388922
vt 0.54410934 0.45521113
vt 0.48305586 0.52412015
vt 0.20522413 0.07480255
vt 0.6857459 0.2903992
vt 0.28515294 0.3894528
vt 0.2982007 0.39866126
vt 0.30169314 0.39668345
vt 0.2964858 0.38945162
vt 0.30512074 0.39242664
vt 0.30522132 0.38637903
vt 0.32165614 0.37483722
vt 0.32205266 0.39071947
vt 0.3377428 0.3892566
vt 0.3306317 0.37204915
vt 0.2797629 0.39628986
vt 0.29084456 0.39603674
vt 0.2789262 0.40457794
vt 0.29114813 0.4020485
vt 0.27981248 0.4123292
vt 0.29099688 0.4076814
vt 0.2845325 0.43552655
vt 0.28999832 0.4147876
vt 0.29734996 0.43235362
vt 0.2941371 0.41946995
vt 0.3042676 0.42233452
vt 0.30115312 0.41561922
vt 0.30461562 0.40397456
vt 0.3020698 0.40406168
vt 0.30243158 0.4081784
vt 0.30646643 0.41138005
vt 0.31445763 0.38239586
vt 0.30726478 0.3917268
vt 0.31785074 0.36870253
vt 0.31159458 0.38139856
vt 0.30267736 0.38303104
vt 0.29194838 0.38266674
vt 0.2739334 0.43911412
vt 0.2760052 0.4272595
vt 0.26782578 0.40904042
vt 0.2671437 0.39715448
vt 0.2748853 0.38529065
vt 0.3140808 0.41829777
vt 0.31160727 0.4303175
vt 0.32645538 0.41936257
vt 0.32074448 0.41338733
vt 0.3322647 0.4024724
vt 0.3248685 0.3990211
vt 0.30362105 0.39842308
vt 0.30076307 0.40001136
vt 0.29550385 0.41318414
vt 0.29890615 0.41192988
vt 0.29289213 0.41139698
vt 0.293201 0.40670925
vt 0.29372832 0.40235656
vt 0.2949734 0.4009277
vt 0.2983669 0.40070063
vt 0.30135885 0.39837053
vt 0.30453056 0.3947842
vt 0.30765402 0.39335868
vt 0.30060136 0.4083009
vt 0.29753497 0.40888792
vt 0.2975069 0.40338373
vt 0.30107594 0.40441674
vt 0.29999325 0.40121058
vt 0.30922067 0.39966887
vt 0.3114495 0.40972
vt 0.3077982 0.40503815
vt 0.25863832 0.4130985
vt 0.2577637 0.3973034
vt 0.30045694 0.4454936
vt 0.26568535 0.3806243
vt 0.28761563 0.37679365
vt 0.30173573 0.37967065
vt 0.2996649 0.38077444
vt 0.31768528 0.36502534
vt 0.26471552 0.37772512
vt 0.27579328 0.3728639
vt 0.25589502 0.38529825
vt 0.25307614 0.41324478
vt 0.30007187 0.3615812
vt 0.29256928 0.39132798
vt 0.28988788 0.39483118
vt 0.288383 0.39969712
vt 0.2892649 0.4079384
vt 0.28801113 0.41911086
vt 0.29472956 0.42398944
vt 0.30760083 0.39000696
vt 0.3132618 0.38689914
vt 0.32343987 0.38415658
vt 0.33463997 0.38381273
vt 0.30064058 0.39552397
vt 0.38263237 0.49930787
vt 0.4270829 0.5415158
vt 0.42103374 0.5682667
vt 0.363724 0.5112581
vt 0.396367 0.58233166
vt 0.36898687 0.5764186
vt 0.35081387 0.54140115
vt 0.41276336 0.57730865
vt 0.4803414 0.5049242
vt 0.47916716 0.4949188
vt 0.47579044 0.4809751
vt 0.48633853 0.46104783
vt 0.5008491 0.45281675
vt 0.51883554 0.45044276
vt 0.5274015 0.45392
vt 0.4157426 0.5770437
vt 0.44380072 0.55636466
vt 0.45115238 0.55036575
vt 0.44478628 0.536686
vt 0.43936208 0.5018884
vt 0.4637432 0.4448574
vt 0.4431157 0.4296591
vt 0.48513964 0.4278905
vt 0.4750835 0.395578
vt 0.5338167 0.41421342
vt 0.5295517 0.43370798
vt 0.51223123 0.40444487
vt 0.5109555 0.4284468
vt 0.41356146 0.5091245
vt 0.3591475 0.37483636
vt 0.35162693 0.3400738
vt 0.29454353 0.3273392
vt 0.26250294 0.354583
vt 0.24258937 0.38016957
vt 0.23415002 0.4195499
vt 0.27380237 0.4595587
vt 0.30576128 0.47310323
vt 0.3225343 0.44781047
vt 0.34012485 0.4160397
vt 0.33609247 0.627884
vt 0.28971744 0.6292086
vt 0.32046112 0.58948994
vt 0.28732035 0.57692367
vt 0.31760108 0.5586926
vt 0.29240415 0.5434675
vt 0.32624763 0.48722517
vt 0.33823606 0.4629382
vt 0.3595055 0.42649776
vt 0.38634562 0.39200348
vt 0.32141888 0.5317136
vt 0.29960266 0.51747197
vt 0.41391933 0.3684233
vt 0.4140089 0.32823732
vt 0.44112542 0.38194197
vt 0.4619976 0.3416299
vt 0.4920186 0.36165977
vt 0.5334294 0.3676631
vt 0.55113924 0.38170633
vt 0.5663957 0.33812436
vt 0.5144264 0.30447245
vt 0.46730682 0.28716248
vt 0.39575937 0.2944764
vt 0.36647683 0.47972742
vt 0.347483 0.5028986
vt 0.34013134 0.5397533
vt 0.35501084 0.5879203
vt 0.3824262 0.6062368
vt 0.40126026 0.50060225
vt 0.35437799 0.52339995
vt 0.34321317 0.5202278
vt 0.32439715 0.50553095
vt 0.3020303 0.49507737
vt 0.35782704 0.5676986
vt 0.33830732 0.5631478
vt 0.41704887 0.41438833
vt 0.12188181 0.601145
vt 0.19815578 0.6223849
vt 0.2572614 0.6280863
vt 0.25794697 0.5709349
vt 0.20876148 0.5624764
vt 0.14770298 0.54877067
vt 0.27302176 0.4827611
vt 0.23056392 0.4567128
vt 0.20525464 0.39866847
vt 0.19968873 0.43571082
vt 0.15729311 0.41505885
vt 0.17120416 0.38156065
vt 0.26471904 0.5358934
vt 0.2686852 0.50449145
vt 0.22661948 0.485462
vt 0.21890758 0.5232099
vt 0.16807783 0.50429237
vt 0.1885168 0.46577802
vt 0.075864084 0.5475849
vt 0.10466958 0.51813716
vt 0.1386628 0.4517607
vt 0.11373626 0.37141374
vt 0.09332094 0.40799198
vt 0.078693144 0.45416388
vt 0.064807884 0.49556503
vt 0.11612729 0.4887183
vt 0.23422474 0.331617
vt 0.25569853 0.2973398
vt 0.21642774 0.3630262
vt 0.14985502 0.29714113
vt 0.16300164 0.26609415
vt 0.19757378 0.31355622
vt 0.21113655 0.28045884
vt 0.13331781 0.3301267
vt 0.18469875 0.34609973
vt 0.181097 0.21893042
vt 0.228298 0.22856918
vt 0.27535856 0.24840114
vt 0.320393 0.2659623
vt 0.5776823 0.27601132
vt 0.5659076 0.23387834
vt 0.53180456 0.26301533
vt 0.53698546 0.22567302
vt 0.4729706 0.24286681
vt 0.4022391 0.17588484
vt 0.4047147 0.22149175
vt 0.32847556 0.19206607
vt 0.2938137 0.17275858
vt 0.21259254 0.1515907
vt 0.2573435 0.15260026
vt 0.23694786 0.08950445
vt 0.2676803 0.10491872
vt 0.29537344 0.12267339
vt 0.3292524 0.14386463
vt 0.4837842 0.51156497
vt 0.53388643 0.46221277
vt 0.5419623 0.44020417
vt 0.54984313 0.42362398
vt 0.56957793 0.3952233
vt 0.5721209 0.367322
vt 0.58601457 0.37598288
vt 0.59634584 0.35346764
vt 0.6201379 0.29462388
vt 0.19462983 0.1912657
vt 0.23774579 0.19662923
vt 0.28608313 0.2128222
vt 0.32694656 0.23332077
vt 0.4079388 0.25830814
vt 0.4697498 0.2709163
vt 0.5228878 0.2863661
vt 0.57534087 0.30731073
vt 0.6096754 0.32289252
vt 0.62717813 0.2598208
vt 0.5850863 0.24073315
vt 0.55039597 0.23578686
vt 0.46471086 0.20679697
vt 0.33058813 0.15495956
vt 0.29982355 0.12555975
vt 0.27139103 0.10702649
vt 0.23823835 0.09008011
vt 0.64115185 0.2623764
vt 0.43843463 0.5227715
vt 0.4245875 0.5276539
vt 0.47517538 0.4530588
vt 0.49248573 0.4407245
vt 0.51466197 0.44109982
vt 0.52836955 0.44428927
vt 0.5393466 0.44998497
vt 0.4537923 0.4986325
vt 0.46307862 0.49778178
vt 0.46990395 0.5020556
vt 0.47828826 0.51661927
vt 0.47476745 0.5087034
vt 0.32714337 0.3753754
vt 0.3251625 0.32900506
vt 0.35574925 0.2848829
vt 0.36527187 0.24677122
vt 0.36379814 0.20693344
vt 0.3634855 0.16894749
vt 0.36897475 0.16295779
vt 0.64115185 0.2623764
vt 0.58466595 0.23907125
vt 0.5474412 0.22889507
vt 0.43483734 0.18994135
vt 0.39923254 0.1783815
vt 0.4084644 0.59307367
vt 0.40562558 0.6179667
vt 0.40433058 0.6083346
vt 0.6539365 0.6984896
vt 0.6431988 0.6884908
vt 0.6468794 0.68467695
vt 0.65886813 0.69039744
vt 0.648352 0.6806554
vt 0.66227394 0.68295723
vt 0.6722847 0.6613359
vt 0.64933634 0.66505057
vt 0.64927197 0.64675134
vt 0.6836345 0.64674133
vt 0.65138197 0.71175027
vt 0.64109725 0.69441473
vt 0.6389009 0.713577
vt 0.6376461 0.6960946
vt 0.6197124 0.7121816
vt 0.6309862 0.6956125
vt 0.60653603 0.7023425
vt 0.62614495 0.6962254
vt 0.602554 0.69059676
vt 0.62412447 0.69389474
vt 0.61302537 0.6813053
vt 0.6259429 0.68733394
vt 0.63581777 0.6812481
vt 0.6352098 0.6840855
vt 0.6317231 0.6845215
vt 0.63000935 0.6805905
vt 0.6656195 0.6746522
vt 0.65036803 0.6775117
vt 0.67862546 0.666457
vt 0.66858965 0.67990893
vt 0.6684866 0.6849268
vt 0.6688084 0.6938202
vt 0.6056529 0.71438485
vt 0.6129576 0.72568977
vt 0.64095545 0.7248763
vt 0.65366447 0.7199201
vt 0.6625816 0.7061575
vt 0.6212098 0.67389476
vt 0.6075938 0.6778391
vt 0.6185085 0.66102463
vt 0.62894493 0.6689199
vt 0.63683236 0.65399563
vt 0.64134455 0.66503143
vt 0.63891643 0.6810639
vt 0.63703746 0.6842485
vt 0.62678355 0.6928637
vt 0.62733746 0.6884811
vt 0.62801695 0.6942728
vt 0.63115567 0.69305074
vt 0.63316226 0.69049984
vt 0.6407354 0.6923789
vt 0.63712466 0.68660897
vt 0.63912696 0.6837294
vt 0.64238304 0.6805287
vt 0.6441694 0.6767718
vt 0.6313529 0.6870852
vt 0.63072556 0.68981665
vt 0.63425744 0.6878986
vt 0.6341679 0.6857961
vt 0.6364788 0.6851013
vt 0.63886446 0.6775529
vt 0.62838626 0.6722269
vt 0.63570935 0.6783677
vt 0.64249676 0.728575
vt 0.65607566 0.7252125
vt 0.5922295 0.68997437
vt 0.6696286 0.7145679
vt 0.6773763 0.69626707
vt 0.68068564 0.67927605
vt 0.67526543 0.6852886
vt 0.6836188 0.6654511
vt 0.67307067 0.7156779
vt 0.67788976 0.7055935
vt 0.66600007 0.7212253
vt 0.6422514 0.73097557
vt 0.69079864 0.6768073
vt 0.64712244 0.6924776
vt 0.6428346 0.6970406
vt 0.6383291 0.70353866
vt 0.6267525 0.7027096
vt 0.6147073 0.69932085
vt 0.60882723 0.6920521
vt 0.6560604 0.68125814
vt 0.65857685 0.6743132
vt 0.659926 0.6625837
vt 0.65803796 0.6506354
vt 0.65140593 0.6867979
vt 0.5274978 0.62392724
vt 0.4783789 0.5855005
vt 0.4541043 0.59592694
vt 0.518582 0.6439222
vt 0.44307783 0.6176095
vt 0.45264742 0.6467923
vt 0.48704168 0.6597602
vt 0.4463744 0.6064567
vt 0.5042753 0.52483016
vt 0.5147711 0.525593
vt 0.5290543 0.52797776
vt 0.5484467 0.5156249
vt 0.5540298 0.49939042
vt 0.5534195 0.48048526
vt 0.54825085 0.47238722
vt 0.44230747 0.5981831
vt 0.45978564 0.5702376
vt 0.46390602 0.5621198
vt 0.4785363 0.56865203
vt 0.513197 0.56763655
vt 0.5667764 0.53382826
vt 0.5847043 0.5522332
vt 0.58035195 0.5099031
vt 0.6125832 0.51595306
vt 0.5880033 0.45738512
vt 0.5673474 0.46614635
vt 0.59965 0.47917208
vt 0.57510453 0.48414847
vt 0.5131544 0.5961922
vt 0.6604287 0.62209594
vt 0.698832 0.6242759
vt 0.7173538 0.67912406
vt 0.69423944 0.71620107
vt 0.66965055 0.73937136
vt 0.63117844 0.75296366
vt 0.583734 0.71857697
vt 0.56459594 0.69095016
vt 0.58829135 0.67092913
vt 0.6224658 0.6447472
vt 0.40635848 0.68764067
vt 0.4129071 0.7335806
vt 0.44568384 0.69721234
vt 0.46409103 0.72731984
vt 0.47590274 0.6954567
vt 0.49577358 0.7168964
vt 0.54673165 0.6742418
vt 0.56946546 0.65882534
vt 0.6028422 0.6322799
vt 0.6319042 0.60106575
vt 0.5018072 0.6862613
vt 0.52042925 0.7050347
vt 0.6491129 0.5715436
vt 0.68835896 0.5653014
vt 0.63041514 0.548127
vt 0.66163224 0.52436614
vt 0.6408883 0.49633944
vt 0.63259465 0.45221877
vt 0.6167188 0.43486902
vt 0.656091 0.41723835
vt 0.6893367 0.46797818
vt 0.713792 0.5075395
vt 0.7234807 0.57662153
vt 0.54816526 0.6349794
vt 0.52785575 0.65681875
vt 0.48552883 0.67052555
vt 0.4389096 0.66484416
vt 0.4206637 0.63840747
vt 0.52335227 0.60679954
vt 0.50622773 0.65455276
vt 0.50912416 0.66129476
vt 0.5282488 0.67847425
vt 0.54291636 0.6984926
vt 0.46474984 0.6562566
vt 0.4635689 0.6770957
vt 0.6038484 0.5753855
vt 0.4697046 0.89228994
vt 0.43593055 0.8215718
vt 0.41972283 0.76528335
vt 0.47533014 0.754366
vt 0.49200723 0.8001732
vt 0.5166447 0.8580765
vt 0.5594599 0.7230706
vt 0.59369904 0.76220226
vt 0.6543463 0.7783221
vt 0.61860776 0.789152
vt 0.6462103 0.8262121
vt 0.6766634 0.80798966
vt 0.50807047 0.74148905
vt 0.53833765 0.73148733
vt 0.5644319 0.7695852
vt 0.5285023 0.78340644
vt 0.5563777 0.831161
vt 0.59094214 0.80447215
vt 0.5307468 0.92776847
vt 0.5547278 0.894609
vt 0.6137925 0.85031015
vt 0.6961695 0.8609697
vt 0.66390663 0.88671416
vt 0.6216768 0.90816283
vt 0.5835333 0.9289118
vt 0.5815319 0.87822944
vt 0.7161324 0.7391131
vt 0.74449426 0.71269923
vt 0.68793446 0.7618985
vt 0.7625383 0.8146157
vt 0.7899795 0.79605395
vt 0.738762 0.7710788
vt 0.7680675 0.75131893
vt 0.7331198 0.8355588
vt 0.709391 0.78925997
vt 0.8311126 0.77037394
vt 0.8113372 0.7277084
vt 0.7839706 0.6867555
vt 0.7612549 0.64705086
vt 0.71000737 0.40034774
vt 0.7603945 0.39957196
vt 0.7299116 0.44538423
vt 0.7737369 0.4280537
vt 0.7550307 0.49504036
vt 0.8403952 0.5454844
vt 0.7863527 0.5519479
vt 0.82985616 0.62445223
vt 0.85591346 0.6570014
vt 0.89284164 0.7294103
vt 0.8812026 0.68985593
vt 0.95105493 0.6933419
vt 0.9310133 0.6667704
vt 0.9088147 0.6426691
vt 0.88314265 0.6131985
vt 0.49697256 0.5232875
vt 0.5394432 0.46738568
vt 0.5582553 0.45437768
vt 0.57318246 0.44258997
vt 0.59816515 0.4169909
vt 0.62687975 0.41182074
vt 0.61487585 0.39944577
vt 0.63599896 0.38561484
vt 0.68756676 0.3589505
vt 0.85670745 0.7528779
vt 0.8416902 0.71217257
vt 0.8171868 0.66848695
vt 0.79058546 0.63335586
vt 0.75229937 0.5577195
vt 0.7302037 0.50317127
vt 0.7068329 0.4577108
vt 0.68226045 0.40622017
vt 0.6610441 0.37075233
vt 0.7188756 0.34693205
vt 0.74348664 0.38424492
vt 0.7542809 0.4214485
vt 0.7904214 0.49305493
vt 0.8673452 0.6174314
vt 0.90405566 0.64007187
vt 0.92896485 0.66423625
vt 0.9514987 0.69396317
vt 0.7204135 0.3299482
vt 0.49330345 0.5728283
vt 0.4927508 0.58727956
vt 0.55695426 0.5241029
vt 0.5663562 0.5039795
vt 0.5622286 0.48218414
vt 0.5570215 0.46880242
vt 0.5486531 0.4593217
vt 0.5143187 0.5538811
vt 0.5122229 0.53944695
vt 0.506235 0.53391904
vt 0.49019918 0.527894
vt 0.49841225 0.5300887
vt 0.67399955 0.65284574
vt 0.71432227 0.64790994
vt 0.74141 0.6136301
vt 0.7712891 0.5984489
vt 0.80917084 0.59168434
vt 0.84531504 0.5862088
vt 0.858938 0.5772218
vt 0.7204135 0.3299482
vt 0.75324637 0.38396487
vt 0.7685741 0.41771924
vt 0.82061005 0.51540655
vt 0.8289892 0.55199957
vt 0.42657906 0.6087763
vt 0.41510326 0.61848736
vt 0.48714337 0.51576394
vt 0.49260995 0.5207728
vt 0.44977272 0.63367826
vt 0.38248056 0.57909906
vt 0.43748972 0.5804076
vt 0.4640933 0.5876709
vt 0.4268976 0.5561851
vt 0.5035426 0.5907379
vt 0.42029437 0.5178018
vt 0.47591037 0.660437
vt 0.35330844 0.5537937
vt 0.4733194 0.53807414
vt 0.46834174 0.5449058
vt 0.46190625 0.55237305
vt 0.47953093 0.52854127
vt 0.46425045 0.5282187
vt 0.4556419 0.5312965
vt 0.4554824 0.52486235
vt 0.46438882 0.5230538
vt 0.4635409 0.5341225
vt 0.46997148 0.5370286
vt 0.47150564 0.5374721
vt 0.4606393 0.5214603
vt 0.45892984 0.529598
vt 0.4610979 0.53564054
vt 0.4637303 0.5407446
vt 0.466771 0.54237336
vt 0.4571939 0.5472783
vt 0.45405406 0.5410706
vt 0.4470789 0.52169484
vt 0.44815475 0.5342531
vt 0.45437208 0.53889406
vt 0.46163595 0.5136918
vt 0.46647492 0.51288116
vt 0.46976325 0.51641744
vt 0.47739208 0.52590436
vt 0.47459677 0.52638465
vt 0.46857098 0.52061856
vt 0.46904716 0.5294975
vt 0.46747044 0.52930343
vt 0.46979228 0.5252681
vt 0.46680334 0.5278487
vt 0.46712154 0.5259264
vt 0.46873066 0.52432156
vt 0.46990833 0.5316878
vt 0.4664349 0.5300451
vt 0.46564242 0.5280479
vt 0.46609226 0.5243478
vt 0.46850526 0.5211174
vt 0.47328234 0.5267486
vt 0.48412916 0.54704237
vt 0.47951168 0.5533672
vt 0.48444495 0.55450803
vt 0.4932365 0.54138464
vt 0.47697544 0.5473145
vt 0.47466525 0.5421905
vt 0.4741873 0.54020447
vt 0.49101567 0.54849166
vt 0.4811459 0.5510691
vt 0.4757791 0.54964966
vt 0.4721723 0.54807585
vt 0.4706804 0.5454254
vt 0.46630657 0.5560226
vt 0.471493 0.55724365
vt 0.48969457 0.5651655
vt 0.47943655 0.56321555
vt 0.47337756 0.5560277
vt 0.49563125 0.5475142
vt 0.49543068 0.5430114
vt 0.49161416 0.5349746
vt 0.4811211 0.5315476
vt 0.47977954 0.5357101
vt 0.4887415 0.5364848
vt 0.48232615 0.5410298
vt 0.4830158 0.54221094
vt 0.48392463 0.54052323
vt 0.48384824 0.542396
vt 0.48525757 0.541579
vt 0.48538762 0.5405216
vt 0.48028526 0.5412759
vt 0.48103073 0.5441658
vt 0.4841639 0.54461366
vt 0.48870674 0.54190534
vt 0.4871065 0.53935385
vt 0.48138097 0.5391902
vt 0.46577495 0.5260844
vt 0.46370766 0.5258922
vt 0.45978788 0.52551365
vt 0.45556185 0.5280672
vt 0.44761482 0.52795005
vt 0.48391715 0.5640365
vt 0.48214057 0.55465204
vt 0.48609957 0.5497755
vt 0.48936534 0.5461245
vt 0.4886367 0.543922
vt 0.46327904 0.531417
vt 0.4600057 0.53259635
vt 0.45678625 0.53406274
vt 0.4512893 0.53621703
vt 0.47672343 0.55945957
vt 0.47732106 0.5529009
vt 0.47848284 0.55036473
vt 0.48057944 0.54717743
vt 0.48239323 0.544667
vt 0.46620995 0.5292741
vt 0.45836896 0.5333419
vt 0.45725828 0.5304615
vt 0.45763946 0.52681184
vt 0.45801765 0.52318984
vt 0.48782605 0.5522532
vt 0.4839308 0.55152774
vt 0.4803151 0.5522374
vt 0.47789213 0.5516541
vt 0.4754323 0.55106187
vt 0.47156197 0.5496255
vt 0.46960026 0.5476316
vt 0.46695924 0.5465853
vt 0.46478742 0.5437521
vt 0.46235177 0.5414344
vt 0.45949656 0.5362662
vt 0.4571733 0.5161452
vt 0.49252683 0.55303174
vt 0.47466123 0.55367064
vt 0.47120896 0.5539079
vt 0.46739978 0.5529813
vt 0.46365267 0.55041635
vt 0.45995224 0.54621243
vt 0.45785052 0.5416325
vt 0.45660543 0.5373887
vt 0.47301197 0.553784
vt 0.47358334 0.5503757
vt 0.474056 0.5488978
vt 0.47587186 0.5448666
vt 0.48067465 0.54278517
vt 0.4680943 0.53082985
vt 0.46661294 0.5355109
vt 0.46235555 0.5380789
vt 0.46086058 0.5387353
vt 0.45720026 0.5394161
vt 0.4494337 0.5388847
vt 0.45418197 0.5488175
vt 0.46000093 0.55452883
vt 0.46510983 0.55906224
vt 0.47500432 0.5629312
vt 0.47052673 0.6161677
vt 0.46878386 0.61826366
vt 0.4687336 0.61568457
vt 0.47121486 0.6124349
vt 0.469167 0.62085414
vt 0.4674872 0.6198255
vt 0.47295913 0.6280488
vt 0.46993735 0.63154995
vt 0.4755328 0.6310979
vt 0.4718482 0.6363003
vt 0.48304546 0.63591737
vt 0.48039147 0.6408573
vt 0.4910916 0.6381684
vt 0.4917114 0.6412592
vt 0.49508205 0.6375052
vt 0.49831277 0.63907707
vt 0.4949427 0.63330686
vt 0.49966154 0.6305642
vt 0.491384 0.62760854
vt 0.49570328 0.62303275
vt 0.48268697 0.6188143
vt 0.48582232 0.6153321
vt 0.47910205 0.6171308
vt 0.4824355 0.613308
vt 0.47092345 0.62444395
vt 0.46828377 0.62740433
vt 0.4742012 0.61572707
vt 0.47523502 0.61184734
vt 0.48536137 0.62271684
vt 0.4899838 0.617931
vt 0.47916213 0.6335051
vt 0.4760731 0.63906026
vt 0.48737827 0.6374458
vt 0.48574397 0.64145184
vt 0.46429193 0.62703836
vt 0.46389052 0.63340443
vt 0.46528366 0.6196661
vt 0.46596518 0.6392815
vt 0.47098532 0.6445535
vt 0.47819492 0.6469427
vt 0.50487155 0.6394139
vt 0.49487346 0.6454824
vt 0.4850818 0.6470265
vt 0.5066579 0.6294296
vt 0.46678686 0.61328876
vt 0.47024533 0.6073135
vt 0.47675335 0.60474586
vt 0.4862981 0.6061928
vt 0.4911784 0.60786605
vt 0.49607074 0.61142373
vt 0.5031557 0.6191109
vt 0.4620953 0.60862374
vt 0.45911837 0.61705726
vt 0.46773204 0.59954077
vt 0.47693533 0.5952038
vt 0.49009117 0.5962945
vt 0.51109004 0.61316
vt 0.5043344 0.60334665
vt 0.49749002 0.5990755
vt 0.5157263 0.6266109
vt 0.5121372 0.64046776
vt 0.4581664 0.63341933
vt 0.45758194 0.62529266
vt 0.50123304 0.6490025
vt 0.48780257 0.65251994
vt 0.47701252 0.6523309
vt 0.46749684 0.6488709
vt 0.46100485 0.64205444
vt 0.47231764 0.61696756
vt 0.46975717 0.6172691
vt 0.4773223 0.6180453
vt 0.48067224 0.6202598
vt 0.48463473 0.62372905
vt 0.46913895 0.6181791
vt 0.4695388 0.6208755
vt 0.471397 0.62338316
vt 0.4733952 0.62712085
vt 0.47622254 0.62996036
vt 0.47963393 0.632738
vt 0.48351893 0.6351169
vt 0.48738632 0.6368281
vt 0.49115124 0.6375052
vt 0.49374676 0.63773626
vt 0.9008316 0.2521215
vt 0.49067357 0.62878996
vt 0.8173453 0.2636358
vt 0.8315529 0.26487294
vt 0.8417293 0.26513976
vt 0.8518996 0.26457828
vt 0.86209726 0.26318753
vt 0.86999464 0.26123175
vt 0.88560396 0.25795344
vt 0.8217674 0.25757086
vt 0.8302676 0.25711447
vt 0.8414165 0.2552983
vt 0.8522711 0.25465572
vt 0.8621807 0.25402468
vt 0.8719441 0.25309595
vt 0.88189745 0.25198132
vt 0.48809195 0.6248216
vt 0.48747775 0.625934
vt 0.40127334 0.5535139
vt 0.39894783 0.55621076
vt 0.40105265 0.55696225
vt 0.4042386 0.55387807
vt 0.3959479 0.5579477
vt 0.39732578 0.55932677
vt 0.38712475 0.55631125
vt 0.38439152 0.5605804
vt 0.38373792 0.5542693
vt 0.37918338 0.5593481
vt 0.3786756 0.5471772
vt 0.37332717 0.5505523
vt 0.3740973 0.53924835
vt 0.37148795 0.53802484
vt 0.37435633 0.53470135
vt 0.37324584 0.53057534
vt 0.37752134 0.5368931
vt 0.38182566 0.5271749
vt 0.38865814 0.5362275
vt 0.39139783 0.5315943
vt 0.39610174 0.54286695
vt 0.39949483 0.5390585
vt 0.3984097 0.5460717
vt 0.40318024 0.54201317
vt 0.39091682 0.55743116
vt 0.38926873 0.56088585
vt 0.40115914 0.5507668
vt 0.40473646 0.5496904
vt 0.39389053 0.5401441
vt 0.39683145 0.53611755
vt 0.3825062 0.5503236
vt 0.37565336 0.55544394
vt 0.37626484 0.54327065
vt 0.37268844 0.5443905
vt 0.3908966 0.5645243
vt 0.38422224 0.56568146
vt 0.39797437 0.561668
vt 0.3772353 0.56465346
vt 0.37086108 0.5601013
vt 0.3671274 0.55250835
vt 0.3713408 0.52379924
vt 0.36674613 0.535365
vt 0.36621884 0.5446349
vt 0.38144368 0.52022046
vt 0.40395087 0.55878305
vt 0.40935594 0.5538849
vt 0.41164595 0.54666513
vt 0.40969867 0.53725445
vt 0.40707755 0.5322462
vt 0.40308666 0.5282642
vt 0.39483526 0.522657
vt 0.40907043 0.56230175
vt 0.40194696 0.56677145
vt 0.41670874 0.5550441
vt 0.41928884 0.5449681
vt 0.41702873 0.5325804
vt 0.39832827 0.513995
vt 0.40882066 0.5191688
vt 0.4137894 0.52539974
vt 0.38222829 0.51141596
vt 0.36875075 0.51695126
vt 0.38399047 0.57023275
vt 0.39302793 0.570028
vt 0.36192995 0.52889395
vt 0.35923272 0.541331
vt 0.36085305 0.5533946
vt 0.3662526 0.56315666
vt 0.37433833 0.568996
vt 0.4000903 0.55113834
vt 0.40036228 0.553875
vt 0.39839903 0.54673517
vt 0.39579868 0.5435132
vt 0.39310136 0.54103965
vt 0.3985513 0.5562572
vt 0.39545086 0.5578857
vt 0.39113864 0.5572579
vt 0.38746774 0.55604386
vt 0.38507554 0.55352926
vt 0.38351825 0.5501614
vt 0.37916565 0.5466959
vt 0.37651452 0.5433953
vt 0.3749918 0.53935724
vt 0.3746592 0.5351929
vt 0.37731552 0.5369605
vt 0.38812125 0.53673786
vt 0.6990203 0.12025398
vt 0.6875264 0.12117139
vt 0.6758363 0.12202758
vt 0.66479737 0.12098166
vt 0.6548801 0.11885145
vt 0.64605397 0.11580327
vt 0.6371643 0.11181837
vt 0.70103973 0.11603564
vt 0.6885705 0.11431712
vt 0.67647284 0.11506519
vt 0.66668445 0.11307395
vt 0.6544347 0.11040458
vt 0.64902693 0.10988158
vt 0.6413111 0.10828847
vt 0.3909221 0.53903794
vt 0.39048964 0.5394791
vt 0.4993321 0.5092704
vt 0.53028524 0.4728997
vt 0.4938021 0.5151797
vt 0.53288734 0.46973714
vt 0.4921024 0.49663213
vt 0.49277687 0.49133027
vt 0.4962648 0.4802311
vt 0.5021639 0.47307512
vt 0.5157048 0.46698177
vt 0.5260602 0.46974432
vt 0.5223255 0.46823367
vt 0.48612583 0.5010819
vt 0.48636493 0.4933189
vt 0.48559126 0.48041585
vt 0.49413356 0.46693352
vt 0.50686234 0.4609806
vt 0.519839 0.46055526
vt 0.5258493 0.4628362
vt 0.48996285 0.507452
vt 0.49515143 0.5041945
vt 0.52805185 0.47159377
vt 0.53074557 0.46753955
vt 0.5114699 0.51416844
vt 0.5170389 0.513424
vt 0.5241364 0.5099288
vt 0.53332233 0.5030116
vt 0.53790635 0.4865214
vt 0.5334309 0.47618622
vt 0.5354321 0.47960582
vt 0.50752294 0.51931137
vt 0.51544225 0.5191064
vt 0.5289015 0.5188546
vt 0.54094106 0.5081812
vt 0.5447755 0.49523827
vt 0.5432038 0.4809
vt 0.53973114 0.47520337
vt 0.5010268 0.5168912
vt 0.5037401 0.51225275
vt 0.531661 0.47471675
vt 0.5348755 0.47135952
vt 0.5375043 0.49451092
vt 0.508926 0.4683057
vt 0.5285955 0.5086314
vt 0.49782878 0.47768807
vt 0.49635598 0.5165333
vt 0.5010609 0.5105462
vt 0.4925221 0.51128125
vt 0.49750668 0.50681704
vt 0.5271103 0.47662783
vt 0.53007144 0.47892636
vt 0.53172493 0.48225287
vt 0.5338671 0.488097
vt 0.5335273 0.4951522
vt 0.5311806 0.50140375
vt 0.52798134 0.50358826
vt 0.526372 0.5038874
vt 0.5056348 0.50899357
vt 0.50255847 0.5054762
vt 0.5123897 0.51107866
vt 0.5170698 0.5110095
vt 0.527148 0.4857636
vt 0.52614665 0.4823458
vt 0.52407324 0.48022023
vt 0.5295982 0.48965243
vt 0.53101814 0.49621943
vt 0.51722175 0.50892764
vt 0.513082 0.5086866
vt 0.5079124 0.50663584
vt 0.50412023 0.50363874
vt 0.52659863 0.50244147
vt 0.5286332 0.49922648
vt 0.5278046 0.4919373
vt 0.52626646 0.48626643
vt 0.52571684 0.48364264
vt 0.5239216 0.48090452
vt 0.5294282 0.5011355
vt 0.52413285 0.47367474
vt 0.52057284 0.4725464
vt 0.5147395 0.47122014
vt 0.50876856 0.47209334
vt 0.50414306 0.47427964
vt 0.49921566 0.47910777
vt 0.50190747 0.47964138
vt 0.4967877 0.5031023
vt 0.49569193 0.49549776
vt 0.49541178 0.4913021
vt 0.5174398 0.47739705
vt 0.5215429 0.4778571
vt 0.5130064 0.47521874
vt 0.50746155 0.47406566
vt 0.4972552 0.49097407
vt 0.4964108 0.49398822
vt 0.49920407 0.5004015
vt 0.49944323 0.48619652
vt 0.5064671 0.47539738
vt 0.5122295 0.4768221
vt 0.51842505 0.47765642
vt 0.5203765 0.47809917
vt 0.5037545 0.47664583
vt 0.5282101 0.47774374
vt 0.52514756 0.4809567
vt 0.5247334 0.48232275
vt 0.5054 0.5050243
vt 0.5035661 0.5071441
vt 0.50040734 0.5040052
vt 0.502104 0.50194275
vt 0.5222187 0.47989753
vt 0.5228894 0.47922343
vt 0.525559 0.47551122
vt 0.4689217 0.5400541
vt 0.47071156 0.5414466
vt 0.47232178 0.5429794
vt 0.47434592 0.5323238
vt 0.47601998 0.53378576
vt 0.47708032 0.5359189
vt 0.4458821 0.58740044
vt 0.42819983 0.5729569
vt 0.42667156 0.29131642
vt 0.43474245 0.3340236
vt 0.42567378 0.37426406
vt 0.399611 0.40167487
vt 0.3747272 0.44127965
vt 0.35043752 0.47019202
vt 0.3354224 0.49399692
vt 0.5385763 0.66671413
vt 0.5602627 0.64852273
vt 0.58533907 0.620397
vt 0.6197827 0.5899706
vt 0.6410345 0.5614264
vt 0.6768117 0.5476153
vt 0.71929467 0.54677457
vt 0.47462606 0.43622753
vt 0.45937547 0.41232446
vt 0.42929488 0.39788517
vt 0.4128673 0.38773295
vt 0.40037042 0.38000992
vt 0.3870516 0.35113475
vt 0.37407398 0.31688166
vt 0.71136904 0.6000375
vt 0.6746348 0.5932086
vt 0.64065707 0.5860499
vt 0.630592 0.5754522
vt 0.617361 0.56152105
vt 0.59888434 0.5337801
vt 0.5736813 0.5216592
vt 0.59515846 0.5648762
vt 0.60897404 0.54892886
vt 0.62232083 0.53352255
vt 0.6522161 0.51164424
vt 0.70269126 0.48958176
vt 0.48869538 0.29501984
vt 0.47562474 0.35072184
vt 0.4565397 0.38813165
vt 0.44294912 0.40443945
vt 0.42888117 0.42132005
vt 0.5028336 0.5703411
vt 0.43886167 0.5131555
vt 0.5005502 0.5623212
vt 0.44622314 0.5112526
vt 0.53480834 0.51361805
vt 0.5385686 0.5219172
vt 0.5465102 0.5305488
vt 0.5548544 0.5432526
vt 0.5687995 0.56450367
vt 0.5763902 0.57862145
vt 0.5827 0.59035665
vt 0.60223776 0.6054692
vt 0.6171006 0.61696565
vt 0.6410911 0.6336341
vt 0.48978227 0.47380117
vt 0.48096552 0.47119838
vt 0.46995318 0.46345055
vt 0.45583418 0.4573983
vt 0.4333451 0.4472912
vt 0.41823968 0.44220883
vt 0.40568352 0.43798423
vt 0.38693565 0.42184877
vt 0.3726738 0.4095742
vt 0.53010374 0.5416681
vt 0.53259754 0.55779517
vt 0.5389116 0.5835006
vt 0.5481293 0.5962121
vt 0.4617311 0.48067868
vt 0.44505495 0.48104984
vt 0.42018688 0.48047733
vt 0.40602976 0.47347718
vt 0.57080495 0.61052966
vt 0.3873669 0.4535541
vt 0.34963617 0.39543802
vt 0.5355753 0.56991804
vt 0.5131769 0.58110356
vt 0.503168 0.57996035
vt 0.4930428 0.5796436
vt 0.47846207 0.57659787
vt 0.46196282 0.5659482
vt 0.45573944 0.55942285
vt 0.4476853 0.5531949
vt 0.43643725 0.5389638
vt 0.43190426 0.52507406
vt 0.4301052 0.51534677
vt 0.42719436 0.505301
vt 0.43332702 0.48077986
vt 0.4452282 0.4526317
vt 0.45401514 0.43768978
vt 0.46743375 0.42495468
vt 0.4803971 0.41265172
vt 0.51155716 0.4171273
vt 0.5315631 0.42451423
vt 0.545679 0.43238485
vt 0.5552391 0.44160527
vt 0.5652951 0.4488185
vt 0.57708883 0.4620145
vt 0.5866803 0.48180157
vt 0.59555244 0.5127563
vt 0.58556724 0.52737546
vt 0.5752313 0.5425081
vt 0.561431 0.55327475
vt 0.48594183 0.52564484
vt 0.48112968 0.52108973
vt 0.58466595 0.23907125
vt 0.64115185 0.2623764
vt 0.5659076 0.23387834
vt 0.27139103 0.10702649
vt 0.29982355 0.12555975
vt 0.29537344 0.12267339
vt 0.2676803 0.10491872
vt 0.6129576 0.72568977
vt 0.6056529 0.71438485
vt 0.64249676 0.728575
vt 0.64095545 0.7248763
vt 0.5147741 0.9667815
vt 0.43494713 0.93411505
vt 0.36195704 0.8687824
vt 0.3283626 0.77215713
vt 0.67072433 0.95441306
vt 0.7110531 0.9362634
vt 0.62605464 0.9672464
vt 0.5841628 0.9738038
vt 0.82312346 0.8475274
vt 0.7938811 0.87576926
vt 0.7523232 0.91047764
vt 0.8510901 0.8204762
vt 0.87224585 0.80245036
vt 0.9096882 0.774179
vt 0.97473127 0.7280354
vt 0.7204135 0.3299482
vt 0.75324637 0.38396487
vt 0.7603945 0.39957196
vt 0.97479534 0.72792643
vt 0.90484965 0.25424743
vt 0.90083176 0.2521216
vt 0.90083176 0.2521216
vt 0.49420968 0.63404894
vt 0.8122275 0.262817
vt 0.8154087 0.26765788
vt 0.821067 0.27102175
vt 0.8118138 0.2582721
vt 0.8330556 0.2736821
vt 0.8436931 0.27309075
vt 0.8501866 0.2720132
vt 0.86342126 0.27042764
vt 0.8691826 0.26803836
vt 0.88941216 0.2622959
vt 0.8177851 0.2544273
vt 0.8277435 0.25016156
vt 0.8394938 0.24612063
vt 0.8530444 0.24584481
vt 0.86466384 0.24869165
vt 0.8773238 0.24906766
vt 0.6965188 0.12574011
vt 0.7054679 0.12316984
vt 0.709356 0.11944896
vt 0.7100651 0.11589536
vt 0.68550545 0.12862056
vt 0.6734611 0.13085282
vt 0.6631731 0.13005722
vt 0.65281296 0.127258
vt 0.64368916 0.1227237
vt 0.6335328 0.11520118
vt 0.62228894 0.10628366
vt 0.7031922 0.11251026
vt 0.63319737 0.10384643
vt 0.69079167 0.10795131
vt 0.6741085 0.09937161
vt 0.6638224 0.09881431
vt 0.65616584 0.09849918
vt 0.64831394 0.10435772
vt 0.5275868 0.49194258
vt 0.5260588 0.48627377
vt 0.52540463 0.48379764
vt 0.5244485 0.48271418
vt 0.5231868 0.4814738
vt 0.5061333 0.4769291
vt 0.51210713 0.47729626
vt 0.51604074 0.47808588
vt 0.5200498 0.4786068
vt 0.52192503 0.47999215
vn 0.07229531 -0.013382543 0.9972934
vn -0.013408885 0.03371607 0.9993414
vn -0.027319998 -0.0047455532 0.99961543
vn -0.016247772 -0.13623746 0.99054295
vn -0.047242112 0.46487355 0.8841159
vn -0.11534446 0.5141243 0.8499247
vn -0.01811305 -0.23611914 0.97155535
vn 0.020760447 -0.80261534 0.5961357
vn -0 0.6282663 0.7779984
vn 0.0015201651 0.37556705 0.926794
vn 0.03782719 -0.9228417 0.38331735
vn 0.06263829 -0.9513335 0.3017299
vn 0.0042259865 0.16906837 0.9855952
vn -0 0.999997 -0.0024308425
vn -0 0.9601781 0.27938873
vn -0 0.8582683 0.51320124
vn -0 -0.024171472 -0.99970776
vn -0 0.23387456 -0.9722668
vn -0 0.9176133 -0.39747426
vn -0 0.4135141 -0.91049767
vn -0 0.62118566 -0.78366345
vn -0 -0.30676574 -0.951785
vn -0 -0.2728293 -0.96206254
vn -0 -0.23210916 -0.9726897
vn -0 -0.2765892 -0.9609883
vn 0.007681553 0.008013684 0.99993837
vn 0.0074479273 0.43948573 0.8982187
vn -0.00010602417 0.10258643 -0.994724
vn -5.6551842E-05 0.26892924 -0.96316
vn 0.055428833 -0.9916937 0.11606563
vn -5.3241292E-05 -0.13743788 -0.9905103
vn 0.04471716 -0.3134236 0.94855994
vn 0.007988398 0.26400453 0.9644884
vn -0.019480783 0.020763272 0.9995946
vn 0.038842928 -0.025225531 0.9989268
vn -9.304423E-05 0.22990341 -0.9732134
vn 0.009967893 0.42355916 0.9058136
vn -0.8277037 -0.25845596 -0.49810362
vn -0.91475403 0.14016272 0.37891906
vn -0.88873047 0.09936811 0.44753098
vn -0.7362995 -0.44801715 -0.5070933
vn -0.8407343 0.097277634 0.5326378
vn -0.6994865 -0.56340295 -0.43965402
vn -0.5356421 -0.83743155 0.108609036
vn -0.8837715 0.018682402 0.46754572
vn -0.931367 -0.27266693 0.24126408
vn -0.87746066 -0.47812837 0.038159445
vn -0.8935858 0.04661963 -0.44646516
vn -0.7050328 -0.011700317 0.70907813
vn -0.8491563 0.5036383 -0.15900321
vn -0.7127472 -0.44723123 0.5403477
vn -0.5988712 0.7526339 0.27367046
vn -0.781045 -0.58170176 0.22713812
vn -0.4353225 0.738868 0.5143621
vn -0.87413377 -0.47470525 -0.10268938
vn -0.7114 0.24782018 0.6576436
vn -0.9309567 -0.28509578 -0.22812289
vn -0.9706829 -0.19507119 0.14043446
vn -0.9581268 -0.121766895 -0.25916407
vn -0.9296173 0.07532547 0.36074603
vn -0.8762425 0.1638371 0.4531627
vn -0.9988456 0.036214333 -0.03156101
vn -0.9928404 -0.116831884 -0.024863724
vn -0.66928023 -0.7332165 -0.120239064
vn -0.8752978 0.07032319 0.47844374
vn 0.16929688 -0.8264922 -0.5368885
vn 0.022361612 -0.71222967 -0.70159024
vn -0.028819019 -0.6144067 -0.78846294
vn -0.07747013 -0.54484373 -0.8349513
vn -0.9951303 0.098143905 -0.009133016
vn 0.2792006 0.93274516 -0.22810844
vn -0.043293435 0.7245243 -0.68788815
vn -0.21769506 0.16773298 -0.96149594
vn -0.2004744 -0.33337468 -0.92123365
vn -0.9944349 -0.10519652 0.0057505057
vn -0.96500313 -0.05231477 0.25696692
vn -0.9632971 -0.075634666 0.2575618
vn -0.9936288 0.09470314 0.061098356
vn -0.93704313 -0.13218035 0.32323143
vn -0.94926894 0.0034669205 0.3144464
vn -0.46550837 0.53798 0.7027656
vn -0.17851727 0.37165064 0.91104746
vn -0.92435527 -0.33352757 -0.18527472
vn -0.97114325 -0.1401125 -0.19300094
vn -0.9065226 -0.42203245 -0.010271039
vn -0.9285822 -0.20921025 0.30653912
vn -0.89795583 0.083221585 0.43214533
vn -0.87973106 0.27425757 0.38840178
vn -0.83147895 0.08558015 0.5489251
vn -0.7591126 0.22948869 0.60916585
vn -0.75225735 0.32807493 0.5713807
vn -0.9038033 0.20215283 0.37719202
vn -0.9464683 -0.11571318 0.30134398
vn -0.8892051 -0.2046756 0.40917248
vn -0.6980246 0.00995317 0.71600467
vn -0.71850413 -0.09959805 0.6883547
vn -0.11068333 -0.0243687 0.9935569
vn -0.8346862 0.47348398 0.28126836
vn -0.9906537 0.057069205 -0.12388856
vn -0.97360396 0.17916021 0.14141017
vn 0.23498963 0.78799045 -0.5690791
vn 0.1466315 0.22652589 -0.9629046
vn -0.9880662 0.010090825 0.15369847
vn -0.018923486 -0.3190708 -0.94754183
vn 0.07431996 -0.5606679 -0.82469875
vn -0.31697997 -0.597146 -0.73684484
vn 0.16464338 -0.6017436 -0.78153515
vn -0.81601703 -0.5470299 -0.1867472
vn -0.8254688 -0.17965235 -0.5350946
vn -0.8996662 -0.21224384 -0.38151434
vn -0.88189375 -0.055363845 -0.46818605
vn -0.97261804 -0.0102685625 -0.23218247
vn -0.90391344 -0.32306427 -0.28030336
vn -0.80962837 0.13191453 0.571927
vn -0.7437285 -0.011030943 0.6683907
vn -0.7859676 -0.31015116 0.53484684
vn -0.8921543 -0.27534002 0.35811812
vn -0.9100256 0.12355232 0.39571217
vn -0.9229206 -0.045860894 0.38224927
vn -0.9416915 -0.09150684 0.32379568
vn -0.9134317 -0.16284259 0.37299448
vn -0.85950726 -0.2333346 0.45475516
vn -0.49862772 -0.39518243 0.77149296
vn -0.8989378 0.05539045 0.43456024
vn -0.7224182 0.043054286 0.6901147
vn -0.75294274 0.27681747 0.59703386
vn -0.7832732 -0.028413048 0.62102807
vn -0.800327 -0.08531105 0.5934633
vn -0.2063277 -0.23631465 0.9495179
vn -0.44424957 0.07441063 0.8928076
vn -0.83076704 0.08481749 0.5501201
vn -0.4697502 -0.39044303 0.7917632
vn -0.58031493 0.2352922 0.77966154
vn -0.64929026 0.23030706 0.7248315
vn -0.64696234 0.13421634 0.75061685
vn -0.5491582 -0.14056312 0.8238126
vn -0.5023268 -0.075195216 0.86140203
vn -0.50238013 0.016438287 0.8644905
vn -0.39373767 0.027518913 0.91881084
vn -0.30172527 -0.14411661 0.9424395
vn -0.6957506 0.30292222 0.6512828
vn -0.7341553 0.36823344 0.5704561
vn -0.81687695 0.29169902 0.49761817
vn -0.37676942 0.07148487 0.92354465
vn -0.73676854 -0.0659985 0.67291623
vn -0.8173112 -0.14479992 0.55770546
vn -0.7554669 -0.247967 0.60645056
vn -0.8189854 -0.47910112 0.31579256
vn -0.5016221 -0.7123314 0.49087587
vn -0.50541204 -0.15820181 0.84825164
vn -0.7306013 -0.59436435 0.3360843
vn -0.68676066 -0.19218259 0.7010176
vn -0.40500385 0.123066366 0.9059947
vn -0.9610081 -0.2709052 0.05544127
vn -0.93636966 -0.34841806 -0.04262337
vn -0.93446934 -0.24292663 -0.2602952
vn -0.9444948 -0.16548975 -0.28380036
vn -0.97176 -0.111026675 -0.20822045
vn -0.98427284 -0.11304832 -0.13574581
vn -0.99688476 -0.077793315 0.012993398
vn -0.9849032 -0.012443464 0.17265795
vn -0.98670924 -0.008477823 0.16227494
vn -0.9836038 -0.07839153 0.16241366
vn -0.2219875 0.37128937 0.9015907
vn -0.31945476 0.6037328 0.7303803
vn -0.47141057 0.33791253 0.8146087
vn -0.5725847 0.51985186 0.6339565
vn -0.7084505 0.24600047 0.66149956
vn -0.7731428 0.36893702 0.5158833
vn -0.964653 0.01699004 0.26297495
vn -0.9737071 -0.005988656 0.22772522
vn -0.9787113 -0.069793455 0.1930106
vn -0.9617549 -0.21870217 0.16491519
vn -0.843391 0.14610524 0.5170541
vn -0.8913039 0.18576306 0.41360557
vn -0.9600394 -0.2662047 0.08636799
vn -0.94498616 -0.32504633 -0.03668924
vn -0.9084308 -0.34743142 0.2324754
vn -0.85512877 -0.50804543 0.1031723
vn -0.733376 -0.6640902 0.1454088
vn -0.63876605 -0.75341314 0.1560343
vn -0.41854212 -0.86685115 0.27090877
vn -0.5615821 -0.8073008 0.18135825
vn -0.70446 -0.681243 0.19910817
vn -0.8625952 -0.47443703 0.17561035
vn -0.97426504 -0.2254019 0.0012626997
vn -0.86443645 -0.003036982 0.50273305
vn -0.890798 -0.023309566 0.4538014
vn -0.8253036 0.1689525 0.5388218
vn -0.35814148 0.18739027 0.9146691
vn -0.14536114 0.13710979 0.9798321
vn -0.6034512 0.07088875 0.7942427
vn -0.86148673 -0.058586538 0.50438905
vn -0.8973642 0.05393664 0.43798226
vn -0.92203844 0.035945766 0.38542578
vn -0.9607574 0.016653161 0.27688992
vn -0.54435605 0.21782461 0.8100796
vn -0.6392353 0.19866303 0.7429072
vn -0.9102318 -0.15886046 0.38241524
vn -0.2671488 0.9630546 -0.03401887
vn -0.32095748 0.91425276 0.24724118
vn -0.3472883 0.80985886 0.47277844
vn -0.58292156 0.7030893 0.40726894
vn -0.5363276 0.8201228 0.19937755
vn -0.47459063 0.8778037 -0.06499469
vn -0.9942115 0.023841685 0.10476177
vn -0.9965827 0.033449773 -0.075525664
vn -0.9183607 -0.08436586 -0.38664714
vn -0.9223918 0.10771601 -0.37093222
vn -0.6589834 0.20354648 -0.72409225
vn -0.6714443 -0.03136622 -0.7403909
vn -0.78116506 0.5236938 0.33989125
vn -0.93402207 0.2810703 0.22045918
vn -0.9367276 0.3492465 0.023839869
vn -0.760782 0.635657 0.13096161
vn -0.7033051 0.68829024 -0.17781559
vn -0.857824 0.4161741 -0.3015576
vn -0.19570106 0.8974211 -0.395394
vn -0.3836885 0.83375317 -0.3970375
vn -0.60667515 0.44099683 -0.6614129
vn -0.34016028 -0.024222706 -0.94005543
vn -0.31468442 0.23331815 -0.9200741
vn -0.27599987 0.42246038 -0.86333734
vn -0.18808547 0.62346643 -0.7588896
vn -0.5026525 0.659825 -0.55854386
vn -0.8621508 -0.22933656 -0.45177516
vn -0.8395479 -0.26710278 -0.47309133
vn -0.8929193 -0.16695903 -0.41811475
vn -0.28058353 -0.29511806 -0.91333354
vn -0.27196315 -0.2780907 -0.92125005
vn -0.60238934 -0.28547627 -0.7454062
vn -0.6119408 -0.30200592 -0.73097247
vn -0.31085804 -0.22807075 -0.9226868
vn -0.63567615 -0.20278168 -0.744846
vn -0.26018336 -0.24913146 -0.93286556
vn -0.6223211 -0.1844837 -0.7607116
vn -0.8310872 -0.16563188 -0.53090507
vn -0.9476898 -0.19474052 -0.25290364
vn -0.44534785 0.14335503 0.8838069
vn -0.43239558 0.44481936 0.7843275
vn -0.74466485 0.14534695 0.6514203
vn -0.53862256 0.6537174 0.5315443
vn -0.9264849 0.023518797 0.3755963
vn -0.5989617 0.6966202 0.39492428
vn -0.9845957 -0.04755386 0.16825546
vn -0.9584296 0.16638234 -0.23179659
vn -0.7533566 0.3234867 -0.5725472
vn -0.11547783 0.15048276 -0.98184514
vn -0.44398448 0.2868881 -0.8488657
vn -0.03198106 0.29180565 -0.95594287
vn -0.15957008 0.3894414 -0.90712327
vn -0.56425846 0.414143 -0.7142114
vn -0.9615343 0.18101504 -0.2066041
vn -0.3384976 0.13235775 0.9316119
vn -0.25264758 0.008080712 0.96752465
vn -0.28468394 -0.17443302 0.9426178
vn -0.21472229 -0.78671587 0.57876813
vn -0.16207379 -0.9186899 0.3601958
vn -0.30134338 -0.9511052 0.06775694
vn -0.09330726 -0.9902332 0.103594966
vn -0.20964241 -0.9377765 0.27681246
vn -0.172001 0.03873067 0.98433506
vn -0.17279676 -0.04441767 -0.98395544
vn -0.5596448 0.09952036 -0.82273537
vn -0.81450254 0.13527493 -0.5641687
vn -0.9658509 0.02884709 -0.25748777
vn -0.97167635 -0.12293667 0.20182067
vn -0.87452435 -0.118790396 0.47020856
vn -0.73079693 -0.13583443 0.6689431
vn -0.5608549 -0.28769308 0.77632105
vn -0.2590453 -0.36465603 0.8943833
vn -0.17265971 0.27812463 0.9448996
vn -0.45169014 0.2492721 0.85664433
vn -0.7234979 0.28827125 0.6272563
vn -0.9040203 0.26652452 0.33423334
vn -0.96210194 0.19272386 -0.19291846
vn -0.6946436 0.38645616 -0.6067305
vn -0.26182473 0.37451145 -0.88948804
vn -0.058777805 0.2569054 -0.9646475
vn -0.12907413 0.45390528 0.88165176
vn -0.6615722 0.23114754 0.71336734
vn -0.5466508 0.29011342 0.785498
vn -0.649655 -0.097969756 0.75389016
vn -0.58842444 -0.08737531 0.80381733
vn -0.5527618 -0.0009816876 0.8333387
vn -0.42326978 0.058528773 0.9041112
vn -0.26419398 0.03482538 0.96384066
vn -0.45229095 0.120407276 0.8837052
vn -0.5894924 0.2601461 0.76473707
vn -0.6382199 0.34814614 0.6866365
vn -0.39932132 0.31686682 0.8603127
vn -0.56330574 0.3755062 0.73599035
vn -0.21409129 -0.8230095 0.52613723
vn -0.9383474 -0.34427574 -0.03127943
vn -0.98023087 -0.19785656 0.00037101857
vn -0.99756753 -0.06908314 0.009304532
vn -0.9996247 -0.008153591 0.02615269
vn -0.9930253 0.10644431 0.05069894
vn -0.9002866 0.41936776 0.11668181
vn -0.13978823 0.43257183 0.89069676
vn -0.41439587 0.40613687 0.8144501
vn -0.58128476 0.50769603 0.6358874
vn -0.5843613 0.68033373 0.44234368
vn -0.952504 0.22505979 0.20514454
vn -0.16444579 -0.18868645 0.968171
vn 0.0039553437 0.029790943 0.99954826
vn -0.06697459 -0.06443969 0.99567163
vn 0.82770395 -0.25845554 -0.49810332
vn 0.9147539 0.14016189 0.37891957
vn 0.88873047 0.099367194 0.44753125
vn 0.73630035 -0.44801682 -0.5070924
vn 0.8407345 0.09727741 0.5326375
vn 0.6994879 -0.563402 -0.43965307
vn 0.53564143 -0.8374321 0.108608484
vn 0.8837717 0.018681949 0.4675452
vn 0.93406653 -0.2834729 0.21717013
vn 0.87746066 -0.4781282 0.0381591
vn 0.8935854 0.04662009 -0.4464658
vn 0.7050329 -0.011700306 0.709078
vn 0.8491563 0.5036381 -0.15900396
vn 0.7127476 -0.44723055 0.5403477
vn 0.5988716 0.7526335 0.27367064
vn 0.78104526 -0.5817015 0.22713783
vn 0.43285173 0.7392975 0.515828
vn 0.8741165 -0.4747379 -0.102686234
vn 0.7077246 0.24802497 0.6615205
vn 0.93094534 -0.28516915 -0.2280775
vn 0.9705263 -0.19420771 0.1426956
vn 0.958141 -0.12176646 -0.25911126
vn 0.9296174 0.07532449 0.360746
vn 0.87624246 0.16383639 0.4531631
vn 0.99884725 0.03620875 -0.031514376
vn 0.9928403 -0.11687269 -0.024678925
vn 0.66928047 -0.7332163 -0.12023904
vn 0.8752981 0.070322774 0.47844338
vn -0.1692975 -0.82649183 -0.5368887
vn -0.022362294 -0.7122295 -0.70159036
vn 0.028817711 -0.61440605 -0.78846353
vn 0.07746915 -0.5448431 -0.8349519
vn 0.99519676 0.09735052 -0.010312256
vn -0.27920052 0.9327452 -0.22810805
vn 0.04329333 0.7245242 -0.68788826
vn 0.21769452 0.16773298 -0.96149606
vn 0.20047413 -0.33337396 -0.92123395
vn 0.99445057 -0.10502217 0.0061974092
vn 0.96329325 -0.049716167 0.26380774
vn 0.9640429 -0.067687914 0.25698167
vn 0.9936035 0.094874226 0.06124524
vn 0.94289166 -0.12704954 0.30791846
vn 0.9492685 0.0034670718 0.31444743
vn 0.46550906 0.5379794 0.70276546
vn 0.1785175 0.37165037 0.91104746
vn 0.92435515 -0.33352736 -0.18527552
vn 0.9711431 -0.14011262 -0.19300134
vn 0.9065226 -0.42203245 -0.010271435
vn 0.9285822 -0.20921019 0.30653918
vn 0.89795583 0.08322155 0.4321452
vn 0.8797312 0.27425754 0.3884016
vn 0.8314794 0.08557932 0.54892474
vn 0.75911283 0.22948757 0.609166
vn 0.752258 0.3280744 0.57138
vn 0.9038036 0.20215222 0.37719157
vn 0.9464683 -0.115713134 0.3013439
vn 0.8892052 -0.20467547 0.4091725
vn 0.6980247 0.009953068 0.7160046
vn 0.7185042 -0.09959808 0.6883546
vn 0.11068376 -0.02436879 0.9935569
vn 0.8346865 0.4734836 0.28126794
vn 0.9906537 0.057068165 -0.123888664
vn 0.9736041 0.17915955 0.14141023
vn -0.23499046 0.78799057 -0.56907845
vn -0.14663252 0.22652581 -0.96290445
vn 0.9871111 0.005052082 0.15995735
vn 0.018922303 -0.31907046 -0.9475421
vn -0.07432153 -0.56066716 -0.82469916
vn 0.31697798 -0.5971457 -0.73684597
vn -0.16464518 -0.6017424 -0.7815356
vn 0.816017 -0.54703003 -0.186747
vn 0.82546896 -0.17965266 -0.5350943
vn 0.8996662 -0.21224359 -0.38151458
vn 0.8818939 -0.05536406 -0.46818584
vn 0.9726179 -0.010268555 -0.23218273
vn 0.90391344 -0.32306415 -0.28030342
vn 0.8096287 0.13191326 0.5719267
vn 0.7437287 -0.01103101 0.6683906
vn 0.7859676 -0.3101514 0.5348467
vn 0.89215416 -0.27534097 0.35811773
vn 0.9098363 0.12339072 0.39619786
vn 0.9225838 -0.04669541 0.38296038
vn 0.9416919 -0.091508366 0.3237942
vn 0.9134317 -0.1628443 0.37299362
vn 0.85950744 -0.23333557 0.45475426
vn 0.49862778 -0.39518303 0.77149254
vn 0.8989385 0.05538866 0.43455932
vn 0.7188199 0.059175454 0.69267327
vn 0.7675801 0.30175623 0.5654768
vn 0.7878651 0.009994848 0.61576676
vn 0.8024697 -0.07762568 0.59162205
vn 0.22165318 -0.20461379 0.95341647
vn 0.43513066 0.102228485 0.89454496
vn 0.83896005 0.08290533 0.5378408
vn 0.47995555 -0.39923733 0.78118634
vn 0.48212305 0.2668079 0.8344884
vn 0.61137784 0.30439886 0.7304509
vn 0.63835144 0.21055923 0.74038655
vn 0.61038303 -0.18945049 0.76911706
vn 0.5259542 -0.1564854 0.8359931
vn 0.51516044 -0.034801226 0.85638696
vn 0.4121403 0.027599232 0.9107023
vn 0.27590746 -0.14320704 0.95045614
vn 0.65955824 0.33693895 0.6719041
vn 0.6687349 0.40534487 0.62328905
vn 0.8207816 0.28600213 0.49449
vn 0.3868147 0.10293038 0.91639495
vn 0.80982393 -0.14568909 0.5682956
vn 0.8421641 -0.20340256 0.49938673
vn 0.79072315 -0.28342932 0.54260916
vn 0.8248033 -0.49162024 0.27930102
vn 0.5428955 -0.72863907 0.41755182
vn 0.56570685 -0.17973208 0.8047807
vn 0.7398156 -0.6137298 0.27569637
vn 0.73913044 -0.2614806 0.6207368
vn 0.44234926 0.12699941 0.88780534
vn 0.9441724 -0.32883996 0.020072766
vn 0.9149781 -0.40349615 -0.002437374
vn 0.9344329 -0.24300045 -0.2603574
vn 0.94449466 -0.16548993 -0.28380054
vn 0.97175986 -0.11102691 -0.20822047
vn 0.98427284 -0.11304875 -0.13574591
vn 0.9969025 -0.07758645 0.012868281
vn 0.98354167 -0.02195385 0.17934287
vn 0.9828608 -0.012900057 0.18389699
vn 0.983039 -0.06126578 0.17286055
vn 0.22794089 0.3663496 0.9021258
vn 0.31945485 0.60373276 0.73038036
vn 0.472006 0.33527452 0.8153535
vn 0.5725849 0.5198516 0.6339566
vn 0.71092594 0.2415385 0.66048735
vn 0.77314305 0.36893672 0.5158833
vn 0.9608946 -0.004148652 0.27688327
vn 0.96919703 -0.013496673 0.24591668
vn 0.9723475 -0.0577959 0.22627427
vn 0.94295055 -0.26049194 0.20733595
vn 0.8425731 0.13155797 0.5222673
vn 0.8913039 0.18576294 0.41360557
vn 0.94648695 -0.30939245 0.09186311
vn 0.92706335 -0.3733171 -0.034465358
vn 0.9056256 -0.36546904 0.21511541
vn 0.84998065 -0.51913685 0.08960924
vn 0.72151303 -0.6810345 0.12494366
vn 0.6403462 -0.7569312 0.13043003
vn 0.4739114 -0.85171384 0.22358759
vn 0.59335375 -0.7852477 0.17696746
vn 0.7048108 -0.68191534 0.1955332
vn 0.8497642 -0.48109758 0.215513
vn 0.9725931 -0.22504728 0.058449212
vn 0.85586166 0.006115621 0.5171686
vn 0.8816183 -0.031108152 0.47093666
vn 0.80752575 0.14180002 0.57253385
vn 0.3688475 0.17565297 0.9127418
vn 0.15348247 0.13233584 0.9792499
vn 0.610827 0.084692344 0.7872214
vn 0.8822159 -0.05332461 0.46781594
vn 0.8903343 0.030373398 0.4542931
vn 0.9177247 0.017055536 0.3968506
vn 0.9605919 0.015047286 0.27755496
vn 0.53941846 0.2104661 0.8153109
vn 0.6187565 0.20895834 0.75728256
vn 0.9149831 -0.19393124 0.35383123
vn 0.26714882 0.9630546 -0.034018923
vn 0.3209576 0.91425276 0.2472411
vn 0.34728852 0.8098587 0.47277847
vn 0.5829218 0.703089 0.40726903
vn 0.5363277 0.82012266 0.19937749
vn 0.47459063 0.8778037 -0.064994775
vn 0.99420553 0.0242328 0.10472886
vn 0.9965827 0.03344945 -0.07552573
vn 0.9183606 -0.08436619 -0.3866472
vn 0.9223918 0.107715726 -0.3709323
vn 0.6589834 0.20354629 -0.7240924
vn 0.67144406 -0.031366438 -0.74039114
vn 0.78116536 0.52369344 0.33989123
vn 0.9340221 0.28107026 0.22045903
vn 0.93672764 0.3492463 0.023839802
vn 0.76078224 0.63565665 0.1309616
vn 0.7033053 0.6882901 -0.17781568
vn 0.85782415 0.41617388 -0.30155775
vn 0.195701 0.897421 -0.3953941
vn 0.38368836 0.8337532 -0.39703763
vn 0.606675 0.44099674 -0.66141313
vn 0.3401602 -0.024222765 -0.94005555
vn 0.31468418 0.233318 -0.92007416
vn 0.2759996 0.4224603 -0.86333734
vn 0.18808533 0.62346625 -0.75888973
vn 0.5026524 0.659825 -0.5585441
vn 0.8621506 -0.22933671 -0.4517754
vn 0.83953136 -0.2672185 -0.47305548
vn 0.8929192 -0.16695933 -0.41811475
vn 0.2805833 -0.29511824 -0.91333354
vn 0.27196282 -0.27809078 -0.9212501
vn 0.60238904 -0.28547642 -0.74540645
vn 0.6119382 -0.30208087 -0.73094374
vn 0.31085783 -0.22807081 -0.92268693
vn 0.635676 -0.20278184 -0.74484605
vn 0.26018304 -0.24913165 -0.93286556
vn 0.6223867 -0.18474881 -0.76059365
vn 0.830989 -0.16597854 -0.5309504
vn 0.9475912 -0.19487539 -0.25316882
vn 0.43117574 0.19084167 0.8818542
vn 0.4157959 0.45741063 0.7860594
vn 0.7172747 0.19690585 0.6683899
vn 0.53855854 0.6544571 0.5306982
vn 0.9082224 0.058744855 0.41434434
vn 0.5990474 0.69655234 0.39491373
vn 0.9807051 -0.040195815 0.19131593
vn 0.95855355 0.1649688 -0.23229402
vn 0.7543354 0.3224714 -0.5718306
vn 0.11544121 0.1506296 -0.98182684
vn 0.44421294 0.28700644 -0.84870625
vn 0.03196383 0.29173857 -0.9559639
vn 0.1596422 0.3894266 -0.907117
vn 0.5648285 0.41498843 -0.7132695
vn 0.96116215 0.18465269 -0.20511152
vn 0.23835532 0.11898824 0.9638613
vn 0.25641274 0.020559972 0.96634865
vn 0.29026625 -0.1822222 0.93943626
vn 0.25683805 -0.8026037 0.5383878
vn 0.2318435 -0.9164942 0.32601687
vn 0.38513616 -0.9205781 0.06485503
vn 0.19894713 -0.97490746 0.09987714
vn 0.3182019 -0.9084426 0.27107134
vn 0.18381752 0.067048535 0.98067105
vn 0.17276263 -0.044212636 -0.9839707
vn 0.5598379 0.099515714 -0.8226046
vn 0.8146452 0.1350505 -0.5640165
vn 0.96577215 0.028542448 -0.25781667
vn 0.9558357 -0.103846274 0.27494362
vn 0.83325535 -0.07480577 0.54780436
vn 0.7110876 -0.06184513 0.7003781
vn 0.580437 -0.2119416 0.78624016
vn 0.3281903 -0.30231482 0.8949284
vn 0.18258733 0.24293932 0.9527027
vn 0.4496723 0.2362404 0.8613857
vn 0.7242486 0.2881816 0.62643063
vn 0.90403146 0.26661736 0.33412918
vn 0.9622668 0.19266152 -0.19215637
vn 0.6956823 0.38647372 -0.60552806
vn 0.2619656 0.37453532 -0.88943654
vn 0.058735747 0.2569037 -0.96465045
vn 0.12587965 0.47884628 0.86882716
vn 0.686519 0.19903663 0.6993398
vn 0.5678607 0.30356008 0.7651049
vn 0.7493971 -0.15532772 0.6436438
vn 0.67117816 -0.18882556 0.71684366
vn 0.61351764 -0.08916614 0.7846307
vn 0.4726823 0.04676574 0.8799912
vn 0.2656869 0.045081954 0.9630047
vn 0.44096428 0.17571303 0.8801564
vn 0.56639594 0.3657001 0.7385519
vn 0.588059 0.44628578 0.67454845
vn 0.32352594 0.24646471 0.91355675
vn 0.48692188 0.37127057 0.7906107
vn 0.2140911 -0.82301 0.52613646
vn 0.93432105 -0.35603836 -0.016757544
vn 0.98056763 -0.19326378 0.033707976
vn 0.9977884 -0.061312765 0.02567009
vn 0.99963415 -0.008984028 0.025511643
vn 0.99290246 0.107906565 0.050008256
vn 0.8989435 0.42221132 0.11678277
vn 0.14191027 0.428824 0.8921723
vn 0.39220655 0.416691 0.82008696
vn 0.5818581 0.5075853 0.63545126
vn 0.5844038 0.68029475 0.44234735
vn 0.95241255 0.22538604 0.2052109
vn 0.15031707 -0.16722082 0.9743931
vn 0.074843675 -0.04510688 0.9961746
vn -0.0013628756 0.014785454 0.99988973
vn 0.029178461 0.0030441915 0.9995696
vn 0.20525606 -0.051220607 0.9773671
vn -0.18472691 -0.1138803 0.9761697
vn -0.04224543 0.38212827 0.92314315
vn 0.8481566 0.20717244 0.487555
vn -0.8411558 0.17853184 0.51047355
vn 0.36406675 0.22941484 0.9026761
vn -0.31544605 0.24298579 0.9173068
vn 0.65161824 0.23496574 0.72123843
vn -0.6775754 0.24725278 0.6926454
vn -0.21766336 -0.8289314 0.5152626
vn -0.24472669 -0.2815595 0.92781085
vn -0.19200642 0.5042051 0.84196836
vn -0.05798879 -0.26403612 0.96276796
vn -0.6664844 -0.47981563 0.5705922
vn -0.86980283 0.37802386 0.31708223
vn -0.9263176 0.15502568 0.34336966
vn -0.6849087 -0.16567165 0.7095443
vn -0.6437348 -0.48287782 0.593662
vn -0.67020535 -0.6317876 0.3894473
vn -0.5468061 -0.7528572 0.3663457
vn -0.8009164 -0.17918411 0.57133704
vn -0.8091617 -0.258735 0.52755433
vn -0.7581605 -0.23505458 0.6082286
vn -0.5696015 -0.5440286 0.6161062
vn -0.57312435 -0.45299038 0.6828823
vn -0.66037667 0.44718623 0.6032637
vn -0.7977492 0.4304847 0.42223105
vn -0.6248933 0.15713605 0.764733
vn -0.84105957 0.31394598 0.44051865
vn -0.84117067 0.40320984 0.3603524
vn -0.57875746 0.23293485 0.78152496
vn -0.6384625 0.32380778 0.6982221
vn -0.5581128 0.318038 0.76639533
vn -0.42298657 0.0097242715 0.90608376
vn -0.6281454 -0.19262384 0.7538763
vn -0.552089 -0.0469479 0.83246243
vn -0.5048727 -0.68619883 0.5236742
vn 0.088345066 -0.9354187 0.34232575
vn -0.60410905 -0.16798297 0.7789955
vn 0.14123055 -0.80232733 0.5799352
vn -0.057227682 -0.36694154 0.92848194
vn -0.45202264 -0.16573605 0.87647426
vn -0.785959 -0.5316897 0.3155544
vn -0.07113245 -0.9621113 0.26321486
vn -0.29325762 -0.72687376 0.62101084
vn -0.44048694 -0.3232426 0.83754736
vn -0.4820164 -0.009429778 0.8761114
vn -0.7440987 0.028806014 0.6674484
vn 0.03230291 -0.88801575 0.45867696
vn 0.8640582 0.37468043 0.33618155
vn 0.948846 0.15981166 0.27230763
vn 0.55858594 0.01597794 0.8292928
vn 0.37252513 -0.8808201 0.29220045
vn 0.53882545 -0.6921014 0.48027363
vn 0.0054904767 -0.8435218 0.53706694
vn 0.6908609 -0.34315678 0.6363605
vn 0.7367214 -0.39743116 0.5470741
vn 0.7095305 -0.3830637 0.5914632
vn 0.53097266 -0.47987384 0.69841903
vn 0.17605454 -0.3627526 0.9151041
vn 0.4361242 0.4948198 0.75163096
vn 0.7515397 0.4288495 0.5012746
vn 0.68862665 0.16197354 0.7067942
vn 0.8544942 0.28827083 0.4321337
vn 0.86334693 0.3470361 0.3663303
vn 0.6402246 0.18475237 0.7456399
vn 0.62373906 0.23334426 0.7459893
vn 0.5312686 0.16533391 0.8309142
vn 0.34000435 -0.1695578 0.925012
vn 0.61446315 -0.32759508 0.7177162
vn 0.620049 -0.02356476 0.7842092
vn 0.8184704 -0.35557947 0.45129758
vn 0.24926206 -0.9261324 0.28310302
vn 0.75710315 -0.21133406 0.61816895
vn 0.1660667 -0.8166902 0.55266535
vn 0.21417668 -0.59727985 0.77290696
vn 0.73720145 -0.1200703 0.6649189
vn 0.85677713 -0.44116804 0.2670276
vn -0.33798644 -0.8810328 -0.33097783
vn -0.64049685 -0.7678982 0.0098052565
vn 0.2750637 0.051197924 0.9600618
vn 0.5596134 -0.042618662 0.8276572
vn 0.80739075 -0.16955237 0.56513023
vn -0.17589118 -0.6266132 0.7592221
vn -0.6484475 -0.46991274 0.59891397
vn -0.79774797 -0.3372556 0.49985677
vn -0.8861975 0.3166805 0.33818275
vn -0.83608425 0.26800525 0.47868195
vn 0.8501981 0.26529163 0.45473447
vn 0.88959014 0.3479025 0.2959617
vn 0.6669148 -0.43173754 0.6073116
vn 0.2429833 -0.5848246 0.7739116
vn -0.7645653 -0.31730866 0.5610304
vn -0.6904881 -0.43231124 0.57994235
vn -0.79266244 -0.24860972 0.55666816
vn -0.8661847 0.34757793 0.35904562
vn -0.8571701 0.40196508 0.32199892
vn 0.87469214 0.35970038 0.32485285
vn 0.8664871 0.31899354 0.38398322
vn 0.76391953 -0.33572754 0.5511026
vn 0.26605582 -0.8933363 0.36216652
vn -0.5251453 -0.82708 -0.20040211
vn 0.094864294 -0.9326633 0.34805173
vn -0.86033326 0.041897573 0.50800717
vn -0.89400613 -0.011558646 0.44790563
vn -0.92154735 -0.08671531 0.37845868
vn -0.9321878 -0.08296126 0.35233966
vn 0.86514735 -0.2603982 0.42861733
vn 0.8572464 -0.17344949 0.48481306
vn 0.8727596 -0.029255234 0.4872729
vn 0.8606743 0.04130548 0.50747764
vn 0.83830917 0.015293687 0.54498047
vn 0.5686737 0.0330501 0.821899
vn 0.22563098 0.069204465 0.97175175
vn -0.21037044 0.06447127 0.9754936
vn -0.526706 0.00043922325 0.8500474
vn -0.7013501 -0.002686298 0.7128119
vn -0.8197695 0.05263378 0.5702697
vn -0.57358474 0.12527917 0.8095095
vn 0.6072322 0.10112962 0.7880621
vn 0.86451805 0.22656512 0.4486388
vn 0.6589071 0.27211326 0.70128155
vn 0.31118497 0.31986797 0.89490134
vn -0.19841443 0.32204133 0.9257003
vn -0.5990817 0.2651203 0.75552124
vn -0.7669287 0.25905654 0.58712023
vn -0.85264075 0.27081314 0.4468378
vn 0.81146306 0.19176064 0.55204666
vn 0.76224947 -0.023854356 0.6468437
vn 0.637011 -0.50751233 0.58021384
vn 0.56020373 -0.7881634 0.25489223
vn 0.4460748 -0.870958 -0.20603302
vn -0.3043446 -0.95141834 -0.046664845
vn -0.46152988 -0.7335573 0.49888262
vn -0.590266 -0.48516986 0.6451327
vn -0.7858236 0.019118113 0.6181551
vn -0.8123334 0.2156675 0.54185057
vn -0.8318907 0.3984778 0.38622954
vn -0.71054393 0.45485446 0.5368749
vn -0.16620879 0.5613793 0.810696
vn 0.5735212 0.5119438 0.6395209
vn 0.82204354 0.39993727 0.40533283
vn 0.13626572 0.10483545 0.9851097
vn 0.18640356 -0.11475911 0.975748
vn 0.4891935 -0.09353777 0.8671449
vn 0.41416395 0.17827465 0.8925729
vn 0.055645462 -0.407375 0.9115642
vn 0.36833635 -0.5050065 0.7805747
vn -0.068959996 -0.539794 0.83896774
vn 0.05764514 -0.71503663 0.6967063
vn -0.016678698 -0.58793235 0.8087381
vn 0.077213325 -0.64347446 0.7615634
vn 0.16887207 -0.592582 0.78760964
vn 0.2385514 -0.48656362 0.8404458
vn 0.40119103 -0.6081155 0.6850118
vn 0.50619394 -0.5210485 0.6872236
vn 0.518959 -0.39012793 0.7605799
vn 0.62736344 -0.37640756 0.6817129
vn 0.580671 -0.0029530444 0.81413287
vn 0.6468622 -0.20121826 0.73558176
vn 0.4903407 -0.13423024 0.861132
vn 0.48660406 -0.29409975 0.822631
vn 0.024652619 -0.030744888 0.99922323
vn 0.097519964 -0.17334224 0.98002166
vn -0.05755109 0.033951264 0.99776506
vn 0.081880555 0.03557789 0.9960069
vn -0.051853873 -0.49734578 0.86600137
vn 0.16150247 -0.6995652 0.6960786
vn -0.0063721314 0.1195125 0.9928122
vn 0.21135893 0.17926887 0.9608278
vn 0.119375065 -0.023110362 0.99258024
vn 0.27494213 -0.30139518 0.91299933
vn 0.050333302 -0.610985 0.79004043
vn 0.12871288 -0.53493416 0.835032
vn 0.31389487 -0.5465323 0.77638423
vn 0.3888149 -0.4872492 0.7819278
vn 0.3356843 -0.7710957 0.5410429
vn 0.2162039 -0.7678108 0.60309404
vn 0.56710285 -0.5540769 0.6094203
vn 0.22714852 -0.6035575 0.7642786
vn 0.25168002 -0.42707375 0.8684844
vn 0.39262217 -0.3250983 0.860325
vn 0.68151015 -0.3007092 0.6671717
vn 0.6419387 -0.42218027 0.6400615
vn 0.56915927 -0.35052896 0.74376553
vn 0.652025 -0.1052493 0.75085694
vn 0.7404884 -0.10091485 0.6644496
vn 0.66747314 0.22634578 0.7093992
vn 0.43064457 0.28602427 0.85599965
vn 0.2595154 0.17432298 0.9498754
vn 0.19229658 0.006833302 0.981313
vn 0.3010998 -0.09832392 0.9485101
vn 0.4946036 -0.109012544 0.8622549
vn 0.84994286 -0.11657682 0.5138161
vn 0.5929185 -0.5547021 0.58374065
vn 0.8484451 0.21945785 0.4816422
vn 0.68475825 0.33140224 0.64905983
vn 0.46753702 0.28696275 0.83609897
vn 0.48468983 0.08053621 0.87097055
vn 0.3339447 0.09746393 0.9375402
vn 0.30362323 0.16521607 0.9383584
vn 0.6113211 0.0553921 0.78944165
vn 0.69471025 -0.15870363 0.70156306
vn 0.2961048 -0.5679579 0.76794904
vn 0.33000225 -0.6645297 0.67044675
vn 0.75363344 -0.30097845 0.58433604
vn 0.7246126 -0.17702025 0.6660334
vn 0.54685026 -0.09476398 0.83185005
vn 0.43352887 -0.1658239 0.8857511
vn 0.38756412 -0.32802638 0.8615061
vn -0.21514516 0.11076809 0.9702799
vn 0.2537446 0.21960407 0.9420126
vn -0.18406627 -0.025430467 0.98258483
vn -0.020962091 -0.19988468 0.9795951
vn 0.12147633 -0.27298102 0.954319
vn 0.32760793 -0.21151981 0.92083246
vn 0.1448126 -0.54812795 0.8237628
vn -0.21415243 -0.40834126 0.88735354
vn -0.1805152 -0.31191826 0.9328029
vn -0.03361591 -0.26498055 0.96366763
vn 0.11859892 -0.3180441 0.94062865
vn 0.2317731 -0.31552544 0.9201766
vn 0.31705704 -0.41199887 0.8542434
vn 0.5028754 -0.4892283 0.7125812
vn 0.57223237 -0.42064172 0.70399624
vn 0.70489144 -0.16821328 0.68908083
vn 0.50397795 -0.2608018 0.8234006
vn -0.20286499 -0.3181231 0.9260905
vn -0.27309123 -0.23985426 0.9316067
vn -0.07620084 -0.17330405 0.98191607
vn 0.15368368 -0.12888421 0.97967863
vn 0.330841 -0.1448465 0.93250394
vn 0.50059175 -0.21668461 0.83812624
vn 0.7121823 -0.24458006 0.65800977
vn -0.19411677 -0.11990075 0.97362334
vn -0.28157967 -0.2121579 0.9357895
vn -0.07252373 -0.31196922 0.94732016
vn 0.12761816 -0.33137107 0.9348299
vn 0.33745778 -0.31465164 0.88719594
vn 0.51117617 -0.3164835 0.79908514
vn 0.6719079 -0.3165377 0.66958475
vn 0.31395033 -0.1741569 0.9333298
vn 0.30622473 -0.29414305 0.9053764
vn -0.16592528 0.12095378 0.9786925
vn -0.2338483 -0.13356416 0.9630554
vn -0.5434929 -0.11539763 0.8314439
vn -0.4591815 0.19013582 0.8677561
vn -0.09186167 -0.435915 0.89528733
vn -0.40914354 -0.5324498 0.74101204
vn 0.050239403 -0.50790143 0.859949
vn -0.09092881 -0.70626 0.70208883
vn -0.0052568084 -0.5707148 0.8211315
vn -0.11215293 -0.6315398 0.7671891
vn -0.11692242 -0.61609256 0.7789474
vn -0.21943417 -0.49073035 0.8432274
vn -0.21394557 -0.65083766 0.7284488
vn -0.37084898 -0.5639268 0.73787373
vn -0.28319538 -0.54118925 0.7917794
vn -0.44764695 -0.46933028 0.7611447
vn -0.51932615 0.06279556 0.85226583
vn -0.54761153 -0.1377806 0.82531095
vn -0.4372692 -0.02567618 0.8989641
vn -0.46208534 -0.14448136 0.874987
vn -0.010708126 -0.12909131 0.99157494
vn -0.06415924 -0.124595664 0.990131
vn 0.03227694 -0.086275995 0.99574834
vn -0.10808329 0.036690507 0.9934645
vn 0.021230366 -0.47959393 0.87723374
vn -0.19103754 -0.7041087 0.6839121
vn -0.018054157 0.056120545 0.9982608
vn -0.25762177 0.18857428 0.9476659
vn -0.07636853 -0.04363674 0.9961243
vn -0.20119913 -0.21419854 0.95584404
vn -0.059458163 -0.61066294 0.7896553
vn -0.14713727 -0.538949 0.8293881
vn -0.18963677 -0.5894528 0.78522813
vn -0.28600782 -0.52026206 0.8046905
vn -0.36218864 -0.7628535 0.5356061
vn -0.24054572 -0.7653896 0.5969225
vn -0.587286 -0.5667626 0.57781935
vn -0.24458958 -0.60904175 0.7544826
vn -0.2763964 -0.44144297 0.8536586
vn -0.36627084 -0.34337968 0.86483294
vn -0.5845379 -0.3268181 0.74263406
vn -0.54285187 -0.4561799 0.7051324
vn -0.46968102 -0.3906081 0.79172283
vn -0.5813848 -0.06434971 0.8110801
vn -0.7584041 -0.122574516 0.64015526
vn -0.67635846 0.21605073 0.7041742
vn -0.45142648 0.27184567 0.8498906
vn -0.26501977 0.1665103 0.94975734
vn -0.15644626 0.047475114 0.9865448
vn -0.22649644 -0.0422462 0.9730954
vn -0.41725203 -0.047146033 0.9075671
vn -0.840897 -0.14556625 0.5212511
vn -0.59449345 -0.54538405 0.5908754
vn -0.8305363 0.1905929 0.52333903
vn -0.6671538 0.29937637 0.6821142
vn -0.45501235 0.27220818 0.8478599
vn -0.42969263 0.10718646 0.89659095
vn -0.26770136 0.12963533 0.9547412
vn -0.26133245 0.19772543 0.9447804
vn -0.5772752 0.063084066 0.8141092
vn -0.6533262 -0.18965816 0.73293555
vn -0.27789924 -0.5961062 0.7532791
vn -0.34859633 -0.6570249 0.66843
vn -0.6944204 -0.32175842 0.64362407
vn -0.68193984 -0.16765945 0.7119328
vn -0.5450911 -0.050067615 0.8368805
vn -0.4425913 -0.14916652 0.8842297
vn -0.39011887 -0.33056703 0.85937923
vn 0.14547375 0.09865546 0.9844311
vn -0.07814495 0.033536382 0.99637777
vn 0.1654947 -0.11074745 0.97997266
vn 0.026419066 -0.24556845 0.9690192
vn -0.15843363 -0.28736365 0.9446274
vn -0.08972712 -0.24015538 0.9665787
vn 0.01686528 -0.45844457 0.8885629
vn 0.15085837 -0.39805785 0.90487105
vn 0.1377658 -0.27327695 0.95201904
vn -0.021815961 -0.20771362 0.9779464
vn -0.13207123 -0.20524566 0.9697584
vn -0.20505588 -0.25542334 0.9448338
vn -0.3742981 -0.3589507 0.85501784
vn -0.3584802 -0.51991963 0.7753551
vn -0.38644066 -0.56705666 0.7273998
vn -0.63844264 -0.048562538 0.76813585
vn -0.50271326 -0.09809783 0.8588691
vn 0.19645864 -0.29170212 0.93611634
vn 0.23720591 -0.22699308 0.9445673
vn 0.050874703 -0.12499197 0.99085253
vn -0.17225179 -0.08794455 0.9811193
vn -0.3306835 -0.16793124 0.92868054
vn -0.49068123 -0.21517237 0.8443535
vn -0.6585836 -0.20485938 0.7240858
vn 0.1892043 -0.081582434 0.9785428
vn 0.26308742 -0.17079902 0.94953287
vn 0.069265924 -0.27472576 0.9590244
vn -0.16565357 -0.31594598 0.93420386
vn -0.3489458 -0.3161681 0.88219875
vn -0.49748838 -0.34235114 0.7970577
vn -0.6201603 -0.35948154 0.69726187
vn -0.24767618 -0.16713175 0.95431834
vn -0.2890177 -0.21127783 0.93371856
vn 0.00357541 -0.3265285 0.9451806
vn 0.0065647527 -0.28498158 0.9585105
vn 0.041428033 -0.023167988 0.9988728
vn 0.0038736255 -0.26433745 0.9644224
vn -0.41041273 -0.31714138 0.8549753
vn -0.49570575 -0.4005224 0.77062154
vn -0.5026845 -0.5451097 0.6709425
vn -0.38126174 -0.27507362 0.88259506
vn -0.599256 -0.21623716 0.7708007
vn -0.36217558 -0.28531843 0.88736814
vn -0.53291607 -0.22969152 0.8143968
vn -0.49538198 -0.02328558 0.8683632
vn -0.6099103 -0.053226937 0.7906809
vn -0.6379102 -0.121838346 0.7604118
vn -0.43063295 -0.21487111 0.8765761
vn -0.50202036 -0.11267775 0.85748434
vn -0.5241006 -0.13755591 0.8404742
vn -0.37993503 -0.22107285 0.89820725
vn -0.2900809 -0.046709526 0.9558615
vn -0.28048804 -0.29796857 0.9124369
vn -0.18707435 -0.3005125 0.9352516
vn -0.21872935 -0.26337573 0.9395694
vn 0.33670872 -0.43749645 0.833801
vn 0.4363385 -0.52834266 0.72832876
vn 0.4505436 -0.60958236 0.6522422
vn 0.3966978 -0.24928701 0.8834517
vn 0.5662244 -0.27131924 0.77831596
vn 0.34920853 -0.30391386 0.8863914
vn 0.5024541 -0.2731494 0.82032263
vn 0.41206956 -0.08460353 0.907216
vn 0.56548643 -0.16549474 0.807983
vn 0.60130537 -0.19769461 0.7741761
vn 0.41766748 -0.256574 0.8716212
vn 0.48473155 -0.17416842 0.8571468
vn 0.5032836 -0.17601377 0.8460052
vn 0.3783068 -0.22147496 0.89879525
vn 0.18407969 -0.02002606 0.9827073
vn 0.19130673 -0.32227167 0.9271152
vn 0.19707413 -0.30576694 0.93148726
vn 0.22793725 -0.2498328 0.9410782
vn 0.5013308 -0.2610649 0.8249319
vn -0.52114415 -0.15841031 0.8386387
vn 0.3124058 -0.5971045 0.7388294
vn -0.29528636 -0.68283594 0.6682372
vn 0.013313176 -0.0063833874 0.99989104
vn 0.050169196 -0.28653708 0.9567547
vn -0.0051919534 -0.050017044 0.9987349
vn -0.074233755 -0.31872946 0.9449344
vn -0.0018022457 -0.009745559 0.9999509
vn 0.2883014 -0.03243553 0.9569901
vn 0.4175815 -0.05317853 0.90708196
vn 0.52496934 -0.07891134 0.8474551
vn 0.5460799 -0.024505975 0.8373746
vn 0.5123091 0.19865341 0.8355096
vn 0.22020163 -0.92250293 0.31701666
vn 0.2735801 -0.87053764 0.40904534
vn 0.16291066 -0.62457794 0.76378167
vn -0.014782802 -0.6612522 0.75001794
vn 0.21497977 -0.67401063 0.70674837
vn 0.2563497 -0.7652242 0.59052247
vn 0.36311293 0.22395332 0.9044301
vn 0.24990824 0.21812606 0.9433806
vn -0.007531282 0.26215068 0.9649976
vn 0.44912434 0.31205896 0.83720165
vn 0.4159345 0.5276016 0.740699
vn 0.17779517 -0.884924 0.43046302
vn 0.14899637 -0.84155595 0.51921445
vn 0.13635935 -0.77830833 0.6128967
vn -0.017120868 -0.73326707 0.67972517
vn 0.23715393 -0.88390386 0.40307817
vn -0.08353416 0.99578494 -0.037874065
vn 0.0881645 0.9813922 0.17057626
vn 0.35657954 0.71825916 0.59745705
vn 0.19551727 0.10364532 0.97520804
vn -0.013296638 -0.07889806 0.99679404
vn 0.30830097 0.90772617 0.2845763
vn -0.30272633 0.0054396125 0.95306194
vn -0.4447048 -0.010489155 0.8956158
vn -0.5592288 -0.06421122 0.8265229
vn -0.6219569 -0.05627992 0.78102636
vn -0.62783676 0.05465834 0.77642345
vn -0.15049237 -0.89235896 0.42549688
vn -0.2644255 -0.86079437 0.4348705
vn -0.20406233 -0.60427606 0.7702007
vn -0.24579683 -0.6258311 0.74021566
vn -0.27385595 -0.6868797 0.6732008
vn -0.387281 0.25241223 0.8867364
vn -0.27607843 0.2502047 0.9279969
vn -0.49627855 0.21402234 0.84136915
vn -0.5870684 0.23215674 0.7755347
vn -0.16521046 -0.8397424 0.5172409
vn -0.14629956 -0.81240124 0.56444716
vn -0.14715858 -0.77696145 0.6121072
vn -0.2604013 -0.8489612 0.45984367
vn -0.5875541 0.46619272 0.66139585
vn -0.47422633 0.11153626 0.87330925
vn -0.4065136 0.04378321 0.91259503
vn -0.26874405 0.016158398 0.96307606
vn -0.7718484 0.2921134 0.5647299
vn 0.13711886 -0.019025864 0.9903718
vn 0.100651026 0.24325112 0.9647271
vn 0.05985337 -0.07714717 0.99522156
vn 0.04317638 -0.74271244 0.66821706
vn 0.06486418 -0.6373395 0.7678483
vn -0.10436673 -0.6399654 0.7612829
vn -0.086231194 -0.73183805 0.67600095
vn -0.11078251 -0.050557315 0.9925579
vn -0.12084883 0.25170836 0.96022826
vn -0.14214997 -0.0026249108 0.98984164
vn -0.59441966 -0.65468884 0.4669559
vn -0.24610354 -0.6694657 0.7008913
vn 0.22188602 -0.6722447 0.7062957
vn -0.47896516 -0.5771978 0.66138875
vn -0.2012461 -0.70406395 0.6810242
vn 0.24051788 -0.7150471 0.65639836
vn 0.49612114 0.25871462 0.8288128
vn -0.5459825 0.22087647 0.8081564
vn -0.91022116 -0.39167035 0.13450575
vn -0.8913967 -0.45112583 0.043559883
vn -0.93098503 -0.32040468 0.17495055
vn -0.93284494 -0.1742229 0.3153518
vn -0.9283219 -0.078528024 0.36338937
vn -0.92260146 -0.022405662 0.38510332
vn -0.91648084 0.008672883 0.3999844
vn 0.90472347 -0.010702663 0.42586476
vn 0.91736704 -0.014961512 0.39776102
vn 0.92358035 -0.07717992 0.3755564
vn 0.8955389 -0.21448104 0.38988188
vn 0.92065644 -0.35062197 0.17162721
vn 0.87759477 -0.47767374 0.04068266
vn 0.8963269 -0.40052572 0.19020301
vn -0.75711477 -0.15830167 0.6338121
vn -0.84789616 -0.24742459 0.46888503
vn -0.9183763 -0.20821345 0.3364999
vn -0.9438276 -0.19863158 0.26407373
vn -0.96529007 -0.22854418 0.1264227
vn -0.9585552 -0.28460568 -0.013094818
vn -0.9515652 -0.30089158 -0.063150264
vn 0.9313104 -0.36395288 -0.014116073
vn 0.9197579 -0.39221278 -0.014647749
vn 0.91275346 -0.38247946 0.14349435
vn 0.9135341 -0.2712969 0.30307347
vn 0.91823184 -0.23629536 0.3178283
vn 0.8629622 -0.28035656 0.42035276
vn 0.8257195 -0.21002465 0.5235236
vn 0.8807536 -0.20573579 0.42655116
vn 0.8919103 -0.25402546 0.3741219
vn 0.8799125 -0.39502993 0.26401767
vn 0.8086561 -0.5764131 0.11757233
vn 0.7865283 -0.5851279 0.19748074
vn -0.79119545 -0.5755611 0.20673434
vn -0.81182235 -0.565836 0.14413206
vn -0.8702778 -0.39288396 0.29708382
vn -0.8774553 -0.2286826 0.42163524
vn -0.85699254 -0.16177125 0.48927888
vn 0.41539323 0.13376956 0.89975226
vn -0.3841048 0.15847926 0.9095866
vn 0.4272722 0.10444849 0.8980696
vn -0.41517773 0.10890645 0.9031981
vn 0.49931395 -0.28446266 0.8183927
vn 0.6992548 -0.00069196266 0.7148722
vn 0.73867404 0.022101024 0.67370033
vn 0.7437841 -0.050096575 0.6665399
vn 0.76123893 -0.14966314 0.63096446
vn 0.830864 -0.15682189 0.5339213
vn 0.8911281 -0.14974938 0.428329
vn 0.90473646 -0.14570284 0.4002781
vn 0.9688431 -0.08455543 0.232795
vn 0.9909614 -0.101323366 0.08791567
vn -0.48792678 -0.33365873 0.8065974
vn -0.65377134 -0.026008634 0.756245
vn -0.67655563 0.007889225 0.7363493
vn -0.67153525 -0.04212308 0.7397742
vn -0.74358827 -0.13741189 0.65436566
vn -0.81303835 -0.1433265 0.56429255
vn -0.88209575 -0.14144972 0.44933185
vn -0.9247765 -0.15372868 0.34807447
vn -0.97566116 -0.13615562 0.17189252
vn 0.5935129 0.15358005 0.7900352
vn 0.5761278 0.038734294 0.8164413
vn 0.61269563 0.0010503842 0.7903182
vn 0.741824 -0.027964272 0.67001134
vn -0.5778448 0.08926942 0.81124985
vn -0.5345407 -0.004093857 0.8451329
vn -0.59614885 -0.02240754 0.8025612
vn -0.74243796 -0.043397352 0.6685078
vn 0.89192885 -0.08054319 0.4449445
vn -0.89117235 -0.082737945 0.44605634
vn -0.9788199 -0.15407765 0.1348022
vn 0.5940807 0.010278032 0.8043398
vn 0.43269697 0.14852975 0.88922
vn 0.39814585 0.21570581 0.8916002
vn 0.65744233 0.2723086 0.7025792
vn 0.8002796 0.27929524 0.53060967
vn 0.7011856 0.34943068 0.62147963
vn -0.06835193 0.4787312 0.8752968
vn -0.7345809 0.32012704 0.5982554
vn -0.7951164 0.26927447 0.5433978
vn -0.6289076 0.28055185 0.7250971
vn -0.34948862 0.23103207 0.9080098
vn -0.40084857 0.13245755 0.90651834
vn -0.56020635 -0.016234757 0.828194
vn -0.6954597 -0.10482118 0.7108785
vn -0.7889068 -0.10114174 0.60613227
vn -0.8241165 -0.20693767 0.52726537
vn -0.81119406 -0.35681847 0.46329778
vn -0.7551871 -0.37198713 0.5397388
vn -0.55401134 -0.38376802 0.7387784
vn -0.2752084 -0.42038512 0.86460197
vn -0.0064493087 -0.46842816 0.88347805
vn 0.28769293 -0.45511004 0.8426788
vn 0.6028077 -0.42687047 0.6740954
vn 0.7832096 -0.432599 0.44658792
vn 0.8294027 -0.39611652 0.39393252
vn 0.8465006 -0.24744982 0.47138667
vn 0.8199725 -0.18044133 0.5432182
vn 0.73518384 -0.113447055 0.6683072
vn 0.047732938 -0.0063289437 0.99884015
vn -0.0337699 0.04948206 0.998204
vn -0.41439587 0.40613687 0.8144501
vn -0.12907413 0.45390528 0.88165176
vn -0.43239558 0.44481936 0.7843275
vn -0.26182473 0.37451145 -0.88948804
vn -0.6946436 0.38645616 -0.6067305
vn -0.56425846 0.414143 -0.7142114
vn -0.15957008 0.3894414 -0.90712327
vn -0.27920052 0.9327452 -0.22810805
vn 0.99519676 0.09735052 -0.010312256
vn -0.23499046 0.78799057 -0.56907845
vn 0.04329333 0.7245242 -0.68788826
vn -0 0.9176133 -0.39747426
vn -0 0.999997 -0.0024308425
vn -0 0.9601781 0.27938873
vn -0 0.8582683 0.51320124
vn -0 0.23387456 -0.9722668
vn -0 -0.024171472 -0.99970776
vn -0 0.4135141 -0.91049767
vn -0 0.62118566 -0.78366345
vn -0 -0.2728293 -0.96206254
vn -0 -0.30676574 -0.951785
vn -0 -0.23210916 -0.9726897
vn -0 -0.2765892 -0.9609883
vn -5.3241292E-05 -0.13743788 -0.9905103
vn -0.00010602417 0.10258643 -0.994724
vn -9.304423E-05 0.22990341 -0.9732134
vn 0.12587965 0.47884628 0.86882716
vn 0.39220655 0.416691 0.82008696
vn 0.4157959 0.45741063 0.7860594
vn -5.6551842E-05 0.26892924 -0.96316
vn 0.57223237 -0.42064172 0.70399624
vn 0.518959 -0.39012793 0.7605799
vn 0.580671 -0.0029530444 0.81413287
vn 0.70489144 -0.16821328 0.68908083
vn 0.32760793 -0.21151981 0.92083246
vn 0.1448126 -0.54812795 0.8237628
vn -0.21415243 -0.40834126 0.88735354
vn 0.2537446 0.21960407 0.9420126
vn -0.1805152 -0.31191826 0.9328029
vn -0.03361591 -0.26498055 0.96366763
vn 0.11859892 -0.3180441 0.94062865
vn 0.2317731 -0.31552544 0.9201766
vn 0.31705704 -0.41199887 0.8542434
vn 0.5028754 -0.4892283 0.7125812
vn -0.21514516 0.11076809 0.9702799
vn -0.18406627 -0.025430467 0.98258483
vn -0.020962091 -0.19988468 0.9795951
vn 0.12147633 -0.27298102 0.954319
vn 0.30622473 -0.29414305 0.9053764
vn 0.50397795 -0.2608018 0.8234006
vn 0.15085837 -0.39805785 0.90487105
vn 0.01686528 -0.45844457 0.8885629
vn -0.08972712 -0.24015538 0.9665787
vn -0.07814495 0.033536382 0.99637777
vn 0.1377658 -0.27327695 0.95201904
vn -0.021815961 -0.20771362 0.9779464
vn -0.13207123 -0.20524566 0.9697584
vn -0.20505588 -0.25542334 0.9448338
vn -0.3742981 -0.3589507 0.85501784
vn -0.3584802 -0.51991963 0.7753551
vn -0.38644066 -0.56705666 0.7273998
vn 0.14547375 0.09865546 0.9844311
vn -0.63844264 -0.048562538 0.76813585
vn 0.1654947 -0.11074745 0.97997266
vn 0.026419066 -0.24556845 0.9690192
vn -0.15843363 -0.28736365 0.9446274
vn -0.2890177 -0.21127783 0.93371856
vn -0.50271326 -0.09809783 0.8588691
vn 0.17779517 -0.884924 0.43046302
vn 0.14899637 -0.84155595 0.51921445
vn 0.13635935 -0.77830833 0.6128967
vn 0.04317638 -0.74271244 0.66821706
vn -0.017120868 -0.73326707 0.67972517
vn -0.2604013 -0.8489612 0.45984367
vn -0.16521046 -0.8397424 0.5172409
vn -0.14629956 -0.81240124 0.56444716
vn -0.14715858 -0.77696145 0.6121072
vn -0.086231194 -0.73183805 0.67600095
g _296_0
f 124/124/124 114/114/114 38/38/38
f 41/41/41 124/124/124 38/38/38
f 43/43/43 120/120/120 124/124/124
f 41/41/41 43/43/43 124/124/124
f 122/122/122 121/121/121 64/64/64
f 44/44/44 122/122/122 64/64/64
f 123/123/123 122/122/122 44/44/44
f 293/293/293 123/123/123 44/44/44
f 49/49/49 115/115/115 114/114/114
f 39/39/39 49/49/49 114/114/114
f 115/115/115 49/49/49 51/51/51
f 116/116/116 115/115/115 51/51/51
f 117/117/117 116/116/116 51/51/51
f 53/53/53 117/117/117 51/51/51
f 117/117/117 53/53/53 55/55/55
f 118/118/118 117/117/117 55/55/55
f 57/57/57 119/119/119 118/118/118
f 55/55/55 57/57/57 118/118/118
f 59/59/59 58/58/58 119/119/119
f 57/57/57 59/59/59 119/119/119
f 62/62/62 61/61/61 60/60/60
f 63/63/63 62/62/62 60/60/60
f 58/58/58 59/59/59 62/62/62
f 63/63/63 58/58/58 62/62/62
f 64/64/64 121/121/121 120/120/120
f 43/43/43 64/64/64 120/120/120
f 293/293/293 44/44/44 66/66/66
f 108/108/108 293/293/293 66/66/66
f 44/44/44 64/64/64 67/67/67
f 66/66/66 44/44/44 67/67/67
f 67/67/67 64/64/64 43/43/43
f 68/68/68 67/67/67 43/43/43
f 41/41/41 69/69/69 68/68/68
f 43/43/43 41/41/41 68/68/68
f 54/54/54 70/70/70 71/71/71
f 52/52/52 54/54/54 71/71/71
f 71/71/71 72/72/72 50/50/50
f 52/52/52 71/71/71 50/50/50
f 50/50/50 72/72/72 73/73/73
f 48/48/48 50/50/50 73/73/73
f 48/48/48 73/73/73 74/74/74
f 38/38/38 48/48/48 74/74/74
f 69/69/69 41/41/41 38/38/38
f 74/74/74 69/69/69 38/38/38
f 70/70/70 54/54/54 56/56/56
f 103/103/103 70/70/70 56/56/56
f 63/63/63 75/75/75 76/76/76
f 58/58/58 63/63/63 76/76/76
f 76/76/76 75/75/75 78/78/78
f 77/77/77 76/76/76 78/78/78
f 80/80/80 79/79/79 77/77/77
f 78/78/78 80/80/80 77/77/77
f 45/45/45 46/46/46 79/79/79
f 80/80/80 45/45/45 79/79/79
f 60/60/60 61/61/61 82/82/82
f 81/81/81 60/60/60 82/82/82
f 57/57/57 83/83/83 84/84/84
f 59/59/59 57/57/57 84/84/84
f 55/55/55 85/85/85 83/83/83
f 57/57/57 55/55/55 83/83/83
f 53/53/53 86/86/86 85/85/85
f 55/55/55 53/53/53 85/85/85
f 53/53/53 51/51/51 87/87/87
f 86/86/86 53/53/53 87/87/87
f 49/49/49 88/88/88 87/87/87
f 51/51/51 49/49/49 87/87/87
f 39/39/39 89/89/89 88/88/88
f 49/49/49 39/39/39 88/88/88
f 89/89/89 39/39/39 40/40/40
f 90/90/90 89/89/89 40/40/40
f 90/90/90 40/40/40 42/42/42
f 91/91/91 90/90/90 42/42/42
f 65/65/65 92/92/92 91/91/91
f 42/42/42 65/65/65 91/91/91
f 80/80/80 92/92/92 65/65/65
f 45/45/45 80/80/80 65/65/65
f 82/82/82 90/90/90 91/91/91
f 81/81/81 82/82/82 91/91/91
f 93/93/93 62/62/62 59/59/59
f 84/84/84 93/93/93 59/59/59
f 94/94/94 83/83/83 85/85/85
f 86/86/86 94/94/94 85/85/85
f 93/93/93 84/84/84 83/83/83
f 94/94/94 93/93/93 83/83/83
f 86/86/86 87/87/87 95/95/95
f 94/94/94 86/86/86 95/95/95
f 94/94/94 95/95/95 96/96/96
f 93/93/93 94/94/94 96/96/96
f 93/93/93 96/96/96 61/61/61
f 62/62/62 93/93/93 61/61/61
f 87/87/87 88/88/88 89/89/89
f 95/95/95 87/87/87 89/89/89
f 89/89/89 97/97/97 96/96/96
f 95/95/95 89/89/89 96/96/96
f 82/82/82 97/97/97 89/89/89
f 90/90/90 82/82/82 89/89/89
f 97/97/97 82/82/82 61/61/61
f 96/96/96 97/97/97 61/61/61
f 98/98/98 81/81/81 91/91/91
f 92/92/92 98/98/98 91/91/91
f 78/78/78 98/98/98 92/92/92
f 80/80/80 78/78/78 92/92/92
f 63/63/63 99/99/99 78/78/78
f 75/75/75 63/63/63 78/78/78
f 63/63/63 60/60/60 100/100/100
f 99/99/99 63/63/63 100/100/100
f 99/99/99 100/100/100 98/98/98
f 78/78/78 99/99/99 98/98/98
f 98/98/98 100/100/100 60/60/60
f 81/81/81 98/98/98 60/60/60
f 72/72/72 101/101/101 102/102/102
f 73/73/73 72/72/72 102/102/102
f 101/101/101 72/72/72 71/71/71
f 70/70/70 101/101/101 71/71/71
f 103/103/103 56/56/56 58/58/58
f 76/76/76 103/103/103 58/58/58
f 74/74/74 104/104/104 105/105/105
f 69/69/69 74/74/74 105/105/105
f 73/73/73 102/102/102 104/104/104
f 74/74/74 73/73/73 104/104/104
f 106/106/106 67/67/67 68/68/68
f 107/107/107 106/106/106 68/68/68
f 69/69/69 105/105/105 107/107/107
f 68/68/68 69/69/69 107/107/107
f 66/66/66 67/67/67 106/106/106
f 108/108/108 66/66/66 106/106/106
f 104/104/104 109/109/109 110/110/110
f 105/105/105 104/104/104 110/110/110
f 102/102/102 111/111/111 109/109/109
f 104/104/104 102/102/102 109/109/109
f 111/111/111 102/102/102 101/101/101
f 112/112/112 111/111/111 101/101/101
f 106/106/106 107/107/107 105/105/105
f 110/110/110 106/106/106 105/105/105
f 106/106/106 110/110/110 113/113/113
f 108/108/108 106/106/106 113/113/113
f 115/115/115 48/48/48 38/38/38
f 114/114/114 115/115/115 38/38/38
f 48/48/48 115/115/115 116/116/116
f 50/50/50 48/48/48 116/116/116
f 52/52/52 50/50/50 116/116/116
f 117/117/117 52/52/52 116/116/116
f 52/52/52 117/117/117 118/118/118
f 54/54/54 52/52/52 118/118/118
f 119/119/119 56/56/56 54/54/54
f 118/118/118 119/119/119 54/54/54
f 119/119/119 58/58/58 56/56/56
f 120/120/120 121/121/121 65/65/65
f 42/42/42 120/120/120 65/65/65
f 45/45/45 65/65/65 121/121/121
f 122/122/122 45/45/45 121/121/121
f 39/39/39 114/114/114 124/124/124
f 40/40/40 39/39/39 124/124/124
f 40/40/40 124/124/124 120/120/120
f 42/42/42 40/40/40 120/120/120
f 129/129/129 132/132/132 140/140/140
f 305/305/305 129/129/129 140/140/140
f 581/581/581 3/3/3 140/140/140
f 1039/1039/1039 581/581/581 140/140/140
f 4/4/4 305/305/305 140/140/140
f 3/3/3 4/4/4 140/140/140
f 1118/1118/1118 1119/1119/1119 142/142/142
f 6/6/6 1118/1118/1118 142/142/142
f 1119/1119/1119 1120/1120/1120 143/143/143
f 142/142/142 1119/1119/1119 143/143/143
f 281/281/281 1121/1121/1121 1122/1122/1122
f 1079/1079/1079 281/281/281 1122/1122/1122
f 1095/1095/1095 1125/1125/1125 1126/1126/1126
f 145/145/145 1095/1095/1095 1126/1126/1126
f 1127/1127/1127 1128/1128/1128 147/147/147
f 1054/1054/1054 1127/1127/1127 147/147/147
f 1130/1130/1130 1131/1131/1131 256/256/256
f 150/150/150 1130/1130/1130 256/256/256
f 1130/1130/1130 150/150/150 152/152/152
f 1129/1129/1129 1130/1130/1130 152/152/152
f 1128/1128/1128 1129/1129/1129 152/152/152
f 147/147/147 1128/1128/1128 152/152/152
f 136/136/136 283/283/283 284/284/284
f 137/137/137 136/136/136 284/284/284
f 138/138/138 137/137/137 284/284/284
f 285/285/285 138/138/138 284/284/284
f 139/139/139 138/138/138 285/285/285
f 286/286/286 139/139/139 285/285/285
f 255/255/255 139/139/139 286/286/286
f 287/287/287 255/255/255 286/286/286
f 154/154/154 46/46/46 47/47/47
f 155/155/155 154/154/154 47/47/47
f 294/294/294 155/155/155 47/47/47
f 108/108/108 294/294/294 47/47/47
f 156/156/156 113/113/113 110/110/110
f 157/157/157 156/156/156 110/110/110
f 111/111/111 158/158/158 157/157/157
f 109/109/109 111/111/111 157/157/157
f 112/112/112 159/159/159 158/158/158
f 111/111/111 112/112/112 158/158/158
f 159/159/159 112/112/112 70/70/70
f 160/160/160 159/159/159 70/70/70
f 160/160/160 70/70/70 103/103/103
f 161/161/161 160/160/160 103/103/103
f 161/161/161 103/103/103 76/76/76
f 162/162/162 161/161/161 76/76/76
f 162/162/162 76/76/76 77/77/77
f 163/163/163 162/162/162 77/77/77
f 1111/1111/1111 79/79/79 46/46/46
f 154/154/154 1111/1111/1111 46/46/46
f 165/165/165 164/164/164 10/10/10
f 9/9/9 165/165/165 10/10/10
f 166/166/166 164/164/164 165/165/165
f 167/167/167 166/166/166 165/165/165
f 168/168/168 166/166/166 167/167/167
f 169/169/169 168/168/168 167/167/167
f 174/174/174 168/168/168 169/169/169
f 175/175/175 174/174/174 169/169/169
f 171/171/171 170/170/170 161/161/161
f 162/162/162 171/171/171 161/161/161
f 172/172/172 171/171/171 162/162/162
f 163/163/163 172/172/172 162/162/162
f 1111/1111/1111 154/154/154 173/173/173
f 1100/1100/1100 1111/1111/1111 173/173/173
f 195/195/195 174/174/174 175/175/175
f 196/196/196 195/195/195 175/175/175
f 176/176/176 1058/1058/1058 1059/1059/1059
f 177/177/177 176/176/176 1059/1059/1059
f 1042/1042/1042 176/176/176 177/177/177
f 1041/1041/1041 1042/1042/1042 177/177/177
f 1075/1075/1075 178/178/178 179/179/179
f 1074/1074/1074 1075/1075/1075 179/179/179
f 151/151/151 148/148/148 180/180/180
f 181/181/181 151/151/151 180/180/180
f 182/182/182 258/258/258 257/257/257
f 149/149/149 182/182/182 257/257/257
f 181/181/181 182/182/182 149/149/149
f 151/151/151 181/181/181 149/149/149
f 183/183/183 259/259/259 182/182/182
f 181/181/181 183/183/183 182/182/182
f 180/180/180 184/184/184 183/183/183
f 181/181/181 180/180/180 183/183/183
f 179/179/179 185/185/185 1073/1073/1073
f 1074/1074/1074 179/179/179 1073/1073/1073
f 1040/1040/1040 1041/1041/1041 177/177/177
f 186/186/186 1040/1040/1040 177/177/177
f 177/177/177 1059/1059/1059 1060/1060/1060
f 186/186/186 177/177/177 1060/1060/1060
f 128/128/128 188/188/188 187/187/187
f 125/125/125 128/128/128 187/187/187
f 194/194/194 193/193/193 131/131/131
f 189/189/189 194/194/194 131/131/131
f 198/198/198 197/197/197 130/130/130
f 190/190/190 198/198/198 130/130/130
f 580/580/580 129/129/129 191/191/191
f 190/190/190 580/580/580 191/191/191
f 306/306/306 307/307/307 305/305/305
f 4/4/4 306/306/306 305/305/305
f 194/194/194 189/189/189 174/174/174
f 195/195/195 194/194/194 174/174/174
f 128/128/128 193/193/193 194/194/194
f 188/188/188 128/128/128 194/194/194
f 170/170/170 1046/1046/1046 195/195/195
f 170/170/170 195/195/195 196/196/196
f 161/161/161 170/170/170 196/196/196
f 587/587/587 197/197/197 198/198/198
f 189/189/189 587/587/587 198/198/198
f 1045/1045/1045 1046/1046/1046 170/170/170
f 171/171/171 1045/1045/1045 170/170/170
f 199/199/199 1077/1077/1077 1097/1097/1097
f 1098/1098/1098 199/199/199 1097/1097/1097
f 173/173/173 1043/1043/1043 1099/1099/1099
f 1100/1100/1100 173/173/173 1099/1099/1099
f 171/171/171 172/172/172 1044/1044/1044
f 1045/1045/1045 171/171/171 1044/1044/1044
f 1042/1042/1042 1057/1057/1057 1058/1058/1058
f 176/176/176 1042/1042/1042 1058/1058/1058
f 1075/1075/1075 1076/1076/1076 1056/1056/1056
f 178/178/178 1075/1075/1075 1056/1056/1056
f 189/189/189 198/198/198 168/168/168
f 174/174/174 189/189/189 168/168/168
f 198/198/198 190/190/190 166/166/166
f 168/168/168 198/198/198 166/166/166
f 190/190/190 191/191/191 164/164/164
f 166/166/166 190/190/190 164/164/164
f 191/191/191 13/13/13 10/10/10
f 164/164/164 191/191/191 10/10/10
f 200/200/200 14/14/14 19/19/19
f 218/218/218 200/200/200 19/19/19
f 14/14/14 200/200/200 201/201/201
f 15/15/15 14/14/14 201/201/201
f 16/16/16 15/15/15 201/201/201
f 202/202/202 16/16/16 201/201/201
f 9/9/9 16/16/16 202/202/202
f 165/165/165 9/9/9 202/202/202
f 203/203/203 167/167/167 165/165/165
f 202/202/202 203/203/203 165/165/165
f 201/201/201 204/204/204 203/203/203
f 202/202/202 201/201/201 203/203/203
f 205/205/205 204/204/204 201/201/201
f 200/200/200 205/205/205 201/201/201
f 206/206/206 160/160/160 161/161/161
f 196/196/196 206/206/206 161/161/161
f 207/207/207 159/159/159 160/160/160
f 206/206/206 207/207/207 160/160/160
f 209/209/209 208/208/208 159/159/159
f 207/207/207 209/209/209 159/159/159
f 211/211/211 208/208/208 209/209/209
f 210/210/210 211/211/211 209/209/209
f 222/222/222 221/221/221 211/211/211
f 210/210/210 222/222/222 211/211/211
f 169/169/169 167/167/167 203/203/203
f 212/212/212 169/169/169 203/203/203
f 212/212/212 213/213/213 175/175/175
f 169/169/169 212/212/212 175/175/175
f 213/213/213 206/206/206 196/196/196
f 175/175/175 213/213/213 196/196/196
f 214/214/214 207/207/207 206/206/206
f 213/213/213 214/214/214 206/206/206
f 215/215/215 214/214/214 213/213/213
f 212/212/212 215/215/215 213/213/213
f 204/204/204 215/215/215 212/212/212
f 203/203/203 204/204/204 212/212/212
f 205/205/205 216/216/216 215/215/215
f 204/204/204 205/205/205 215/215/215
f 216/216/216 217/217/217 214/214/214
f 215/215/215 216/216/216 214/214/214
f 217/217/217 209/209/209 207/207/207
f 214/214/214 217/217/217 207/207/207
f 200/200/200 218/218/218 219/219/219
f 205/205/205 200/200/200 219/219/219
f 216/216/216 205/205/205 219/219/219
f 225/225/225 216/216/216 219/219/219
f 210/210/210 209/209/209 217/217/217
f 220/220/220 210/210/210 217/217/217
f 220/220/220 217/217/217 216/216/216
f 225/225/225 220/220/220 216/216/216
f 220/220/220 223/223/223 222/222/222
f 210/210/210 220/220/220 222/222/222
f 17/17/17 221/221/221 222/222/222
f 18/18/18 17/17/17 222/222/222
f 223/223/223 20/20/20 18/18/18
f 222/222/222 223/223/223 18/18/18
f 224/224/224 21/21/21 20/20/20
f 223/223/223 224/224/224 20/20/20
f 225/225/225 224/224/224 223/223/223
f 220/220/220 225/225/225 223/223/223
f 19/19/19 21/21/21 224/224/224
f 218/218/218 19/19/19 224/224/224
f 218/218/218 224/224/224 225/225/225
f 219/219/219 218/218/218 225/225/225
f 157/157/157 226/226/226 227/227/227
f 156/156/156 157/157/157 227/227/227
f 158/158/158 228/228/228 226/226/226
f 157/157/157 158/158/158 226/226/226
f 158/158/158 159/159/159 208/208/208
f 228/228/228 158/158/158 208/208/208
f 229/229/229 22/22/22 23/23/23
f 230/230/230 229/229/229 23/23/23
f 231/231/231 229/229/229 230/230/230
f 232/232/232 231/231/231 230/230/230
f 231/231/231 232/232/232 227/227/227
f 226/226/226 231/231/231 227/227/227
f 233/233/233 24/24/24 22/22/22
f 229/229/229 233/233/233 22/22/22
f 231/231/231 234/234/234 233/233/233
f 229/229/229 231/231/231 233/233/233
f 234/234/234 231/231/231 226/226/226
f 228/228/228 234/234/234 226/226/226
f 211/211/211 234/234/234 228/228/228
f 208/208/208 211/211/211 228/228/228
f 221/221/221 233/233/233 234/234/234
f 211/211/211 221/221/221 234/234/234
f 24/24/24 233/233/233 221/221/221
f 17/17/17 24/24/24 221/221/221
f 230/230/230 23/23/23 25/25/25
f 235/235/235 230/230/230 25/25/25
f 232/232/232 230/230/230 235/235/235
f 236/236/236 232/232/232 235/235/235
f 227/227/227 232/232/232 236/236/236
f 237/237/237 227/227/227 236/236/236
f 156/156/156 227/227/227 237/237/237
f 238/238/238 156/156/156 237/237/237
f 294/294/294 156/156/156 238/238/238
f 295/295/295 294/294/294 238/238/238
f 271/271/271 270/270/270 239/239/239
f 262/262/262 271/271/271 239/239/239
f 241/241/241 274/274/274 273/273/273
f 239/239/239 241/241/241 273/273/273
f 241/241/241 269/269/269 268/268/268
f 243/243/243 241/241/241 268/268/268
f 274/274/274 241/241/241 243/243/243
f 275/275/275 274/274/274 243/243/243
f 275/275/275 243/243/243 245/245/245
f 304/304/304 275/275/275 245/245/245
f 243/243/243 268/268/268 267/267/267
f 245/245/245 243/243/243 267/267/267
f 297/297/297 296/296/296 266/266/266
f 246/246/246 297/297/297 266/266/266
f 265/265/265 247/247/247 246/246/246
f 266/266/266 265/265/265 246/246/246
f 31/31/31 28/28/28 248/248/248
f 263/263/263 31/31/31 248/248/248
f 263/263/263 248/248/248 249/249/249
f 264/264/264 263/263/263 249/249/249
f 264/264/264 249/249/249 247/247/247
f 265/265/265 264/264/264 247/247/247
f 28/28/28 36/36/36 279/279/279
f 248/248/248 28/28/28 279/279/279
f 279/279/279 278/278/278 249/249/249
f 248/248/248 279/279/279 249/249/249
f 249/249/249 278/278/278 277/277/277
f 247/247/247 249/249/249 277/277/277
f 247/247/247 277/277/277 276/276/276
f 246/246/246 247/247/247 276/276/276
f 276/276/276 298/298/298 297/297/297
f 246/246/246 276/276/276 297/297/297
f 287/287/287 34/34/34 2/2/2
f 255/255/255 287/287/287 2/2/2
f 1131/1131/1131 1132/1132/1132 7/7/7
f 256/256/256 1131/1131/1131 7/7/7
f 258/258/258 11/11/11 8/8/8
f 257/257/257 258/258/258 8/8/8
f 273/273/273 272/272/272 262/262/262
f 239/239/239 273/273/273 262/262/262
f 239/239/239 270/270/270 269/269/269
f 241/241/241 239/239/239 269/269/269
f 260/260/260 258/258/258 182/182/182
f 259/259/259 260/260/260 182/182/182
f 260/260/260 259/259/259 183/183/183
f 261/261/261 260/260/260 183/183/183
f 11/11/11 258/258/258 260/260/260
f 30/30/30 11/11/11 260/260/260
f 30/30/30 260/260/260 261/261/261
f 12/12/12 30/30/30 261/261/261
f 32/32/32 271/271/271 262/262/262
f 26/26/26 32/32/32 262/262/262
f 272/272/272 33/33/33 26/26/26
f 262/262/262 272/272/272 26/26/26
f 25/25/25 31/31/31 263/263/263
f 235/235/235 25/25/25 263/263/263
f 235/235/235 263/263/263 264/264/264
f 236/236/236 235/235/235 264/264/264
f 236/236/236 264/264/264 265/265/265
f 237/237/237 236/236/236 265/265/265
f 237/237/237 265/265/265 266/266/266
f 238/238/238 237/237/237 266/266/266
f 266/266/266 296/296/296 295/295/295
f 238/238/238 266/266/266 295/295/295
f 186/186/186 267/267/267 1040/1040/1040
f 185/185/185 268/268/268 1073/1073/1073
f 269/269/269 270/270/270 183/183/183
f 184/184/184 269/269/269 183/183/183
f 183/183/183 270/270/270 271/271/271
f 261/261/261 183/183/183 271/271/271
f 261/261/261 271/271/271 32/32/32
f 12/12/12 261/261/261 32/32/32
f 273/273/273 301/301/301 300/300/300
f 272/272/272 273/273/273 300/300/300
f 274/274/274 302/302/302 301/301/301
f 273/273/273 274/274/274 301/301/301
f 302/302/302 274/274/274 275/275/275
f 303/303/303 302/302/302 275/275/275
f 37/37/37 300/300/300 280/280/280
f 27/27/27 37/37/37 280/280/280
f 1120/1120/1120 1121/1121/1121 281/281/281
f 143/143/143 1120/1120/1120 281/281/281
f 147/147/147 284/284/284 1054/1054/1054
f 284/284/284 147/147/147 152/152/152
f 285/285/285 284/284/284 152/152/152
f 285/285/285 152/152/152 150/150/150
f 286/286/286 285/285/285 150/150/150
f 286/286/286 150/150/150 256/256/256
f 287/287/287 286/286/286 256/256/256
f 256/256/256 7/7/7 34/34/34
f 287/287/287 256/256/256 34/34/34
f 1095/1095/1095 1094/1094/1094 1105/1105/1105
f 1106/1106/1106 1095/1095/1095 1105/1105/1105
f 1095/1095/1095 145/145/145 283/283/283
f 1094/1094/1094 1095/1095/1095 283/283/283
f 136/136/136 1093/1093/1093 1094/1094/1094
f 283/283/283 136/136/136 1094/1094/1094
f 577/577/577 1141/1141/1141 291/291/291
f 254/254/254 577/577/577 291/291/291
f 133/133/133 254/254/254 291/291/291
f 292/292/292 133/133/133 291/291/291
f 134/134/134 133/133/133 292/292/292
f 290/290/290 134/134/134 292/292/292
f 290/290/290 289/289/289 135/135/135
f 134/134/134 290/290/290 135/135/135
f 47/47/47 293/293/293 108/108/108
f 112/112/112 101/101/101 70/70/70
f 79/79/79 1111/1111/1111 163/163/163
f 77/77/77 79/79/79 163/163/163
f 155/155/155 294/294/294 295/295/295
f 1060/1060/1060 155/155/155 295/295/295
f 296/296/296 267/267/267 186/186/186
f 295/295/295 296/296/296 186/186/186
f 267/267/267 296/296/296 297/297/297
f 245/245/245 267/267/267 297/297/297
f 297/297/297 298/298/298 304/304/304
f 245/245/245 297/297/297 304/304/304
f 156/156/156 294/294/294 108/108/108
f 113/113/113 156/156/156 108/108/108
f 300/300/300 1142/1142/1142 240/240/240
f 1143/1143/1143 300/300/300 240/240/240
f 302/302/302 242/242/242 1144/1144/1144
f 301/301/301 302/302/302 1144/1144/1144
f 242/242/242 302/302/302 303/303/303
f 244/244/244 242/242/242 303/303/303
f 244/244/244 303/303/303 304/304/304
f 304/304/304 298/298/298 299/299/299
f 244/244/244 304/304/304 299/299/299
f 298/298/298 276/276/276 253/253/253
f 299/299/299 298/298/298 253/253/253
f 276/276/276 277/277/277 252/252/252
f 253/253/253 276/276/276 252/252/252
f 1146/1146/1146 1145/1145/1145 251/251/251
f 1147/1147/1147 1146/1146/1146 251/251/251
f 1148/1148/1148 278/278/278 279/279/279
f 250/250/250 1148/1148/1148 279/279/279
f 279/279/279 36/36/36 29/29/29
f 250/250/250 279/279/279 29/29/29
f 272/272/272 300/300/300 37/37/37
f 33/33/33 272/272/272 37/37/37
f 307/307/307 306/306/306 13/13/13
f 191/191/191 307/307/307 13/13/13
f 305/305/305 307/307/307 191/191/191
f 129/129/129 305/305/305 191/191/191
f 394/394/394 311/311/311 308/308/308
f 384/384/384 394/394/394 308/308/308
f 313/313/313 311/311/311 394/394/394
f 390/390/390 313/313/313 394/394/394
f 392/392/392 314/314/314 334/334/334
f 391/391/391 392/392/392 334/334/334
f 393/393/393 563/563/563 314/314/314
f 392/392/392 393/393/393 314/314/314
f 319/319/319 309/309/309 384/384/384
f 385/385/385 319/319/319 384/384/384
f 385/385/385 386/386/386 321/321/321
f 319/319/319 385/385/385 321/321/321
f 387/387/387 323/323/323 321/321/321
f 386/386/386 387/387/387 321/321/321
f 387/387/387 388/388/388 325/325/325
f 323/323/323 387/387/387 325/325/325
f 327/327/327 325/325/325 388/388/388
f 389/389/389 327/327/327 388/388/388
f 329/329/329 327/327/327 389/389/389
f 328/328/328 329/329/329 389/389/389
f 332/332/332 333/333/333 330/330/330
f 331/331/331 332/332/332 330/330/330
f 328/328/328 333/333/333 332/332/332
f 329/329/329 328/328/328 332/332/332
f 334/334/334 313/313/313 390/390/390
f 391/391/391 334/334/334 390/390/390
f 563/563/563 378/378/378 336/336/336
f 314/314/314 563/563/563 336/336/336
f 314/314/314 336/336/336 337/337/337
f 334/334/334 314/314/314 337/337/337
f 337/337/337 338/338/338 313/313/313
f 334/334/334 337/337/337 313/313/313
f 311/311/311 313/313/313 338/338/338
f 339/339/339 311/311/311 338/338/338
f 324/324/324 322/322/322 341/341/341
f 340/340/340 324/324/324 341/341/341
f 341/341/341 322/322/322 320/320/320
f 342/342/342 341/341/341 320/320/320
f 320/320/320 318/318/318 343/343/343
f 342/342/342 320/320/320 343/343/343
f 318/318/318 308/308/308 344/344/344
f 343/343/343 318/318/318 344/344/344
f 339/339/339 344/344/344 308/308/308
f 311/311/311 339/339/339 308/308/308
f 340/340/340 373/373/373 326/326/326
f 324/324/324 340/340/340 326/326/326
f 333/333/333 328/328/328 346/346/346
f 345/345/345 333/333/333 346/346/346
f 346/346/346 347/347/347 348/348/348
f 345/345/345 346/346/346 348/348/348
f 350/350/350 348/348/348 347/347/347
f 349/349/349 350/350/350 347/347/347
f 316/316/316 315/315/315 350/350/350
f 349/349/349 316/316/316 350/350/350
f 330/330/330 351/351/351 352/352/352
f 331/331/331 330/330/330 352/352/352
f 327/327/327 329/329/329 354/354/354
f 353/353/353 327/327/327 354/354/354
f 325/325/325 327/327/327 353/353/353
f 355/355/355 325/325/325 353/353/353
f 323/323/323 325/325/325 355/355/355
f 356/356/356 323/323/323 355/355/355
f 323/323/323 356/356/356 357/357/357
f 321/321/321 323/323/323 357/357/357
f 319/319/319 321/321/321 357/357/357
f 358/358/358 319/319/319 357/357/357
f 309/309/309 319/319/319 358/358/358
f 359/359/359 309/309/309 358/358/358
f 359/359/359 360/360/360 310/310/310
f 309/309/309 359/359/359 310/310/310
f 361/361/361 312/312/312 310/310/310
f 360/360/360 361/361/361 310/310/310
f 335/335/335 312/312/312 361/361/361
f 362/362/362 335/335/335 361/361/361
f 315/315/315 335/335/335 362/362/362
f 350/350/350 315/315/315 362/362/362
f 352/352/352 351/351/351 361/361/361
f 360/360/360 352/352/352 361/361/361
f 363/363/363 354/354/354 329/329/329
f 332/332/332 363/363/363 329/329/329
f 364/364/364 356/356/356 355/355/355
f 353/353/353 364/364/364 355/355/355
f 363/363/363 364/364/364 353/353/353
f 354/354/354 363/363/363 353/353/353
f 356/356/356 364/364/364 365/365/365
f 357/357/357 356/356/356 365/365/365
f 364/364/364 363/363/363 366/366/366
f 365/365/365 364/364/364 366/366/366
f 363/363/363 332/332/332 331/331/331
f 366/366/366 363/363/363 331/331/331
f 357/357/357 365/365/365 359/359/359
f 358/358/358 357/357/357 359/359/359
f 359/359/359 365/365/365 366/366/366
f 367/367/367 359/359/359 366/366/366
f 352/352/352 360/360/360 359/359/359
f 367/367/367 352/352/352 359/359/359
f 367/367/367 366/366/366 331/331/331
f 352/352/352 367/367/367 331/331/331
f 368/368/368 362/362/362 361/361/361
f 351/351/351 368/368/368 361/361/361
f 348/348/348 350/350/350 362/362/362
f 368/368/368 348/348/348 362/362/362
f 333/333/333 345/345/345 348/348/348
f 369/369/369 333/333/333 348/348/348
f 333/333/333 369/369/369 370/370/370
f 330/330/330 333/333/333 370/370/370
f 369/369/369 348/348/348 368/368/368
f 370/370/370 369/369/369 368/368/368
f 368/368/368 351/351/351 330/330/330
f 370/370/370 368/368/368 330/330/330
f 342/342/342 343/343/343 372/372/372
f 371/371/371 342/342/342 372/372/372
f 1151/1151/1151 1150/1150/1150 1149/1149/1149
f 1152/1152/1152 1151/1151/1151 1149/1149/1149
f 373/373/373 346/346/346 328/328/328
f 326/326/326 373/373/373 328/328/328
f 344/344/344 339/339/339 375/375/375
f 374/374/374 344/344/344 375/375/375
f 343/343/343 344/344/344 374/374/374
f 372/372/372 343/343/343 374/374/374
f 376/376/376 377/377/377 338/338/338
f 337/337/337 376/376/376 338/338/338
f 339/339/339 338/338/338 377/377/377
f 375/375/375 339/339/339 377/377/377
f 336/336/336 378/378/378 376/376/376
f 337/337/337 336/336/336 376/376/376
f 374/374/374 375/375/375 380/380/380
f 379/379/379 374/374/374 380/380/380
f 372/372/372 374/374/374 379/379/379
f 381/381/381 372/372/372 379/379/379
f 381/381/381 382/382/382 371/371/371
f 372/372/372 381/381/381 371/371/371
f 376/376/376 380/380/380 375/375/375
f 377/377/377 376/376/376 375/375/375
f 376/376/376 378/378/378 383/383/383
f 380/380/380 376/376/376 383/383/383
f 385/385/385 384/384/384 308/308/308
f 318/318/318 385/385/385 308/308/308
f 318/318/318 320/320/320 386/386/386
f 385/385/385 318/318/318 386/386/386
f 322/322/322 387/387/387 386/386/386
f 320/320/320 322/322/322 386/386/386
f 322/322/322 324/324/324 388/388/388
f 387/387/387 322/322/322 388/388/388
f 389/389/389 388/388/388 324/324/324
f 326/326/326 389/389/389 324/324/324
f 328/328/328 389/389/389 326/326/326
f 390/390/390 312/312/312 335/335/335
f 391/391/391 390/390/390 335/335/335
f 315/315/315 392/392/392 391/391/391
f 335/335/335 315/315/315 391/391/391
f 309/309/309 310/310/310 394/394/394
f 384/384/384 309/309/309 394/394/394
f 310/310/310 312/312/312 390/390/390
f 394/394/394 310/310/310 390/390/390
f 410/410/410 1038/1038/1038 397/397/397
f 402/402/402 410/410/410 397/397/397
f 399/399/399 575/575/575 410/410/410
f 402/402/402 399/399/399 410/410/410
f 4/4/4 3/3/3 410/410/410
f 575/575/575 4/4/4 410/410/410
f 397/397/397 1038/1038/1038 411/411/411
f 582/582/582 397/397/397 411/411/411
f 1117/1117/1117 1118/1118/1118 6/6/6
f 412/412/412 1117/1117/1117 6/6/6
f 1116/1116/1116 1117/1117/1117 412/412/412
f 413/413/413 1116/1116/1116 412/412/412
f 414/414/414 1113/1113/1113 1114/1114/1114
f 1078/1078/1078 414/414/414 1114/1114/1114
f 1136/1136/1136 1137/1137/1137 1067/1067/1067
f 417/417/417 1136/1136/1136 1067/1067/1067
f 1133/1133/1133 1134/1134/1134 420/420/420
f 526/526/526 1133/1133/1133 420/420/420
f 420/420/420 1134/1134/1134 1135/1135/1135
f 422/422/422 420/420/420 1135/1135/1135
f 1135/1135/1135 1136/1136/1136 417/417/417
f 422/422/422 1135/1135/1135 417/417/417
f 553/553/553 406/406/406 407/407/407
f 554/554/554 553/553/553 407/407/407
f 408/408/408 555/555/555 554/554/554
f 407/407/407 408/408/408 554/554/554
f 409/409/409 556/556/556 555/555/555
f 408/408/408 409/409/409 555/555/555
f 525/525/525 557/557/557 556/556/556
f 409/409/409 525/525/525 556/556/556
f 1102/1102/1102 1112/1112/1112 1113/1113/1113
f 414/414/414 1102/1102/1102 1113/1113/1113
f 424/424/424 425/425/425 317/317/317
f 316/316/316 424/424/424 317/317/317
f 564/564/564 378/378/378 317/317/317
f 425/425/425 564/564/564 317/317/317
f 426/426/426 427/427/427 380/380/380
f 383/383/383 426/426/426 380/380/380
f 379/379/379 380/380/380 427/427/427
f 382/382/382 381/381/381 428/428/428
f 429/429/429 382/382/382 428/428/428
f 429/429/429 430/430/430 340/340/340
f 382/382/382 429/429/429 340/340/340
f 430/430/430 431/431/431 373/373/373
f 340/340/340 430/430/430 373/373/373
f 431/431/431 432/432/432 346/346/346
f 373/373/373 431/431/431 346/346/346
f 432/432/432 433/433/433 347/347/347
f 346/346/346 432/432/432 347/347/347
f 349/349/349 347/347/347 433/433/433
f 1091/1091/1091 349/349/349 433/433/433
f 435/435/435 9/9/9 10/10/10
f 434/434/434 435/435/435 10/10/10
f 436/436/436 437/437/437 435/435/435
f 434/434/434 436/436/436 435/435/435
f 438/438/438 439/439/439 437/437/437
f 436/436/436 438/438/438 437/437/437
f 444/444/444 445/445/445 439/439/439
f 438/438/438 444/444/444 439/439/439
f 441/441/441 432/432/432 431/431/431
f 440/440/440 441/441/441 431/431/431
f 442/442/442 433/433/433 432/432/432
f 441/441/441 442/442/442 432/432/432
f 433/433/433 442/442/442 1090/1090/1090
f 1091/1091/1091 433/433/433 1090/1090/1090
f 465/465/465 466/466/466 445/445/445
f 444/444/444 465/465/465 445/445/445
f 446/446/446 447/447/447 1062/1062/1062
f 1063/1063/1063 446/446/446 1062/1062/1062
f 1051/1051/1051 1052/1052/1052 447/447/447
f 446/446/446 1051/1051/1051 447/447/447
f 1070/1070/1070 1071/1071/1071 449/449/449
f 448/448/448 1070/1070/1070 449/449/449
f 421/421/421 451/451/451 450/450/450
f 418/418/418 421/421/421 450/450/450
f 452/452/452 419/419/419 527/527/527
f 528/528/528 452/452/452 527/527/527
f 451/451/451 421/421/421 419/419/419
f 452/452/452 451/451/451 419/419/419
f 453/453/453 451/451/451 452/452/452
f 529/529/529 453/453/453 452/452/452
f 450/450/450 451/451/451 453/453/453
f 454/454/454 450/450/450 453/453/453
f 449/449/449 1071/1071/1071 1072/1072/1072
f 455/455/455 449/449/449 1072/1072/1072
f 1053/1053/1053 456/456/456 447/447/447
f 1052/1052/1052 1053/1053/1053 447/447/447
f 447/447/447 456/456/456 1061/1061/1061
f 1062/1062/1062 447/447/447 1061/1061/1061
f 395/395/395 462/462/462 1104/1104/1104
f 457/457/457 395/395/395 1104/1104/1104
f 398/398/398 395/395/395 457/457/457
f 458/458/458 398/398/398 457/457/457
f 464/464/464 459/459/459 401/401/401
f 463/463/463 464/464/464 401/401/401
f 468/468/468 460/460/460 400/400/400
f 467/467/467 468/468/468 400/400/400
f 579/579/579 400/400/400 460/460/460
f 306/306/306 4/4/4 575/575/575
f 576/576/576 306/306/306 575/575/575
f 459/459/459 464/464/464 465/465/465
f 444/444/444 459/459/459 465/465/465
f 462/462/462 423/423/423 1103/1103/1103
f 1104/1104/1104 462/462/462 1103/1103/1103
f 398/398/398 458/458/458 464/464/464
f 463/463/463 398/398/398 464/464/464
f 458/458/458 1047/1047/1047 465/465/465
f 464/464/464 458/458/458 465/465/465
f 440/440/440 431/431/431 466/466/466
f 465/465/465 440/440/440 466/466/466
f 586/586/586 401/401/401 459/459/459
f 1048/1048/1048 441/441/441 440/440/440
f 1047/1047/1047 1048/1048/1048 440/440/440
f 1090/1090/1090 442/442/442 1049/1049/1049
f 1089/1089/1089 1090/1090/1090 1049/1049/1049
f 441/441/441 1048/1048/1048 1049/1049/1049
f 442/442/442 441/441/441 1049/1049/1049
f 1051/1051/1051 446/446/446 1063/1063/1063
f 1064/1064/1064 1051/1051/1051 1063/1063/1063
f 1070/1070/1070 448/448/448 1065/1065/1065
f 1069/1069/1069 1070/1070/1070 1065/1065/1065
f 468/468/468 459/459/459 444/444/444
f 438/438/438 468/468/468 444/444/444
f 460/460/460 468/468/468 438/438/438
f 436/436/436 460/460/460 438/438/438
f 461/461/461 460/460/460 436/436/436
f 434/434/434 461/461/461 436/436/436
f 13/13/13 461/461/461 434/434/434
f 10/10/10 13/13/13 434/434/434
f 470/470/470 488/488/488 1153/1153/1153
f 1154/1154/1154 470/470/470 1153/1153/1153
f 1154/1154/1154 1155/1155/1155 471/471/471
f 470/470/470 1154/1154/1154 471/471/471
f 1156/1156/1156 472/472/472 471/471/471
f 1155/1155/1155 1156/1156/1156 471/471/471
f 9/9/9 435/435/435 472/472/472
f 1156/1156/1156 9/9/9 472/472/472
f 473/473/473 472/472/472 435/435/435
f 437/437/437 473/473/473 435/435/435
f 471/471/471 472/472/472 473/473/473
f 474/474/474 471/471/471 473/473/473
f 475/475/475 470/470/470 471/471/471
f 474/474/474 475/475/475 471/471/471
f 476/476/476 466/466/466 431/431/431
f 430/430/430 476/476/476 431/431/431
f 477/477/477 476/476/476 430/430/430
f 429/429/429 477/477/477 430/430/430
f 479/479/479 477/477/477 429/429/429
f 478/478/478 479/479/479 429/429/429
f 481/481/481 480/480/480 479/479/479
f 478/478/478 481/481/481 479/479/479
f 492/492/492 480/480/480 481/481/481
f 491/491/491 492/492/492 481/481/481
f 439/439/439 482/482/482 473/473/473
f 437/437/437 439/439/439 473/473/473
f 482/482/482 439/439/439 445/445/445
f 483/483/483 482/482/482 445/445/445
f 483/483/483 445/445/445 466/466/466
f 476/476/476 483/483/483 466/466/466
f 484/484/484 483/483/483 476/476/476
f 477/477/477 484/484/484 476/476/476
f 485/485/485 482/482/482 483/483/483
f 484/484/484 485/485/485 483/483/483
f 474/474/474 473/473/473 482/482/482
f 485/485/485 474/474/474 482/482/482
f 475/475/475 474/474/474 485/485/485
f 486/486/486 475/475/475 485/485/485
f 486/486/486 485/485/485 484/484/484
f 487/487/487 486/486/486 484/484/484
f 487/487/487 484/484/484 477/477/477
f 479/479/479 487/487/487 477/477/477
f 470/470/470 475/475/475 489/489/489
f 488/488/488 470/470/470 489/489/489
f 486/486/486 495/495/495 489/489/489
f 475/475/475 486/486/486 489/489/489
f 480/480/480 490/490/490 487/487/487
f 479/479/479 480/480/480 487/487/487
f 490/490/490 495/495/495 486/486/486
f 487/487/487 490/490/490 486/486/486
f 490/490/490 480/480/480 492/492/492
f 493/493/493 490/490/490 492/492/492
f 1158/1158/1158 1157/1157/1157 492/492/492
f 491/491/491 1158/1158/1158 492/492/492
f 493/493/493 492/492/492 1157/1157/1157
f 1159/1159/1159 493/493/493 1157/1157/1157
f 494/494/494 493/493/493 1159/1159/1159
f 1160/1160/1160 494/494/494 1159/1159/1159
f 495/495/495 490/490/490 493/493/493
f 494/494/494 495/495/495 493/493/493
f 1153/1153/1153 488/488/488 494/494/494
f 1160/1160/1160 1153/1153/1153 494/494/494
f 488/488/488 489/489/489 495/495/495
f 494/494/494 488/488/488 495/495/495
f 427/427/427 426/426/426 497/497/497
f 496/496/496 427/427/427 497/497/497
f 428/428/428 427/427/427 496/496/496
f 498/498/498 428/428/428 496/496/496
f 428/428/428 498/498/498 478/478/478
f 429/429/429 428/428/428 478/478/478
f 499/499/499 500/500/500 1161/1161/1161
f 1162/1162/1162 499/499/499 1161/1161/1161
f 501/501/501 502/502/502 500/500/500
f 499/499/499 501/501/501 500/500/500
f 501/501/501 496/496/496 497/497/497
f 502/502/502 501/501/501 497/497/497
f 503/503/503 499/499/499 1162/1162/1162
f 1163/1163/1163 503/503/503 1162/1162/1162
f 501/501/501 499/499/499 503/503/503
f 504/504/504 501/501/501 503/503/503
f 504/504/504 498/498/498 496/496/496
f 501/501/501 504/504/504 496/496/496
f 481/481/481 478/478/478 498/498/498
f 504/504/504 481/481/481 498/498/498
f 491/491/491 481/481/481 504/504/504
f 503/503/503 491/491/491 504/504/504
f 1163/1163/1163 1158/1158/1158 491/491/491
f 503/503/503 1163/1163/1163 491/491/491
f 1161/1161/1161 500/500/500 505/505/505
f 1164/1164/1164 1161/1161/1161 505/505/505
f 500/500/500 502/502/502 506/506/506
f 505/505/505 500/500/500 506/506/506
f 502/502/502 497/497/497 507/507/507
f 506/506/506 502/502/502 507/507/507
f 497/497/497 426/426/426 508/508/508
f 507/507/507 497/497/497 508/508/508
f 426/426/426 564/564/564 565/565/565
f 508/508/508 426/426/426 565/565/565
f 541/541/541 532/532/532 509/509/509
f 540/540/540 541/541/541 509/509/509
f 511/511/511 509/509/509 543/543/543
f 544/544/544 511/511/511 543/543/543
f 539/539/539 511/511/511 513/513/513
f 538/538/538 539/539/539 513/513/513
f 511/511/511 544/544/544 545/545/545
f 513/513/513 511/511/511 545/545/545
f 515/515/515 513/513/513 545/545/545
f 574/574/574 515/515/515 545/545/545
f 538/538/538 513/513/513 515/515/515
f 537/537/537 538/538/538 515/515/515
f 567/567/567 516/516/516 536/536/536
f 566/566/566 567/567/567 536/536/536
f 535/535/535 536/536/536 516/516/516
f 517/517/517 535/535/535 516/516/516
f 1165/1165/1165 533/533/533 518/518/518
f 1166/1166/1166 1165/1165/1165 518/518/518
f 533/533/533 534/534/534 519/519/519
f 518/518/518 533/533/533 519/519/519
f 534/534/534 535/535/535 517/517/517
f 519/519/519 534/534/534 517/517/517
f 1166/1166/1166 518/518/518 549/549/549
f 1167/1167/1167 1166/1166/1166 549/549/549
f 549/549/549 518/518/518 519/519/519
f 548/548/548 549/549/549 519/519/519
f 519/519/519 517/517/517 547/547/547
f 548/548/548 519/519/519 547/547/547
f 517/517/517 516/516/516 546/546/546
f 547/547/547 517/517/517 546/546/546
f 546/546/546 516/516/516 567/567/567
f 568/568/568 546/546/546 567/567/567
f 557/557/557 525/525/525 2/2/2
f 34/34/34 557/557/557 2/2/2
f 1132/1132/1132 1133/1133/1133 526/526/526
f 7/7/7 1132/1132/1132 526/526/526
f 528/528/528 527/527/527 8/8/8
f 11/11/11 528/528/528 8/8/8
f 543/543/543 509/509/509 532/532/532
f 542/542/542 543/543/543 532/532/532
f 509/509/509 511/511/511 539/539/539
f 540/540/540 509/509/509 539/539/539
f 530/530/530 529/529/529 452/452/452
f 528/528/528 530/530/530 452/452/452
f 530/530/530 531/531/531 453/453/453
f 529/529/529 530/530/530 453/453/453
f 11/11/11 30/30/30 530/530/530
f 528/528/528 11/11/11 530/530/530
f 30/30/30 12/12/12 531/531/531
f 530/530/530 30/30/30 531/531/531
f 32/32/32 26/26/26 532/532/532
f 541/541/541 32/32/32 532/532/532
f 542/542/542 532/532/532 26/26/26
f 33/33/33 542/542/542 26/26/26
f 1164/1164/1164 505/505/505 533/533/533
f 1165/1165/1165 1164/1164/1164 533/533/533
f 505/505/505 506/506/506 534/534/534
f 533/533/533 505/505/505 534/534/534
f 506/506/506 507/507/507 535/535/535
f 534/534/534 506/506/506 535/535/535
f 507/507/507 508/508/508 536/536/536
f 535/535/535 507/507/507 536/536/536
f 536/536/536 508/508/508 565/565/565
f 566/566/566 536/536/536 565/565/565
f 455/455/455 538/538/538 537/537/537
f 1053/1053/1053 455/455/455 537/537/537
f 454/454/454 539/539/539 538/538/538
f 1072/1072/1072 454/454/454 538/538/538
f 539/539/539 454/454/454 453/453/453
f 540/540/540 539/539/539 453/453/453
f 453/453/453 531/531/531 541/541/541
f 540/540/540 453/453/453 541/541/541
f 531/531/531 12/12/12 32/32/32
f 541/541/541 531/531/531 32/32/32
f 543/543/543 542/542/542 570/570/570
f 571/571/571 543/543/543 570/570/570
f 544/544/544 543/543/543 571/571/571
f 572/572/572 544/544/544 571/571/571
f 544/544/544 572/572/572 573/573/573
f 545/545/545 544/544/544 573/573/573
f 545/545/545 573/573/573 574/574/574
f 37/37/37 27/27/27 550/550/550
f 570/570/570 37/37/37 550/550/550
f 1115/1115/1115 1116/1116/1116 413/413/413
f 551/551/551 1115/1115/1115 413/413/413
f 415/415/415 553/553/553 554/554/554
f 1067/1067/1067 415/415/415 554/554/554
f 554/554/554 555/555/555 422/422/422
f 417/417/417 554/554/554 422/422/422
f 555/555/555 556/556/556 420/420/420
f 422/422/422 555/555/555 420/420/420
f 556/556/556 557/557/557 526/526/526
f 420/420/420 556/556/556 526/526/526
f 526/526/526 557/557/557 34/34/34
f 7/7/7 526/526/526 34/34/34
f 414/414/414 558/558/558 1101/1101/1101
f 1102/1102/1102 414/414/414 1101/1101/1101
f 1085/1085/1085 1102/1102/1102 1101/1101/1101
f 1084/1084/1084 1085/1085/1085 1101/1101/1101
f 405/405/405 1101/1101/1101 558/558/558
f 559/559/559 405/405/405 558/558/558
f 578/578/578 524/524/524 561/561/561
f 1140/1140/1140 578/578/578 561/561/561
f 403/403/403 562/562/562 561/561/561
f 524/524/524 403/403/403 561/561/561
f 404/404/404 560/560/560 562/562/562
f 403/403/403 404/404/404 562/562/562
f 560/560/560 404/404/404 405/405/405
f 559/559/559 560/560/560 405/405/405
f 563/563/563 317/317/317 378/378/378
f 371/371/371 382/382/382 340/340/340
f 456/456/456 565/565/565 1061/1061/1061
f 566/566/566 565/565/565 456/456/456
f 537/537/537 566/566/566 456/456/456
f 537/537/537 515/515/515 567/567/567
f 566/566/566 537/537/537 567/567/567
f 567/567/567 515/515/515 574/574/574
f 568/568/568 567/567/567 574/574/574
f 426/426/426 383/383/383 378/378/378
f 564/564/564 426/426/426 378/378/378
f 570/570/570 1168/1168/1168 510/510/510
f 1169/1169/1169 570/570/570 510/510/510
f 572/572/572 571/571/571 1170/1170/1170
f 512/512/512 572/572/572 1170/1170/1170
f 573/573/573 572/572/572 512/512/512
f 514/514/514 573/573/573 512/512/512
f 574/574/574 514/514/514 569/569/569
f 568/568/568 574/574/574 569/569/569
f 568/568/568 569/569/569 523/523/523
f 546/546/546 568/568/568 523/523/523
f 546/546/546 523/523/523 522/522/522
f 547/547/547 546/546/546 522/522/522
f 547/547/547 522/522/522 521/521/521
f 548/548/548 547/547/547 521/521/521
f 521/521/521 520/520/520 549/549/549
f 548/548/548 521/521/521 549/549/549
f 549/549/549 520/520/520 1171/1171/1171
f 1167/1167/1167 549/549/549 1171/1171/1171
f 542/542/542 33/33/33 37/37/37
f 570/570/570 542/542/542 37/37/37
f 576/576/576 461/461/461 13/13/13
f 306/306/306 576/576/576 13/13/13
f 575/575/575 399/399/399 461/461/461
f 576/576/576 575/575/575 461/461/461
f 381/381/381 379/379/379 427/427/427
f 428/428/428 381/381/381 427/427/427
f 110/110/110 109/109/109 157/157/157
f 303/303/303 275/275/275 304/304/304
f 573/573/573 514/514/514 574/574/574
f 47/47/47 46/46/46 123/123/123
f 293/293/293 47/47/47 123/123/123
f 46/46/46 45/45/45 122/122/122
f 123/123/123 46/46/46 122/122/122
f 316/316/316 393/393/393 392/392/392
f 315/315/315 316/316/316 392/392/392
f 563/563/563 393/393/393 316/316/316
f 317/317/317 563/563/563 316/316/316
f 579/579/579 460/460/460 461/461/461
f 399/399/399 579/579/579 461/461/461
f 190/190/190 130/130/130 580/580/580
f 583/583/583 126/126/126 141/141/141
f 581/581/581 1039/1039/1039 141/141/141
f 5/5/5 581/581/581 141/141/141
f 396/396/396 582/582/582 411/411/411
f 586/586/586 459/459/459 468/468/468
f 467/467/467 586/586/586 468/468/468
f 189/189/189 131/131/131 587/587/587
f 664/664/664 684/684/684 685/685/685
f 599/599/599 664/664/664 685/685/685
f 600/600/600 673/673/673 682/682/682
f 683/683/683 600/600/600 682/682/682
f 601/601/601 713/713/713 714/714/714
f 696/696/696 601/601/601 714/714/714
f 694/694/694 695/695/695 602/602/602
f 603/603/603 694/694/694 602/602/602
f 693/693/693 694/694/694 603/603/603
f 589/589/589 693/693/693 603/603/603
f 663/663/663 664/664/664 599/599/599
f 595/595/595 663/663/663 599/599/599
f 592/592/592 672/672/672 673/673/673
f 600/600/600 592/592/592 673/673/673
f 596/596/596 712/712/712 713/713/713
f 601/601/601 596/596/596 713/713/713
f 603/603/603 602/602/602 597/597/597
f 1032/1032/1032 603/603/603 597/597/597
f 589/589/589 603/603/603 1032/1032/1032
f 1033/1033/1033 589/589/589 1032/1032/1032
f 717/717/717 718/718/718 6/6/6
f 142/142/142 717/717/717 6/6/6
f 716/716/716 717/717/717 142/142/142
f 143/143/143 716/716/716 142/142/142
f 606/606/606 281/281/281 1079/1079/1079
f 1081/1081/1081 606/606/606 1079/1079/1079
f 607/607/607 143/143/143 281/281/281
f 666/666/666 607/607/607 281/281/281
f 675/675/675 716/716/716 143/143/143
f 607/607/607 675/675/675 143/143/143
f 674/674/674 675/675/675 607/607/607
f 593/593/593 674/674/674 607/607/607
f 665/665/665 666/666/666 606/606/606
f 594/594/594 665/665/665 606/606/606
f 609/609/609 599/599/599 685/685/685
f 697/697/697 609/609/609 685/685/685
f 595/595/595 599/599/599 609/609/609
f 610/610/610 595/595/595 609/609/609
f 290/290/290 610/610/610 609/609/609
f 289/289/289 290/290/290 609/609/609
f 292/292/292 611/611/611 610/610/610
f 290/290/290 292/292/292 610/610/610
f 291/291/291 1141/1141/1141 612/612/612
f 291/291/291 612/612/612 611/611/611
f 292/292/292 291/291/291 611/611/611
f 612/612/612 613/613/613 614/614/614
f 611/611/611 612/612/612 614/614/614
f 611/611/611 614/614/614 595/595/595
f 610/610/610 611/611/611 595/595/595
f 1035/1035/1035 598/598/598 597/597/597
f 588/588/588 598/598/598 1035/1035/1035
f 1036/1036/1036 588/588/588 1035/1035/1035
f 616/616/616 711/711/711 622/622/622
f 615/615/615 711/711/711 616/616/616
f 615/615/615 621/621/621 711/711/711
f 621/621/621 615/615/615 617/617/617
f 626/626/626 621/621/621 617/617/617
f 616/616/616 622/622/622 681/681/681
f 618/618/618 616/616/616 681/681/681
f 619/619/619 618/618/618 662/662/662
f 624/624/624 619/619/619 662/662/662
f 625/625/625 620/620/620 619/619/619
f 624/624/624 625/625/625 619/619/619
f 626/626/626 617/617/617 620/620/620
f 625/625/625 626/626/626 620/620/620
f 620/620/620 617/617/617 618/618/618
f 619/619/619 620/620/620 618/618/618
f 617/617/617 615/615/615 616/616/616
f 618/618/618 617/617/617 616/616/616
f 712/712/712 596/596/596 622/622/622
f 711/711/711 712/712/712 622/622/622
f 672/672/672 592/592/592 623/623/623
f 681/681/681 672/672/672 623/623/623
f 662/662/662 663/663/663 595/595/595
f 624/624/624 662/662/662 595/595/595
f 614/614/614 625/625/625 624/624/624
f 595/595/595 614/614/614 624/624/624
f 613/613/613 626/626/626 625/625/625
f 614/614/614 613/613/613 625/625/625
f 597/597/597 621/621/621 626/626/626
f 613/613/613 597/597/597 626/626/626
f 687/687/687 669/669/669 634/634/634
f 686/686/686 687/687/687 634/634/634
f 635/635/635 688/688/688 689/689/689
f 678/678/678 635/635/635 689/689/689
f 690/690/690 707/707/707 708/708/708
f 636/636/636 690/690/690 708/708/708
f 692/692/692 638/638/638 637/637/637
f 691/691/691 692/692/692 637/637/637
f 693/693/693 589/589/589 638/638/638
f 692/692/692 693/693/693 638/638/638
f 669/669/669 670/670/670 630/630/630
f 634/634/634 669/669/669 630/630/630
f 627/627/627 635/635/635 678/678/678
f 679/679/679 627/627/627 678/678/678
f 631/631/631 636/636/636 708/708/708
f 709/709/709 631/631/631 708/708/708
f 637/637/637 638/638/638 1034/1034/1034
f 632/632/632 637/637/637 1034/1034/1034
f 638/638/638 589/589/589 1033/1033/1033
f 1034/1034/1034 638/638/638 1033/1033/1033
f 702/702/702 693/693/693 692/692/692
f 701/701/701 702/702/702 692/692/692
f 701/701/701 692/692/692 691/691/691
f 700/700/700 701/701/701 691/691/691
f 718/718/718 719/719/719 412/412/412
f 6/6/6 718/718/718 412/412/412
f 719/719/719 720/720/720 413/413/413
f 412/412/412 719/719/719 413/413/413
f 641/641/641 551/551/551 667/667/667
f 640/640/640 643/643/643 676/676/676
f 720/720/720 640/640/640 676/676/676
f 706/706/706 707/707/707 690/690/690
f 699/699/699 706/706/706 690/690/690
f 677/677/677 628/628/628 642/642/642
f 676/676/676 677/677/677 642/642/642
f 667/667/667 668/668/668 629/629/629
f 641/641/641 667/667/667 629/629/629
f 641/641/641 629/629/629 686/686/686
f 698/698/698 641/641/641 686/686/686
f 630/630/630 645/645/645 644/644/644
f 634/634/634 630/630/630 644/644/644
f 559/559/559 558/558/558 698/698/698
f 644/644/644 559/559/559 698/698/698
f 560/560/560 559/559/559 644/644/644
f 645/645/645 560/560/560 644/644/644
f 646/646/646 562/562/562 560/560/560
f 645/645/645 646/646/646 560/560/560
f 1140/1140/1140 561/561/561 647/647/647
f 647/647/647 561/561/561 562/562/562
f 646/646/646 647/647/647 562/562/562
f 648/648/648 647/647/647 646/646/646
f 649/649/649 648/648/648 646/646/646
f 649/649/649 646/646/646 645/645/645
f 630/630/630 649/649/649 645/645/645
f 632/632/632 633/633/633 1037/1037/1037
f 633/633/633 588/588/588 1036/1036/1036
f 1037/1037/1037 633/633/633 1036/1036/1036
f 710/710/710 651/651/651 657/657/657
f 710/710/710 650/650/650 651/651/651
f 656/656/656 650/650/650 710/710/710
f 650/650/650 656/656/656 661/661/661
f 652/652/652 650/650/650 661/661/661
f 657/657/657 651/651/651 653/653/653
f 680/680/680 657/657/657 653/653/653
f 671/671/671 653/653/653 654/654/654
f 659/659/659 671/671/671 654/654/654
f 655/655/655 660/660/660 659/659/659
f 654/654/654 655/655/655 659/659/659
f 652/652/652 661/661/661 660/660/660
f 655/655/655 652/652/652 660/660/660
f 652/652/652 655/655/655 654/654/654
f 653/653/653 652/652/652 654/654/654
f 650/650/650 652/652/652 653/653/653
f 651/651/651 650/650/650 653/653/653
f 709/709/709 710/710/710 657/657/657
f 631/631/631 709/709/709 657/657/657
f 679/679/679 680/680/680 658/658/658
f 627/627/627 679/679/679 658/658/658
f 670/670/670 671/671/671 659/659/659
f 630/630/630 670/670/670 659/659/659
f 660/660/660 649/649/649 630/630/630
f 659/659/659 660/660/660 630/630/630
f 661/661/661 648/648/648 649/649/649
f 660/660/660 661/661/661 649/649/649
f 656/656/656 632/632/632 648/648/648
f 661/661/661 656/656/656 648/648/648
f 623/623/623 592/592/592 663/663/663
f 662/662/662 623/623/623 663/663/663
f 592/592/592 600/600/600 664/664/664
f 663/663/663 592/592/592 664/664/664
f 600/600/600 683/683/683 684/684/684
f 664/664/664 600/600/600 684/684/684
f 593/593/593 607/607/607 666/666/666
f 665/665/665 593/593/593 666/666/666
f 642/642/642 628/628/628 668/668/668
f 667/667/667 642/642/642 668/668/668
f 688/688/688 635/635/635 669/669/669
f 687/687/687 688/688/688 669/669/669
f 635/635/635 627/627/627 670/670/670
f 669/669/669 635/635/635 670/670/670
f 627/627/627 658/658/658 671/671/671
f 670/670/670 627/627/627 671/671/671
f 672/672/672 596/596/596 601/601/601
f 673/673/673 672/672/672 601/601/601
f 673/673/673 601/601/601 696/696/696
f 682/682/682 673/673/673 696/696/696
f 690/690/690 689/689/689 677/677/677
f 699/699/699 690/690/690 677/677/677
f 678/678/678 689/689/689 690/690/690
f 636/636/636 678/678/678 690/690/690
f 679/679/679 678/678/678 636/636/636
f 631/631/631 679/679/679 636/636/636
f 631/631/631 657/657/657 680/680/680
f 679/679/679 631/631/631 680/680/680
f 622/622/622 596/596/596 672/672/672
f 681/681/681 622/622/622 672/672/672
f 683/683/683 682/682/682 674/674/674
f 593/593/593 683/683/683 674/674/674
f 683/683/683 593/593/593 665/665/665
f 684/684/684 683/683/683 665/665/665
f 684/684/684 665/665/665 594/594/594
f 685/685/685 684/684/684 594/594/594
f 629/629/629 668/668/668 687/687/687
f 686/686/686 629/629/629 687/687/687
f 668/668/668 628/628/628 688/688/688
f 687/687/687 668/668/668 688/688/688
f 688/688/688 628/628/628 677/677/677
f 689/689/689 688/688/688 677/677/677
f 702/702/702 703/703/703 694/694/694
f 693/693/693 702/702/702 694/694/694
f 703/703/703 704/704/704 695/695/695
f 694/694/694 703/703/703 695/695/695
f 715/715/715 705/705/705 696/696/696
f 714/714/714 715/715/715 696/696/696
f 696/696/696 705/705/705 674/674/674
f 682/682/682 696/696/696 674/674/674
f 685/685/685 594/594/594 606/606/606
f 697/697/697 685/685/685 606/606/606
f 644/644/644 698/698/698 686/686/686
f 634/634/634 644/644/644 686/686/686
f 643/643/643 699/699/699 677/677/677
f 676/676/676 643/643/643 677/677/677
f 699/699/699 643/643/643 706/706/706
f 640/640/640 639/639/639 701/701/701
f 700/700/700 640/640/640 701/701/701
f 639/639/639 590/590/590 702/702/702
f 701/701/701 639/639/639 702/702/702
f 590/590/590 604/604/604 703/703/703
f 702/702/702 590/590/590 703/703/703
f 604/604/604 605/605/605 704/704/704
f 703/703/703 604/604/604 704/704/704
f 715/715/715 608/608/608 705/705/705
f 705/705/705 608/608/608 675/675/675
f 674/674/674 705/705/705 675/675/675
f 623/623/623 618/618/618 681/681/681
f 671/671/671 658/658/658 653/653/653
f 658/658/658 680/680/680 653/653/653
f 697/697/697 288/288/288 289/289/289
f 609/609/609 697/697/697 289/289/289
f 558/558/558 1080/1080/1080 641/641/641
f 698/698/698 558/558/558 641/641/641
f 606/606/606 666/666/666 281/281/281
f 413/413/413 642/642/642 667/667/667
f 551/551/551 413/413/413 667/667/667
f 643/643/643 640/640/640 700/700/700
f 706/706/706 643/643/643 700/700/700
f 700/700/700 691/691/691 707/707/707
f 706/706/706 700/700/700 707/707/707
f 709/709/709 708/708/708 637/637/637
f 632/632/632 709/709/709 637/637/637
f 632/632/632 656/656/656 710/710/710
f 709/709/709 632/632/632 710/710/710
f 621/621/621 597/597/597 712/712/712
f 711/711/711 621/621/621 712/712/712
f 712/712/712 597/597/597 602/602/602
f 713/713/713 712/712/712 602/602/602
f 695/695/695 704/704/704 715/715/715
f 714/714/714 695/695/695 715/715/715
f 704/704/704 605/605/605 608/608/608
f 715/715/715 704/704/704 608/608/608
f 691/691/691 637/637/637 708/708/708
f 707/707/707 691/691/691 708/708/708
f 602/602/602 695/695/695 714/714/714
f 713/713/713 602/602/602 714/714/714
f 605/605/605 604/604/604 717/717/717
f 716/716/716 605/605/605 717/717/717
f 604/604/604 590/590/590 718/718/718
f 717/717/717 604/604/604 718/718/718
f 590/590/590 639/639/639 719/719/719
f 718/718/718 590/590/590 719/719/719
f 639/639/639 640/640/640 720/720/720
f 719/719/719 639/639/639 720/720/720
f 608/608/608 605/605/605 716/716/716
f 675/675/675 608/608/608 716/716/716
f 413/413/413 720/720/720 676/676/676
f 642/642/642 413/413/413 676/676/676
f 723/723/723 724/724/724 721/721/721
f 722/722/722 723/723/723 721/721/721
f 725/725/725 726/726/726 723/723/723
f 722/722/722 725/725/725 723/723/723
f 746/746/746 726/726/726 725/725/725
f 745/745/745 746/746/746 725/725/725
f 730/730/730 728/728/728 727/727/727
f 729/729/729 730/730/730 727/727/727
f 752/752/752 730/730/730 729/729/729
f 751/751/751 752/752/752 729/729/729
f 732/732/732 731/731/731 753/753/753
f 754/754/754 732/732/732 753/753/753
f 736/736/736 734/734/734 733/733/733
f 735/735/735 736/736/736 733/733/733
f 738/738/738 736/736/736 735/735/735
f 737/737/737 738/738/738 735/735/735
f 740/740/740 738/738/738 737/737/737
f 739/739/739 740/740/740 737/737/737
f 820/820/820 749/749/749 750/750/750
f 744/744/744 742/742/742 741/741/741
f 743/743/743 744/744/744 741/741/741
f 748/748/748 744/744/744 743/743/743
f 747/747/747 748/748/748 743/743/743
f 727/727/727 728/728/728 746/746/746
f 745/745/745 727/727/727 746/746/746
f 721/721/721 724/724/724 748/748/748
f 747/747/747 721/721/721 748/748/748
f 750/750/750 749/749/749 741/741/741
f 742/742/742 750/750/750 741/741/741
f 731/731/731 732/732/732 752/752/752
f 751/751/751 731/731/731 752/752/752
f 733/733/733 734/734/734 754/754/754
f 753/753/753 733/733/733 754/754/754
f 746/746/746 728/728/728 756/756/756
f 755/755/755 746/746/746 756/756/756
f 755/755/755 757/757/757 726/726/726
f 746/746/746 755/755/755 726/726/726
f 758/758/758 756/756/756 728/728/728
f 730/730/730 758/758/758 728/728/728
f 759/759/759 758/758/758 730/730/730
f 752/752/752 759/759/759 730/730/730
f 760/760/760 759/759/759 752/752/752
f 732/732/732 760/760/760 752/752/752
f 761/761/761 762/762/762 734/734/734
f 736/736/736 761/761/761 734/734/734
f 762/762/762 763/763/763 754/754/754
f 734/734/734 762/762/762 754/754/754
f 760/760/760 732/732/732 754/754/754
f 763/763/763 760/760/760 754/754/754
f 736/736/736 738/738/738 764/764/764
f 761/761/761 736/736/736 764/764/764
f 765/765/765 723/723/723 726/726/726
f 757/757/757 765/765/765 726/726/726
f 724/724/724 723/723/723 765/765/765
f 766/766/766 724/724/724 765/765/765
f 767/767/767 748/748/748 724/724/724
f 766/766/766 767/767/767 724/724/724
f 767/767/767 768/768/768 744/744/744
f 748/748/748 767/767/767 744/744/744
f 768/768/768 769/769/769 742/742/742
f 744/744/744 768/768/768 742/742/742
f 769/769/769 770/770/770 750/750/750
f 742/742/742 769/769/769 750/750/750
f 750/750/750 770/770/770 771/771/771
f 740/740/740 750/750/750 771/771/771
f 771/771/771 764/764/764 738/738/738
f 740/740/740 771/771/771 738/738/738
f 765/765/765 757/757/757 773/773/773
f 772/772/772 765/765/765 773/773/773
f 766/766/766 765/765/765 772/772/772
f 774/774/774 766/766/766 772/772/772
f 767/767/767 766/766/766 774/774/774
f 775/775/775 767/767/767 774/774/774
f 775/775/775 776/776/776 768/768/768
f 767/767/767 775/775/775 768/768/768
f 770/770/770 778/778/778 777/777/777
f 771/771/771 770/770/770 777/777/777
f 770/770/770 769/769/769 779/779/779
f 778/778/778 770/770/770 779/779/779
f 776/776/776 779/779/779 769/769/769
f 768/768/768 776/776/776 769/769/769
f 780/780/780 781/781/781 761/761/761
f 764/764/764 780/780/780 761/761/761
f 777/777/777 780/780/780 764/764/764
f 771/771/771 777/777/777 764/764/764
f 756/756/756 782/782/782 783/783/783
f 755/755/755 756/756/756 783/783/783
f 783/783/783 773/773/773 757/757/757
f 755/755/755 783/783/783 757/757/757
f 781/781/781 784/784/784 762/762/762
f 761/761/761 781/781/781 762/762/762
f 784/784/784 785/785/785 763/763/763
f 762/762/762 784/784/784 763/763/763
f 786/786/786 760/760/760 763/763/763
f 785/785/785 786/786/786 763/763/763
f 786/786/786 787/787/787 759/759/759
f 760/760/760 786/786/786 759/759/759
f 787/787/787 788/788/788 758/758/758
f 759/759/759 787/787/787 758/758/758
f 788/788/788 782/782/782 756/756/756
f 758/758/758 788/788/788 756/756/756
f 397/397/397 582/582/582 774/774/774
f 772/772/772 397/397/397 774/774/774
f 402/402/402 397/397/397 772/772/772
f 773/773/773 402/402/402 772/772/772
f 773/773/773 783/783/783 399/399/399
f 402/402/402 773/773/773 399/399/399
f 400/400/400 579/579/579 782/782/782
f 788/788/788 400/400/400 782/782/782
f 579/579/579 399/399/399 783/783/783
f 782/782/782 579/579/579 783/783/783
f 396/396/396 552/552/552 776/776/776
f 775/775/775 396/396/396 776/776/776
f 582/582/582 396/396/396 775/775/775
f 774/774/774 582/582/582 775/775/775
f 400/400/400 788/788/788 787/787/787
f 467/467/467 400/400/400 787/787/787
f 787/787/787 786/786/786 586/586/586
f 467/467/467 787/787/787 586/586/586
f 586/586/586 786/786/786 785/785/785
f 401/401/401 586/586/586 785/785/785
f 463/463/463 401/401/401 785/785/785
f 784/784/784 463/463/463 785/785/785
f 784/784/784 781/781/781 398/398/398
f 463/463/463 784/784/784 398/398/398
f 781/781/781 780/780/780 395/395/395
f 398/398/398 781/781/781 395/395/395
f 780/780/780 777/777/777 462/462/462
f 395/395/395 780/780/780 462/462/462
f 778/778/778 423/423/423 462/462/462
f 777/777/777 778/778/778 462/462/462
f 584/584/584 423/423/423 778/778/778
f 779/779/779 584/584/584 778/778/778
f 552/552/552 584/584/584 779/779/779
f 776/776/776 552/552/552 779/779/779
f 789/789/789 790/790/790 721/721/721
f 747/747/747 789/789/789 721/721/721
f 747/747/747 743/743/743 791/791/791
f 789/789/789 747/747/747 791/791/791
f 743/743/743 741/741/741 792/792/792
f 791/791/791 743/743/743 792/792/792
f 741/741/741 749/749/749 793/793/793
f 792/792/792 741/741/741 793/793/793
f 722/722/722 721/721/721 790/790/790
f 794/794/794 722/722/722 790/790/790
f 794/794/794 795/795/795 725/725/725
f 722/722/722 794/794/794 725/725/725
f 795/795/795 796/796/796 745/745/745
f 725/725/725 795/795/795 745/745/745
f 796/796/796 797/797/797 727/727/727
f 745/745/745 796/796/796 727/727/727
f 797/797/797 798/798/798 729/729/729
f 727/727/727 797/797/797 729/729/729
f 798/798/798 799/799/799 751/751/751
f 729/729/729 798/798/798 751/751/751
f 731/731/731 751/751/751 799/799/799
f 800/800/800 731/731/731 799/799/799
f 731/731/731 800/800/800 801/801/801
f 753/753/753 731/731/731 801/801/801
f 733/733/733 753/753/753 801/801/801
f 802/802/802 733/733/733 801/801/801
f 735/735/735 733/733/733 802/802/802
f 803/803/803 735/735/735 802/802/802
f 1174/1174/1174 1173/1173/1173 1172/1172/1172
f 804/804/804 1174/1174/1174 1172/1172/1172
f 739/739/739 737/737/737 1175/1175/1175
f 805/805/805 739/739/739 1175/1175/1175
f 820/820/820 821/821/821 793/793/793
f 749/749/749 820/820/820 793/793/793
f 1177/1177/1177 1176/1176/1176 806/806/806
f 1178/1178/1178 1177/1177/1177 806/806/806
f 806/806/806 1176/1176/1176 1179/1179/1179
f 813/813/813 806/806/806 1179/1179/1179
f 806/806/806 807/807/807 1180/1180/1180
f 1178/1178/1178 806/806/806 1180/1180/1180
f 1181/1181/1181 1180/1180/1180 807/807/807
f 808/808/808 1181/1181/1181 807/807/807
f 809/809/809 1182/1182/1182 1181/1181/1181
f 808/808/808 809/809/809 1181/1181/1181
f 1183/1183/1183 1182/1182/1182 809/809/809
f 810/810/810 1183/1183/1183 809/809/809
f 1183/1183/1183 810/810/810 811/811/811
f 1184/1184/1184 1183/1183/1183 811/811/811
f 1184/1184/1184 811/811/811 812/812/812
f 1185/1185/1185 1184/1184/1184 812/812/812
f 1185/1185/1185 812/812/812 1172/1172/1172
f 1186/1186/1186 813/813/813 1179/1179/1179
f 813/813/813 814/814/814 807/807/807
f 806/806/806 813/813/813 807/807/807
f 808/808/808 807/807/807 814/814/814
f 815/815/815 808/808/808 814/814/814
f 809/809/809 808/808/808 815/815/815
f 816/816/816 809/809/809 815/815/815
f 817/817/817 810/810/810 809/809/809
f 816/816/816 817/817/817 809/809/809
f 810/810/810 817/817/817 818/818/818
f 811/811/811 810/810/810 818/818/818
f 812/812/812 811/811/811 818/818/818
f 819/819/819 812/812/812 818/818/818
f 812/812/812 819/819/819 804/804/804
f 1172/1172/1172 812/812/812 804/804/804
f 1186/1186/1186 1187/1187/1187 814/814/814
f 813/813/813 1186/1186/1186 814/814/814
f 815/815/815 814/814/814 1187/1187/1187
f 1188/1188/1188 815/815/815 1187/1187/1187
f 1188/1188/1188 1189/1189/1189 816/816/816
f 815/815/815 1188/1188/1188 816/816/816
f 820/820/820 750/750/750 740/740/740
f 739/739/739 820/820/820 740/740/740
f 821/821/821 820/820/820 739/739/739
f 805/805/805 821/821/821 739/739/739
f 817/817/817 816/816/816 1189/1189/1189
f 1190/1190/1190 817/817/817 1189/1189/1189
f 817/817/817 1190/1190/1190 1191/1191/1191
f 818/818/818 817/817/817 1191/1191/1191
f 1191/1191/1191 804/804/804 819/819/819
f 818/818/818 1191/1191/1191 819/819/819
f 824/824/824 823/823/823 822/822/822
f 825/825/825 824/824/824 822/822/822
f 826/826/826 823/823/823 824/824/824
f 827/827/827 826/826/826 824/824/824
f 847/847/847 846/846/846 826/826/826
f 827/827/827 847/847/847 826/826/826
f 831/831/831 830/830/830 828/828/828
f 829/829/829 831/831/831 828/828/828
f 853/853/853 852/852/852 830/830/830
f 831/831/831 853/853/853 830/830/830
f 832/832/832 833/833/833 855/855/855
f 854/854/854 832/832/832 855/855/855
f 837/837/837 836/836/836 834/834/834
f 835/835/835 837/837/837 834/834/834
f 839/839/839 838/838/838 836/836/836
f 837/837/837 839/839/839 836/836/836
f 841/841/841 840/840/840 838/838/838
f 839/839/839 841/841/841 838/838/838
f 850/850/850 921/921/921 851/851/851
f 845/845/845 844/844/844 842/842/842
f 843/843/843 845/845/845 842/842/842
f 849/849/849 848/848/848 844/844/844
f 845/845/845 849/849/849 844/844/844
f 828/828/828 846/846/846 847/847/847
f 829/829/829 828/828/828 847/847/847
f 822/822/822 848/848/848 849/849/849
f 825/825/825 822/822/822 849/849/849
f 851/851/851 843/843/843 842/842/842
f 850/850/850 851/851/851 842/842/842
f 832/832/832 852/852/852 853/853/853
f 833/833/833 832/832/832 853/853/853
f 834/834/834 854/854/854 855/855/855
f 835/835/835 834/834/834 855/855/855
f 847/847/847 856/856/856 857/857/857
f 829/829/829 847/847/847 857/857/857
f 856/856/856 847/847/847 827/827/827
f 858/858/858 856/856/856 827/827/827
f 859/859/859 831/831/831 829/829/829
f 857/857/857 859/859/859 829/829/829
f 860/860/860 853/853/853 831/831/831
f 859/859/859 860/860/860 831/831/831
f 861/861/861 833/833/833 853/853/853
f 860/860/860 861/861/861 853/853/853
f 862/862/862 837/837/837 835/835/835
f 863/863/863 862/862/862 835/835/835
f 863/863/863 835/835/835 855/855/855
f 864/864/864 863/863/863 855/855/855
f 833/833/833 861/861/861 864/864/864
f 855/855/855 833/833/833 864/864/864
f 837/837/837 862/862/862 865/865/865
f 839/839/839 837/837/837 865/865/865
f 866/866/866 858/858/858 827/827/827
f 824/824/824 866/866/866 827/827/827
f 825/825/825 867/867/867 866/866/866
f 824/824/824 825/825/825 866/866/866
f 868/868/868 867/867/867 825/825/825
f 849/849/849 868/868/868 825/825/825
f 868/868/868 849/849/849 845/845/845
f 869/869/869 868/868/868 845/845/845
f 869/869/869 845/845/845 843/843/843
f 870/870/870 869/869/869 843/843/843
f 870/870/870 843/843/843 851/851/851
f 871/871/871 870/870/870 851/851/851
f 871/871/871 851/851/851 841/841/841
f 872/872/872 871/871/871 841/841/841
f 872/872/872 841/841/841 839/839/839
f 865/865/865 872/872/872 839/839/839
f 866/866/866 873/873/873 874/874/874
f 858/858/858 866/866/866 874/874/874
f 867/867/867 875/875/875 873/873/873
f 866/866/866 867/867/867 873/873/873
f 868/868/868 876/876/876 875/875/875
f 867/867/867 868/868/868 875/875/875
f 876/876/876 868/868/868 869/869/869
f 877/877/877 876/876/876 869/869/869
f 879/879/879 871/871/871 872/872/872
f 878/878/878 879/879/879 872/872/872
f 871/871/871 879/879/879 880/880/880
f 870/870/870 871/871/871 880/880/880
f 877/877/877 869/869/869 870/870/870
f 880/880/880 877/877/877 870/870/870
f 881/881/881 865/865/865 862/862/862
f 882/882/882 881/881/881 862/862/862
f 878/878/878 872/872/872 865/865/865
f 881/881/881 878/878/878 865/865/865
f 857/857/857 856/856/856 884/884/884
f 883/883/883 857/857/857 884/884/884
f 884/884/884 856/856/856 858/858/858
f 874/874/874 884/884/884 858/858/858
f 882/882/882 862/862/862 863/863/863
f 885/885/885 882/882/882 863/863/863
f 885/885/885 863/863/863 864/864/864
f 886/886/886 885/885/885 864/864/864
f 861/861/861 887/887/887 886/886/886
f 864/864/864 861/861/861 886/886/886
f 887/887/887 861/861/861 860/860/860
f 888/888/888 887/887/887 860/860/860
f 888/888/888 860/860/860 859/859/859
f 889/889/889 888/888/888 859/859/859
f 889/889/889 859/859/859 857/857/857
f 883/883/883 889/889/889 857/857/857
f 127/127/127 873/873/873 875/875/875
f 583/583/583 127/127/127 875/875/875
f 132/132/132 874/874/874 873/873/873
f 127/127/127 132/132/132 873/873/873
f 874/874/874 132/132/132 129/129/129
f 884/884/884 874/874/874 129/129/129
f 130/130/130 889/889/889 883/883/883
f 580/580/580 130/130/130 883/883/883
f 580/580/580 883/883/883 884/884/884
f 129/129/129 580/580/580 884/884/884
f 126/126/126 876/876/876 877/877/877
f 282/282/282 126/126/126 877/877/877
f 583/583/583 875/875/875 876/876/876
f 126/126/126 583/583/583 876/876/876
f 130/130/130 197/197/197 888/888/888
f 889/889/889 130/130/130 888/888/888
f 888/888/888 197/197/197 587/587/587
f 887/887/887 888/888/888 587/587/587
f 886/886/886 887/887/887 587/587/587
f 131/131/131 886/886/886 587/587/587
f 193/193/193 885/885/885 886/886/886
f 131/131/131 193/193/193 886/886/886
f 885/885/885 193/193/193 128/128/128
f 882/882/882 885/885/885 128/128/128
f 882/882/882 128/128/128 125/125/125
f 881/881/881 882/882/882 125/125/125
f 881/881/881 125/125/125 192/192/192
f 878/878/878 881/881/881 192/192/192
f 153/153/153 879/879/879 878/878/878
f 192/192/192 153/153/153 878/878/878
f 585/585/585 880/880/880 879/879/879
f 153/153/153 585/585/585 879/879/879
f 282/282/282 877/877/877 880/880/880
f 585/585/585 282/282/282 880/880/880
f 890/890/890 848/848/848 822/822/822
f 891/891/891 890/890/890 822/822/822
f 848/848/848 890/890/890 892/892/892
f 844/844/844 848/848/848 892/892/892
f 844/844/844 892/892/892 893/893/893
f 842/842/842 844/844/844 893/893/893
f 842/842/842 893/893/893 894/894/894
f 850/850/850 842/842/842 894/894/894
f 823/823/823 895/895/895 891/891/891
f 822/822/822 823/823/823 891/891/891
f 895/895/895 823/823/823 826/826/826
f 896/896/896 895/895/895 826/826/826
f 896/896/896 826/826/826 846/846/846
f 897/897/897 896/896/896 846/846/846
f 897/897/897 846/846/846 828/828/828
f 898/898/898 897/897/897 828/828/828
f 898/898/898 828/828/828 830/830/830
f 899/899/899 898/898/898 830/830/830
f 899/899/899 830/830/830 852/852/852
f 900/900/900 899/899/899 852/852/852
f 832/832/832 901/901/901 900/900/900
f 852/852/852 832/832/832 900/900/900
f 901/901/901 832/832/832 854/854/854
f 902/902/902 901/901/901 854/854/854
f 834/834/834 903/903/903 902/902/902
f 854/854/854 834/834/834 902/902/902
f 836/836/836 904/904/904 903/903/903
f 834/834/834 836/836/836 903/903/903
f 838/838/838 905/905/905 904/904/904
f 836/836/836 838/838/838 904/904/904
f 840/840/840 906/906/906 905/905/905
f 838/838/838 840/840/840 905/905/905
f 921/921/921 850/850/850 894/894/894
f 922/922/922 921/921/921 894/894/894
f 1193/1193/1193 1192/1192/1192 907/907/907
f 1194/1194/1194 1193/1193/1193 907/907/907
f 907/907/907 914/914/914 1195/1195/1195
f 1194/1194/1194 907/907/907 1195/1195/1195
f 907/907/907 1192/1192/1192 1196/1196/1196
f 908/908/908 907/907/907 1196/1196/1196
f 1197/1197/1197 909/909/909 908/908/908
f 1196/1196/1196 1197/1197/1197 908/908/908
f 910/910/910 909/909/909 1197/1197/1197
f 1198/1198/1198 910/910/910 1197/1197/1197
f 1199/1199/1199 911/911/911 910/910/910
f 1198/1198/1198 1199/1199/1199 910/910/910
f 911/911/911 1199/1199/1199 1200/1200/1200
f 912/912/912 911/911/911 1200/1200/1200
f 1200/1200/1200 1201/1201/1201 913/913/913
f 912/912/912 1200/1200/1200 913/913/913
f 913/913/913 1201/1201/1201 1202/1202/1202
f 914/914/914 1203/1203/1203 1195/1195/1195
f 914/914/914 907/907/907 908/908/908
f 915/915/915 914/914/914 908/908/908
f 909/909/909 916/916/916 915/915/915
f 908/908/908 909/909/909 915/915/915
f 910/910/910 917/917/917 916/916/916
f 909/909/909 910/910/910 916/916/916
f 918/918/918 917/917/917 910/910/910
f 911/911/911 918/918/918 910/910/910
f 918/918/918 911/911/911 912/912/912
f 919/919/919 918/918/918 912/912/912
f 913/913/913 920/920/920 919/919/919
f 912/912/912 913/913/913 919/919/919
f 913/913/913 1202/1202/1202 1204/1204/1204
f 920/920/920 913/913/913 1204/1204/1204
f 1203/1203/1203 914/914/914 915/915/915
f 1205/1205/1205 1203/1203/1203 915/915/915
f 916/916/916 1206/1206/1206 1205/1205/1205
f 915/915/915 916/916/916 1205/1205/1205
f 1206/1206/1206 916/916/916 917/917/917
f 1207/1207/1207 1206/1206/1206 917/917/917
f 851/851/851 921/921/921 840/840/840
f 841/841/841 851/851/851 840/840/840
f 921/921/921 922/922/922 906/906/906
f 840/840/840 921/921/921 906/906/906
f 918/918/918 1208/1208/1208 1207/1207/1207
f 917/917/917 918/918/918 1207/1207/1207
f 1208/1208/1208 918/918/918 919/919/919
f 1209/1209/1209 1208/1208/1208 919/919/919
f 1209/1209/1209 919/919/919 920/920/920
f 1204/1204/1204 1209/1209/1209 920/920/920
f 941/941/941 254/254/254 133/133/133
f 934/934/934 941/941/941 133/133/133
f 934/934/934 133/133/133 134/134/134
f 935/935/935 934/934/934 134/134/134
f 135/135/135 936/936/936 935/935/935
f 134/134/134 135/135/135 935/935/935
f 136/136/136 937/937/937 1092/1092/1092
f 1093/1093/1093 136/136/136 1092/1092/1092
f 937/937/937 136/136/136 137/137/137
f 938/938/938 937/937/937 137/137/137
f 138/138/138 939/939/939 938/938/938
f 137/137/137 138/138/138 938/938/938
f 139/139/139 940/940/940 939/939/939
f 138/138/138 139/139/139 939/939/939
f 255/255/255 944/944/944 940/940/940
f 139/139/139 255/255/255 940/940/940
f 942/942/942 941/941/941 934/934/934
f 927/927/927 942/942/942 934/934/934
f 927/927/927 934/934/934 935/935/935
f 928/928/928 927/927/927 935/935/935
f 935/935/935 936/936/936 929/929/929
f 928/928/928 935/935/935 929/929/929
f 929/929/929 936/936/936 1092/1092/1092
f 966/966/966 929/929/929 1092/1092/1092
f 930/930/930 937/937/937 938/938/938
f 964/964/964 930/930/930 938/938/938
f 938/938/938 939/939/939 933/933/933
f 931/931/931 938/938/938 933/933/933
f 940/940/940 932/932/932 933/933/933
f 939/939/939 940/940/940 933/933/933
f 944/944/944 943/943/943 932/932/932
f 940/940/940 944/944/944 932/932/932
f 577/577/577 969/969/969 925/925/925
f 1/1/1 577/577/577 925/925/925
f 923/923/923 925/925/925 969/969/969
f 970/970/970 923/923/923 969/969/969
f 943/943/943 944/944/944 926/926/926
f 924/924/924 943/943/943 926/926/926
f 926/926/926 944/944/944 255/255/255
f 2/2/2 926/926/926 255/255/255
f 524/524/524 959/959/959 952/952/952
f 403/403/403 524/524/524 952/952/952
f 403/403/403 952/952/952 953/953/953
f 404/404/404 403/403/403 953/953/953
f 405/405/405 404/404/404 953/953/953
f 954/954/954 405/405/405 953/953/953
f 1083/1083/1083 405/405/405 954/954/954
f 1082/1082/1082 1083/1083/1083 954/954/954
f 406/406/406 955/955/955 956/956/956
f 407/407/407 406/406/406 956/956/956
f 408/408/408 407/407/407 956/956/956
f 957/957/957 408/408/408 956/956/956
f 958/958/958 409/409/409 408/408/408
f 957/957/957 958/958/958 408/408/408
f 962/962/962 525/525/525 409/409/409
f 958/958/958 962/962/962 409/409/409
f 959/959/959 960/960/960 945/945/945
f 952/952/952 959/959/959 945/945/945
f 952/952/952 945/945/945 946/946/946
f 953/953/953 952/952/952 946/946/946
f 953/953/953 946/946/946 947/947/947
f 954/954/954 953/953/953 947/947/947
f 955/955/955 1082/1082/1082 965/965/965
f 948/948/948 955/955/955 965/965/965
f 963/963/963 949/949/949 956/956/956
f 956/956/956 949/949/949 951/951/951
f 957/957/957 956/956/956 951/951/951
f 950/950/950 958/958/958 957/957/957
f 951/951/951 950/950/950 957/957/957
f 961/961/961 962/962/962 958/958/958
f 950/950/950 961/961/961 958/958/958
f 959/959/959 524/524/524 578/578/578
f 967/967/967 959/959/959 578/578/578
f 967/967/967 968/968/968 960/960/960
f 959/959/959 967/967/967 960/960/960
f 961/961/961 924/924/924 926/926/926
f 962/962/962 961/961/961 926/926/926
f 926/926/926 2/2/2 525/525/525
f 962/962/962 926/926/926 525/525/525
f 955/955/955 948/948/948 963/963/963
f 956/956/956 955/955/955 963/963/963
f 938/938/938 931/931/931 964/964/964
f 578/578/578 1/1/1 925/925/925
f 967/967/967 578/578/578 925/925/925
f 925/925/925 923/923/923 968/968/968
f 967/967/967 925/925/925 968/968/968
f 254/254/254 941/941/941 969/969/969
f 577/577/577 254/254/254 969/969/969
f 969/969/969 941/941/941 942/942/942
f 970/970/970 969/969/969 942/942/942
f 961/961/961 1022/1022/1022 971/971/971
f 924/924/924 961/961/961 971/971/971
f 973/973/973 972/972/972 950/950/950
f 951/951/951 973/973/973 950/950/950
f 951/951/951 949/949/949 974/974/974
f 973/973/973 951/951/951 974/974/974
f 975/975/975 974/974/974 949/949/949
f 963/963/963 975/975/975 949/949/949
f 948/948/948 976/976/976 975/975/975
f 963/963/963 948/948/948 975/975/975
f 977/977/977 976/976/976 948/948/948
f 965/965/965 977/977/977 948/948/948
f 977/977/977 965/965/965 947/947/947
f 978/978/978 977/977/977 947/947/947
f 979/979/979 981/981/981 945/945/945
f 960/960/960 979/979/979 945/945/945
f 946/946/946 945/945/945 981/981/981
f 982/982/982 946/946/946 981/981/981
f 947/947/947 946/946/946 982/982/982
f 978/978/978 947/947/947 982/982/982
f 983/983/983 984/984/984 972/972/972
f 973/973/973 983/983/983 972/972/972
f 1023/1023/1023 985/985/985 971/971/971
f 1022/1022/1022 1023/1023/1023 971/971/971
f 986/986/986 983/983/983 973/973/973
f 974/974/974 986/986/986 973/973/973
f 987/987/987 986/986/986 974/974/974
f 975/975/975 987/987/987 974/974/974
f 982/982/982 981/981/981 989/989/989
f 988/988/988 982/982/982 989/989/989
f 990/990/990 989/989/989 981/981/981
f 979/979/979 990/990/990 981/981/981
f 1026/1026/1026 980/980/980 991/991/991
f 1025/1025/1025 1026/1026/1026 991/991/991
f 978/978/978 982/982/982 988/988/988
f 992/992/992 978/978/978 988/988/988
f 992/992/992 993/993/993 998/998/998
f 985/985/985 1023/1023/1023 1024/1024/1024
f 997/997/997 985/985/985 1024/1024/1024
f 984/984/984 983/983/983 995/995/995
f 996/996/996 984/984/984 995/995/995
f 983/983/983 986/986/986 994/994/994
f 995/995/995 983/983/983 994/994/994
f 986/986/986 987/987/987 993/993/993
f 994/994/994 986/986/986 993/993/993
f 994/994/994 993/993/993 992/992/992
f 1210/1210/1210 994/994/994 992/992/992
f 995/995/995 994/994/994 1210/1210/1210
f 1211/1211/1211 995/995/995 1210/1210/1210
f 996/996/996 995/995/995 1211/1211/1211
f 1212/1212/1212 996/996/996 1211/1211/1211
f 997/997/997 1024/1024/1024 1213/1213/1213
f 1214/1214/1214 997/997/997 1213/1213/1213
f 975/975/975 976/976/976 998/998/998
f 987/987/987 975/975/975 998/998/998
f 998/998/998 976/976/976 977/977/977
f 998/998/998 977/977/977 978/978/978
f 992/992/992 998/998/998 978/978/978
f 993/993/993 987/987/987 998/998/998
f 943/943/943 924/924/924 971/971/971
f 1031/1031/1031 943/943/943 971/971/971
f 1000/1000/1000 933/933/933 932/932/932
f 999/999/999 1000/1000/1000 932/932/932
f 933/933/933 1000/1000/1000 1001/1001/1001
f 931/931/931 933/933/933 1001/1001/1001
f 1002/1002/1002 964/964/964 931/931/931
f 1001/1001/1001 1002/1002/1002 931/931/931
f 1003/1003/1003 930/930/930 964/964/964
f 1002/1002/1002 1003/1003/1003 964/964/964
f 1004/1004/1004 966/966/966 930/930/930
f 1003/1003/1003 1004/1004/1004 930/930/930
f 1005/1005/1005 929/929/929 966/966/966
f 1004/1004/1004 1005/1005/1005 966/966/966
f 1006/1006/1006 942/942/942 927/927/927
f 1007/1007/1007 1006/1006/1006 927/927/927
f 928/928/928 1008/1008/1008 1007/1007/1007
f 927/927/927 928/928/928 1007/1007/1007
f 929/929/929 1005/1005/1005 1008/1008/1008
f 928/928/928 929/929/929 1008/1008/1008
f 1009/1009/1009 1000/1000/1000 999/999/999
f 1010/1010/1010 1009/1009/1009 999/999/999
f 1030/1030/1030 1031/1031/1031 971/971/971
f 985/985/985 1030/1030/1030 971/971/971
f 1011/1011/1011 1001/1001/1001 1000/1000/1000
f 1009/1009/1009 1011/1011/1011 1000/1000/1000
f 1012/1012/1012 1002/1002/1002 1001/1001/1001
f 1011/1011/1011 1012/1012/1012 1001/1001/1001
f 1008/1008/1008 1013/1013/1013 1014/1014/1014
f 1007/1007/1007 1008/1008/1008 1014/1014/1014
f 1015/1015/1015 1006/1006/1006 1007/1007/1007
f 1014/1014/1014 1015/1015/1015 1007/1007/1007
f 1027/1027/1027 1028/1028/1028 991/991/991
f 980/980/980 1027/1027/1027 991/991/991
f 1005/1005/1005 1016/1016/1016 1013/1013/1013
f 1008/1008/1008 1005/1005/1005 1013/1013/1013
f 1017/1017/1017 1215/1215/1215 1021/1021/1021
f 985/985/985 997/997/997 1029/1029/1029
f 1030/1030/1030 985/985/985 1029/1029/1029
f 1010/1010/1010 1020/1020/1020 1019/1019/1019
f 1009/1009/1009 1010/1010/1010 1019/1019/1019
f 1009/1009/1009 1019/1019/1019 1018/1018/1018
f 1011/1011/1011 1009/1009/1009 1018/1018/1018
f 1011/1011/1011 1018/1018/1018 1017/1017/1017
f 1012/1012/1012 1011/1011/1011 1017/1017/1017
f 1018/1018/1018 1216/1216/1216 1215/1215/1215
f 1017/1017/1017 1018/1018/1018 1215/1215/1215
f 1019/1019/1019 1217/1217/1217 1216/1216/1216
f 1018/1018/1018 1019/1019/1019 1216/1216/1216
f 1020/1020/1020 1218/1218/1218 1217/1217/1217
f 1019/1019/1019 1020/1020/1020 1217/1217/1217
f 997/997/997 1214/1214/1214 1219/1219/1219
f 1029/1029/1029 997/997/997 1219/1219/1219
f 1021/1021/1021 1003/1003/1003 1002/1002/1002
f 1012/1012/1012 1021/1021/1021 1002/1002/1002
f 1003/1003/1003 1021/1021/1021 1004/1004/1004
f 1215/1215/1215 1005/1005/1005 1004/1004/1004
f 1021/1021/1021 1215/1215/1215 1004/1004/1004
f 1012/1012/1012 1017/1017/1017 1021/1021/1021
f 923/923/923 980/980/980 1026/1026/1026
f 968/968/968 923/923/923 1026/1026/1026
f 980/980/980 923/923/923 970/970/970
f 1027/1027/1027 980/980/980 970/970/970
f 950/950/950 972/972/972 1022/1022/1022
f 961/961/961 950/950/950 1022/1022/1022
f 972/972/972 984/984/984 1023/1023/1023
f 1022/1022/1022 972/972/972 1023/1023/1023
f 1023/1023/1023 984/984/984 996/996/996
f 1024/1024/1024 1023/1023/1023 996/996/996
f 1024/1024/1024 996/996/996 1212/1212/1212
f 1213/1213/1213 1024/1024/1024 1212/1212/1212
f 990/990/990 979/979/979 1026/1026/1026
f 1025/1025/1025 990/990/990 1026/1026/1026
f 968/968/968 1026/1026/1026 979/979/979
f 960/960/960 968/968/968 979/979/979
f 1027/1027/1027 970/970/970 942/942/942
f 1006/1006/1006 1027/1027/1027 942/942/942
f 1006/1006/1006 1015/1015/1015 1028/1028/1028
f 1027/1027/1027 1006/1006/1006 1028/1028/1028
f 1029/1029/1029 1219/1219/1219 1218/1218/1218
f 1020/1020/1020 1029/1029/1029 1218/1218/1218
f 1030/1030/1030 1029/1029/1029 1020/1020/1020
f 1010/1010/1010 1030/1030/1030 1020/1020/1020
f 1010/1010/1010 999/999/999 1031/1031/1031
f 1030/1030/1030 1010/1010/1010 1031/1031/1031
f 999/999/999 932/932/932 943/943/943
f 1031/1031/1031 999/999/999 943/943/943
f 623/623/623 662/662/662 618/618/618
f 1032/1032/1032 597/597/597 598/598/598
f 1032/1032/1032 598/598/598 588/588/588
f 1033/1033/1033 1032/1032/1032 588/588/588
f 1034/1034/1034 1033/1033/1033 588/588/588
f 633/633/633 1034/1034/1034 588/588/588
f 632/632/632 1034/1034/1034 633/633/633
f 1035/1035/1035 597/597/597 613/613/613
f 612/612/612 1035/1035/1035 613/613/613
f 1036/1036/1036 1035/1035/1035 612/612/612
f 591/591/591 1036/1036/1036 612/612/612
f 1037/1037/1037 1036/1036/1036 591/591/591
f 647/647/647 1037/1037/1037 591/591/591
f 632/632/632 1037/1037/1037 647/647/647
f 648/648/648 632/632/632 647/647/647
f 410/410/410 3/3/3 581/581/581
f 1038/1038/1038 410/410/410 581/581/581
f 1038/1038/1038 581/581/581 5/5/5
f 411/411/411 1038/1038/1038 5/5/5
f 140/140/140 132/132/132 127/127/127
f 1039/1039/1039 140/140/140 127/127/127
f 127/127/127 583/583/583 141/141/141
f 1039/1039/1039 127/127/127 141/141/141
f 185/185/185 179/179/179 1041/1041/1041
f 1040/1040/1040 185/185/185 1041/1041/1041
f 179/179/179 178/178/178 1042/1042/1042
f 1041/1041/1041 179/179/179 1042/1042/1042
f 178/178/178 1056/1056/1056 1057/1057/1057
f 1042/1042/1042 178/178/178 1057/1057/1057
f 1043/1043/1043 199/199/199 1098/1098/1098
f 1099/1099/1099 1043/1043/1043 1098/1098/1098
f 187/187/187 188/188/188 1046/1046/1046
f 1045/1045/1045 187/187/187 1046/1046/1046
f 458/458/458 457/457/457 1048/1048/1048
f 1047/1047/1047 458/458/458 1048/1048/1048
f 1049/1049/1049 1048/1048/1048 457/457/457
f 1109/1109/1109 1049/1049/1049 457/457/457
f 1089/1089/1089 1049/1049/1049 1109/1109/1109
f 1088/1088/1088 1089/1089/1089 1109/1109/1109
f 1065/1065/1065 448/448/448 1051/1051/1051
f 1064/1064/1064 1065/1065/1065 1051/1051/1051
f 448/448/448 449/449/449 1052/1052/1052
f 1051/1051/1051 448/448/448 1052/1052/1052
f 449/449/449 455/455/455 1053/1053/1053
f 1052/1052/1052 449/449/449 1053/1053/1053
f 1126/1126/1126 1127/1127/1127 1054/1054/1054
f 145/145/145 1126/1126/1126 1054/1054/1054
f 1076/1076/1076 1077/1077/1077 199/199/199
f 1056/1056/1056 1076/1076/1076 199/199/199
f 1056/1056/1056 199/199/199 1043/1043/1043
f 1057/1057/1057 1056/1056/1056 1043/1043/1043
f 1057/1057/1057 1043/1043/1043 173/173/173
f 1058/1058/1058 1057/1057/1057 173/173/173
f 1058/1058/1058 173/173/173 154/154/154
f 1059/1059/1059 1058/1058/1058 154/154/154
f 1059/1059/1059 154/154/154 155/155/155
f 1060/1060/1060 1059/1059/1059 155/155/155
f 1062/1062/1062 1061/1061/1061 425/425/425
f 424/424/424 1062/1062/1062 425/425/425
f 1063/1063/1063 1062/1062/1062 424/424/424
f 443/443/443 1063/1063/1063 424/424/424
f 1064/1064/1064 1063/1063/1063 443/443/443
f 1050/1050/1050 1064/1064/1064 443/443/443
f 1050/1050/1050 469/469/469 1065/1065/1065
f 1064/1064/1064 1050/1050/1050 1065/1065/1065
f 1069/1069/1069 1065/1065/1065 469/469/469
f 1068/1068/1068 1069/1069/1069 469/469/469
f 1137/1137/1137 1138/1138/1138 415/415/415
f 1067/1067/1067 1137/1137/1137 415/415/415
f 416/416/416 1066/1066/1066 1069/1069/1069
f 1068/1068/1068 416/416/416 1069/1069/1069
f 1066/1066/1066 418/418/418 1070/1070/1070
f 1069/1069/1069 1066/1066/1066 1070/1070/1070
f 418/418/418 450/450/450 1071/1071/1071
f 1070/1070/1070 418/418/418 1071/1071/1071
f 1071/1071/1071 450/450/450 454/454/454
f 1072/1072/1072 1071/1071/1071 454/454/454
f 1074/1074/1074 1073/1073/1073 184/184/184
f 180/180/180 1074/1074/1074 184/184/184
f 180/180/180 148/148/148 1075/1075/1075
f 1074/1074/1074 180/180/180 1075/1075/1075
f 148/148/148 1055/1055/1055 1076/1076/1076
f 1075/1075/1075 148/148/148 1076/1076/1076
f 1055/1055/1055 146/146/146 1077/1077/1077
f 1076/1076/1076 1055/1055/1055 1077/1077/1077
f 1077/1077/1077 146/146/146 1096/1096/1096
f 1097/1097/1097 1077/1077/1077 1096/1096/1096
f 283/283/283 145/145/145 1054/1054/1054
f 284/284/284 283/283/283 1054/1054/1054
f 417/417/417 1067/1067/1067 554/554/554
f 186/186/186 1060/1060/1060 295/295/295
f 564/564/564 425/425/425 1061/1061/1061
f 565/565/565 564/564/564 1061/1061/1061
f 268/268/268 185/185/185 1040/1040/1040
f 267/267/267 268/268/268 1040/1040/1040
f 456/456/456 1053/1053/1053 537/537/537
f 269/269/269 184/184/184 1073/1073/1073
f 268/268/268 269/269/269 1073/1073/1073
f 455/455/455 1072/1072/1072 538/538/538
f 1078/1078/1078 1114/1114/1114 1115/1115/1115
f 551/551/551 1078/1078/1078 1115/1115/1115
f 1079/1079/1079 1122/1122/1122 1123/1123/1123
f 144/144/144 1079/1079/1079 1123/1123/1123
f 1079/1079/1079 144/144/144 288/288/288
f 1081/1081/1081 1079/1079/1079 288/288/288
f 1078/1078/1078 1080/1080/1080 558/558/558
f 414/414/414 1078/1078/1078 558/558/558
f 1078/1078/1078 551/551/551 641/641/641
f 1080/1080/1080 1078/1078/1078 641/641/641
f 288/288/288 697/697/697 606/606/606
f 1081/1081/1081 288/288/288 606/606/606
f 955/955/955 406/406/406 1083/1083/1083
f 1082/1082/1082 955/955/955 1083/1083/1083
f 406/406/406 553/553/553 1084/1084/1084
f 1083/1083/1083 406/406/406 1084/1084/1084
f 1085/1085/1085 1084/1084/1084 553/553/553
f 415/415/415 1085/1085/1085 553/553/553
f 1138/1138/1138 1139/1139/1139 1085/1085/1085
f 415/415/415 1138/1138/1138 1085/1085/1085
f 416/416/416 1068/1068/1068 1087/1087/1087
f 1086/1086/1086 416/416/416 1087/1087/1087
f 1068/1068/1068 469/469/469 1088/1088/1088
f 1087/1087/1087 1068/1068/1068 1088/1088/1088
f 469/469/469 1050/1050/1050 1089/1089/1089
f 1088/1088/1088 469/469/469 1089/1089/1089
f 1050/1050/1050 443/443/443 1090/1090/1090
f 1089/1089/1089 1050/1050/1050 1090/1090/1090
f 1091/1091/1091 1090/1090/1090 443/443/443
f 424/424/424 1091/1091/1091 443/443/443
f 1093/1093/1093 1092/1092/1092 936/936/936
f 135/135/135 1093/1093/1093 936/936/936
f 1093/1093/1093 135/135/135 1105/1105/1105
f 1094/1094/1094 1093/1093/1093 1105/1105/1105
f 1106/1106/1106 1124/1124/1124 1125/1125/1125
f 1095/1095/1095 1106/1106/1106 1125/1125/1125
f 1096/1096/1096 1107/1107/1107 1108/1108/1108
f 1097/1097/1097 1096/1096/1096 1108/1108/1108
f 1108/1108/1108 187/187/187 1110/1110/1110
f 1100/1100/1100 1099/1099/1099 1044/1044/1044
f 172/172/172 1100/1100/1100 1044/1044/1044
f 947/947/947 965/965/965 1082/1082/1082
f 954/954/954 947/947/947 1082/1082/1082
f 937/937/937 930/930/930 966/966/966
f 1092/1092/1092 937/937/937 966/966/966
f 1091/1091/1091 424/424/424 316/316/316
f 349/349/349 1091/1091/1091 316/316/316
f 1083/1083/1083 1084/1084/1084 1101/1101/1101
f 405/405/405 1083/1083/1083 1101/1101/1101
f 1139/1139/1139 1112/1112/1112 1102/1102/1102
f 1085/1085/1085 1139/1139/1139 1102/1102/1102
f 1103/1103/1103 1086/1086/1086 1087/1087/1087
f 1104/1104/1104 1103/1103/1103 1087/1087/1087
f 1088/1088/1088 1109/1109/1109 1104/1104/1104
f 1087/1087/1087 1088/1088/1088 1104/1104/1104
f 135/135/135 289/289/289 288/288/288
f 1105/1105/1105 135/135/135 288/288/288
f 288/288/288 144/144/144 1106/1106/1106
f 1105/1105/1105 288/288/288 1106/1106/1106
f 1123/1123/1123 1124/1124/1124 1106/1106/1106
f 144/144/144 1123/1123/1123 1106/1106/1106
f 1108/1108/1108 1107/1107/1107 153/153/153
f 192/192/192 1108/1108/1108 153/153/153
f 125/125/125 187/187/187 1108/1108/1108
f 192/192/192 125/125/125 1108/1108/1108
f 1045/1045/1045 1044/1044/1044 1110/1110/1110
f 187/187/187 1045/1045/1045 1110/1110/1110
f 1044/1044/1044 1099/1099/1099 1098/1098/1098
f 1110/1110/1110 1044/1044/1044 1098/1098/1098
f 172/172/172 163/163/163 1111/1111/1111
f 1100/1100/1100 172/172/172 1111/1111/1111
f 1097/1097/1097 1108/1108/1108 1110/1110/1110
f 1098/1098/1098 1097/1097/1097 1110/1110/1110
f 1112/1112/1112 1103/1103/1103 423/423/423
f 1113/1113/1113 1112/1112/1112 423/423/423
f 1113/1113/1113 423/423/423 584/584/584
f 1114/1114/1114 1113/1113/1113 584/584/584
f 1114/1114/1114 584/584/584 552/552/552
f 1115/1115/1115 1114/1114/1114 552/552/552
f 552/552/552 396/396/396 1116/1116/1116
f 1115/1115/1115 552/552/552 1116/1116/1116
f 396/396/396 411/411/411 1117/1117/1117
f 1116/1116/1116 396/396/396 1117/1117/1117
f 411/411/411 5/5/5 1118/1118/1118
f 1117/1117/1117 411/411/411 1118/1118/1118
f 5/5/5 141/141/141 1119/1119/1119
f 1118/1118/1118 5/5/5 1119/1119/1119
f 141/141/141 126/126/126 1120/1120/1120
f 1119/1119/1119 141/141/141 1120/1120/1120
f 126/126/126 282/282/282 1121/1121/1121
f 1120/1120/1120 126/126/126 1121/1121/1121
f 1121/1121/1121 282/282/282 585/585/585
f 1122/1122/1122 1121/1121/1121 585/585/585
f 1122/1122/1122 585/585/585 153/153/153
f 1123/1123/1123 1122/1122/1122 153/153/153
f 153/153/153 1107/1107/1107 1124/1124/1124
f 1123/1123/1123 153/153/153 1124/1124/1124
f 1124/1124/1124 1107/1107/1107 1096/1096/1096
f 1125/1125/1125 1124/1124/1124 1096/1096/1096
f 1125/1125/1125 1096/1096/1096 146/146/146
f 1126/1126/1126 1125/1125/1125 146/146/146
f 146/146/146 1055/1055/1055 1127/1127/1127
f 1126/1126/1126 146/146/146 1127/1127/1127
f 1055/1055/1055 148/148/148 1128/1128/1128
f 1127/1127/1127 1055/1055/1055 1128/1128/1128
f 148/148/148 151/151/151 1129/1129/1129
f 1128/1128/1128 148/148/148 1129/1129/1129
f 151/151/151 149/149/149 1130/1130/1130
f 1129/1129/1129 151/151/151 1130/1130/1130
f 149/149/149 257/257/257 1131/1131/1131
f 1130/1130/1130 149/149/149 1131/1131/1131
f 257/257/257 8/8/8 1132/1132/1132
f 1131/1131/1131 257/257/257 1132/1132/1132
f 8/8/8 527/527/527 1133/1133/1133
f 1132/1132/1132 8/8/8 1133/1133/1133
f 527/527/527 419/419/419 1134/1134/1134
f 1133/1133/1133 527/527/527 1134/1134/1134
f 1134/1134/1134 419/419/419 421/421/421
f 1135/1135/1135 1134/1134/1134 421/421/421
f 421/421/421 418/418/418 1136/1136/1136
f 1135/1135/1135 421/421/421 1136/1136/1136
f 418/418/418 1066/1066/1066 1137/1137/1137
f 1136/1136/1136 418/418/418 1137/1137/1137
f 1066/1066/1066 416/416/416 1138/1138/1138
f 1137/1137/1137 1066/1066/1066 1138/1138/1138
f 416/416/416 1086/1086/1086 1139/1139/1139
f 1138/1138/1138 416/416/416 1139/1139/1139
f 1086/1086/1086 1103/1103/1103 1112/1112/1112
f 1139/1139/1139 1086/1086/1086 1112/1112/1112
f 1109/1109/1109 457/457/457 1104/1104/1104
f 577/577/577 1/1/1 35/35/35
f 1141/1141/1141 577/577/577 35/35/35
f 1141/1141/1141 35/35/35 591/591/591
f 612/612/612 1141/1141/1141 591/591/591
f 1140/1140/1140 647/647/647 591/591/591
f 35/35/35 1140/1140/1140 591/591/591
f 35/35/35 1/1/1 578/578/578
f 1140/1140/1140 35/35/35 578/578/578
f 440/440/440 465/465/465 1047/1047/1047
f 188/188/188 194/194/194 195/195/195
f 1046/1046/1046 188/188/188 195/195/195
