g Helmet04
v -0.0900251 1.697211 0.01721552
v -0.08151549 1.66855 0.05767955
v -0.09081585 1.670393 0.04913025
v -0.09733498 1.695216 0.01155236
v -0.09390041 1.729803 0.01434838
v -0.08682528 1.729662 0.01820165
v -0.09222274 1.685873 -0.02767024
v -0.0889458 1.744507 -0.02096977
v -0.09229621 1.744152 -0.01679386
v -0.09759918 1.685036 -0.02369248
v -0.09229621 1.744152 -0.01679386
v -0.09390041 1.729803 0.01434838
v -0.09733498 1.695216 0.01155236
v -0.09759918 1.685036 -0.02369248
v -0.09333771 1.647022 0.02341211
v -0.09081585 1.670393 0.04913025
v -0.09222274 1.685873 -0.02767024
v -0.09759918 1.685036 -0.02369248
v -0.09333771 1.647022 0.02341211
v -0.08335548 1.640764 0.02963745
v -0.0900251 1.697211 0.01721552
v -0.09222274 1.685873 -0.02767024
v -0.08335548 1.640764 0.02963745
v -0.08151549 1.66855 0.05767955
v -0.08335548 1.640764 0.02963745
v -0.09333771 1.647022 0.02341211
v -0.09081585 1.670393 0.04913025
v -0.08151549 1.66855 0.05767955
v -0.0889458 1.744507 -0.02096977
v -0.08682528 1.729662 0.01820165
v -0.09390041 1.729803 0.01434838
v -0.09229621 1.744152 -0.01679386
v -0.09222274 1.685873 -0.02767024
v -0.0900251 1.697211 0.01721552
v -0.08682528 1.729662 0.01820165
v -0.0889458 1.744507 -0.02096977
v 0.09001286 1.697211 0.01721551
v 0.09080362 1.670393 0.04913024
v 0.08150325 1.66855 0.05767954
v 0.09732274 1.695216 0.01155234
v 0.09388816 1.729803 0.01434837
v 0.08681304 1.729662 0.01820164
v 0.09221049 1.685873 -0.02767026
v 0.09758694 1.685036 -0.0236925
v 0.09228394 1.744153 -0.01679388
v 0.08893353 1.744507 -0.02096979
v 0.09228394 1.744153 -0.01679388
v 0.09732274 1.695216 0.01155234
v 0.09388816 1.729803 0.01434837
v 0.09758694 1.685036 -0.0236925
v 0.09332547 1.647022 0.0234121
v 0.09080362 1.670393 0.04913024
v 0.09221049 1.685873 -0.02767026
v 0.08334324 1.640764 0.02963744
v 0.09332547 1.647022 0.0234121
v 0.09758694 1.685036 -0.0236925
v 0.09001286 1.697211 0.01721551
v 0.08150325 1.66855 0.05767954
v 0.08334324 1.640764 0.02963744
v 0.09221049 1.685873 -0.02767026
v 0.08334324 1.640764 0.02963744
v 0.08150325 1.66855 0.05767954
v 0.09080362 1.670393 0.04913024
v 0.09332547 1.647022 0.0234121
v 0.08893353 1.744507 -0.02096979
v 0.09228394 1.744153 -0.01679388
v 0.09388816 1.729803 0.01434837
v 0.08681304 1.729662 0.01820164
v 0.09221049 1.685873 -0.02767026
v 0.08893353 1.744507 -0.02096979
v 0.08681304 1.729662 0.01820164
v 0.09001286 1.697211 0.01721551
v 0.09116573 1.738351 0.0585449
v 0.09116573 1.742124 0.0585449
v 0.09643033 1.739046 0.009155639
v 0.0869938 1.736067 0.126287
v 0.08709316 1.740039 0.126287
v 0.08272253 1.739046 0.1444476
v 0.08272253 1.735371 0.1443515
v 0.07149806 1.734975 0.1581882
v 0.07149805 1.73845 0.1581882
v 0.03812257 1.738351 0.1695266
v 0.03812257 1.735074 0.1695266
v 0.0006745051 1.735173 0.172121
v 0.0006745043 1.738549 0.1722171
v -0.03677357 1.738351 0.1695266
v -0.03677357 1.735074 0.1695266
v -0.0700497 1.734975 0.1581882
v -0.07004971 1.73845 0.1581882
v -0.0812742 1.739046 0.1444477
v -0.0812742 1.735371 0.1443516
v -0.08554545 1.736067 0.126287
v -0.0856448 1.740039 0.126287
v -0.0897174 1.738351 0.05854493
v -0.0897174 1.742124 0.05854493
v -0.09498199 1.739046 0.009155667
v 0.09643033 1.739046 0.009155639
v 0.09116573 1.742124 0.0585449
v 0.08878174 1.778667 0.05114612
v 0.09384767 1.774 0.006369093
v 0.09037103 1.76963 -0.03850403
v 0.0802392 1.809848 -0.03639008
v 0.09156305 1.714688 -0.03946492
v 0.07467665 1.708236 -0.08039843
v 0.08530515 1.810145 0.004447342
v 0.08033856 1.813621 0.04432389
v 0.06533945 1.840433 0.003006033
v 0.06077017 1.840333 0.04096081
v 0.03971184 1.853242 0.03923123
v 0.07338534 1.768141 -0.0781884
v 0.03752656 1.857314 0.001564719
v 0.0006744545 1.8593 0.03884689
v 0.04090386 1.719896 -0.1052852
v 0.04090386 1.699894 -0.102883
v 0.0006744694 1.697809 -0.1078796
v 0.05908155 1.839042 -0.03610181
v 0.0006744478 1.863371 0.001276464
v -0.03836292 1.853242 0.03923125
v -0.03617764 1.857314 0.001564731
v -0.05932192 1.840333 0.04096083
v -0.06399052 1.840433 0.003006053
v -0.07889025 1.813621 0.04432391
v 0.05391628 1.838546 -0.05099546
v 0.03534126 1.852845 -0.03706268
v 0.0006744431 1.85781 -0.03860008
v -0.03389302 1.852845 -0.03706267
v 0.06702808 1.810145 -0.06809914
v 0.03544055 1.839837 -0.0658891
v 0.03683124 1.81094 -0.09125635
v 0.0006744415 1.843114 -0.07175045
v -0.0576333 1.839042 -0.03610178
v 0.04030783 1.766453 -0.1051891
v 0.0006744537 1.767148 -0.1130683
v 0.0006744447 1.812429 -0.09961601
v -0.035383 1.81094 -0.09125634
v -0.03409167 1.839837 -0.06588909
v -0.05246805 1.838546 -0.05099544
v -0.07879095 1.809848 -0.03639005
v -0.06557984 1.810145 -0.06809912
v 0.0006744634 1.723459 -0.113741
v -0.03885956 1.766453 -0.1051891
v -0.03945557 1.719896 -0.1052852
v -0.03945556 1.699894 -0.102883
v -0.07322834 1.708236 -0.0803984
v -0.07223504 1.765857 -0.07866881
v -0.08902212 1.76963 -0.038504
v -0.0902141 1.723249 -0.03946489
v -0.09498199 1.739046 0.009155667
v -0.08385687 1.810145 0.004447368
v -0.09239939 1.774 0.006369121
v -0.0897174 1.742124 0.05854493
v -0.08733347 1.778667 0.05114615
v 0.08709316 1.740039 0.126287
v 0.05351901 1.753345 0.09630752
v 0.09116573 1.742124 0.0585449
v 0.08272253 1.739046 0.1444476
v 0.07149805 1.73845 0.1581882
v 0.03812257 1.738351 0.1695266
v 0.0006744902 1.756523 0.1090872
v 0.0006745043 1.738549 0.1722171
v -0.03677357 1.738351 0.1695266
v -0.05207066 1.753345 0.09630753
v -0.07004971 1.73845 0.1581882
v -0.0812742 1.739046 0.1444477
v -0.0856448 1.740039 0.126287
v -0.0897174 1.742124 0.05854493
v -0.08733347 1.778667 0.05114615
v -0.05207066 1.753345 0.09630753
v -0.0897174 1.742124 0.05854493
v -0.05077936 1.785022 0.09159923
v -0.04750144 1.816401 0.08026084
v -0.07889025 1.813621 0.04432391
v -0.05932192 1.840333 0.04096083
v 0.0006744814 1.788994 0.103418
v 0.0006744902 1.756523 0.1090872
v 0.05212834 1.785022 0.09159921
v 0.05351901 1.753345 0.09630752
v 0.09116573 1.742124 0.0585449
v 0.08878174 1.778667 0.05114612
v 0.0006744727 1.817792 0.09131096
v 0.04894974 1.816401 0.08026083
v 0.08033856 1.813621 0.04432389
v -0.04253487 1.840631 0.06046671
v -0.03836292 1.853242 0.03923125
v 0.0006744545 1.8593 0.03884689
v 0.0006744636 1.841922 0.07074812
v 0.04388379 1.840631 0.0604667
v 0.06077017 1.840333 0.04096081
v 0.03971184 1.853242 0.03923123
v 0.08731315 1.744603 0.02021455
v 0.07496457 1.695783 0.0347699
v 0.08435461 1.74615 0.02023247
v 0.077489 1.694205 0.03558048
v 0.07260614 1.656536 0.04418184
v 0.07460237 1.65429 0.04563797
v 0.0609498 1.630387 0.06039817
v 0.06287894 1.627848 0.06125553
v 0.04101378 1.606919 0.07341167
v 0.04272717 1.604083 0.07390845
v 0.02336353 1.600398 0.07388631
v 0.02507118 1.597698 0.07447415
v 0.08210395 1.742015 0.005474641
v 0.07719521 1.686337 0.02326566
v 0.0850625 1.740469 0.005456701
v 0.07467078 1.687914 0.02245509
v 0.07555819 1.648098 0.03228345
v 0.07352445 1.650191 0.03094064
v 0.06355724 1.622975 0.04743735
v 0.06158902 1.625284 0.04669364
v 0.04439927 1.600806 0.0594955
v 0.04262388 1.603342 0.05910533
v 0.02682473 1.594932 0.06012326
v 0.02511616 1.597522 0.05937826
v 0.0850625 1.740469 0.005456701
v 0.077489 1.694205 0.03558048
v 0.08731315 1.744603 0.02021455
v 0.07719521 1.686337 0.02326566
v 0.07460237 1.65429 0.04563797
v 0.07555819 1.648098 0.03228345
v 0.06287894 1.627848 0.06125553
v 0.06355724 1.622975 0.04743735
v 0.04272717 1.604083 0.07390845
v 0.04439927 1.600806 0.0594955
v 0.02507118 1.597698 0.07447415
v 0.02682473 1.594932 0.06012326
v 0.08435461 1.74615 0.02023247
v 0.07467078 1.687914 0.02245509
v 0.08210395 1.742015 0.005474641
v 0.07496457 1.695783 0.0347699
v 0.07352445 1.650191 0.03094064
v 0.07260614 1.656536 0.04418184
v 0.06158902 1.625284 0.04669364
v 0.0609498 1.630387 0.06039817
v 0.04262388 1.603342 0.05910533
v 0.04101378 1.606919 0.07341167
v 0.02511616 1.597522 0.05937826
v 0.02336353 1.600398 0.07388631
v 0.02113723 1.591397 0.05826594
v 0.03280275 1.596891 0.05783597
v 0.03620973 1.600545 0.06940459
v 0.02156935 1.594922 0.06819326
v -0.001789431 1.592523 0.06584237
v 0.0009761199 1.589491 0.05551986
v -0.01941367 1.591719 0.05215265
v 0.01637806 1.598588 0.08475468
v 0.02981208 1.601271 0.08010728
v -0.004071625 1.598154 0.08173089
v -0.02481326 1.595601 0.0611228
v -0.02431353 1.599542 0.07850388
v -0.03513997 1.603036 0.06974242
v -0.03815857 1.60221 0.05769319
v -0.03165281 1.598096 0.0476905
v 0.0220615 1.588735 0.05986401
v 0.03754972 1.597952 0.07105689
v 0.03423638 1.5943 0.05941513
v 0.0225049 1.592157 0.06987145
v -0.00168465 1.587857 0.06750333
v 0.001091765 1.586354 0.05710042
v -0.02014117 1.588507 0.05352667
v 0.01719886 1.595877 0.08650041
v 0.03105842 1.598676 0.08183266
v -0.00397773 1.595297 0.08346208
v -0.02558466 1.592475 0.06260235
v -0.02499449 1.596711 0.08009875
v -0.0362944 1.60026 0.07123586
v -0.03937149 1.599347 0.05904194
v -0.0329242 1.595182 0.04889443
v -0.02499449 1.596711 0.08009875
v -0.0362944 1.60026 0.07123586
v -0.03513997 1.603036 0.06974242
v -0.02431353 1.599542 0.07850388
v -0.00397773 1.595297 0.08346208
v -0.004071625 1.598154 0.08173089
v 0.01719886 1.595877 0.08650041
v 0.01637806 1.598588 0.08475468
v 0.03105842 1.598676 0.08183266
v 0.02981208 1.601271 0.08010728
v -0.0362944 1.60026 0.07123586
v -0.03815857 1.60221 0.05769319
v -0.03513997 1.603036 0.06974242
v -0.03937149 1.599347 0.05904194
v -0.03165281 1.598096 0.0476905
v -0.0329242 1.595182 0.04889443
v 0.0220615 1.588735 0.05986401
v 0.03423638 1.5943 0.05941513
v 0.03280275 1.596891 0.05783597
v 0.02113723 1.591397 0.05826594
v 0.001091765 1.586354 0.05710042
v 0.0009761199 1.589491 0.05551986
v -0.02014117 1.588507 0.05352667
v -0.01941367 1.591719 0.05215265
v -0.0329242 1.595182 0.04889443
v -0.03165281 1.598096 0.0476905
v 0.03423638 1.5943 0.05941513
v 0.03620973 1.600545 0.06940459
v 0.03280275 1.596891 0.05783597
v 0.03754972 1.597952 0.07105689
v 0.02981208 1.601271 0.08010728
v 0.03105842 1.598676 0.08183266
v -0.07688614 1.684814 0.04057673
v -0.0830735 1.712675 0.03715185
v -0.08040459 1.714242 0.03661703
v -0.07457898 1.686406 0.03937129
v -0.07101516 1.640057 0.05245443
v -0.06882628 1.642582 0.05205458
v -0.06075855 1.623513 0.05785967
v -0.05889854 1.626065 0.05796335
v -0.0457399 1.607787 0.06478689
v -0.04386183 1.610403 0.06502902
v -0.02431595 1.596808 0.06797639
v -0.02226539 1.599257 0.06771672
v -0.07402723 1.677423 0.02773553
v -0.0786989 1.708091 0.02324863
v -0.08138369 1.706513 0.02379164
v -0.07633503 1.675831 0.02892912
v -0.06989551 1.638164 0.03769318
v -0.07200916 1.635986 0.03775949
v -0.05831144 1.621904 0.04365774
v -0.06016996 1.619709 0.04335941
v -0.04154147 1.606652 0.05090671
v -0.04342069 1.604377 0.0503748
v -0.01984172 1.596301 0.05295062
v -0.0218564 1.593868 0.05287927
v -0.08040459 1.714242 0.03661703
v -0.0786989 1.708091 0.02324863
v -0.07402723 1.677423 0.02773553
v -0.07457898 1.686406 0.03937129
v -0.06882628 1.642582 0.05205458
v -0.06989551 1.638164 0.03769318
v -0.05831144 1.621904 0.04365774
v -0.05889854 1.626065 0.05796335
v -0.04386183 1.610403 0.06502902
v -0.04154147 1.606652 0.05090671
v -0.02226539 1.599257 0.06771672
v -0.01984172 1.596301 0.05295062
v -0.08354719 1.742566 0.01213748
v -0.08138369 1.706513 0.02379164
v -0.0786989 1.708091 0.02324863
v -0.08048276 1.743124 0.01254162
v -0.08303853 1.742757 0.02713486
v -0.08040459 1.714242 0.03661703
v -0.0830735 1.712675 0.03715185
v -0.08610296 1.742199 0.02673076
v -0.0786989 1.708091 0.02324863
v -0.08040459 1.714242 0.03661703
v -0.08303853 1.742757 0.02713486
v -0.08048276 1.743124 0.01254162
v -0.0830735 1.712675 0.03715185
v -0.08354719 1.742566 0.01213748
v -0.08610296 1.742199 0.02673076
v -0.08138369 1.706513 0.02379164
v -0.07688614 1.684814 0.04057673
v -0.07633503 1.675831 0.02892912
v -0.07200916 1.635986 0.03775949
v -0.07101516 1.640057 0.05245443
v -0.06075855 1.623513 0.05785967
v -0.06016996 1.619709 0.04335941
v -0.04342069 1.604377 0.0503748
v -0.0457399 1.607787 0.06478689
v -0.0218564 1.593868 0.05287927
v -0.02431595 1.596808 0.06797639
v 0.0938881 1.729805 0.01434847
v 0.09892041 1.728525 0.01508144
v 0.09897623 1.727967 0.009576463
v 0.09387967 1.72894 0.00966773
v 0.09387571 1.733114 0.00625418
v 0.09787717 1.732268 0.005574425
v 0.09704761 1.726198 -0.008254318
v 0.09662636 1.729558 -0.01377072
v 0.0933205 1.729486 -0.01409302
v 0.09359932 1.726198 -0.007953987
v 0.09385926 1.726198 -0.004494762
v 0.09743328 1.726198 -0.004364683
v 0.0975498 1.726198 -0.001158272
v 0.0938696 1.726198 -0.001680655
v 0.09787717 1.732268 0.005574425
v 0.09387571 1.733114 0.00625418
v 0.09530722 1.737219 0.01557053
v 0.09892041 1.728525 0.01508144
v 0.0938881 1.729805 0.01434847
v 0.09827875 1.737325 0.01604949
v 0.09777646 1.741044 0.01799515
v 0.09512493 1.740928 0.01745703
v 0.09440042 1.743257 0.02075897
v 0.09727316 1.743383 0.02135466
v 0.0931885 1.744603 0.02701301
v 0.09634321 1.74479 0.02774005
v 0.09584029 1.748799 0.03205943
v 0.09296741 1.748528 0.0313868
v 0.09514532 1.753657 0.0334406
v 0.09274828 1.753284 0.03276387
v 0.09505418 1.757438 0.03121521
v 0.09266409 1.756965 0.03057696
v 0.09496883 1.759747 0.02581436
v 0.09258524 1.75918 0.02514858
v 0.09283561 1.759156 0.01640327
v 0.09568842 1.759583 0.01691126
v 0.09259794 1.758896 0.008738552
v 0.09625637 1.759181 0.009107349
v 0.09272977 1.757197 -0.006628414
v 0.09577567 1.757198 -0.006537982
v 0.09002669 1.754353 -0.02588993
v 0.09403871 1.754431 -0.02609572
v 0.08897874 1.752313 -0.03553945
v 0.09316367 1.752429 -0.03589335
v 0.08793079 1.748373 -0.04602166
v 0.09126555 1.749205 -0.04664772
v 0.09070485 1.744743 -0.04996832
v 0.08657914 1.744076 -0.04937025
v 0.0865203 1.73949 -0.04899355
v 0.09091939 1.739979 -0.04954751
v 0.09195213 1.735636 -0.04725523
v 0.08768754 1.735317 -0.04674379
v 0.08935084 1.733194 -0.04208076
v 0.09352444 1.73334 -0.04252047
v 0.09101876 1.734073 -0.03343966
v 0.09494424 1.734175 -0.03377718
v 0.09534421 1.733137 -0.02966154
v 0.09149415 1.732944 -0.02934435
v 0.09595419 1.730358 -0.02695023
v 0.09259102 1.730065 -0.02665492
v 0.09268668 1.722623 -0.02538479
v 0.09614628 1.72268 -0.02555899
v 0.09678541 1.723286 -0.01910117
v 0.09614628 1.72268 -0.02555899
v 0.09268668 1.722623 -0.02538479
v 0.09296671 1.723122 -0.01966119
v 0.09662636 1.729558 -0.01377072
v 0.0933205 1.729486 -0.01409302
v -0.09390048 1.729805 0.01434849
v -0.0989886 1.727967 0.009576494
v -0.09893279 1.728525 0.01508147
v -0.09389205 1.72894 0.009667759
v -0.09388808 1.733114 0.006254209
v -0.09788954 1.732268 0.005574455
v -0.09706 1.726198 -0.008254289
v -0.09333289 1.729486 -0.01409299
v -0.09663875 1.729558 -0.01377069
v -0.0936117 1.726198 -0.007953959
v -0.09387164 1.726198 -0.004494733
v -0.09744567 1.726198 -0.004364653
v -0.09756217 1.726198 -0.001158242
v -0.09388198 1.726198 -0.001680626
v -0.09788954 1.732268 0.005574455
v -0.09388808 1.733114 0.006254209
v -0.09531958 1.737219 0.01557055
v -0.09390048 1.729805 0.01434849
v -0.09893279 1.728525 0.01508147
v -0.09829112 1.737325 0.01604952
v -0.09778884 1.741044 0.01799518
v -0.09513732 1.740928 0.01745706
v -0.09441279 1.743257 0.020759
v -0.09728555 1.743383 0.02135469
v -0.09320088 1.744603 0.02701304
v -0.09635558 1.74479 0.02774008
v -0.09585267 1.748799 0.03205946
v -0.0929798 1.748528 0.03138683
v -0.09515769 1.753657 0.03344064
v -0.09276064 1.753284 0.0327639
v -0.09506655 1.757438 0.03121524
v -0.09267645 1.756965 0.03057699
v -0.0949812 1.759747 0.02581439
v -0.0925976 1.75918 0.02514861
v -0.092848 1.759156 0.0164033
v -0.09570079 1.759583 0.01691128
v -0.09261034 1.758896 0.008738581
v -0.09626876 1.759181 0.009107379
v -0.09274217 1.757197 -0.006628385
v -0.09578807 1.757198 -0.006537952
v -0.09003909 1.754353 -0.0258899
v -0.09405112 1.754431 -0.02609569
v -0.08899114 1.752313 -0.03553942
v -0.09317607 1.752429 -0.03589332
v -0.08794318 1.748373 -0.04602163
v -0.09127795 1.749205 -0.04664769
v -0.09071725 1.744743 -0.04996829
v -0.08659153 1.744076 -0.04937023
v -0.0865327 1.73949 -0.04899353
v -0.09093179 1.739979 -0.04954749
v -0.09196452 1.735636 -0.0472552
v -0.08769996 1.735317 -0.04674376
v -0.08936324 1.733194 -0.04208073
v -0.09353684 1.73334 -0.04252044
v -0.09103116 1.734073 -0.03343964
v -0.09495664 1.734175 -0.03377715
v -0.09535661 1.733137 -0.0296615
v -0.09150655 1.732944 -0.02934432
v -0.09596659 1.730358 -0.0269502
v -0.09260341 1.730065 -0.02665489
v -0.09269908 1.722623 -0.02538476
v -0.09615866 1.72268 -0.02555896
v -0.09679782 1.723286 -0.01910114
v -0.09269908 1.722623 -0.02538476
v -0.09615866 1.72268 -0.02555896
v -0.09297911 1.723122 -0.01966117
v -0.09663875 1.729558 -0.01377069
v -0.09333289 1.729486 -0.01409299
v -0.002080106 1.595975 0.1479159
v -0.0003110689 1.596492 0.1466433
v -0.0003013128 1.627274 0.1626846
v -0.002051543 1.626863 0.1640194
v -0.001782321 1.594984 0.1499074
v -0.002080106 1.595975 0.1479159
v -0.002051543 1.626863 0.1640194
v -0.001719255 1.62622 0.1661411
v 0.0002844912 1.59451 0.1506265
v -0.001782321 1.594984 0.1499074
v -0.001719255 1.62622 0.1661411
v 0.0003632742 1.625989 0.1669279
v 0.002053528 1.595027 0.1493539
v 0.0002844912 1.59451 0.1506265
v 0.0003632742 1.625989 0.1669279
v 0.002113505 1.626401 0.1655932
v 0.001755744 1.596018 0.1473624
v 0.002053528 1.595027 0.1493539
v 0.002113505 1.626401 0.1655932
v 0.001781216 1.627043 0.1634715
v -0.0003110689 1.596492 0.1466433
v 0.001755744 1.596018 0.1473624
v 0.001781216 1.627043 0.1634715
v -0.0003013128 1.627274 0.1626846
v -0.002051543 1.626863 0.1640194
v -0.0003013128 1.627274 0.1626846
v -0.0003004354 1.658965 0.1660224
v -0.002051229 1.658982 0.1674169
v -0.001719255 1.62622 0.1661411
v -0.002051543 1.626863 0.1640194
v -0.002051229 1.658982 0.1674169
v -0.001719818 1.659017 0.1696314
v 0.0003632742 1.625989 0.1669279
v -0.001719255 1.62622 0.1661411
v -0.001719818 1.659017 0.1696314
v 0.0003623873 1.659036 0.1704513
v 0.002113505 1.626401 0.1655932
v 0.0003632742 1.625989 0.1669279
v 0.0003623873 1.659036 0.1704513
v 0.002113181 1.659019 0.1690568
v 0.001781216 1.627043 0.1634715
v 0.002113505 1.626401 0.1655932
v 0.002113181 1.659019 0.1690568
v 0.001781769 1.658983 0.1668423
v -0.0003013128 1.627274 0.1626846
v 0.001781216 1.627043 0.1634715
v 0.001781769 1.658983 0.1668423
v -0.0003004354 1.658965 0.1660224
v -0.002051229 1.658982 0.1674169
v -0.0003004354 1.658965 0.1660224
v -0.0006256383 1.696591 0.1630443
v -0.002387094 1.696798 0.1644101
v -0.001719818 1.659017 0.1696314
v -0.002051229 1.658982 0.1674169
v -0.002387094 1.696798 0.1644101
v -0.002073278 1.69719 0.1665933
v 0.0003623873 1.659036 0.1704513
v -0.001719818 1.659017 0.1696314
v -0.002073278 1.69719 0.1665933
v 2.012849E-06 1.697375 0.1674107
v 0.002113181 1.659019 0.1690568
v 0.0003623873 1.659036 0.1704513
v 2.012849E-06 1.697375 0.1674107
v 0.001763478 1.697168 0.1660448
v 0.001781769 1.658983 0.1668423
v 0.002113181 1.659019 0.1690568
v 0.001763478 1.697168 0.1660448
v 0.001449652 1.696776 0.1638616
v -0.0003004354 1.658965 0.1660224
v 0.001781769 1.658983 0.1668423
v 0.001449652 1.696776 0.1638616
v -0.0006256383 1.696591 0.1630443
v 0.05246007 1.694988 0.1414639
v 0.05763945 1.657155 0.1441715
v 0.05970437 1.657203 0.143538
v 0.05443051 1.695221 0.1408471
v 0.05197968 1.695127 0.1434816
v 0.05715565 1.657105 0.1462781
v 0.05763945 1.657155 0.1441715
v 0.05246007 1.694988 0.1414639
v 0.05346972 1.695498 0.1448827
v 0.05873681 1.657104 0.1477511
v 0.05715565 1.657105 0.1462781
v 0.05197968 1.695127 0.1434816
v 0.05544017 1.695731 0.1442659
v 0.06080173 1.657152 0.1471175
v 0.05873681 1.657104 0.1477511
v 0.05346972 1.695498 0.1448827
v 0.05592055 1.695592 0.1422481
v 0.06128551 1.657202 0.145011
v 0.06080173 1.657152 0.1471175
v 0.05544017 1.695731 0.1442659
v 0.05443051 1.695221 0.1408471
v 0.05970437 1.657203 0.143538
v 0.06128551 1.657202 0.145011
v 0.05592055 1.695592 0.1422481
v 0.05763945 1.657155 0.1441715
v 0.05484307 1.62943 0.1406474
v 0.05689882 1.629286 0.1399986
v 0.05970437 1.657203 0.143538
v 0.05715565 1.657105 0.1462781
v 0.05434999 1.629186 0.1427385
v 0.05484307 1.62943 0.1406474
v 0.05763945 1.657155 0.1441715
v 0.05873681 1.657104 0.1477511
v 0.05591265 1.628798 0.1441809
v 0.05434999 1.629186 0.1427385
v 0.05715565 1.657105 0.1462781
v 0.06080173 1.657152 0.1471175
v 0.05796842 1.628654 0.1435322
v 0.05591265 1.628798 0.1441809
v 0.05873681 1.657104 0.1477511
v 0.06128551 1.657202 0.145011
v 0.0584615 1.628898 0.141441
v 0.05796842 1.628654 0.1435322
v 0.06080173 1.657152 0.1471175
v 0.05970437 1.657203 0.143538
v 0.05689882 1.629286 0.1399986
v 0.0584615 1.628898 0.141441
v 0.06128551 1.657202 0.145011
v 0.05484307 1.62943 0.1406474
v 0.04492955 1.600093 0.1332412
v 0.04693827 1.599713 0.1325405
v 0.05689882 1.629286 0.1399986
v 0.05434999 1.629186 0.1427385
v 0.04439004 1.599615 0.1352811
v 0.04492955 1.600093 0.1332412
v 0.05484307 1.62943 0.1406474
v 0.05591265 1.628798 0.1441809
v 0.04585925 1.598758 0.1366203
v 0.04439004 1.599615 0.1352811
v 0.05434999 1.629186 0.1427385
v 0.05796842 1.628654 0.1435322
v 0.04786797 1.598378 0.1359196
v 0.04585925 1.598758 0.1366203
v 0.05591265 1.628798 0.1441809
v 0.0584615 1.628898 0.141441
v 0.04840749 1.598855 0.1338797
v 0.04786797 1.598378 0.1359196
v 0.05796842 1.628654 0.1435322
v 0.05689882 1.629286 0.1399986
v 0.04693827 1.599713 0.1325405
v 0.04840749 1.598855 0.1338797
v 0.0584615 1.628898 0.141441
v -0.05239036 1.694988 0.1414639
v -0.0543608 1.695221 0.1408471
v -0.05963466 1.657203 0.143538
v -0.05756974 1.657155 0.1441715
v -0.05190997 1.695127 0.1434816
v -0.05239036 1.694988 0.1414639
v -0.05756974 1.657155 0.1441715
v -0.05708594 1.657105 0.1462781
v -0.05340001 1.695498 0.1448827
v -0.05190997 1.695127 0.1434816
v -0.05708594 1.657105 0.1462781
v -0.0586671 1.657104 0.1477511
v -0.05537045 1.695731 0.1442659
v -0.05340001 1.695498 0.1448827
v -0.0586671 1.657104 0.1477511
v -0.06073201 1.657152 0.1471175
v -0.05585084 1.695592 0.1422481
v -0.05537045 1.695731 0.1442659
v -0.06073201 1.657152 0.1471175
v -0.0612158 1.657202 0.145011
v -0.0543608 1.695221 0.1408471
v -0.05585084 1.695592 0.1422481
v -0.0612158 1.657202 0.145011
v -0.05963466 1.657203 0.143538
v -0.05756974 1.657155 0.1441715
v -0.05963466 1.657203 0.143538
v -0.05682911 1.629286 0.1399986
v -0.05477336 1.62943 0.1406474
v -0.05708594 1.657105 0.1462781
v -0.05756974 1.657155 0.1441715
v -0.05477336 1.62943 0.1406474
v -0.05428028 1.629186 0.1427385
v -0.0586671 1.657104 0.1477511
v -0.05708594 1.657105 0.1462781
v -0.05428028 1.629186 0.1427385
v -0.05584294 1.628798 0.1441809
v -0.06073201 1.657152 0.1471175
v -0.0586671 1.657104 0.1477511
v -0.05584294 1.628798 0.1441809
v -0.0578987 1.628654 0.1435322
v -0.0612158 1.657202 0.145011
v -0.06073201 1.657152 0.1471175
v -0.0578987 1.628654 0.1435322
v -0.05839179 1.628898 0.141441
v -0.05963466 1.657203 0.143538
v -0.0612158 1.657202 0.145011
v -0.05839179 1.628898 0.141441
v -0.05682911 1.629286 0.1399986
v -0.05477336 1.62943 0.1406474
v -0.05682911 1.629286 0.1399986
v -0.04686856 1.599713 0.1325405
v -0.04485984 1.600093 0.1332412
v -0.05428028 1.629186 0.1427385
v -0.05477336 1.62943 0.1406474
v -0.04485984 1.600093 0.1332412
v -0.04432033 1.599615 0.1352811
v -0.05584294 1.628798 0.1441809
v -0.05428028 1.629186 0.1427385
v -0.04432033 1.599615 0.1352811
v -0.04578954 1.598758 0.1366203
v -0.0578987 1.628654 0.1435322
v -0.05584294 1.628798 0.1441809
v -0.04578954 1.598758 0.1366203
v -0.04779826 1.598378 0.1359196
v -0.05839179 1.628898 0.141441
v -0.0578987 1.628654 0.1435322
v -0.04779826 1.598378 0.1359196
v -0.04833777 1.598855 0.1338797
v -0.05682911 1.629286 0.1399986
v -0.05839179 1.628898 0.141441
v -0.04833777 1.598855 0.1338797
v -0.04686856 1.599713 0.1325405
v 0.09321564 1.72575 -0.01948619
v 0.09659509 1.694485 -0.02187037
v 0.09463993 1.694249 -0.02336093
v 0.0912568 1.725799 -0.02098929
v 0.09546258 1.72627 -0.02037148
v 0.09885386 1.694754 -0.02283166
v 0.09659509 1.694485 -0.02187037
v 0.09321564 1.72575 -0.01948619
v 0.09575068 1.72684 -0.02275988
v 0.09915749 1.694787 -0.0252835
v 0.09885386 1.694754 -0.02283166
v 0.09546258 1.72627 -0.02037148
v 0.09379186 1.72689 -0.02426298
v 0.09720233 1.694551 -0.02677407
v 0.09915749 1.694787 -0.0252835
v 0.09575068 1.72684 -0.02275988
v 0.09154492 1.726369 -0.02337769
v 0.09494355 1.694282 -0.02581278
v 0.09720233 1.694551 -0.02677407
v 0.09379186 1.72689 -0.02426298
v 0.0912568 1.725799 -0.02098929
v 0.09463993 1.694249 -0.02336093
v 0.09494355 1.694282 -0.02581278
v 0.09154492 1.726369 -0.02337769
v 0.09659509 1.694485 -0.02187037
v 0.09725777 1.685506 -0.02022236
v 0.09531505 1.684863 -0.02160859
v 0.09463993 1.694249 -0.02336093
v 0.09885386 1.694754 -0.02283166
v 0.09954766 1.685188 -0.02109072
v 0.09725777 1.685506 -0.02022236
v 0.09659509 1.694485 -0.02187037
v 0.09915749 1.694787 -0.0252835
v 0.09989484 1.684227 -0.02334532
v 0.09954766 1.685188 -0.02109072
v 0.09885386 1.694754 -0.02283166
v 0.09720233 1.694551 -0.02677407
v 0.09795213 1.683585 -0.02473155
v 0.09989484 1.684227 -0.02334532
v 0.09915749 1.694787 -0.0252835
v 0.09494355 1.694282 -0.02581278
v 0.0956622 1.683903 -0.02386319
v 0.09795213 1.683585 -0.02473155
v 0.09720233 1.694551 -0.02677407
v 0.09463993 1.694249 -0.02336093
v 0.09531505 1.684863 -0.02160859
v 0.0956622 1.683903 -0.02386319
v 0.09494355 1.694282 -0.02581278
v 0.09725777 1.685506 -0.02022236
v 0.09673074 1.678415 -0.01459104
v 0.09478693 1.677434 -0.01576618
v 0.09531505 1.684863 -0.02160859
v 0.09954766 1.685188 -0.02109072
v 0.09900817 1.6776 -0.01510249
v 0.09673074 1.678415 -0.01459104
v 0.09725777 1.685506 -0.02022236
v 0.09989484 1.684227 -0.02334532
v 0.09934182 1.675805 -0.01678907
v 0.09900817 1.6776 -0.01510249
v 0.09954766 1.685188 -0.02109072
v 0.09795213 1.683585 -0.02473155
v 0.09739804 1.674824 -0.01796421
v 0.09934182 1.675805 -0.01678907
v 0.09989484 1.684227 -0.02334532
v 0.0956622 1.683903 -0.02386319
v 0.09512059 1.675639 -0.01745276
v 0.09739804 1.674824 -0.01796421
v 0.09795213 1.683585 -0.02473155
v 0.09531505 1.684863 -0.02160859
v 0.09478693 1.677434 -0.01576618
v 0.09512059 1.675639 -0.01745276
v 0.0956622 1.683903 -0.02386319
v 0.09673074 1.678415 -0.01459104
v 0.0937481 1.660506 0.007173463
v 0.0917982 1.659431 0.006092751
v 0.09478693 1.677434 -0.01576618
v 0.09900817 1.6776 -0.01510249
v 0.09601504 1.659597 0.006783689
v 0.0937481 1.660506 0.007173463
v 0.09673074 1.678415 -0.01459104
v 0.09934182 1.675805 -0.01678907
v 0.09633208 1.657614 0.00531321
v 0.09601504 1.659597 0.006783689
v 0.09900817 1.6776 -0.01510249
v 0.09739804 1.674824 -0.01796421
v 0.09438216 1.656539 0.004232504
v 0.09633208 1.657614 0.00531321
v 0.09934182 1.675805 -0.01678907
v 0.09512059 1.675639 -0.01745276
v 0.09211524 1.657447 0.004622272
v 0.09438216 1.656539 0.004232504
v 0.09739804 1.674824 -0.01796421
v 0.09478693 1.677434 -0.01576618
v 0.0917982 1.659431 0.006092751
v 0.09211524 1.657447 0.004622272
v 0.09512059 1.675639 -0.01745276
v 0.0937481 1.660506 0.007173463
v 0.09088433 1.643391 0.0300703
v 0.08892705 1.642273 0.0290481
v 0.0917982 1.659431 0.006092751
v 0.09601504 1.659597 0.006783689
v 0.09314813 1.642465 0.02970583
v 0.09088433 1.643391 0.0300703
v 0.0937481 1.660506 0.007173463
v 0.09633208 1.657614 0.00531321
v 0.0934546 1.640419 0.02831918
v 0.09314813 1.642465 0.02970583
v 0.09601504 1.659597 0.006783689
v 0.09438216 1.656539 0.004232504
v 0.09149728 1.6393 0.02729699
v 0.0934546 1.640419 0.02831918
v 0.09633208 1.657614 0.00531321
v 0.09211524 1.657447 0.004622272
v 0.0892335 1.640227 0.02766145
v 0.09149728 1.6393 0.02729699
v 0.09438216 1.656539 0.004232504
v 0.0917982 1.659431 0.006092751
v 0.08892705 1.642273 0.0290481
v 0.0892335 1.640227 0.02766145
v 0.09211524 1.657447 0.004622272
v 0.09088433 1.643391 0.0300703
v 0.09030997 1.64031 0.03467575
v 0.08834592 1.639154 0.0337088
v 0.08892705 1.642273 0.0290481
v 0.09314813 1.642465 0.02970583
v 0.09256759 1.63935 0.03436163
v 0.09030997 1.64031 0.03467575
v 0.09088433 1.643391 0.0300703
v 0.0934546 1.640419 0.02831918
v 0.09286116 1.637233 0.03308055
v 0.09256759 1.63935 0.03436163
v 0.09314813 1.642465 0.02970583
v 0.09149728 1.6393 0.02729699
v 0.09089711 1.636076 0.0321136
v 0.09286116 1.637233 0.03308055
v 0.0934546 1.640419 0.02831918
v 0.0892335 1.640227 0.02766145
v 0.08863948 1.637037 0.03242772
v 0.09089711 1.636076 0.0321136
v 0.09149728 1.6393 0.02729699
v 0.08892705 1.642273 0.0290481
v 0.08834592 1.639154 0.0337088
v 0.08863948 1.637037 0.03242772
v 0.0892335 1.640227 0.02766145
v 0.09030997 1.64031 0.03467575
v 0.08332086 1.620594 0.0759771
v 0.08139188 1.619483 0.07489394
v 0.08834592 1.639154 0.0337088
v 0.09256759 1.63935 0.03436163
v 0.08549611 1.619417 0.07609352
v 0.08332086 1.620594 0.0759771
v 0.09030997 1.64031 0.03467575
v 0.09286116 1.637233 0.03308055
v 0.08574237 1.61713 0.07512679
v 0.08549611 1.619417 0.07609352
v 0.09256759 1.63935 0.03436163
v 0.09089711 1.636076 0.0321136
v 0.08381341 1.616019 0.07404362
v 0.08574237 1.61713 0.07512679
v 0.09286116 1.637233 0.03308055
v 0.08863948 1.637037 0.03242772
v 0.08163815 1.617196 0.0739272
v 0.08381341 1.616019 0.07404362
v 0.09089711 1.636076 0.0321136
v 0.08834592 1.639154 0.0337088
v 0.08139188 1.619483 0.07489394
v 0.08163815 1.617196 0.0739272
v 0.08863948 1.637037 0.03242772
v 0.08332086 1.620594 0.0759771
v 0.07735955 1.614268 0.09049924
v 0.07549842 1.613233 0.08923852
v 0.08139188 1.619483 0.07489394
v 0.08549611 1.619417 0.07609352
v 0.07943791 1.612976 0.09088343
v 0.07735955 1.614268 0.09049924
v 0.08332086 1.620594 0.0759771
v 0.08574237 1.61713 0.07512679
v 0.07965516 1.610649 0.09000687
v 0.07943791 1.612976 0.09088343
v 0.08549611 1.619417 0.07609352
v 0.08381341 1.616019 0.07404362
v 0.07779402 1.609614 0.08874615
v 0.07965516 1.610649 0.09000687
v 0.08574237 1.61713 0.07512679
v 0.08163815 1.617196 0.0739272
v 0.07571566 1.610906 0.08836196
v 0.07779402 1.609614 0.08874615
v 0.08381341 1.616019 0.07404362
v 0.08139188 1.619483 0.07489394
v 0.07549842 1.613233 0.08923852
v 0.07571566 1.610906 0.08836196
v 0.08163815 1.617196 0.0739272
v 0.07735955 1.614268 0.09049924
v 0.06764165 1.607108 0.110146
v 0.06579928 1.606095 0.1088413
v 0.07549842 1.613233 0.08923852
v 0.07943791 1.612976 0.09088343
v 0.06951691 1.605681 0.110916
v 0.06764165 1.607108 0.110146
v 0.07735955 1.614268 0.09049924
v 0.07965516 1.610649 0.09000687
v 0.06954981 1.603241 0.1103811
v 0.06951691 1.605681 0.110916
v 0.07943791 1.612976 0.09088343
v 0.07779402 1.609614 0.08874615
v 0.06770745 1.602227 0.1090764
v 0.06954981 1.603241 0.1103811
v 0.07965516 1.610649 0.09000687
v 0.07571566 1.610906 0.08836196
v 0.06583218 1.603655 0.1083064
v 0.06770745 1.602227 0.1090764
v 0.07779402 1.609614 0.08874615
v 0.07549842 1.613233 0.08923852
v 0.06579928 1.606095 0.1088413
v 0.06583218 1.603655 0.1083064
v 0.07571566 1.610906 0.08836196
v 0.06764165 1.607108 0.110146
v 0.05620072 1.603677 0.1275844
v 0.05449495 1.602692 0.1260866
v 0.06579928 1.606095 0.1088413
v 0.06951691 1.605681 0.110916
v 0.05791869 1.602209 0.1286056
v 0.05620072 1.603677 0.1275844
v 0.06764165 1.607108 0.110146
v 0.06954981 1.603241 0.1103811
v 0.0579309 1.599756 0.128129
v 0.05791869 1.602209 0.1286056
v 0.06951691 1.605681 0.110916
v 0.06770745 1.602227 0.1090764
v 0.05622513 1.598771 0.1266311
v 0.0579309 1.599756 0.128129
v 0.06954981 1.603241 0.1103811
v 0.06583218 1.603655 0.1083064
v 0.05450716 1.600239 0.12561
v 0.05622513 1.598771 0.1266311
v 0.06770745 1.602227 0.1090764
v 0.06579928 1.606095 0.1088413
v 0.05449495 1.602692 0.1260866
v 0.05450716 1.600239 0.12561
v 0.06583218 1.603655 0.1083064
v 0.05620072 1.603677 0.1275844
v 0.03488629 1.598997 0.1442577
v 0.03384952 1.598178 0.1421662
v 0.05449495 1.602692 0.1260866
v 0.05791869 1.602209 0.1286056
v 0.03599632 1.597383 0.1457829
v 0.03488629 1.598997 0.1442577
v 0.05620072 1.603677 0.1275844
v 0.0579309 1.599756 0.128129
v 0.03606957 1.59495 0.1452166
v 0.03599632 1.597383 0.1457829
v 0.05791869 1.602209 0.1286056
v 0.05622513 1.598771 0.1266311
v 0.03503279 1.594132 0.1431251
v 0.03606957 1.59495 0.1452166
v 0.0579309 1.599756 0.128129
v 0.05450716 1.600239 0.12561
v 0.03392276 1.595746 0.1415999
v 0.03503279 1.594132 0.1431251
v 0.05622513 1.598771 0.1266311
v 0.05449495 1.602692 0.1260866
v 0.03384952 1.598178 0.1421662
v 0.03392276 1.595746 0.1415999
v 0.05450716 1.600239 0.12561
v 0.03488629 1.598997 0.1442577
v 0.03011618 1.598524 0.1462404
v 0.02936727 1.597744 0.1440158
v 0.03384952 1.598178 0.1421662
v 0.03599632 1.597383 0.1457829
v 0.03087808 1.596865 0.1479238
v 0.03011618 1.598524 0.1462404
v 0.03488629 1.598997 0.1442577
v 0.03606957 1.59495 0.1452166
v 0.03089108 1.594425 0.1473826
v 0.03087808 1.596865 0.1479238
v 0.03599632 1.597383 0.1457829
v 0.03503279 1.594132 0.1431251
v 0.03014219 1.593645 0.1451579
v 0.03089108 1.594425 0.1473826
v 0.03606957 1.59495 0.1452166
v 0.03392276 1.595746 0.1415999
v 0.02938028 1.595305 0.1434745
v 0.03014219 1.593645 0.1451579
v 0.03503279 1.594132 0.1431251
v 0.03384952 1.598178 0.1421662
v 0.02936727 1.597744 0.1440158
v 0.02938028 1.595305 0.1434745
v 0.03392276 1.595746 0.1415999
v 0.03011618 1.598524 0.1462404
v 3.485739E-05 1.598333 0.1497133
v 3.485739E-05 1.597546 0.1474066
v 0.02936727 1.597744 0.1440158
v 0.03087808 1.596865 0.1479238
v 3.485739E-05 1.596672 0.1515363
v 3.485739E-05 1.598333 0.1497133
v 0.03011618 1.598524 0.1462404
v 0.03089108 1.594425 0.1473826
v 3.485739E-05 1.594224 0.1510524
v 3.485739E-05 1.596672 0.1515363
v 0.03087808 1.596865 0.1479238
v 0.03014219 1.593645 0.1451579
v 3.485739E-05 1.593437 0.1487457
v 3.485739E-05 1.594224 0.1510524
v 0.03089108 1.594425 0.1473826
v 0.02938028 1.595305 0.1434745
v 3.485739E-05 1.595097 0.1469228
v 3.485739E-05 1.593437 0.1487457
v 0.03014219 1.593645 0.1451579
v 0.02936727 1.597744 0.1440158
v 3.485739E-05 1.597546 0.1474066
v 3.485739E-05 1.595097 0.1469228
v 0.02938028 1.595305 0.1434745
v 3.485739E-05 1.693964 0.1651869
v 0.03344868 1.69337 0.1573481
v 0.03299906 1.69474 0.1553312
v 3.485739E-05 1.695357 0.1631629
v 3.485739E-05 1.695066 0.1673819
v 0.03402001 1.694494 0.1594799
v 0.03344868 1.69337 0.1573481
v 3.485739E-05 1.693964 0.1651869
v 3.485739E-05 1.69756 0.167553
v 0.03414174 1.696988 0.1595947
v 0.03402001 1.694494 0.1594799
v 3.485739E-05 1.695066 0.1673819
v 3.485739E-05 1.698952 0.1655291
v 0.03369214 1.698358 0.1575778
v 0.03414174 1.696988 0.1595947
v 3.485739E-05 1.69756 0.167553
v 3.485739E-05 1.697851 0.163334
v 0.03312079 1.697235 0.1554461
v 0.03369214 1.698358 0.1575778
v 3.485739E-05 1.698952 0.1655291
v 3.485739E-05 1.695357 0.1631629
v 0.03299906 1.69474 0.1553312
v 0.03312079 1.697235 0.1554461
v 3.485739E-05 1.697851 0.163334
v 0.03344868 1.69337 0.1573481
v 0.03896337 1.693162 0.1552634
v 0.03818807 1.694543 0.1533557
v 0.03299906 1.69474 0.1553312
v 0.03402001 1.694494 0.1594799
v 0.0398792 1.694274 0.1572774
v 0.03896337 1.693162 0.1552634
v 0.03344868 1.69337 0.1573481
v 0.03414174 1.696988 0.1595947
v 0.04001972 1.696768 0.1573835
v 0.0398792 1.694274 0.1572774
v 0.03402001 1.694494 0.1594799
v 0.03369214 1.698358 0.1575778
v 0.03924442 1.698149 0.1554758
v 0.04001972 1.696768 0.1573835
v 0.03414174 1.696988 0.1595947
v 0.03312079 1.697235 0.1554461
v 0.03832859 1.697037 0.1534618
v 0.03924442 1.698149 0.1554758
v 0.03369214 1.698358 0.1575778
v 0.03299906 1.69474 0.1553312
v 0.03818807 1.694543 0.1533557
v 0.03832859 1.697037 0.1534618
v 0.03312079 1.697235 0.1554461
v 0.03896337 1.693162 0.1552634
v 0.04352788 1.692991 0.1524442
v 0.04241273 1.694386 0.1507245
v 0.03818807 1.694543 0.1533557
v 0.0398792 1.694274 0.1572774
v 0.04480231 1.694088 0.1542613
v 0.04352788 1.692991 0.1524442
v 0.03896337 1.693162 0.1552634
v 0.04001972 1.696768 0.1573835
v 0.04496159 1.696581 0.1543588
v 0.04480231 1.694088 0.1542613
v 0.0398792 1.694274 0.1572774
v 0.03924442 1.698149 0.1554758
v 0.04384644 1.697976 0.1526391
v 0.04496159 1.696581 0.1543588
v 0.04001972 1.696768 0.1573835
v 0.03832859 1.697037 0.1534618
v 0.042572 1.696879 0.150822
v 0.04384644 1.697976 0.1526391
v 0.03924442 1.698149 0.1554758
v 0.03818807 1.694543 0.1533557
v 0.04241273 1.694386 0.1507245
v 0.042572 1.696879 0.150822
v 0.03832859 1.697037 0.1534618
v 0.04352788 1.692991 0.1524442
v 0.05336536 1.692616 0.1441526
v 0.05204032 1.694021 0.1425977
v 0.04241273 1.694386 0.1507245
v 0.04480231 1.694088 0.1542613
v 0.05486471 1.693703 0.1457955
v 0.05336536 1.692616 0.1441526
v 0.04352788 1.692991 0.1524442
v 0.04496159 1.696581 0.1543588
v 0.05503901 1.696195 0.1458835
v 0.05486471 1.693703 0.1457955
v 0.04480231 1.694088 0.1542613
v 0.04384644 1.697976 0.1526391
v 0.05371397 1.697601 0.1443286
v 0.05503901 1.696195 0.1458835
v 0.04496159 1.696581 0.1543588
v 0.042572 1.696879 0.150822
v 0.05221462 1.696514 0.1426857
v 0.05371397 1.697601 0.1443286
v 0.04384644 1.697976 0.1526391
v 0.04241273 1.694386 0.1507245
v 0.05204032 1.694021 0.1425977
v 0.05221462 1.696514 0.1426857
v 0.042572 1.696879 0.150822
v 0.05336536 1.692616 0.1441526
v 0.06545766 1.691747 0.1289727
v 0.06375352 1.693178 0.1278792
v 0.05204032 1.694021 0.1425977
v 0.05486471 1.693703 0.1457955
v 0.06741648 1.692803 0.130056
v 0.06545766 1.691747 0.1289727
v 0.05336536 1.692616 0.1441526
v 0.05503901 1.696195 0.1458835
v 0.06767116 1.695289 0.1300458
v 0.06741648 1.692803 0.130056
v 0.05486471 1.693703 0.1457955
v 0.05371397 1.697601 0.1443286
v 0.06596702 1.69672 0.1289524
v 0.06767116 1.695289 0.1300458
v 0.05503901 1.696195 0.1458835
v 0.05221462 1.696514 0.1426857
v 0.06400818 1.695665 0.1278691
v 0.06596702 1.69672 0.1289524
v 0.05371397 1.697601 0.1443286
v 0.05204032 1.694021 0.1425977
v 0.06375352 1.693178 0.1278792
v 0.06400818 1.695665 0.1278691
v 0.05221462 1.696514 0.1426857
v 0.06545766 1.691747 0.1289727
v 0.06901143 1.691326 0.1227185
v 0.06729221 1.692759 0.1216516
v 0.06375352 1.693178 0.1278792
v 0.06741648 1.692803 0.130056
v 0.07099238 1.692378 0.1237635
v 0.06901143 1.691326 0.1227185
v 0.06545766 1.691747 0.1289727
v 0.06767116 1.695289 0.1300458
v 0.07125411 1.694864 0.1237416
v 0.07099238 1.692378 0.1237635
v 0.06741648 1.692803 0.130056
v 0.06596702 1.69672 0.1289524
v 0.06953488 1.696297 0.1226748
v 0.07125411 1.694864 0.1237416
v 0.06767116 1.695289 0.1300458
v 0.06400818 1.695665 0.1278691
v 0.06755394 1.695244 0.1216297
v 0.06953488 1.696297 0.1226748
v 0.06596702 1.69672 0.1289524
v 0.06375352 1.693178 0.1278792
v 0.06729221 1.692759 0.1216516
v 0.06755394 1.695244 0.1216297
v 0.06400818 1.695665 0.1278691
v 0.06901143 1.691326 0.1227185
v 0.0828801 1.68726 0.09089518
v 0.08106822 1.688718 0.09003423
v 0.06729221 1.692759 0.1216516
v 0.07099238 1.692378 0.1237635
v 0.08505498 1.688264 0.09151516
v 0.0828801 1.68726 0.09089518
v 0.06901143 1.691326 0.1227185
v 0.07125411 1.694864 0.1237416
v 0.08541799 1.690724 0.09127418
v 0.08505498 1.688264 0.09151516
v 0.07099238 1.692378 0.1237635
v 0.06953488 1.696297 0.1226748
v 0.08360612 1.692182 0.09041324
v 0.08541799 1.690724 0.09127418
v 0.07125411 1.694864 0.1237416
v 0.06755394 1.695244 0.1216297
v 0.08143125 1.691179 0.08979327
v 0.08360612 1.692182 0.09041324
v 0.06953488 1.696297 0.1226748
v 0.06729221 1.692759 0.1216516
v 0.08106822 1.688718 0.09003423
v 0.08143125 1.691179 0.08979327
v 0.06755394 1.695244 0.1216297
v 0.0828801 1.68726 0.09089518
v 0.09558102 1.677927 0.03676218
v 0.09369281 1.679464 0.03628528
v 0.08106822 1.688718 0.09003423
v 0.08505498 1.688264 0.09151516
v 0.09783513 1.678862 0.03716533
v 0.09558102 1.677927 0.03676218
v 0.0828801 1.68726 0.09089518
v 0.08541799 1.690724 0.09127418
v 0.09820104 1.681333 0.03709158
v 0.09783513 1.678862 0.03716533
v 0.08505498 1.688264 0.09151516
v 0.08360612 1.692182 0.09041324
v 0.0963128 1.68287 0.03661468
v 0.09820104 1.681333 0.03709158
v 0.08541799 1.690724 0.09127418
v 0.08143125 1.691179 0.08979327
v 0.09405871 1.681935 0.03621153
v 0.0963128 1.68287 0.03661468
v 0.08360612 1.692182 0.09041324
v 0.08106822 1.688718 0.09003423
v 0.09369281 1.679464 0.03628528
v 0.09405871 1.681935 0.03621153
v 0.08143125 1.691179 0.08979327
v 0.09558102 1.677927 0.03676218
v 0.09678078 1.679413 0.02958544
v 0.09478024 1.680863 0.02979466
v 0.09369281 1.679464 0.03628528
v 0.09783513 1.678862 0.03716533
v 0.09899957 1.680304 0.03021706
v 0.09678078 1.679413 0.02958544
v 0.09558102 1.677927 0.03676218
v 0.09820104 1.681333 0.03709158
v 0.09921784 1.682644 0.0310579
v 0.09899957 1.680304 0.03021706
v 0.09783513 1.678862 0.03716533
v 0.0963128 1.68287 0.03661468
v 0.0972173 1.684094 0.03126711
v 0.09921784 1.682644 0.0310579
v 0.09820104 1.681333 0.03709158
v 0.09405871 1.681935 0.03621153
v 0.0949985 1.683203 0.0306355
v 0.0972173 1.684094 0.03126711
v 0.0963128 1.68287 0.03661468
v 0.09369281 1.679464 0.03628528
v 0.09478024 1.680863 0.02979466
v 0.0949985 1.683203 0.0306355
v 0.09405871 1.681935 0.03621153
v 0.09678078 1.679413 0.02958544
v 0.09853429 1.691241 0.01286782
v 0.09646267 1.692259 0.01375923
v 0.09478024 1.680863 0.02979466
v 0.09899957 1.680304 0.03021706
v 0.1007287 1.691961 0.01374879
v 0.09853429 1.691241 0.01286782
v 0.09678078 1.679413 0.02958544
v 0.09921784 1.682644 0.0310579
v 0.1008514 1.693698 0.01552117
v 0.1007287 1.691961 0.01374879
v 0.09899957 1.680304 0.03021706
v 0.0972173 1.684094 0.03126711
v 0.09877983 1.694716 0.01641257
v 0.1008514 1.693698 0.01552117
v 0.09921784 1.682644 0.0310579
v 0.0949985 1.683203 0.0306355
v 0.09658547 1.693996 0.0155316
v 0.09877983 1.694716 0.01641257
v 0.0972173 1.684094 0.03126711
v 0.09478024 1.680863 0.02979466
v 0.09646267 1.692259 0.01375923
v 0.09658547 1.693996 0.0155316
v 0.0949985 1.683203 0.0306355
v 0.09853429 1.691241 0.01286782
v 0.09822406 1.698922 0.009185307
v 0.09618184 1.699143 0.01055646
v 0.09646267 1.692259 0.01375923
v 0.1007287 1.691961 0.01374879
v 0.1004341 1.699397 0.01018133
v 0.09822406 1.698922 0.009185307
v 0.09853429 1.691241 0.01286782
v 0.1008514 1.693698 0.01552117
v 0.1006019 1.700093 0.01254851
v 0.1004341 1.699397 0.01018133
v 0.1007287 1.691961 0.01374879
v 0.09877983 1.694716 0.01641257
v 0.09855971 1.700314 0.01391966
v 0.1006019 1.700093 0.01254851
v 0.1008514 1.693698 0.01552117
v 0.09658547 1.693996 0.0155316
v 0.09634966 1.699839 0.01292363
v 0.09855971 1.700314 0.01391966
v 0.09877983 1.694716 0.01641257
v 0.09646267 1.692259 0.01375923
v 0.09618184 1.699143 0.01055646
v 0.09634966 1.699839 0.01292363
v 0.09658547 1.693996 0.0155316
v 0.09618184 1.699143 0.01055646
v 0.09822406 1.698922 0.009185307
v 0.09581544 1.729279 0.007280736
v 0.0937732 1.729499 0.008651885
v 0.09822406 1.698922 0.009185307
v 0.1004341 1.699397 0.01018133
v 0.09802548 1.729754 0.008276764
v 0.09581544 1.729279 0.007280736
v 0.1004341 1.699397 0.01018133
v 0.1006019 1.700093 0.01254851
v 0.09819329 1.73045 0.01064393
v 0.09802548 1.729754 0.008276764
v 0.1006019 1.700093 0.01254851
v 0.09855971 1.700314 0.01391966
v 0.09615109 1.730671 0.01201509
v 0.09819329 1.73045 0.01064393
v 0.09855971 1.700314 0.01391966
v 0.09634966 1.699839 0.01292363
v 0.09394105 1.730195 0.01101906
v 0.09615109 1.730671 0.01201509
v 0.09634966 1.699839 0.01292363
v 0.09618184 1.699143 0.01055646
v 0.0937732 1.729499 0.008651885
v 0.09394105 1.730195 0.01101906
v 0.08168954 1.618901 0.07340806
v 0.08481519 1.629188 0.07663956
v 0.0849183 1.628546 0.07870375
v 0.08179265 1.618259 0.07547226
v 0.08349202 1.619022 0.07222249
v 0.08661767 1.62931 0.07545397
v 0.08481519 1.629188 0.07663956
v 0.08168954 1.618901 0.07340806
v 0.08539762 1.618502 0.07310112
v 0.0885233 1.628789 0.07633261
v 0.08661767 1.62931 0.07545397
v 0.08349202 1.619022 0.07222249
v 0.08550075 1.61786 0.07516532
v 0.08862641 1.628147 0.07839681
v 0.0885233 1.628789 0.07633261
v 0.08539762 1.618502 0.07310112
v 0.08369826 1.617739 0.0763509
v 0.08682393 1.628026 0.07958239
v 0.08862641 1.628147 0.07839681
v 0.08550075 1.61786 0.07516532
v 0.08179265 1.618259 0.07547226
v 0.0849183 1.628546 0.07870375
v 0.08682393 1.628026 0.07958239
v 0.08369826 1.617739 0.0763509
v 0.08481519 1.629188 0.07663956
v 0.08638762 1.662389 0.08564303
v 0.08649503 1.661779 0.08771658
v 0.0849183 1.628546 0.07870375
v 0.08661767 1.62931 0.07545397
v 0.08818623 1.662481 0.08444904
v 0.08638762 1.662389 0.08564303
v 0.08481519 1.629188 0.07663956
v 0.0885233 1.628789 0.07633261
v 0.09009225 1.661963 0.08532856
v 0.08818623 1.662481 0.08444904
v 0.08661767 1.62931 0.07545397
v 0.08862641 1.628147 0.07839681
v 0.09019969 1.661354 0.08740211
v 0.09009225 1.661963 0.08532856
v 0.0885233 1.628789 0.07633261
v 0.08682393 1.628026 0.07958239
v 0.08840108 1.661262 0.08859611
v 0.09019969 1.661354 0.08740211
v 0.08862641 1.628147 0.07839681
v 0.0849183 1.628546 0.07870375
v 0.08649503 1.661779 0.08771658
v 0.08840108 1.661262 0.08859611
v 0.08682393 1.628026 0.07958239
v 0.08638762 1.662389 0.08564303
v 0.08137309 1.689801 0.08911754
v 0.08146325 1.689592 0.09118908
v 0.08649503 1.661779 0.08771658
v 0.08818623 1.662481 0.08444904
v 0.08309297 1.690277 0.08804149
v 0.08137309 1.689801 0.08911754
v 0.08638762 1.662389 0.08564303
v 0.09009225 1.661963 0.08532856
v 0.08490302 1.690544 0.08903699
v 0.08309297 1.690277 0.08804149
v 0.08818623 1.662481 0.08444904
v 0.09019969 1.661354 0.08740211
v 0.08499318 1.690335 0.09110854
v 0.08490302 1.690544 0.08903699
v 0.09009225 1.661963 0.08532856
v 0.08840108 1.661262 0.08859611
v 0.08327331 1.689859 0.09218458
v 0.08499318 1.690335 0.09110854
v 0.09019969 1.661354 0.08740211
v 0.08649503 1.661779 0.08771658
v 0.08146325 1.689592 0.09118908
v 0.08327331 1.689859 0.09218458
v 0.08840108 1.661262 0.08859611
v 0.06408525 1.659402 0.1406644
v 0.07803223 1.659421 0.1163449
v 0.07928023 1.661051 0.1170649
v 0.06518627 1.661028 0.1416009
v 0.06463508 1.657322 0.1410484
v 0.07861731 1.657343 0.1166797
v 0.07803223 1.659421 0.1163449
v 0.06408525 1.659402 0.1406644
v 0.06628592 1.656869 0.1423689
v 0.08045037 1.656894 0.1177344
v 0.07861731 1.657343 0.1166797
v 0.06463508 1.657322 0.1410484
v 0.06738692 1.658495 0.1433053
v 0.08169835 1.658525 0.1184543
v 0.08045037 1.656894 0.1177344
v 0.06628592 1.656869 0.1423689
v 0.06683711 1.660574 0.1429214
v 0.08111329 1.660603 0.1181196
v 0.08169835 1.658525 0.1184543
v 0.06738692 1.658495 0.1433053
v 0.06518627 1.661028 0.1416009
v 0.07928023 1.661051 0.1170649
v 0.08111329 1.660603 0.1181196
v 0.06683711 1.660574 0.1429214
v 0.07803223 1.659421 0.1163449
v 0.08761727 1.662076 0.08461741
v 0.08895276 1.663719 0.08511826
v 0.07928023 1.661051 0.1170649
v 0.07861731 1.657343 0.1166797
v 0.08836216 1.660024 0.08453611
v 0.08761727 1.662076 0.08461741
v 0.07803223 1.659421 0.1163449
v 0.08045037 1.656894 0.1177344
v 0.09044257 1.659616 0.08495564
v 0.08836216 1.660024 0.08453611
v 0.07861731 1.657343 0.1166797
v 0.08169835 1.658525 0.1184543
v 0.09177804 1.661259 0.08545649
v 0.09044257 1.659616 0.08495564
v 0.08045037 1.656894 0.1177344
v 0.08111329 1.660603 0.1181196
v 0.09103314 1.66331 0.08553779
v 0.09177804 1.661259 0.08545649
v 0.08169835 1.658525 0.1184543
v 0.07928023 1.661051 0.1170649
v 0.08895276 1.663719 0.08511826
v 0.09103314 1.66331 0.08553779
v 0.08111329 1.660603 0.1181196
v 0.08761727 1.662076 0.08461741
v 0.09285634 1.669564 0.04906477
v 0.09418145 1.671184 0.04965815
v 0.08895276 1.663719 0.08511826
v 0.08836216 1.660024 0.08453611
v 0.09364724 1.667564 0.04869075
v 0.09285634 1.669564 0.04906477
v 0.08761727 1.662076 0.08461741
v 0.09044257 1.659616 0.08495564
v 0.09576327 1.667184 0.04891012
v 0.09364724 1.667564 0.04869075
v 0.08836216 1.660024 0.08453611
v 0.09177804 1.661259 0.08545649
v 0.0970884 1.668804 0.0495035
v 0.09576327 1.667184 0.04891012
v 0.09044257 1.659616 0.08495564
v 0.09103314 1.66331 0.08553779
v 0.0962975 1.670804 0.04987751
v 0.0970884 1.668804 0.0495035
v 0.09177804 1.661259 0.08545649
v 0.08895276 1.663719 0.08511826
v 0.09418145 1.671184 0.04965815
v 0.0962975 1.670804 0.04987751
v 0.09103314 1.66331 0.08553779
v 0.09285634 1.669564 0.04906477
v 0.09505566 1.682184 0.03030326
v 0.09610961 1.683378 0.03115117
v 0.09418145 1.671184 0.04965815
v 0.09364724 1.667564 0.04869075
v 0.09577725 1.680734 0.02949848
v 0.09505566 1.682184 0.03030326
v 0.09285634 1.669564 0.04906477
v 0.09576327 1.667184 0.04891012
v 0.09755276 1.680477 0.02954159
v 0.09577725 1.680734 0.02949848
v 0.09364724 1.667564 0.04869075
v 0.0970884 1.668804 0.0495035
v 0.09860669 1.681671 0.03038949
v 0.09755276 1.680477 0.02954159
v 0.09576327 1.667184 0.04891012
v 0.0962975 1.670804 0.04987751
v 0.09788512 1.683121 0.03119428
v 0.09860669 1.681671 0.03038949
v 0.0970884 1.668804 0.0495035
v 0.09418145 1.671184 0.04965815
v 0.09610961 1.683378 0.03115117
v 0.09788512 1.683121 0.03119428
v 0.0962975 1.670804 0.04987751
v 0.06103826 1.62642 0.135912
v 0.0746288 1.626768 0.1106789
v 0.07568585 1.628578 0.111275
v 0.06198628 1.628227 0.1366757
v 0.0617896 1.624449 0.1364733
v 0.07546811 1.624799 0.1111063
v 0.0746288 1.626768 0.1106789
v 0.06103826 1.62642 0.135912
v 0.06348898 1.624286 0.1377983
v 0.07736447 1.62464 0.1121298
v 0.07546811 1.624799 0.1111063
v 0.0617896 1.624449 0.1364733
v 0.06443699 1.626093 0.138562
v 0.07842153 1.62645 0.1127258
v 0.07736447 1.62464 0.1121298
v 0.06348898 1.624286 0.1377983
v 0.06368566 1.628064 0.1380007
v 0.07758222 1.628419 0.1122985
v 0.07842153 1.62645 0.1127258
v 0.06443699 1.626093 0.138562
v 0.06198628 1.628227 0.1366757
v 0.07568585 1.628578 0.111275
v 0.07758222 1.628419 0.1122985
v 0.06368566 1.628064 0.1380007
v 0.0746288 1.626768 0.1106789
v 0.0835459 1.630399 0.07666792
v 0.08469293 1.632217 0.07702885
v 0.07568585 1.628578 0.111275
v 0.07546811 1.624799 0.1111063
v 0.08449639 1.62844 0.07680476
v 0.0835459 1.630399 0.07666792
v 0.0746288 1.626768 0.1106789
v 0.07736447 1.62464 0.1121298
v 0.08659388 1.628298 0.07730252
v 0.08449639 1.62844 0.07680476
v 0.07546811 1.624799 0.1111063
v 0.07842153 1.62645 0.1127258
v 0.08774091 1.630115 0.07766345
v 0.08659388 1.628298 0.07730252
v 0.07736447 1.62464 0.1121298
v 0.07758222 1.628419 0.1122985
v 0.08679044 1.632074 0.07752661
v 0.08774091 1.630115 0.07766345
v 0.07842153 1.62645 0.1127258
v 0.07568585 1.628578 0.111275
v 0.08469293 1.632217 0.07702885
v 0.08679044 1.632074 0.07752661
v 0.07758222 1.628419 0.1122985
v 0.0835459 1.630399 0.07666792
v 0.0876637 1.636781 0.03654424
v 0.08877274 1.63855 0.03695887
v 0.08469293 1.632217 0.07702885
v 0.08449639 1.62844 0.07680476
v 0.0886467 1.634897 0.03638187
v 0.0876637 1.636781 0.03654424
v 0.0835459 1.630399 0.07666792
v 0.08659388 1.628298 0.07730252
v 0.09073876 1.634782 0.03663412
v 0.0886467 1.634897 0.03638187
v 0.08449639 1.62844 0.07680476
v 0.08774091 1.630115 0.07766345
v 0.09184781 1.636551 0.03704874
v 0.09073876 1.634782 0.03663412
v 0.08659388 1.628298 0.07730252
v 0.08679044 1.632074 0.07752661
v 0.0908648 1.638435 0.03721111
v 0.09184781 1.636551 0.03704874
v 0.08774091 1.630115 0.07766345
v 0.08469293 1.632217 0.07702885
v 0.08877274 1.63855 0.03695887
v 0.0908648 1.638435 0.03721111
v 0.08679044 1.632074 0.07752661
v 0.09444081 1.728154 -0.002514172
v 0.09754843 1.694351 -0.005160007
v 0.096041 1.694258 -0.006705911
v 0.09293339 1.728062 -0.004060076
v 0.09650884 1.728493 -0.003041908
v 0.09961644 1.694689 -0.005687749
v 0.09754843 1.694351 -0.005160007
v 0.09444081 1.728154 -0.002514172
v 0.09706941 1.728739 -0.005115546
v 0.100177 1.694936 -0.007761381
v 0.09961644 1.694689 -0.005687749
v 0.09650884 1.728493 -0.003041908
v 0.09556199 1.728647 -0.006661444
v 0.0986696 1.694844 -0.009307285
v 0.100177 1.694936 -0.007761381
v 0.09706941 1.728739 -0.005115546
v 0.09349397 1.728308 -0.006133709
v 0.09660161 1.694505 -0.00877955
v 0.0986696 1.694844 -0.009307285
v 0.09556199 1.728647 -0.006661444
v 0.09293339 1.728062 -0.004060076
v 0.096041 1.694258 -0.006705911
v 0.09660161 1.694505 -0.00877955
v 0.09349397 1.728308 -0.006133709
v 0.09800649 1.689351 -0.004611736
v 0.0965516 1.688727 -0.006086094
v 0.096041 1.694258 -0.006705911
v 0.09754843 1.694351 -0.005160007
v 0.1001168 1.689188 -0.005045127
v 0.09800649 1.689351 -0.004611736
v 0.09754843 1.694351 -0.005160007
v 0.09961644 1.694689 -0.005687749
v 0.1007721 1.688402 -0.006952881
v 0.1001168 1.689188 -0.005045127
v 0.09961644 1.694689 -0.005687749
v 0.100177 1.694936 -0.007761381
v 0.09931722 1.687778 -0.008427239
v 0.1007721 1.688402 -0.006952881
v 0.100177 1.694936 -0.007761381
v 0.0986696 1.694844 -0.009307285
v 0.09720697 1.687941 -0.007993842
v 0.09931722 1.687778 -0.008427239
v 0.0986696 1.694844 -0.009307285
v 0.09660161 1.694505 -0.00877955
v 0.0965516 1.688727 -0.006086094
v 0.09720697 1.687941 -0.007993842
v 0.09660161 1.694505 -0.00877955
v 0.096041 1.694258 -0.006705911
v 0.09800649 1.689351 -0.004611736
v 0.09494342 1.67096 0.01700271
v 0.09345635 1.669865 0.01586758
v 0.0965516 1.688727 -0.006086094
v 0.1001168 1.689188 -0.005045127
v 0.09702933 1.670417 0.0168364
v 0.09494342 1.67096 0.01700271
v 0.09800649 1.689351 -0.004611736
v 0.1007721 1.688402 -0.006952881
v 0.09762818 1.668779 0.01553496
v 0.09702933 1.670417 0.0168364
v 0.1001168 1.689188 -0.005045127
v 0.09931722 1.687778 -0.008427239
v 0.09614111 1.667684 0.01439983
v 0.09762818 1.668779 0.01553496
v 0.1007721 1.688402 -0.006952881
v 0.09720697 1.687941 -0.007993842
v 0.09405521 1.668227 0.01456614
v 0.09614111 1.667684 0.01439983
v 0.09931722 1.687778 -0.008427239
v 0.0965516 1.688727 -0.006086094
v 0.09345635 1.669865 0.01586758
v 0.09405521 1.668227 0.01456614
v 0.09720697 1.687941 -0.007993842
v 0.09494342 1.67096 0.01700271
v 0.08533946 1.631378 0.07939165
v 0.08388531 1.63044 0.07808901
v 0.09345635 1.669865 0.01586758
v 0.09702933 1.670417 0.0168364
v 0.08740647 1.630747 0.07931859
v 0.08533946 1.631378 0.07939165
v 0.09494342 1.67096 0.01700271
v 0.09762818 1.668779 0.01553496
v 0.08801934 1.629178 0.07794289
v 0.08740647 1.630747 0.07931859
v 0.09702933 1.670417 0.0168364
v 0.09614111 1.667684 0.01439983
v 0.08656518 1.62824 0.07664026
v 0.08801934 1.629178 0.07794289
v 0.09762818 1.668779 0.01553496
v 0.09405521 1.668227 0.01456614
v 0.08449817 1.628871 0.07671332
v 0.08656518 1.62824 0.07664026
v 0.09614111 1.667684 0.01439983
v 0.09345635 1.669865 0.01586758
v 0.08388531 1.63044 0.07808901
v 0.08449817 1.628871 0.07671332
v 0.09405521 1.668227 0.01456614
v 0.09388541 1.659963 0.004574615
v 0.09499393 1.668273 0.01557723
v 0.09324849 1.66742 0.01638264
v 0.09213997 1.65911 0.00538002
v 0.09575639 1.65911 0.005015069
v 0.0968649 1.66742 0.01601768
v 0.09499393 1.668273 0.01557723
v 0.09388541 1.659963 0.004574615
v 0.09588191 1.657404 0.006260916
v 0.0969904 1.665714 0.01726353
v 0.0968649 1.66742 0.01601768
v 0.09575639 1.65911 0.005015069
v 0.09413648 1.656551 0.007066315
v 0.09524499 1.664861 0.01806893
v 0.0969904 1.665714 0.01726353
v 0.09588191 1.657404 0.006260916
v 0.09226552 1.657404 0.006625868
v 0.09337403 1.665714 0.01762848
v 0.09524499 1.664861 0.01806893
v 0.09413648 1.656551 0.007066315
v 0.09213997 1.65911 0.00538002
v 0.09324849 1.66742 0.01638264
v 0.09337403 1.665714 0.01762848
v 0.09226552 1.657404 0.006625868
v 0.09499393 1.668273 0.01557723
v 0.09665841 1.682918 0.03209855
v 0.09506127 1.682165 0.03287321
v 0.09324849 1.66742 0.01638264
v 0.0968649 1.66742 0.01601768
v 0.09837798 1.682165 0.0325385
v 0.09665841 1.682918 0.03209855
v 0.09499393 1.668273 0.01557723
v 0.0969904 1.665714 0.01726353
v 0.09850036 1.680657 0.0337531
v 0.09837798 1.682165 0.0325385
v 0.0968649 1.66742 0.01601768
v 0.09524499 1.664861 0.01806893
v 0.0969032 1.679904 0.03452775
v 0.09850036 1.680657 0.0337531
v 0.0969904 1.665714 0.01726353
v 0.09337403 1.665714 0.01762848
v 0.09518365 1.680657 0.03408781
v 0.0969032 1.679904 0.03452775
v 0.09524499 1.664861 0.01806893
v 0.09324849 1.66742 0.01638264
v 0.09506127 1.682165 0.03287321
v 0.09518365 1.680657 0.03408781
v 0.09337403 1.665714 0.01762848
v 0.03787217 1.661026 0.1635295
v 0.04575467 1.661026 0.1597239
v 0.04661171 1.660559 0.1616887
v 0.03870801 1.660559 0.1654553
v 3.485739E-05 1.661022 0.1689589
v 3.485739E-05 1.660573 0.1710557
v 0.04575467 1.661026 0.1597239
v 0.03727655 1.659411 0.1621785
v 0.04517518 1.659411 0.1583945
v 0.03787217 1.661026 0.1635295
v 3.485739E-05 1.659392 0.1675301
v 3.485739E-05 1.661022 0.1689589
v 0.04517518 1.659411 0.1583945
v 0.03765111 1.657329 0.1627342
v 0.04554399 1.65733 0.1589458
v 0.03727655 1.659411 0.1621785
v 3.485739E-05 1.657314 0.168198
v 3.485739E-05 1.659392 0.1675301
v 0.04554399 1.65733 0.1589458
v 0.03861794 1.656862 0.1646409
v 0.04649512 1.656863 0.1608236
v 0.03765111 1.657329 0.1627342
v 3.485739E-05 1.656865 0.1702948
v 3.485739E-05 1.657314 0.168198
v 0.04649512 1.656863 0.1608236
v 0.03907943 1.658477 0.1660112
v 0.04698268 1.658477 0.1622378
v 0.03861794 1.656862 0.1646409
v 3.485739E-05 1.658495 0.1717236
v 3.485739E-05 1.656865 0.1702948
v 0.04698268 1.658477 0.1622378
v 0.03870801 1.660559 0.1654553
v 0.04661171 1.660559 0.1616887
v 0.03907943 1.658477 0.1660112
v 3.485739E-05 1.660573 0.1710557
v 3.485739E-05 1.658495 0.1717236
v 0.04517518 1.659411 0.1583945
v 0.06408525 1.659402 0.1406644
v 0.06518627 1.661028 0.1416009
v 0.04575467 1.661026 0.1597239
v 0.04554399 1.65733 0.1589458
v 0.06463508 1.657322 0.1410484
v 0.06408525 1.659402 0.1406644
v 0.04517518 1.659411 0.1583945
v 0.04649512 1.656863 0.1608236
v 0.06628592 1.656869 0.1423689
v 0.06463508 1.657322 0.1410484
v 0.04554399 1.65733 0.1589458
v 0.04698268 1.658477 0.1622378
v 0.06738692 1.658495 0.1433053
v 0.06628592 1.656869 0.1423689
v 0.04649512 1.656863 0.1608236
v 0.04661171 1.660559 0.1616887
v 0.06683711 1.660574 0.1429214
v 0.06738692 1.658495 0.1433053
v 0.04698268 1.658477 0.1622378
v 0.04575467 1.661026 0.1597239
v 0.06518627 1.661028 0.1416009
v 0.06683711 1.660574 0.1429214
v 0.04661171 1.660559 0.1616887
v 0.03517791 1.628208 0.1583908
v 0.0429171 1.628211 0.1545146
v 0.04384944 1.628042 0.1564752
v 0.0361022 1.628038 0.1603349
v 3.485739E-05 1.628205 0.1645925
v 3.485739E-05 1.628042 0.1667198
v 0.0429171 1.628211 0.1545146
v 0.03465125 1.626404 0.1572802
v 0.04239347 1.626407 0.1534073
v 0.03517791 1.628208 0.1583908
v 3.485739E-05 1.626398 0.1633907
v 3.485739E-05 1.628205 0.1645925
v 0.04239347 1.626407 0.1534073
v 0.03508899 1.624431 0.1581067
v 0.04283024 1.624434 0.1542352
v 0.03465125 1.626404 0.1572802
v 3.485739E-05 1.624427 0.1643161
v 3.485739E-05 1.626398 0.1633907
v 0.04283024 1.624434 0.1542352
v 0.03605159 1.624261 0.1600439
v 0.04379147 1.624264 0.1561691
v 0.03508899 1.624431 0.1581067
v 3.485739E-05 1.624263 0.1664434
v 3.485739E-05 1.624427 0.1643161
v 0.04379147 1.624264 0.1561691
v 0.03653839 1.626065 0.1611615
v 0.04428705 1.626068 0.1573018
v 0.03605159 1.624261 0.1600439
v 3.485739E-05 1.626071 0.1676452
v 3.485739E-05 1.624263 0.1664434
v 0.04428705 1.626068 0.1573018
v 0.0361022 1.628038 0.1603349
v 0.04384944 1.628042 0.1564752
v 0.03653839 1.626065 0.1611615
v 3.485739E-05 1.628042 0.1667198
v 3.485739E-05 1.626071 0.1676452
v 0.04239347 1.626407 0.1534073
v 0.06103826 1.62642 0.135912
v 0.06198628 1.628227 0.1366757
v 0.0429171 1.628211 0.1545146
v 0.04283024 1.624434 0.1542352
v 0.0617896 1.624449 0.1364733
v 0.06103826 1.62642 0.135912
v 0.04239347 1.626407 0.1534073
v 0.04379147 1.624264 0.1561691
v 0.06348898 1.624286 0.1377983
v 0.0617896 1.624449 0.1364733
v 0.04283024 1.624434 0.1542352
v 0.04428705 1.626068 0.1573018
v 0.06443699 1.626093 0.138562
v 0.06348898 1.624286 0.1377983
v 0.04379147 1.624264 0.1561691
v 0.04384944 1.628042 0.1564752
v 0.06368566 1.628064 0.1380007
v 0.06443699 1.626093 0.138562
v 0.04428705 1.626068 0.1573018
v 0.0429171 1.628211 0.1545146
v 0.06198628 1.628227 0.1366757
v 0.06368566 1.628064 0.1380007
v 0.04384944 1.628042 0.1564752
v -0.09314593 1.72575 -0.01948619
v -0.09118708 1.725799 -0.02098929
v -0.09457023 1.694249 -0.02336093
v -0.09652537 1.694485 -0.02187037
v -0.09539286 1.72627 -0.02037148
v -0.09314593 1.72575 -0.01948619
v -0.09652537 1.694485 -0.02187037
v -0.09878415 1.694754 -0.02283166
v -0.09568097 1.72684 -0.02275988
v -0.09539286 1.72627 -0.02037148
v -0.09878415 1.694754 -0.02283166
v -0.09908778 1.694787 -0.0252835
v -0.09372214 1.72689 -0.02426298
v -0.09568097 1.72684 -0.02275988
v -0.09908778 1.694787 -0.0252835
v -0.09713262 1.694551 -0.02677407
v -0.09147521 1.726369 -0.02337769
v -0.09372214 1.72689 -0.02426298
v -0.09713262 1.694551 -0.02677407
v -0.09487384 1.694282 -0.02581278
v -0.09118708 1.725799 -0.02098929
v -0.09147521 1.726369 -0.02337769
v -0.09487384 1.694282 -0.02581278
v -0.09457023 1.694249 -0.02336093
v -0.09652537 1.694485 -0.02187037
v -0.09457023 1.694249 -0.02336093
v -0.09524533 1.684863 -0.02160859
v -0.09718806 1.685506 -0.02022236
v -0.09878415 1.694754 -0.02283166
v -0.09652537 1.694485 -0.02187037
v -0.09718806 1.685506 -0.02022236
v -0.09947795 1.685188 -0.02109072
v -0.09908778 1.694787 -0.0252835
v -0.09878415 1.694754 -0.02283166
v -0.09947795 1.685188 -0.02109072
v -0.09982512 1.684227 -0.02334532
v -0.09713262 1.694551 -0.02677407
v -0.09908778 1.694787 -0.0252835
v -0.09982512 1.684227 -0.02334532
v -0.09788241 1.683585 -0.02473155
v -0.09487384 1.694282 -0.02581278
v -0.09713262 1.694551 -0.02677407
v -0.09788241 1.683585 -0.02473155
v -0.09559248 1.683903 -0.02386319
v -0.09457023 1.694249 -0.02336093
v -0.09487384 1.694282 -0.02581278
v -0.09559248 1.683903 -0.02386319
v -0.09524533 1.684863 -0.02160859
v -0.09718806 1.685506 -0.02022236
v -0.09524533 1.684863 -0.02160859
v -0.09471723 1.677434 -0.01576618
v -0.09666102 1.678415 -0.01459104
v -0.09947795 1.685188 -0.02109072
v -0.09718806 1.685506 -0.02022236
v -0.09666102 1.678415 -0.01459104
v -0.09893845 1.6776 -0.01510249
v -0.09982512 1.684227 -0.02334532
v -0.09947795 1.685188 -0.02109072
v -0.09893845 1.6776 -0.01510249
v -0.09927211 1.675805 -0.01678907
v -0.09788241 1.683585 -0.02473155
v -0.09982512 1.684227 -0.02334532
v -0.09927211 1.675805 -0.01678907
v -0.09732833 1.674824 -0.01796421
v -0.09559248 1.683903 -0.02386319
v -0.09788241 1.683585 -0.02473155
v -0.09732833 1.674824 -0.01796421
v -0.09505088 1.675639 -0.01745276
v -0.09524533 1.684863 -0.02160859
v -0.09559248 1.683903 -0.02386319
v -0.09505088 1.675639 -0.01745276
v -0.09471723 1.677434 -0.01576618
v -0.09666102 1.678415 -0.01459104
v -0.09471723 1.677434 -0.01576618
v -0.09172849 1.659431 0.006092751
v -0.09367839 1.660506 0.007173463
v -0.09893845 1.6776 -0.01510249
v -0.09666102 1.678415 -0.01459104
v -0.09367839 1.660506 0.007173463
v -0.09594533 1.659597 0.006783689
v -0.09927211 1.675805 -0.01678907
v -0.09893845 1.6776 -0.01510249
v -0.09594533 1.659597 0.006783689
v -0.09626237 1.657614 0.00531321
v -0.09732833 1.674824 -0.01796421
v -0.09927211 1.675805 -0.01678907
v -0.09626237 1.657614 0.00531321
v -0.09431244 1.656539 0.004232504
v -0.09505088 1.675639 -0.01745276
v -0.09732833 1.674824 -0.01796421
v -0.09431244 1.656539 0.004232504
v -0.09204552 1.657447 0.004622272
v -0.09471723 1.677434 -0.01576618
v -0.09505088 1.675639 -0.01745276
v -0.09204552 1.657447 0.004622272
v -0.09172849 1.659431 0.006092751
v -0.09367839 1.660506 0.007173463
v -0.09172849 1.659431 0.006092751
v -0.08885733 1.642273 0.0290481
v -0.09081462 1.643391 0.0300703
v -0.09594533 1.659597 0.006783689
v -0.09367839 1.660506 0.007173463
v -0.09081462 1.643391 0.0300703
v -0.09307841 1.642465 0.02970583
v -0.09626237 1.657614 0.00531321
v -0.09594533 1.659597 0.006783689
v -0.09307841 1.642465 0.02970583
v -0.09338488 1.640419 0.02831918
v -0.09431244 1.656539 0.004232504
v -0.09626237 1.657614 0.00531321
v -0.09338488 1.640419 0.02831918
v -0.09142756 1.6393 0.02729699
v -0.09204552 1.657447 0.004622272
v -0.09431244 1.656539 0.004232504
v -0.09142756 1.6393 0.02729699
v -0.08916379 1.640227 0.02766145
v -0.09172849 1.659431 0.006092751
v -0.09204552 1.657447 0.004622272
v -0.08916379 1.640227 0.02766145
v -0.08885733 1.642273 0.0290481
v -0.09081462 1.643391 0.0300703
v -0.08885733 1.642273 0.0290481
v -0.0882762 1.639154 0.0337088
v -0.09024025 1.64031 0.03467575
v -0.09307841 1.642465 0.02970583
v -0.09081462 1.643391 0.0300703
v -0.09024025 1.64031 0.03467575
v -0.09249787 1.63935 0.03436163
v -0.09338488 1.640419 0.02831918
v -0.09307841 1.642465 0.02970583
v -0.09249787 1.63935 0.03436163
v -0.09279145 1.637233 0.03308055
v -0.09142756 1.6393 0.02729699
v -0.09338488 1.640419 0.02831918
v -0.09279145 1.637233 0.03308055
v -0.0908274 1.636076 0.0321136
v -0.08916379 1.640227 0.02766145
v -0.09142756 1.6393 0.02729699
v -0.0908274 1.636076 0.0321136
v -0.08856976 1.637037 0.03242772
v -0.08885733 1.642273 0.0290481
v -0.08916379 1.640227 0.02766145
v -0.08856976 1.637037 0.03242772
v -0.0882762 1.639154 0.0337088
v -0.09024025 1.64031 0.03467575
v -0.0882762 1.639154 0.0337088
v -0.08132216 1.619483 0.07489394
v -0.08325114 1.620594 0.0759771
v -0.09249787 1.63935 0.03436163
v -0.09024025 1.64031 0.03467575
v -0.08325114 1.620594 0.0759771
v -0.0854264 1.619417 0.07609352
v -0.09279145 1.637233 0.03308055
v -0.09249787 1.63935 0.03436163
v -0.0854264 1.619417 0.07609352
v -0.08567265 1.61713 0.07512679
v -0.0908274 1.636076 0.0321136
v -0.09279145 1.637233 0.03308055
v -0.08567265 1.61713 0.07512679
v -0.08374369 1.616019 0.07404362
v -0.08856976 1.637037 0.03242772
v -0.0908274 1.636076 0.0321136
v -0.08374369 1.616019 0.07404362
v -0.08156844 1.617196 0.0739272
v -0.0882762 1.639154 0.0337088
v -0.08856976 1.637037 0.03242772
v -0.08156844 1.617196 0.0739272
v -0.08132216 1.619483 0.07489394
v -0.08325114 1.620594 0.0759771
v -0.08132216 1.619483 0.07489394
v -0.0754287 1.613233 0.08923852
v -0.07728983 1.614268 0.09049924
v -0.0854264 1.619417 0.07609352
v -0.08325114 1.620594 0.0759771
v -0.07728983 1.614268 0.09049924
v -0.0793682 1.612976 0.09088343
v -0.08567265 1.61713 0.07512679
v -0.0854264 1.619417 0.07609352
v -0.0793682 1.612976 0.09088343
v -0.07958545 1.610649 0.09000687
v -0.08374369 1.616019 0.07404362
v -0.08567265 1.61713 0.07512679
v -0.07958545 1.610649 0.09000687
v -0.07772432 1.609614 0.08874615
v -0.08156844 1.617196 0.0739272
v -0.08374369 1.616019 0.07404362
v -0.07772432 1.609614 0.08874615
v -0.07564595 1.610906 0.08836196
v -0.08132216 1.619483 0.07489394
v -0.08156844 1.617196 0.0739272
v -0.07564595 1.610906 0.08836196
v -0.0754287 1.613233 0.08923852
v -0.07728983 1.614268 0.09049924
v -0.0754287 1.613233 0.08923852
v -0.06572957 1.606095 0.1088413
v -0.06757193 1.607108 0.110146
v -0.0793682 1.612976 0.09088343
v -0.07728983 1.614268 0.09049924
v -0.06757193 1.607108 0.110146
v -0.0694472 1.605681 0.110916
v -0.07958545 1.610649 0.09000687
v -0.0793682 1.612976 0.09088343
v -0.0694472 1.605681 0.110916
v -0.06948011 1.603241 0.1103811
v -0.07772432 1.609614 0.08874615
v -0.07958545 1.610649 0.09000687
v -0.06948011 1.603241 0.1103811
v -0.06763773 1.602227 0.1090764
v -0.07564595 1.610906 0.08836196
v -0.07772432 1.609614 0.08874615
v -0.06763773 1.602227 0.1090764
v -0.06576247 1.603655 0.1083064
v -0.0754287 1.613233 0.08923852
v -0.07564595 1.610906 0.08836196
v -0.06576247 1.603655 0.1083064
v -0.06572957 1.606095 0.1088413
v -0.06757193 1.607108 0.110146
v -0.06572957 1.606095 0.1088413
v -0.05442524 1.602692 0.1260866
v -0.05613101 1.603677 0.1275844
v -0.0694472 1.605681 0.110916
v -0.06757193 1.607108 0.110146
v -0.05613101 1.603677 0.1275844
v -0.05784898 1.602209 0.1286056
v -0.06948011 1.603241 0.1103811
v -0.0694472 1.605681 0.110916
v -0.05784898 1.602209 0.1286056
v -0.05786118 1.599756 0.128129
v -0.06763773 1.602227 0.1090764
v -0.06948011 1.603241 0.1103811
v -0.05786118 1.599756 0.128129
v -0.05615541 1.598771 0.1266311
v -0.06576247 1.603655 0.1083064
v -0.06763773 1.602227 0.1090764
v -0.05615541 1.598771 0.1266311
v -0.05443744 1.600239 0.12561
v -0.06572957 1.606095 0.1088413
v -0.06576247 1.603655 0.1083064
v -0.05443744 1.600239 0.12561
v -0.05442524 1.602692 0.1260866
v -0.05613101 1.603677 0.1275844
v -0.05442524 1.602692 0.1260866
v -0.0337798 1.598178 0.1421662
v -0.03481658 1.598997 0.1442577
v -0.05784898 1.602209 0.1286056
v -0.05613101 1.603677 0.1275844
v -0.03481658 1.598997 0.1442577
v -0.03592661 1.597383 0.1457829
v -0.05786118 1.599756 0.128129
v -0.05784898 1.602209 0.1286056
v -0.03592661 1.597383 0.1457829
v -0.03599986 1.59495 0.1452166
v -0.05615541 1.598771 0.1266311
v -0.05786118 1.599756 0.128129
v -0.03599986 1.59495 0.1452166
v -0.03496307 1.594132 0.1431251
v -0.05443744 1.600239 0.12561
v -0.05615541 1.598771 0.1266311
v -0.03496307 1.594132 0.1431251
v -0.03385304 1.595746 0.1415999
v -0.05442524 1.602692 0.1260866
v -0.05443744 1.600239 0.12561
v -0.03385304 1.595746 0.1415999
v -0.0337798 1.598178 0.1421662
v -0.03481658 1.598997 0.1442577
v -0.0337798 1.598178 0.1421662
v -0.02929756 1.597744 0.1440158
v -0.03004646 1.598524 0.1462404
v -0.03592661 1.597383 0.1457829
v -0.03481658 1.598997 0.1442577
v -0.03004646 1.598524 0.1462404
v -0.03080836 1.596865 0.1479238
v -0.03599986 1.59495 0.1452166
v -0.03592661 1.597383 0.1457829
v -0.03080836 1.596865 0.1479238
v -0.03082137 1.594425 0.1473826
v -0.03496307 1.594132 0.1431251
v -0.03599986 1.59495 0.1452166
v -0.03082137 1.594425 0.1473826
v -0.03007248 1.593645 0.1451579
v -0.03385304 1.595746 0.1415999
v -0.03496307 1.594132 0.1431251
v -0.03007248 1.593645 0.1451579
v -0.02931057 1.595305 0.1434745
v -0.0337798 1.598178 0.1421662
v -0.03385304 1.595746 0.1415999
v -0.02931057 1.595305 0.1434745
v -0.02929756 1.597744 0.1440158
v -0.03004646 1.598524 0.1462404
v -0.02929756 1.597744 0.1440158
v 3.485739E-05 1.597546 0.1474066
v 3.485739E-05 1.598333 0.1497133
v -0.03080836 1.596865 0.1479238
v -0.03004646 1.598524 0.1462404
v 3.485739E-05 1.598333 0.1497133
v 3.485739E-05 1.596672 0.1515363
v -0.03082137 1.594425 0.1473826
v -0.03080836 1.596865 0.1479238
v 3.485739E-05 1.596672 0.1515363
v 3.485739E-05 1.594224 0.1510524
v -0.03007248 1.593645 0.1451579
v -0.03082137 1.594425 0.1473826
v 3.485739E-05 1.594224 0.1510524
v 3.485739E-05 1.593437 0.1487457
v -0.02931057 1.595305 0.1434745
v -0.03007248 1.593645 0.1451579
v 3.485739E-05 1.593437 0.1487457
v 3.485739E-05 1.595097 0.1469228
v -0.02929756 1.597744 0.1440158
v -0.02931057 1.595305 0.1434745
v 3.485739E-05 1.595097 0.1469228
v 3.485739E-05 1.597546 0.1474066
v 3.485739E-05 1.693964 0.1651869
v 3.485739E-05 1.695357 0.1631629
v -0.03292935 1.69474 0.1553312
v -0.03337896 1.69337 0.1573481
v 3.485739E-05 1.695066 0.1673819
v 3.485739E-05 1.693964 0.1651869
v -0.03337896 1.69337 0.1573481
v -0.0339503 1.694494 0.1594799
v 3.485739E-05 1.69756 0.167553
v 3.485739E-05 1.695066 0.1673819
v -0.0339503 1.694494 0.1594799
v -0.03407203 1.696988 0.1595947
v 3.485739E-05 1.698952 0.1655291
v 3.485739E-05 1.69756 0.167553
v -0.03407203 1.696988 0.1595947
v -0.03362243 1.698358 0.1575778
v 3.485739E-05 1.697851 0.163334
v 3.485739E-05 1.698952 0.1655291
v -0.03362243 1.698358 0.1575778
v -0.03305108 1.697235 0.1554461
v 3.485739E-05 1.695357 0.1631629
v 3.485739E-05 1.697851 0.163334
v -0.03305108 1.697235 0.1554461
v -0.03292935 1.69474 0.1553312
v -0.03337896 1.69337 0.1573481
v -0.03292935 1.69474 0.1553312
v -0.03811835 1.694543 0.1533557
v -0.03889366 1.693162 0.1552634
v -0.0339503 1.694494 0.1594799
v -0.03337896 1.69337 0.1573481
v -0.03889366 1.693162 0.1552634
v -0.03980948 1.694274 0.1572774
v -0.03407203 1.696988 0.1595947
v -0.0339503 1.694494 0.1594799
v -0.03980948 1.694274 0.1572774
v -0.03995001 1.696768 0.1573835
v -0.03362243 1.698358 0.1575778
v -0.03407203 1.696988 0.1595947
v -0.03995001 1.696768 0.1573835
v -0.03917471 1.698149 0.1554758
v -0.03305108 1.697235 0.1554461
v -0.03362243 1.698358 0.1575778
v -0.03917471 1.698149 0.1554758
v -0.03825888 1.697037 0.1534618
v -0.03292935 1.69474 0.1553312
v -0.03305108 1.697235 0.1554461
v -0.03825888 1.697037 0.1534618
v -0.03811835 1.694543 0.1533557
v -0.03889366 1.693162 0.1552634
v -0.03811835 1.694543 0.1533557
v -0.04234301 1.694386 0.1507245
v -0.04345816 1.692991 0.1524442
v -0.03980948 1.694274 0.1572774
v -0.03889366 1.693162 0.1552634
v -0.04345816 1.692991 0.1524442
v -0.0447326 1.694088 0.1542613
v -0.03995001 1.696768 0.1573835
v -0.03980948 1.694274 0.1572774
v -0.0447326 1.694088 0.1542613
v -0.04489187 1.696581 0.1543588
v -0.03917471 1.698149 0.1554758
v -0.03995001 1.696768 0.1573835
v -0.04489187 1.696581 0.1543588
v -0.04377672 1.697976 0.1526391
v -0.03825888 1.697037 0.1534618
v -0.03917471 1.698149 0.1554758
v -0.04377672 1.697976 0.1526391
v -0.04250229 1.696879 0.150822
v -0.03811835 1.694543 0.1533557
v -0.03825888 1.697037 0.1534618
v -0.04250229 1.696879 0.150822
v -0.04234301 1.694386 0.1507245
v -0.04345816 1.692991 0.1524442
v -0.04234301 1.694386 0.1507245
v -0.0519706 1.694021 0.1425977
v -0.05329565 1.692616 0.1441526
v -0.0447326 1.694088 0.1542613
v -0.04345816 1.692991 0.1524442
v -0.05329565 1.692616 0.1441526
v -0.054795 1.693703 0.1457955
v -0.04489187 1.696581 0.1543588
v -0.0447326 1.694088 0.1542613
v -0.054795 1.693703 0.1457955
v -0.0549693 1.696195 0.1458835
v -0.04377672 1.697976 0.1526391
v -0.04489187 1.696581 0.1543588
v -0.0549693 1.696195 0.1458835
v -0.05364425 1.697601 0.1443286
v -0.04250229 1.696879 0.150822
v -0.04377672 1.697976 0.1526391
v -0.05364425 1.697601 0.1443286
v -0.05214491 1.696514 0.1426857
v -0.04234301 1.694386 0.1507245
v -0.04250229 1.696879 0.150822
v -0.05214491 1.696514 0.1426857
v -0.0519706 1.694021 0.1425977
v -0.05329565 1.692616 0.1441526
v -0.0519706 1.694021 0.1425977
v -0.0636838 1.693178 0.1278792
v -0.06538794 1.691747 0.1289727
v -0.054795 1.693703 0.1457955
v -0.05329565 1.692616 0.1441526
v -0.06538794 1.691747 0.1289727
v -0.06734677 1.692803 0.130056
v -0.0549693 1.696195 0.1458835
v -0.054795 1.693703 0.1457955
v -0.06734677 1.692803 0.130056
v -0.06760144 1.695289 0.1300458
v -0.05364425 1.697601 0.1443286
v -0.0549693 1.696195 0.1458835
v -0.06760144 1.695289 0.1300458
v -0.0658973 1.69672 0.1289524
v -0.05214491 1.696514 0.1426857
v -0.05364425 1.697601 0.1443286
v -0.0658973 1.69672 0.1289524
v -0.06393848 1.695665 0.1278691
v -0.0519706 1.694021 0.1425977
v -0.05214491 1.696514 0.1426857
v -0.06393848 1.695665 0.1278691
v -0.0636838 1.693178 0.1278792
v -0.06538794 1.691747 0.1289727
v -0.0636838 1.693178 0.1278792
v -0.06722249 1.692759 0.1216516
v -0.06894171 1.691326 0.1227185
v -0.06734677 1.692803 0.130056
v -0.06538794 1.691747 0.1289727
v -0.06894171 1.691326 0.1227185
v -0.07092267 1.692378 0.1237635
v -0.06760144 1.695289 0.1300458
v -0.06734677 1.692803 0.130056
v -0.07092267 1.692378 0.1237635
v -0.0711844 1.694864 0.1237416
v -0.0658973 1.69672 0.1289524
v -0.06760144 1.695289 0.1300458
v -0.0711844 1.694864 0.1237416
v -0.06946517 1.696297 0.1226748
v -0.06393848 1.695665 0.1278691
v -0.0658973 1.69672 0.1289524
v -0.06946517 1.696297 0.1226748
v -0.06748422 1.695244 0.1216297
v -0.0636838 1.693178 0.1278792
v -0.06393848 1.695665 0.1278691
v -0.06748422 1.695244 0.1216297
v -0.06722249 1.692759 0.1216516
v -0.06894171 1.691326 0.1227185
v -0.06722249 1.692759 0.1216516
v -0.0809985 1.688718 0.09003423
v -0.08281039 1.68726 0.09089518
v -0.07092267 1.692378 0.1237635
v -0.06894171 1.691326 0.1227185
v -0.08281039 1.68726 0.09089518
v -0.08498526 1.688264 0.09151516
v -0.0711844 1.694864 0.1237416
v -0.07092267 1.692378 0.1237635
v -0.08498526 1.688264 0.09151516
v -0.08534827 1.690724 0.09127418
v -0.06946517 1.696297 0.1226748
v -0.0711844 1.694864 0.1237416
v -0.08534827 1.690724 0.09127418
v -0.0835364 1.692182 0.09041324
v -0.06748422 1.695244 0.1216297
v -0.06946517 1.696297 0.1226748
v -0.0835364 1.692182 0.09041324
v -0.08136153 1.691179 0.08979327
v -0.06722249 1.692759 0.1216516
v -0.06748422 1.695244 0.1216297
v -0.08136153 1.691179 0.08979327
v -0.0809985 1.688718 0.09003423
v -0.08281039 1.68726 0.09089518
v -0.0809985 1.688718 0.09003423
v -0.09362309 1.679464 0.03628528
v -0.09551131 1.677927 0.03676218
v -0.08498526 1.688264 0.09151516
v -0.08281039 1.68726 0.09089518
v -0.09551131 1.677927 0.03676218
v -0.09776542 1.678862 0.03716533
v -0.08534827 1.690724 0.09127418
v -0.08498526 1.688264 0.09151516
v -0.09776542 1.678862 0.03716533
v -0.09813132 1.681333 0.03709158
v -0.0835364 1.692182 0.09041324
v -0.08534827 1.690724 0.09127418
v -0.09813132 1.681333 0.03709158
v -0.09624308 1.68287 0.03661468
v -0.08136153 1.691179 0.08979327
v -0.0835364 1.692182 0.09041324
v -0.09624308 1.68287 0.03661468
v -0.093989 1.681935 0.03621153
v -0.0809985 1.688718 0.09003423
v -0.08136153 1.691179 0.08979327
v -0.093989 1.681935 0.03621153
v -0.09362309 1.679464 0.03628528
v -0.09551131 1.677927 0.03676218
v -0.09362309 1.679464 0.03628528
v -0.09471053 1.680863 0.02979466
v -0.09671107 1.679413 0.02958544
v -0.09776542 1.678862 0.03716533
v -0.09551131 1.677927 0.03676218
v -0.09671107 1.679413 0.02958544
v -0.09892985 1.680304 0.03021706
v -0.09813132 1.681333 0.03709158
v -0.09776542 1.678862 0.03716533
v -0.09892985 1.680304 0.03021706
v -0.09914813 1.682644 0.0310579
v -0.09624308 1.68287 0.03661468
v -0.09813132 1.681333 0.03709158
v -0.09914813 1.682644 0.0310579
v -0.09714758 1.684094 0.03126711
v -0.093989 1.681935 0.03621153
v -0.09624308 1.68287 0.03661468
v -0.09714758 1.684094 0.03126711
v -0.09492879 1.683203 0.0306355
v -0.09362309 1.679464 0.03628528
v -0.093989 1.681935 0.03621153
v -0.09492879 1.683203 0.0306355
v -0.09471053 1.680863 0.02979466
v -0.09671107 1.679413 0.02958544
v -0.09471053 1.680863 0.02979466
v -0.09639297 1.692259 0.01375923
v -0.09846457 1.691241 0.01286782
v -0.09892985 1.680304 0.03021706
v -0.09671107 1.679413 0.02958544
v -0.09846457 1.691241 0.01286782
v -0.1006589 1.691961 0.01374879
v -0.09914813 1.682644 0.0310579
v -0.09892985 1.680304 0.03021706
v -0.1006589 1.691961 0.01374879
v -0.1007817 1.693698 0.01552117
v -0.09714758 1.684094 0.03126711
v -0.09914813 1.682644 0.0310579
v -0.1007817 1.693698 0.01552117
v -0.09871013 1.694716 0.01641257
v -0.09492879 1.683203 0.0306355
v -0.09714758 1.684094 0.03126711
v -0.09871013 1.694716 0.01641257
v -0.09651576 1.693996 0.0155316
v -0.09471053 1.680863 0.02979466
v -0.09492879 1.683203 0.0306355
v -0.09651576 1.693996 0.0155316
v -0.09639297 1.692259 0.01375923
v -0.09846457 1.691241 0.01286782
v -0.09639297 1.692259 0.01375923
v -0.09611212 1.699143 0.01055646
v -0.09815434 1.698922 0.009185307
v -0.1006589 1.691961 0.01374879
v -0.09846457 1.691241 0.01286782
v -0.09815434 1.698922 0.009185307
v -0.1003644 1.699397 0.01018133
v -0.1007817 1.693698 0.01552117
v -0.1006589 1.691961 0.01374879
v -0.1003644 1.699397 0.01018133
v -0.1005322 1.700093 0.01254851
v -0.09871013 1.694716 0.01641257
v -0.1007817 1.693698 0.01552117
v -0.1005322 1.700093 0.01254851
v -0.09849 1.700314 0.01391966
v -0.09651576 1.693996 0.0155316
v -0.09871013 1.694716 0.01641257
v -0.09849 1.700314 0.01391966
v -0.09627996 1.699839 0.01292363
v -0.09639297 1.692259 0.01375923
v -0.09651576 1.693996 0.0155316
v -0.09627996 1.699839 0.01292363
v -0.09611212 1.699143 0.01055646
v -0.09611212 1.699143 0.01055646
v -0.09370349 1.729499 0.008651885
v -0.09574572 1.729279 0.007280736
v -0.09815434 1.698922 0.009185307
v -0.09815434 1.698922 0.009185307
v -0.09574572 1.729279 0.007280736
v -0.09795577 1.729754 0.008276764
v -0.1003644 1.699397 0.01018133
v -0.1003644 1.699397 0.01018133
v -0.09795577 1.729754 0.008276764
v -0.09812358 1.73045 0.01064393
v -0.1005322 1.700093 0.01254851
v -0.1005322 1.700093 0.01254851
v -0.09812358 1.73045 0.01064393
v -0.09608138 1.730671 0.01201509
v -0.09849 1.700314 0.01391966
v -0.09849 1.700314 0.01391966
v -0.09608138 1.730671 0.01201509
v -0.09387133 1.730195 0.01101906
v -0.09627996 1.699839 0.01292363
v -0.09627996 1.699839 0.01292363
v -0.09387133 1.730195 0.01101906
v -0.09370349 1.729499 0.008651885
v -0.09611212 1.699143 0.01055646
v -0.08161982 1.618901 0.07340806
v -0.08172294 1.618259 0.07547226
v -0.08484858 1.628546 0.07870375
v -0.08474547 1.629188 0.07663956
v -0.0834223 1.619022 0.07222249
v -0.08161982 1.618901 0.07340806
v -0.08474547 1.629188 0.07663956
v -0.08654796 1.62931 0.07545397
v -0.0853279 1.618502 0.07310112
v -0.0834223 1.619022 0.07222249
v -0.08654796 1.62931 0.07545397
v -0.08845358 1.628789 0.07633261
v -0.08543103 1.61786 0.07516532
v -0.0853279 1.618502 0.07310112
v -0.08845358 1.628789 0.07633261
v -0.0885567 1.628147 0.07839681
v -0.08362855 1.617739 0.0763509
v -0.08543103 1.61786 0.07516532
v -0.0885567 1.628147 0.07839681
v -0.08675422 1.628026 0.07958239
v -0.08172294 1.618259 0.07547226
v -0.08362855 1.617739 0.0763509
v -0.08675422 1.628026 0.07958239
v -0.08484858 1.628546 0.07870375
v -0.08474547 1.629188 0.07663956
v -0.08484858 1.628546 0.07870375
v -0.08642531 1.661779 0.08771658
v -0.08631791 1.662389 0.08564303
v -0.08654796 1.62931 0.07545397
v -0.08474547 1.629188 0.07663956
v -0.08631791 1.662389 0.08564303
v -0.08811652 1.662481 0.08444904
v -0.08845358 1.628789 0.07633261
v -0.08654796 1.62931 0.07545397
v -0.08811652 1.662481 0.08444904
v -0.09002253 1.661963 0.08532856
v -0.0885567 1.628147 0.07839681
v -0.08845358 1.628789 0.07633261
v -0.09002253 1.661963 0.08532856
v -0.09012997 1.661354 0.08740211
v -0.08675422 1.628026 0.07958239
v -0.0885567 1.628147 0.07839681
v -0.09012997 1.661354 0.08740211
v -0.08833136 1.661262 0.08859611
v -0.08484858 1.628546 0.07870375
v -0.08675422 1.628026 0.07958239
v -0.08833136 1.661262 0.08859611
v -0.08642531 1.661779 0.08771658
v -0.08631791 1.662389 0.08564303
v -0.08642531 1.661779 0.08771658
v -0.08139353 1.689592 0.09118908
v -0.08130337 1.689801 0.08911754
v -0.08811652 1.662481 0.08444904
v -0.08631791 1.662389 0.08564303
v -0.08130337 1.689801 0.08911754
v -0.08302325 1.690277 0.08804149
v -0.09002253 1.661963 0.08532856
v -0.08811652 1.662481 0.08444904
v -0.08302325 1.690277 0.08804149
v -0.08483331 1.690544 0.08903699
v -0.09012997 1.661354 0.08740211
v -0.09002253 1.661963 0.08532856
v -0.08483331 1.690544 0.08903699
v -0.08492347 1.690335 0.09110854
v -0.08833136 1.661262 0.08859611
v -0.09012997 1.661354 0.08740211
v -0.08492347 1.690335 0.09110854
v -0.08320359 1.689859 0.09218458
v -0.08642531 1.661779 0.08771658
v -0.08833136 1.661262 0.08859611
v -0.08320359 1.689859 0.09218458
v -0.08139353 1.689592 0.09118908
v -0.06401554 1.659402 0.1406644
v -0.06511655 1.661028 0.1416009
v -0.07921052 1.661051 0.1170649
v -0.07796252 1.659421 0.1163449
v -0.06456536 1.657322 0.1410484
v -0.06401554 1.659402 0.1406644
v -0.07796252 1.659421 0.1163449
v -0.0785476 1.657343 0.1166797
v -0.0662162 1.656869 0.1423689
v -0.06456536 1.657322 0.1410484
v -0.0785476 1.657343 0.1166797
v -0.08038066 1.656894 0.1177344
v -0.06731721 1.658495 0.1433053
v -0.0662162 1.656869 0.1423689
v -0.08038066 1.656894 0.1177344
v -0.08162864 1.658525 0.1184543
v -0.06676739 1.660574 0.1429214
v -0.06731721 1.658495 0.1433053
v -0.08162864 1.658525 0.1184543
v -0.08104358 1.660603 0.1181196
v -0.06511655 1.661028 0.1416009
v -0.06676739 1.660574 0.1429214
v -0.08104358 1.660603 0.1181196
v -0.07921052 1.661051 0.1170649
v -0.07796252 1.659421 0.1163449
v -0.07921052 1.661051 0.1170649
v -0.08888304 1.663719 0.08511826
v -0.08754756 1.662076 0.08461741
v -0.0785476 1.657343 0.1166797
v -0.07796252 1.659421 0.1163449
v -0.08754756 1.662076 0.08461741
v -0.08829246 1.660024 0.08453611
v -0.08038066 1.656894 0.1177344
v -0.0785476 1.657343 0.1166797
v -0.08829246 1.660024 0.08453611
v -0.09037285 1.659616 0.08495564
v -0.08162864 1.658525 0.1184543
v -0.08038066 1.656894 0.1177344
v -0.09037285 1.659616 0.08495564
v -0.09170832 1.661259 0.08545649
v -0.08104358 1.660603 0.1181196
v -0.08162864 1.658525 0.1184543
v -0.09170832 1.661259 0.08545649
v -0.09096343 1.66331 0.08553779
v -0.07921052 1.661051 0.1170649
v -0.08104358 1.660603 0.1181196
v -0.09096343 1.66331 0.08553779
v -0.08888304 1.663719 0.08511826
v -0.08754756 1.662076 0.08461741
v -0.08888304 1.663719 0.08511826
v -0.09411173 1.671184 0.04965815
v -0.09278663 1.669564 0.04906477
v -0.08829246 1.660024 0.08453611
v -0.08754756 1.662076 0.08461741
v -0.09278663 1.669564 0.04906477
v -0.09357753 1.667564 0.04869075
v -0.09037285 1.659616 0.08495564
v -0.08829246 1.660024 0.08453611
v -0.09357753 1.667564 0.04869075
v -0.09569356 1.667184 0.04891012
v -0.09170832 1.661259 0.08545649
v -0.09037285 1.659616 0.08495564
v -0.09569356 1.667184 0.04891012
v -0.09701869 1.668804 0.0495035
v -0.09096343 1.66331 0.08553779
v -0.09170832 1.661259 0.08545649
v -0.09701869 1.668804 0.0495035
v -0.09622779 1.670804 0.04987751
v -0.08888304 1.663719 0.08511826
v -0.09096343 1.66331 0.08553779
v -0.09622779 1.670804 0.04987751
v -0.09411173 1.671184 0.04965815
v -0.09278663 1.669564 0.04906477
v -0.09411173 1.671184 0.04965815
v -0.09603989 1.683378 0.03115117
v -0.09498595 1.682184 0.03030326
v -0.09357753 1.667564 0.04869075
v -0.09278663 1.669564 0.04906477
v -0.09498595 1.682184 0.03030326
v -0.09570754 1.680734 0.02949848
v -0.09569356 1.667184 0.04891012
v -0.09357753 1.667564 0.04869075
v -0.09570754 1.680734 0.02949848
v -0.09748305 1.680477 0.02954159
v -0.09701869 1.668804 0.0495035
v -0.09569356 1.667184 0.04891012
v -0.09748305 1.680477 0.02954159
v -0.09853698 1.681671 0.03038949
v -0.09622779 1.670804 0.04987751
v -0.09701869 1.668804 0.0495035
v -0.09853698 1.681671 0.03038949
v -0.09781541 1.683121 0.03119428
v -0.09411173 1.671184 0.04965815
v -0.09622779 1.670804 0.04987751
v -0.09781541 1.683121 0.03119428
v -0.09603989 1.683378 0.03115117
v -0.06096854 1.62642 0.135912
v -0.06191657 1.628227 0.1366757
v -0.07561614 1.628578 0.111275
v -0.07455909 1.626768 0.1106789
v -0.06171988 1.624449 0.1364733
v -0.06096854 1.62642 0.135912
v -0.07455909 1.626768 0.1106789
v -0.07539839 1.624799 0.1111063
v -0.06341927 1.624286 0.1377983
v -0.06171988 1.624449 0.1364733
v -0.07539839 1.624799 0.1111063
v -0.07729476 1.62464 0.1121298
v -0.06436729 1.626093 0.138562
v -0.06341927 1.624286 0.1377983
v -0.07729476 1.62464 0.1121298
v -0.07835181 1.62645 0.1127258
v -0.06361594 1.628064 0.1380007
v -0.06436729 1.626093 0.138562
v -0.07835181 1.62645 0.1127258
v -0.0775125 1.628419 0.1122985
v -0.06191657 1.628227 0.1366757
v -0.06361594 1.628064 0.1380007
v -0.0775125 1.628419 0.1122985
v -0.07561614 1.628578 0.111275
v -0.07455909 1.626768 0.1106789
v -0.07561614 1.628578 0.111275
v -0.08462321 1.632217 0.07702885
v -0.08347619 1.630399 0.07666792
v -0.07539839 1.624799 0.1111063
v -0.07455909 1.626768 0.1106789
v -0.08347619 1.630399 0.07666792
v -0.08442668 1.62844 0.07680476
v -0.07729476 1.62464 0.1121298
v -0.07539839 1.624799 0.1111063
v -0.08442668 1.62844 0.07680476
v -0.08652417 1.628298 0.07730252
v -0.07835181 1.62645 0.1127258
v -0.07729476 1.62464 0.1121298
v -0.08652417 1.628298 0.07730252
v -0.08767119 1.630115 0.07766345
v -0.0775125 1.628419 0.1122985
v -0.07835181 1.62645 0.1127258
v -0.08767119 1.630115 0.07766345
v -0.08672072 1.632074 0.07752661
v -0.07561614 1.628578 0.111275
v -0.0775125 1.628419 0.1122985
v -0.08672072 1.632074 0.07752661
v -0.08462321 1.632217 0.07702885
v -0.08347619 1.630399 0.07666792
v -0.08462321 1.632217 0.07702885
v -0.08870303 1.63855 0.03695887
v -0.08759398 1.636781 0.03654424
v -0.08442668 1.62844 0.07680476
v -0.08347619 1.630399 0.07666792
v -0.08759398 1.636781 0.03654424
v -0.08857699 1.634897 0.03638187
v -0.08652417 1.628298 0.07730252
v -0.08442668 1.62844 0.07680476
v -0.08857699 1.634897 0.03638187
v -0.09066905 1.634782 0.03663412
v -0.08767119 1.630115 0.07766345
v -0.08652417 1.628298 0.07730252
v -0.09066905 1.634782 0.03663412
v -0.09177809 1.636551 0.03704874
v -0.08672072 1.632074 0.07752661
v -0.08767119 1.630115 0.07766345
v -0.09177809 1.636551 0.03704874
v -0.09079508 1.638435 0.03721111
v -0.08462321 1.632217 0.07702885
v -0.08672072 1.632074 0.07752661
v -0.09079508 1.638435 0.03721111
v -0.08870303 1.63855 0.03695887
v -0.0943711 1.728154 -0.002514172
v -0.09286368 1.728062 -0.004060076
v -0.09597129 1.694258 -0.006705911
v -0.09747873 1.694351 -0.005160007
v -0.09643912 1.728493 -0.003041908
v -0.0943711 1.728154 -0.002514172
v -0.09747873 1.694351 -0.005160007
v -0.09954672 1.694689 -0.005687749
v -0.09699969 1.728739 -0.005115546
v -0.09643912 1.728493 -0.003041908
v -0.09954672 1.694689 -0.005687749
v -0.1001073 1.694936 -0.007761381
v -0.09549227 1.728647 -0.006661444
v -0.09699969 1.728739 -0.005115546
v -0.1001073 1.694936 -0.007761381
v -0.09859988 1.694844 -0.009307285
v -0.09342425 1.728308 -0.006133709
v -0.09549227 1.728647 -0.006661444
v -0.09859988 1.694844 -0.009307285
v -0.0965319 1.694505 -0.00877955
v -0.09286368 1.728062 -0.004060076
v -0.09342425 1.728308 -0.006133709
v -0.0965319 1.694505 -0.00877955
v -0.09597129 1.694258 -0.006705911
v -0.09793677 1.689351 -0.004611736
v -0.09747873 1.694351 -0.005160007
v -0.09597129 1.694258 -0.006705911
v -0.09648188 1.688727 -0.006086094
v -0.1000471 1.689188 -0.005045127
v -0.09954672 1.694689 -0.005687749
v -0.09747873 1.694351 -0.005160007
v -0.09793677 1.689351 -0.004611736
v -0.1007024 1.688402 -0.006952881
v -0.1001073 1.694936 -0.007761381
v -0.09954672 1.694689 -0.005687749
v -0.1000471 1.689188 -0.005045127
v -0.0992475 1.687778 -0.008427239
v -0.09859988 1.694844 -0.009307285
v -0.1001073 1.694936 -0.007761381
v -0.1007024 1.688402 -0.006952881
v -0.09713725 1.687941 -0.007993842
v -0.0965319 1.694505 -0.00877955
v -0.09859988 1.694844 -0.009307285
v -0.0992475 1.687778 -0.008427239
v -0.09648188 1.688727 -0.006086094
v -0.09597129 1.694258 -0.006705911
v -0.0965319 1.694505 -0.00877955
v -0.09713725 1.687941 -0.007993842
v -0.09793677 1.689351 -0.004611736
v -0.09648188 1.688727 -0.006086094
v -0.09338664 1.669865 0.01586758
v -0.0948737 1.67096 0.01700271
v -0.1000471 1.689188 -0.005045127
v -0.09793677 1.689351 -0.004611736
v -0.0948737 1.67096 0.01700271
v -0.09695962 1.670417 0.0168364
v -0.1007024 1.688402 -0.006952881
v -0.1000471 1.689188 -0.005045127
v -0.09695962 1.670417 0.0168364
v -0.09755847 1.668779 0.01553496
v -0.0992475 1.687778 -0.008427239
v -0.1007024 1.688402 -0.006952881
v -0.09755847 1.668779 0.01553496
v -0.0960714 1.667684 0.01439983
v -0.09713725 1.687941 -0.007993842
v -0.0992475 1.687778 -0.008427239
v -0.0960714 1.667684 0.01439983
v -0.09398549 1.668227 0.01456614
v -0.09648188 1.688727 -0.006086094
v -0.09713725 1.687941 -0.007993842
v -0.09398549 1.668227 0.01456614
v -0.09338664 1.669865 0.01586758
v -0.0948737 1.67096 0.01700271
v -0.09338664 1.669865 0.01586758
v -0.0838156 1.63044 0.07808901
v -0.08526974 1.631378 0.07939165
v -0.09695962 1.670417 0.0168364
v -0.0948737 1.67096 0.01700271
v -0.08526974 1.631378 0.07939165
v -0.08733676 1.630747 0.07931859
v -0.09755847 1.668779 0.01553496
v -0.09695962 1.670417 0.0168364
v -0.08733676 1.630747 0.07931859
v -0.08794963 1.629178 0.07794289
v -0.0960714 1.667684 0.01439983
v -0.09755847 1.668779 0.01553496
v -0.08794963 1.629178 0.07794289
v -0.08649547 1.62824 0.07664026
v -0.09398549 1.668227 0.01456614
v -0.0960714 1.667684 0.01439983
v -0.08649547 1.62824 0.07664026
v -0.08442845 1.628871 0.07671332
v -0.09338664 1.669865 0.01586758
v -0.09398549 1.668227 0.01456614
v -0.08442845 1.628871 0.07671332
v -0.0838156 1.63044 0.07808901
v -0.0938157 1.659963 0.004574615
v -0.09207026 1.65911 0.00538002
v -0.09317878 1.66742 0.01638264
v -0.09492421 1.668273 0.01557723
v -0.09568667 1.65911 0.005015069
v -0.0938157 1.659963 0.004574615
v -0.09492421 1.668273 0.01557723
v -0.09679519 1.66742 0.01601768
v -0.09581219 1.657404 0.006260916
v -0.09568667 1.65911 0.005015069
v -0.09679519 1.66742 0.01601768
v -0.09692069 1.665714 0.01726353
v -0.09406676 1.656551 0.007066315
v -0.09581219 1.657404 0.006260916
v -0.09692069 1.665714 0.01726353
v -0.09517527 1.664861 0.01806893
v -0.0921958 1.657404 0.006625868
v -0.09406676 1.656551 0.007066315
v -0.09517527 1.664861 0.01806893
v -0.09330431 1.665714 0.01762848
v -0.09207026 1.65911 0.00538002
v -0.0921958 1.657404 0.006625868
v -0.09330431 1.665714 0.01762848
v -0.09317878 1.66742 0.01638264
v -0.09492421 1.668273 0.01557723
v -0.09317878 1.66742 0.01638264
v -0.09499156 1.682165 0.03287321
v -0.09658869 1.682918 0.03209855
v -0.09679519 1.66742 0.01601768
v -0.09492421 1.668273 0.01557723
v -0.09658869 1.682918 0.03209855
v -0.09830827 1.682165 0.0325385
v -0.09692069 1.665714 0.01726353
v -0.09679519 1.66742 0.01601768
v -0.09830827 1.682165 0.0325385
v -0.09843064 1.680657 0.0337531
v -0.09517527 1.664861 0.01806893
v -0.09692069 1.665714 0.01726353
v -0.09843064 1.680657 0.0337531
v -0.09683348 1.679904 0.03452775
v -0.09330431 1.665714 0.01762848
v -0.09517527 1.664861 0.01806893
v -0.09683348 1.679904 0.03452775
v -0.09511393 1.680657 0.03408781
v -0.09317878 1.66742 0.01638264
v -0.09330431 1.665714 0.01762848
v -0.09511393 1.680657 0.03408781
v -0.09499156 1.682165 0.03287321
v -0.03780246 1.661026 0.1635295
v -0.046542 1.660559 0.1616887
v -0.04568496 1.661026 0.1597239
v -0.03863829 1.660559 0.1654553
v 3.485739E-05 1.661022 0.1689589
v 3.485739E-05 1.660573 0.1710557
v -0.04568496 1.661026 0.1597239
v -0.04510546 1.659411 0.1583945
v -0.03720684 1.659411 0.1621785
v -0.03780246 1.661026 0.1635295
v 3.485739E-05 1.659392 0.1675301
v 3.485739E-05 1.661022 0.1689589
v -0.04510546 1.659411 0.1583945
v -0.04547428 1.65733 0.1589458
v -0.0375814 1.657329 0.1627342
v -0.03720684 1.659411 0.1621785
v 3.485739E-05 1.657314 0.168198
v 3.485739E-05 1.659392 0.1675301
v -0.04547428 1.65733 0.1589458
v -0.04642541 1.656863 0.1608236
v -0.03854823 1.656862 0.1646409
v -0.0375814 1.657329 0.1627342
v 3.485739E-05 1.656865 0.1702948
v 3.485739E-05 1.657314 0.168198
v -0.04642541 1.656863 0.1608236
v -0.04691296 1.658477 0.1622378
v -0.03900971 1.658477 0.1660112
v -0.03854823 1.656862 0.1646409
v 3.485739E-05 1.658495 0.1717236
v 3.485739E-05 1.656865 0.1702948
v -0.04691296 1.658477 0.1622378
v -0.046542 1.660559 0.1616887
v -0.03863829 1.660559 0.1654553
v -0.03900971 1.658477 0.1660112
v 3.485739E-05 1.660573 0.1710557
v 3.485739E-05 1.658495 0.1717236
v -0.04510546 1.659411 0.1583945
v -0.04568496 1.661026 0.1597239
v -0.06511655 1.661028 0.1416009
v -0.06401554 1.659402 0.1406644
v -0.04547428 1.65733 0.1589458
v -0.04510546 1.659411 0.1583945
v -0.06401554 1.659402 0.1406644
v -0.06456536 1.657322 0.1410484
v -0.04642541 1.656863 0.1608236
v -0.04547428 1.65733 0.1589458
v -0.06456536 1.657322 0.1410484
v -0.0662162 1.656869 0.1423689
v -0.04691296 1.658477 0.1622378
v -0.04642541 1.656863 0.1608236
v -0.0662162 1.656869 0.1423689
v -0.06731721 1.658495 0.1433053
v -0.046542 1.660559 0.1616887
v -0.04691296 1.658477 0.1622378
v -0.06731721 1.658495 0.1433053
v -0.06676739 1.660574 0.1429214
v -0.04568496 1.661026 0.1597239
v -0.046542 1.660559 0.1616887
v -0.06676739 1.660574 0.1429214
v -0.06511655 1.661028 0.1416009
v -0.03510819 1.628208 0.1583908
v -0.04377972 1.628042 0.1564752
v -0.04284738 1.628211 0.1545146
v -0.03603249 1.628038 0.1603349
v 3.485739E-05 1.628205 0.1645925
v 3.485739E-05 1.628042 0.1667198
v -0.04284738 1.628211 0.1545146
v -0.04232376 1.626407 0.1534073
v -0.03458154 1.626404 0.1572802
v -0.03510819 1.628208 0.1583908
v 3.485739E-05 1.626398 0.1633907
v 3.485739E-05 1.628205 0.1645925
v -0.04232376 1.626407 0.1534073
v -0.04276052 1.624434 0.1542352
v -0.03501927 1.624431 0.1581067
v -0.03458154 1.626404 0.1572802
v 3.485739E-05 1.624427 0.1643161
v 3.485739E-05 1.626398 0.1633907
v -0.04276052 1.624434 0.1542352
v -0.04372176 1.624264 0.1561691
v -0.03598187 1.624261 0.1600439
v -0.03501927 1.624431 0.1581067
v 3.485739E-05 1.624263 0.1664434
v 3.485739E-05 1.624427 0.1643161
v -0.04372176 1.624264 0.1561691
v -0.04421734 1.626068 0.1573018
v -0.03646868 1.626065 0.1611615
v -0.03598187 1.624261 0.1600439
v 3.485739E-05 1.626071 0.1676452
v 3.485739E-05 1.624263 0.1664434
v -0.04421734 1.626068 0.1573018
v -0.04377972 1.628042 0.1564752
v -0.03603249 1.628038 0.1603349
v -0.03646868 1.626065 0.1611615
v 3.485739E-05 1.628042 0.1667198
v 3.485739E-05 1.626071 0.1676452
v -0.04232376 1.626407 0.1534073
v -0.04284738 1.628211 0.1545146
v -0.06191657 1.628227 0.1366757
v -0.06096854 1.62642 0.135912
v -0.04276052 1.624434 0.1542352
v -0.04232376 1.626407 0.1534073
v -0.06096854 1.62642 0.135912
v -0.06171988 1.624449 0.1364733
v -0.04372176 1.624264 0.1561691
v -0.04276052 1.624434 0.1542352
v -0.06171988 1.624449 0.1364733
v -0.06341927 1.624286 0.1377983
v -0.04421734 1.626068 0.1573018
v -0.04372176 1.624264 0.1561691
v -0.06341927 1.624286 0.1377983
v -0.06436729 1.626093 0.138562
v -0.04377972 1.628042 0.1564752
v -0.04421734 1.626068 0.1573018
v -0.06436729 1.626093 0.138562
v -0.06361594 1.628064 0.1380007
v -0.04284738 1.628211 0.1545146
v -0.04377972 1.628042 0.1564752
v -0.06361594 1.628064 0.1380007
v -0.06191657 1.628227 0.1366757
v 0.045655 1.745898 0.08238227
v 0.07149806 1.734975 0.1581882
v 0.08272253 1.735371 0.1443515
v 0.03812257 1.735074 0.1695266
v 0.0869938 1.736067 0.126287
v 0.06015834 1.746802 0.05566226
v 0.09116573 1.738351 0.0585449
v 0.0006744902 1.747288 0.09382307
v 0.0006745051 1.735173 0.172121
v -0.03677357 1.735074 0.1695266
v 0.07385269 1.736761 -0.0008343339
v 0.09643033 1.739046 0.009155639
v 0.09156305 1.714688 -0.03946492
v 0.06989712 1.713866 -0.03965643
v 0.07467665 1.708236 -0.08039843
v 0.05687668 1.70938 -0.07130403
v 0.04090386 1.699894 -0.102883
v 0.03174224 1.70419 -0.08804455
v -0.04430596 1.745898 0.08238228
v 0.0006744694 1.697809 -0.1078796
v 0.0006744709 1.702377 -0.0925087
v -0.0303933 1.70419 -0.08804455
v -0.03945556 1.699894 -0.102883
v -0.0700497 1.734975 0.1581882
v -0.0812742 1.735371 0.1443516
v -0.08554545 1.736067 0.126287
v -0.05880934 1.746802 0.05566228
v -0.0897174 1.738351 0.05854493
v -0.07250372 1.736761 -0.0008343115
v -0.09498199 1.739046 0.009155667
v -0.06846572 1.722425 -0.03965642
v -0.0902141 1.723249 -0.03946489
v -0.0555277 1.70938 -0.07130402
v -0.07322834 1.708236 -0.0803984
v 0.09704761 1.726198 -0.008254318
v 0.09743328 1.726198 -0.004364683
v 0.09705317 1.737913 -0.005023561
v 0.09662636 1.729558 -0.01377072
v 0.0975498 1.726198 -0.001158272
v 0.09773657 1.739157 0.004655011
v 0.09787717 1.732268 0.005574425
v 0.09897623 1.727967 0.009576463
v 0.09892041 1.728525 0.01508144
v 0.09684563 1.736069 -0.01451889
v 0.09678541 1.723286 -0.01910117
v 0.09614628 1.72268 -0.02555899
v 0.09772476 1.740082 0.01185942
v 0.09827875 1.737325 0.01604949
v 0.09777646 1.741044 0.01799515
v 0.09622602 1.752157 0.01418587
v 0.09727316 1.743383 0.02135466
v 0.09634321 1.74479 0.02774005
v 0.09584029 1.748799 0.03205943
v 0.09514532 1.753657 0.0334406
v 0.09505418 1.757438 0.03121521
v 0.09496883 1.759747 0.02581436
v 0.09568842 1.759583 0.01691126
v 0.09625637 1.759181 0.009107349
v 0.09635255 1.749363 -0.00577989
v 0.09577567 1.757198 -0.006537982
v 0.09456295 1.744983 -0.02964062
v 0.09403871 1.754431 -0.02609572
v 0.09316367 1.752429 -0.03589335
v 0.09126555 1.749205 -0.04664772
v 0.09070485 1.744743 -0.04996832
v 0.09091939 1.739979 -0.04954751
v 0.09195213 1.735636 -0.04725523
v 0.09352444 1.73334 -0.04252047
v 0.09494424 1.734175 -0.03377718
v 0.09586917 1.734173 -0.02427996
v 0.09534421 1.733137 -0.02966154
v 0.09595419 1.730358 -0.02695023
v -0.09706 1.726198 -0.008254289
v -0.09706557 1.737913 -0.005023531
v -0.09744567 1.726198 -0.004364653
v -0.09663875 1.729558 -0.01377069
v -0.09756217 1.726198 -0.001158242
v -0.09774894 1.739157 0.004655042
v -0.09788954 1.732268 0.005574455
v -0.0989886 1.727967 0.009576494
v -0.09893279 1.728525 0.01508147
v -0.09685803 1.736069 -0.01451886
v -0.09679782 1.723286 -0.01910114
v -0.09615866 1.72268 -0.02555896
v -0.09773715 1.740082 0.01185945
v -0.09829112 1.737325 0.01604952
v -0.09778884 1.741044 0.01799518
v -0.09623839 1.752157 0.0141859
v -0.09728555 1.743383 0.02135469
v -0.09635558 1.74479 0.02774008
v -0.09585267 1.748799 0.03205946
v -0.09515769 1.753657 0.03344064
v -0.09506655 1.757438 0.03121524
v -0.0949812 1.759747 0.02581439
v -0.09570079 1.759583 0.01691128
v -0.09626876 1.759181 0.009107379
v -0.09636496 1.749363 -0.00577986
v -0.09578807 1.757198 -0.006537952
v -0.09457534 1.744983 -0.02964059
v -0.09405112 1.754431 -0.02609569
v -0.09317607 1.752429 -0.03589332
v -0.09127795 1.749205 -0.04664769
v -0.09071725 1.744743 -0.04996829
v -0.09093179 1.739979 -0.04954749
v -0.09196452 1.735636 -0.0472552
v -0.09353684 1.73334 -0.04252044
v -0.09495664 1.734175 -0.03377715
v -0.09588157 1.734173 -0.02427993
v -0.09535661 1.733137 -0.0296615
v -0.09596659 1.730358 -0.0269502
vt 0.6535043 0.4845173
vt 0.6557931 0.4503424
vt 0.6575797 0.4564362
vt 0.6564211 0.4876935
vt 0.6368713 0.4951144
vt 0.6356943 0.4925528
vt 0.6742105 0.5108885
vt 0.6404313 0.522185
vt 0.6392646 0.5193544
vt 0.6733682 0.5080587
vt 0.6392646 0.5193544
vt 0.6368713 0.4951144
vt 0.6564211 0.4876935
vt 0.6733682 0.5080587
vt 0.6785379 0.4670316
vt 0.6575797 0.4564362
vt 0.6742105 0.5108885
vt 0.6733682 0.5080587
vt 0.6785379 0.4670316
vt 0.6798868 0.4612788
vt 0.6535043 0.4845173
vt 0.6742105 0.5108885
vt 0.6798868 0.4612788
vt 0.6557931 0.4503424
vt 0.6798868 0.4612788
vt 0.6785379 0.4670316
vt 0.6575797 0.4564362
vt 0.6557931 0.4503424
vt 0.6404313 0.522185
vt 0.6356943 0.4925528
vt 0.6368713 0.4951144
vt 0.6392646 0.5193544
vt 0.6742105 0.5108885
vt 0.6535043 0.4845173
vt 0.6356943 0.4925528
vt 0.6404313 0.522185
vt 0.6535043 0.4845173
vt 0.6575797 0.4564362
vt 0.6557931 0.4503424
vt 0.6564211 0.4876935
vt 0.6368713 0.4951144
vt 0.6356943 0.4925528
vt 0.6742105 0.5108885
vt 0.6733682 0.5080587
vt 0.6392646 0.5193544
vt 0.6404313 0.522185
vt 0.6392646 0.5193544
vt 0.6564211 0.4876935
vt 0.6368713 0.4951144
vt 0.6733682 0.5080587
vt 0.6785379 0.4670316
vt 0.6575797 0.4564362
vt 0.6742105 0.5108885
vt 0.6798868 0.4612788
vt 0.6785379 0.4670316
vt 0.6733682 0.5080587
vt 0.6535043 0.4845173
vt 0.6557931 0.4503424
vt 0.6798868 0.4612788
vt 0.6742105 0.5108885
vt 0.6798868 0.4612788
vt 0.6557931 0.4503424
vt 0.6575797 0.4564362
vt 0.6785379 0.4670316
vt 0.6404313 0.522185
vt 0.6392646 0.5193544
vt 0.6368713 0.4951144
vt 0.6356943 0.4925528
vt 0.6742105 0.5108885
vt 0.6404313 0.522185
vt 0.6356943 0.4925528
vt 0.6535043 0.4845173
vt 0.9893105 0.8294414
vt 0.9908161 0.829424
vt 0.9893482 0.808966
vt 0.9887271 0.8574327
vt 0.9903119 0.8574117
vt 0.9899738 0.8651031
vt 0.9885075 0.8650757
vt 0.9883671 0.8723284
vt 0.989754 0.8723251
vt 0.9897492 0.8864349
vt 0.9884415 0.8864383
vt 0.9885182 0.9014133
vt 0.9898663 0.9014128
vt 0.9897594 0.916391
vt 0.988452 0.9163891
vt 0.9883871 0.9304615
vt 0.989774 0.9304639
vt 0.9899988 0.9376854
vt 0.9885325 0.937714
vt 0.9887574 0.945357
vt 0.9903426 0.9453768
vt 0.9893603 0.9733478
vt 0.9908659 0.9733642
vt 0.9894118 0.9938228
vt 0.8610598 0.03640857
vt 0.8613185 0.007219488
vt 0.8475273 0.007219488
vt 0.845606 0.0319955
vt 0.8383291 0.05508279
vt 0.8242091 0.04468125
vt 0.8524784 0.06724059
vt 0.8350576 0.09166991
vt 0.8305203 0.02698084
vt 0.8327349 0.007219488
vt 0.8159841 0.02323189
vt 0.8176488 0.007219369
vt 0.8057024 0.00721925
vt 0.8243018 0.07249265
vt 0.8021332 0.02165725
vt 0.7857598 0.007219131
vt 0.8052301 0.1058159
vt 0.81244 0.107077
vt 0.7857312 0.1128648
vt 0.8106846 0.0389471
vt 0.7858187 0.02119392
vt 0.765879 0.007219131
vt 0.7695268 0.02165833
vt 0.7540505 0.007219131
vt 0.7557234 0.02323469
vt 0.7390844 0.007219011
vt 0.8075285 0.04452279
vt 0.7998351 0.03690672
vt 0.7858328 0.0367479
vt 0.7718763 0.03690171
vt 0.8151654 0.05677932
vt 0.799584 0.04950237
vt 0.8012441 0.06500535
vt 0.7858263 0.05095294
vt 0.7610382 0.0389339
vt 0.8052301 0.08420184
vt 0.784981 0.08359632
vt 0.7858027 0.06683423
vt 0.7704149 0.06500464
vt 0.7720789 0.04949435
vt 0.7641844 0.04450729
vt 0.747524 0.04464814
vt 0.756528 0.05673384
vt 0.784969 0.104288
vt 0.7647735 0.08425068
vt 0.7647735 0.1057823
vt 0.7590995 0.107037
vt 0.7364734 0.09158617
vt 0.7468758 0.07329886
vt 0.7333678 0.05500826
vt 0.7191192 0.06703269
vt 0.7107755 0.03627112
vt 0.7412652 0.02696105
vt 0.7262189 0.03193786
vt 0.7107855 0.007219011
vt 0.7244438 0.007219011
vt 0.2478895 0.04137234
vt 0.2667384 0.02274889
vt 0.2434366 0.002553051
vt 0.250751 0.05173124
vt 0.2572365 0.05945451
vt 0.2759562 0.06557727
vt 0.2964385 0.02913833
vt 0.2968272 0.06682611
vt 0.3176674 0.06514761
vt 0.325946 0.02213869
vt 0.3362019 0.05864055
vt 0.3425268 0.05078534
vt 0.3451741 0.04036976
vt 0.3488264 0.001467114
vt 0.6361355 0.8212965
vt 0.6708287 0.8565382
vt 0.6635422 0.8148052
vt 0.6478289 0.8613325
vt 0.6236259 0.8652284
vt 0.6097486 0.8327399
vt 0.5910789 0.8514314
vt 0.650277 0.90023
vt 0.6749914 0.9002216
vt 0.647849 0.9391347
vt 0.6708429 0.9439797
vt 0.6635668 0.9857136
vt 0.6361594 0.9792273
vt 0.6272882 0.9002339
vt 0.6236399 0.9353061
vt 0.6097698 0.967793
vt 0.6003625 0.8679916
vt 0.5812131 0.8690895
vt 0.5769494 0.9002395
vt 0.6038296 0.9002374
vt 0.6003695 0.9324852
vt 0.5910985 0.9491091
vt 0.5812188 0.9313877
vt 0.6888969 0.9582199
vt 0.6871526 0.9272242
vt 0.6871526 0.9582199
vt 0.6888969 0.9272242
vt 0.686648 0.9038658
vt 0.6888889 0.9041333
vt 0.6871526 0.8893858
vt 0.6888969 0.8893858
vt 0.6871526 0.8745797
vt 0.6888969 0.8745797
vt 0.6871526 0.8680103
vt 0.6888969 0.8680103
vt 0.6990708 0.9582197
vt 0.6973575 0.9272242
vt 0.6973575 0.9582198
vt 0.6990708 0.9272242
vt 0.6968446 0.9037711
vt 0.6977857 0.9050193
vt 0.6973578 0.8893859
vt 0.6990708 0.8893858
vt 0.6973578 0.8745798
vt 0.6990708 0.8745797
vt 0.6973578 0.8680105
vt 0.6990708 0.8680103
vt 0.6973575 0.9582198
vt 0.6888969 0.9272242
vt 0.6888969 0.9582199
vt 0.6973575 0.9272242
vt 0.6888889 0.9041333
vt 0.6968446 0.9037711
vt 0.6888969 0.8893858
vt 0.6973578 0.8893859
vt 0.6888969 0.8745797
vt 0.6973578 0.8745798
vt 0.6888969 0.8680103
vt 0.6973578 0.8680105
vt 0.7074289 0.9582198
vt 0.6990708 0.9272242
vt 0.6990708 0.9582197
vt 0.7074288 0.9272242
vt 0.6977857 0.9050193
vt 0.7070254 0.9043846
vt 0.6990708 0.8893858
vt 0.7074289 0.8893859
vt 0.6990708 0.8745797
vt 0.7074289 0.8745798
vt 0.6990708 0.8680103
vt 0.7074289 0.8680105
vt 0.2908025 0.6946334
vt 0.2909677 0.6841897
vt 0.2820184 0.6807246
vt 0.2823738 0.6932215
vt 0.2818217 0.7119556
vt 0.2903601 0.7111135
vt 0.2903425 0.7279165
vt 0.2684395 0.6953309
vt 0.2730149 0.684828
vt 0.2683274 0.711736
vt 0.2818241 0.7307615
vt 0.2679366 0.7280437
vt 0.2724215 0.7385286
vt 0.2813003 0.7428759
vt 0.2903651 0.7396346
vt 0.2934854 0.6941099
vt 0.3027446 0.6813391
vt 0.2933691 0.6833442
vt 0.3014879 0.6928682
vt 0.3010772 0.7118353
vt 0.2928088 0.7108412
vt 0.2932259 0.7278732
vt 0.3145317 0.695849
vt 0.3117279 0.6848717
vt 0.3150213 0.7119139
vt 0.301285 0.7309651
vt 0.314347 0.7278717
vt 0.311407 0.7386524
vt 0.3022935 0.7423377
vt 0.2927597 0.7399185
vt 0.314347 0.7278717
vt 0.311407 0.7386524
vt 0.3138217 0.7396159
vt 0.3166606 0.7284911
vt 0.3150213 0.7119139
vt 0.3176029 0.7122623
vt 0.3145317 0.695849
vt 0.3169824 0.6958748
vt 0.3117279 0.6848717
vt 0.3143529 0.6845639
vt 0.311407 0.7386524
vt 0.3018399 0.7448109
vt 0.311487 0.7414169
vt 0.3022935 0.7423377
vt 0.2918208 0.7423855
vt 0.2927597 0.7399185
vt 0.2934854 0.6941099
vt 0.2933691 0.6833442
vt 0.2909677 0.6841897
vt 0.2908025 0.6946334
vt 0.2928088 0.7108412
vt 0.2903601 0.7111135
vt 0.2932259 0.7278732
vt 0.2903425 0.7279165
vt 0.2927597 0.7399185
vt 0.2903651 0.7396346
vt 0.2933691 0.6833442
vt 0.3022578 0.6789756
vt 0.2922328 0.6810235
vt 0.3027446 0.6813391
vt 0.3119648 0.6820996
vt 0.3117279 0.6848717
vt 0.6982158 0.9047406
vt 0.6982158 0.8876133
vt 0.6964262 0.8876132
vt 0.6964262 0.9047406
vt 0.6982157 0.9308561
vt 0.6964262 0.9308561
vt 0.6982157 0.9400325
vt 0.6964262 0.9400325
vt 0.6982157 0.9492086
vt 0.6964262 0.9492086
vt 0.6982157 0.9589397
vt 0.6964262 0.9589397
vt 0.688054 0.9047406
vt 0.6880541 0.8876133
vt 0.6863678 0.8876132
vt 0.6863678 0.9047406
vt 0.688054 0.9308561
vt 0.6863678 0.9308561
vt 0.688054 0.9400323
vt 0.6863678 0.9400323
vt 0.688054 0.9492086
vt 0.6863678 0.9492086
vt 0.688054 0.9589398
vt 0.6863678 0.9589398
vt 0.6964262 0.8876132
vt 0.6880541 0.8876133
vt 0.688054 0.9047406
vt 0.6964262 0.9047406
vt 0.6964262 0.9308561
vt 0.688054 0.9308561
vt 0.688054 0.9400323
vt 0.6964262 0.9400325
vt 0.6964262 0.9492086
vt 0.688054 0.9492086
vt 0.6964262 0.9589397
vt 0.688054 0.9589398
vt 0.6863678 0.8677881
vt 0.6863678 0.8876132
vt 0.6880541 0.8876133
vt 0.6880541 0.8677883
vt 0.6964262 0.8677881
vt 0.6964262 0.8876132
vt 0.6982158 0.8876133
vt 0.6982158 0.8677883
vt 0.6880541 0.8876133
vt 0.6964262 0.8876132
vt 0.6964262 0.8677881
vt 0.6880541 0.8677883
vt 0.6982158 0.8876133
vt 0.7065967 0.8677883
vt 0.6982158 0.8677883
vt 0.7065967 0.8876133
vt 0.6982158 0.9047406
vt 0.7065965 0.9047406
vt 0.7065965 0.9308561
vt 0.6982157 0.9308561
vt 0.6982157 0.9400325
vt 0.7065965 0.9400325
vt 0.7065965 0.9492086
vt 0.6982157 0.9492086
vt 0.7065965 0.9589397
vt 0.6982157 0.9589397
vt 0.1603277 0.1711096
vt 0.1585674 0.1680848
vt 0.1552417 0.1685981
vt 0.1553793 0.1715524
vt 0.1520743 0.1700198
vt 0.1521723 0.1664548
vt 0.1403332 0.1683454
vt 0.1360974 0.1660249
vt 0.1361222 0.168894
vt 0.1398184 0.1707251
vt 0.1426232 0.1713223
vt 0.1431537 0.1686463
vt 0.1454225 0.1687815
vt 0.1450374 0.1714966
vt 0.1521723 0.1664548
vt 0.1520743 0.1700198
vt 0.1628284 0.1647072
vt 0.1585674 0.1680848
vt 0.1603277 0.1711096
vt 0.1610203 0.163012
vt 0.1632543 0.1601913
vt 0.1646974 0.161946
vt 0.1672986 0.1602952
vt 0.1661885 0.158206
vt 0.1723466 0.1586499
vt 0.1710927 0.1566
vt 0.1741157 0.1534805
vt 0.1759961 0.1546316
vt 0.1749864 0.1499281
vt 0.1769586 0.1497304
vt 0.1736648 0.1471176
vt 0.1749372 0.145817
vt 0.1699941 0.1451034
vt 0.1702378 0.1431904
vt 0.1629589 0.1424577
vt 0.1630907 0.144798
vt 0.1566398 0.1418521
vt 0.1569424 0.1447649
vt 0.1442847 0.1423523
vt 0.1445675 0.1447644
vt 0.1283863 0.1416354
vt 0.1287498 0.1448471
vt 0.1200037 0.1419794
vt 0.1208 0.1452872
vt 0.1106806 0.1444912
vt 0.1123664 0.1465292
vt 0.1095738 0.1492555
vt 0.1065722 0.1484539
vt 0.1058128 0.1528783
vt 0.109031 0.1526456
vt 0.1101942 0.156096
vt 0.1072097 0.1573505
vt 0.111059 0.1609778
vt 0.1132448 0.1586113
vt 0.1182656 0.16298
vt 0.1198847 0.1600575
vt 0.1230798 0.1617136
vt 0.1210775 0.164298
vt 0.1254952 0.1641464
vt 0.1232743 0.1659066
vt 0.1256917 0.1713438
vt 0.1269279 0.1694064
vt 0.1311691 0.1692681
vt 0.1269279 0.1694064
vt 0.1256917 0.1713438
vt 0.1309242 0.1722946
vt 0.1360974 0.1660249
vt 0.1361222 0.168894
vt 0.1603277 0.1711096
vt 0.1552417 0.1685981
vt 0.1585674 0.1680848
vt 0.1553793 0.1715524
vt 0.1520743 0.1700198
vt 0.1521723 0.1664548
vt 0.1403332 0.1683454
vt 0.1361222 0.168894
vt 0.1360974 0.1660249
vt 0.1398184 0.1707251
vt 0.1426232 0.1713223
vt 0.1431537 0.1686463
vt 0.1454225 0.1687815
vt 0.1450374 0.1714966
vt 0.1521723 0.1664548
vt 0.1520743 0.1700198
vt 0.1628284 0.1647072
vt 0.1603277 0.1711096
vt 0.1585674 0.1680848
vt 0.1610203 0.163012
vt 0.1632543 0.1601913
vt 0.1646974 0.161946
vt 0.1672986 0.1602952
vt 0.1661885 0.158206
vt 0.1723466 0.1586499
vt 0.1710927 0.1566
vt 0.1741157 0.1534805
vt 0.1759961 0.1546316
vt 0.1749864 0.1499281
vt 0.1769586 0.1497304
vt 0.1736648 0.1471176
vt 0.1749372 0.145817
vt 0.1699941 0.1451034
vt 0.1702378 0.1431904
vt 0.1629589 0.1424577
vt 0.1630907 0.144798
vt 0.1566398 0.1418521
vt 0.1569424 0.1447649
vt 0.1442847 0.1423523
vt 0.1445675 0.1447644
vt 0.1283863 0.1416354
vt 0.1287498 0.1448471
vt 0.1200037 0.1419794
vt 0.1208 0.1452872
vt 0.1106806 0.1444912
vt 0.1123664 0.1465292
vt 0.1095738 0.1492555
vt 0.1065722 0.1484539
vt 0.1058128 0.1528783
vt 0.109031 0.1526456
vt 0.1101942 0.156096
vt 0.1072097 0.1573505
vt 0.111059 0.1609778
vt 0.1132448 0.1586113
vt 0.1182656 0.16298
vt 0.1198847 0.1600575
vt 0.1230798 0.1617136
vt 0.1210775 0.164298
vt 0.1254952 0.1641464
vt 0.1232743 0.1659066
vt 0.1256917 0.1713438
vt 0.1269279 0.1694064
vt 0.1311691 0.1692681
vt 0.1256917 0.1713438
vt 0.1269279 0.1694064
vt 0.1309242 0.1722946
vt 0.1360974 0.1660249
vt 0.1361222 0.168894
vt 0.0112654 0.3043025
vt 0.02059615 0.3046351
vt 0.02065957 0.2239122
vt 0.01128745 0.223294
vt 0.009989142 0.2961265
vt 0.02193582 0.2962373
vt 0.0217365 0.2324785
vt 0.01003659 0.2316918
vt 0.009847879 0.2957139
vt 0.02207053 0.2947741
vt 0.02211809 0.2322153
vt 0.009806871 0.2326683
vt 0.01127326 0.3053429
vt 0.02060425 0.3050193
vt 0.0206517 0.2225864
vt 0.01127326 0.2231942
vt 0.009989142 0.2963485
vt 0.02193582 0.2962433
vt 0.02186477 0.2315807
vt 0.01015997 0.2323616
vt 0.02210855 0.2336012
vt 0.009887576 0.2326528
vt 0.009805202 0.294815
vt 0.02211976 0.2952763
vt 0.01124644 0.3012808
vt 0.02058339 0.3006684
vt 0.02067852 0.227035
vt 0.01124644 0.2266485
vt 0.01009035 0.2940953
vt 0.02181864 0.2933468
vt 0.02188206 0.2343358
vt 0.01004291 0.2338338
vt 0.01016176 0.2951432
vt 0.02175856 0.2947069
vt 0.02176321 0.2328205
vt 0.01016784 0.232786
vt 0.01132226 0.3017508
vt 0.02065957 0.3023616
vt 0.02067852 0.2255677
vt 0.01124644 0.2259565
vt 0.01014721 0.2931822
vt 0.02187586 0.2939301
vt 0.02188206 0.233999
vt 0.01004291 0.2345011
vt 0.02176178 0.2342682
vt 0.01016641 0.2338321
vt 0.01016319 0.2940971
vt 0.02175856 0.2940626
vt 0.01122427 0.3077672
vt 0.02070069 0.3075458
vt 0.02064037 0.2203834
vt 0.01125896 0.220162
vt 0.009998441 0.2989328
vt 0.02190089 0.2986701
vt 0.02192652 0.2293876
vt 0.01004291 0.2289964
vt 0.01017261 0.3001324
vt 0.02176666 0.3001288
vt 0.02172232 0.2281074
vt 0.0101583 0.2277968
vt 0.0112257 0.308152
vt 0.02069926 0.3083717
vt 0.02061999 0.2195574
vt 0.01123846 0.2197801
vt 0.01000643 0.2986481
vt 0.02190912 0.2989092
vt 0.02191854 0.2290199
vt 0.01003337 0.229413
vt 0.02175856 0.2283135
vt 0.01016641 0.2283129
vt 0.01018214 0.2996162
vt 0.0217458 0.2993027
vt 0.01066995 0.2969701
vt 0.01036906 0.2314117
vt 0.0215559 0.2309592
vt 0.0214926 0.296884
vt 0.02167296 0.2319183
vt 0.02171266 0.2961082
vt 0.0102123 0.2956501
vt 0.01056397 0.231821
vt 0.0206027 0.2242663
vt 0.02061224 0.3036629
vt 0.01131272 0.3034333
vt 0.01152825 0.2248843
vt 0.02149737 0.2305056
vt 0.02155745 0.297511
vt 0.01036751 0.297057
vt 0.01067472 0.2304182
vt 0.02135003 0.2312999
vt 0.02171433 0.2961698
vt 0.01021063 0.2966293
vt 0.01023924 0.2313976
vt 0.02046299 0.2249009
vt 0.02061522 0.3034394
vt 0.01130974 0.3036575
vt 0.01139522 0.2242716
vt 0.01036263 0.2925684
vt 0.0103246 0.2348067
vt 0.02160037 0.2349979
vt 0.02157199 0.2931224
vt 0.02172065 0.2354899
vt 0.02171743 0.2924051
vt 0.01020432 0.2924393
vt 0.01025808 0.2358824
vt 0.02060068 0.2285266
vt 0.02063751 0.2994026
vt 0.01128745 0.2989858
vt 0.01137161 0.2289863
vt 0.02157485 0.2342647
vt 0.02160037 0.2934777
vt 0.0103246 0.2936644
vt 0.01035953 0.2348146
vt 0.02168572 0.2353482
vt 0.02171743 0.29297
vt 0.01020753 0.2929384
vt 0.01022327 0.2349593
vt 0.02055502 0.2289879
vt 0.02063751 0.2989842
vt 0.01128745 0.2994012
vt 0.01132548 0.2285279
vt 0.01028347 0.2883161
vt 0.01027715 0.23873
vt 0.02164781 0.2391502
vt 0.0215466 0.2891991
vt 0.02174282 0.2394823
vt 0.02179027 0.2882565
vt 0.0101347 0.2884468
vt 0.01017261 0.2401192
vt 0.02071333 0.2339564
vt 0.02077985 0.2939728
vt 0.01114511 0.2929542
vt 0.01128745 0.2340222
vt 0.02157199 0.2380559
vt 0.02164781 0.2894619
vt 0.01027715 0.2898732
vt 0.01030564 0.2389296
vt 0.02173328 0.2394482
vt 0.02179027 0.28911
vt 0.0101347 0.2889269
vt 0.01016319 0.2388191
vt 0.02057254 0.2340176
vt 0.0207783 0.2929565
vt 0.01114666 0.2939762
vt 0.01114666 0.233953
vt 0.01066995 0.2969701
vt 0.0214926 0.296884
vt 0.0215559 0.2309592
vt 0.01036906 0.2314117
vt 0.02167296 0.2319183
vt 0.01056397 0.231821
vt 0.0102123 0.2956501
vt 0.02171266 0.2961082
vt 0.0206027 0.2242663
vt 0.01152825 0.2248843
vt 0.01131272 0.3034333
vt 0.02061224 0.3036629
vt 0.02149737 0.2305056
vt 0.01067472 0.2304182
vt 0.01036751 0.297057
vt 0.02155745 0.297511
vt 0.02135003 0.2312999
vt 0.01023924 0.2313976
vt 0.01021063 0.2966293
vt 0.02171433 0.2961698
vt 0.02046299 0.2249009
vt 0.01139522 0.2242716
vt 0.01130974 0.3036575
vt 0.02061522 0.3034394
vt 0.01036263 0.2925684
vt 0.02157199 0.2931224
vt 0.02160037 0.2349979
vt 0.0103246 0.2348067
vt 0.02172065 0.2354899
vt 0.01025808 0.2358824
vt 0.01020432 0.2924393
vt 0.02171743 0.2924051
vt 0.02060068 0.2285266
vt 0.01137161 0.2289863
vt 0.01128745 0.2989858
vt 0.02063751 0.2994026
vt 0.02157485 0.2342647
vt 0.01035953 0.2348146
vt 0.0103246 0.2936644
vt 0.02160037 0.2934777
vt 0.02168572 0.2353482
vt 0.01022327 0.2349593
vt 0.01020753 0.2929384
vt 0.02171743 0.29297
vt 0.02055502 0.2289879
vt 0.01132548 0.2285279
vt 0.01128745 0.2994012
vt 0.02063751 0.2989842
vt 0.01028347 0.2883161
vt 0.0215466 0.2891991
vt 0.02164781 0.2391502
vt 0.01027715 0.23873
vt 0.02174282 0.2394823
vt 0.01017261 0.2401192
vt 0.0101347 0.2884468
vt 0.02179027 0.2882565
vt 0.02071333 0.2339564
vt 0.01128745 0.2340222
vt 0.01114511 0.2929542
vt 0.02077985 0.2939728
vt 0.02157199 0.2380559
vt 0.01030564 0.2389296
vt 0.01027715 0.2898732
vt 0.02164781 0.2894619
vt 0.02173328 0.2394482
vt 0.01016319 0.2388191
vt 0.0101347 0.2889269
vt 0.02179027 0.28911
vt 0.02057254 0.2340176
vt 0.01114666 0.233953
vt 0.01114666 0.2939762
vt 0.0207783 0.2929565
vt 0.01076198 0.3011846
vt 0.010993 0.2275656
vt 0.02116013 0.2267447
vt 0.02116299 0.30103
vt 0.02234936 0.2339781
vt 0.02228272 0.2939154
vt 0.009594679 0.2939511
vt 0.009575605 0.2344879
vt 0.009384155 0.293368
vt 0.009365082 0.2345612
vt 0.02255988 0.234861
vt 0.02246499 0.292679
vt 0.01076198 0.3019622
vt 0.01098037 0.2258002
vt 0.02113938 0.2266334
vt 0.02116299 0.302129
vt 0.009577155 0.2942122
vt 0.009619951 0.233197
vt 0.02230978 0.2332424
vt 0.02234781 0.2947322
vt 0.00943172 0.2926907
vt 0.009361982 0.2348218
vt 0.02256298 0.2345356
vt 0.02250588 0.2933935
vt 0.01077139 0.2750061
vt 0.01094401 0.2536794
vt 0.02113473 0.2528122
vt 0.02115357 0.2751171
vt 0.02234936 0.2548281
vt 0.02233028 0.2731012
vt 0.009623051 0.2721714
vt 0.009575605 0.2550185
vt 0.02244115 0.2541534
vt 0.02242219 0.2737758
vt 0.009547234 0.2728103
vt 0.009483814 0.2550387
vt 0.02115357 0.2509369
vt 0.02113307 0.2769924
vt 0.01094544 0.2761239
vt 0.01077139 0.2510466
vt 0.009575605 0.2742283
vt 0.009607315 0.2544032
vt 0.02233028 0.2534919
vt 0.02234936 0.2744372
vt 0.009488344 0.2727114
vt 0.009532809 0.2552604
vt 0.02242053 0.2543137
vt 0.02243662 0.2736154
vt 0.01101828 0.274154
vt 0.01073325 0.2529746
vt 0.02119172 0.252912
vt 0.0211823 0.2750173
vt 0.008056998 0.2721795
vt 0.008047462 0.2574952
vt 0.0238775 0.2557497
vt 0.02374768 0.2695634
vt 0.02248085 0.2541731
vt 0.02248716 0.2737561
vt 0.009437799 0.2731086
vt 0.009776831 0.2553737
vt 0.0211823 0.2510288
vt 0.02118528 0.2769005
vt 0.01073968 0.2768068
vt 0.01100552 0.2518608
vt 0.02392185 0.2573631
vt 0.0239377 0.2731638
vt 0.007987261 0.2714424
vt 0.008094907 0.2547655
vt 0.009759307 0.2723654
vt 0.009439349 0.2550237
vt 0.02248561 0.2543698
vt 0.02246654 0.2735595
vt 0.01081896 0.2967845
vt 0.01077139 0.2304359
vt 0.02115357 0.2308327
vt 0.02111244 0.2974934
vt 0.02301598 0.2387819
vt 0.02303195 0.287613
vt 0.008893013 0.2891473
vt 0.008915305 0.2405857
vt 0.02252817 0.2375983
vt 0.0225662 0.290331
vt 0.009358764 0.2901542
vt 0.009365082 0.2379485
vt 0.02109337 0.2299197
vt 0.02115357 0.2976126
vt 0.01077139 0.2980096
vt 0.01079977 0.2306292
vt 0.02303016 0.2402361
vt 0.02303505 0.2894933
vt 0.008889914 0.2879624
vt 0.008922935 0.2384359
vt 0.009384155 0.2899649
vt 0.009358764 0.237798
vt 0.0225662 0.2376174
vt 0.02255034 0.2903117
vt 0.01079667 0.2973763
vt 0.01080298 0.2299895
vt 0.0211283 0.2303806
vt 0.0211252 0.2979398
vt 0.02291167 0.2382324
vt 0.02292728 0.2883023
vt 0.009013295 0.2896968
vt 0.008997679 0.239682
vt 0.0225662 0.2375067
vt 0.02256942 0.2904226
vt 0.009358764 0.2902636
vt 0.009355545 0.2375402
vt 0.02112353 0.2298288
vt 0.02112675 0.2977097
vt 0.01079977 0.2981004
vt 0.01079822 0.2303923
vt 0.02292728 0.2395267
vt 0.02291167 0.2898523
vt 0.008997679 0.2884579
vt 0.009013295 0.2380769
vt 0.009355545 0.2904279
vt 0.009358764 0.237627
vt 0.02256942 0.2374679
vt 0.02256942 0.2904613
vt 0.01082206 0.2702354
vt 0.01081252 0.2571176
vt 0.02110934 0.2575358
vt 0.02111244 0.2708116
vt 0.02279437 0.2583413
vt 0.02279747 0.2683285
vt 0.009130597 0.269588
vt 0.009127498 0.2597087
vt 0.02257276 0.2586847
vt 0.02256942 0.2692445
vt 0.009352207 0.2690853
vt 0.009358764 0.2587605
vt 0.02110934 0.2568955
vt 0.02110934 0.2706157
vt 0.01081562 0.2710338
vt 0.01081896 0.2574711
vt 0.02279913 0.2595359
vt 0.0227927 0.2697608
vt 0.009125829 0.268501
vt 0.009132266 0.2581683
vt 0.009355545 0.2691745
vt 0.009352207 0.2588381
vt 0.02257276 0.2586792
vt 0.02257276 0.2692502
vt 0.01091063 0.3185282
vt 0.01085389 0.2084694
vt 0.02107108 0.2097012
vt 0.02106798 0.3194598
vt 0.02247453 0.2202305
vt 0.02247107 0.3071869
vt 0.009501338 0.3076988
vt 0.009450436 0.2216426
vt 0.02259171 0.2208652
vt 0.02259791 0.3070641
vt 0.009327054 0.3068946
vt 0.009415507 0.2213551
vt 0.02100801 0.2074669
vt 0.02107763 0.3192324
vt 0.01085699 0.3204623
vt 0.01084733 0.2083973
vt 0.02246964 0.2214346
vt 0.02248406 0.3079038
vt 0.009517193 0.3073954
vt 0.009440899 0.2200255
vt 0.009417176 0.3060122
vt 0.009327054 0.2215972
vt 0.02259791 0.2214274
vt 0.02259314 0.3065018
vt 0.01074266 0.2829507
vt 0.01074588 0.2435814
vt 0.0211823 0.2454577
vt 0.02116966 0.2843478
vt 0.02219248 0.2468592
vt 0.02224648 0.2801642
vt 0.009678483 0.2810701
vt 0.009694576 0.2483577
vt 0.02278495 0.2485458
vt 0.02278495 0.2793944
vt 0.009140015 0.2791961
vt 0.009140015 0.2485347
vt 0.02116966 0.243101
vt 0.02117908 0.2829525
vt 0.01074743 0.2848283
vt 0.01074588 0.2444971
vt 0.02224779 0.2484572
vt 0.02224648 0.2809705
vt 0.009677172 0.2800649
vt 0.00974977 0.2469586
vt 0.009132266 0.2789365
vt 0.009143353 0.2491918
vt 0.0227927 0.2489928
vt 0.02277708 0.2789256
vt 0.01074588 0.2897844
vt 0.01076972 0.2359809
vt 0.02116489 0.2382698
vt 0.02117908 0.2919482
vt 0.02211189 0.2406289
vt 0.02206433 0.2870036
vt 0.009832382 0.2873002
vt 0.00981307 0.2418294
vt 0.02289426 0.2430389
vt 0.02287197 0.2848904
vt 0.009065509 0.2842861
vt 0.0090307 0.2431294
vt 0.02117908 0.2349755
vt 0.02117574 0.2906606
vt 0.01078081 0.2929537
vt 0.01074588 0.2371431
vt 0.0221101 0.2414793
vt 0.02208805 0.2876539
vt 0.009855866 0.2873542
vt 0.009814858 0.2402752
vt 0.0090307 0.2843563
vt 0.009064198 0.244087
vt 0.02286863 0.2434826
vt 0.02289426 0.2844466
vt 0.02233195 0.2438463
vt 0.02233195 0.2842351
vt 0.009640574 0.2836251
vt 0.00959301 0.243694
vt 0.02191246 0.2421103
vt 0.02195024 0.2856336
vt 0.009974718 0.2858188
vt 0.009974718 0.2429051
vt 0.02318227 0.2458406
vt 0.02317441 0.2820767
vt 0.00874269 0.2820886
vt 0.008755207 0.2459716
vt 0.02233195 0.2433461
vt 0.02230346 0.2839681
vt 0.009615183 0.2845831
vt 0.00959301 0.2435034
vt 0.02194536 0.2430848
vt 0.02195191 0.2856345
vt 0.009973049 0.2854542
vt 0.01000488 0.2422946
vt 0.00874126 0.281508
vt 0.008750558 0.2462939
vt 0.0231837 0.2463017
vt 0.02316797 0.2816353
vt 0.02229857 0.238
vt 0.02235425 0.2899293
vt 0.009570718 0.2890284
vt 0.009825706 0.2388122
vt 0.02175856 0.2345587
vt 0.02176178 0.2933704
vt 0.01016319 0.2932321
vt 0.01029301 0.2360874
vt 0.02429867 0.2436376
vt 0.02429247 0.2847319
vt 0.007626295 0.2845046
vt 0.007660985 0.2431972
vt 0.02210057 0.2381554
vt 0.02235425 0.2896885
vt 0.009570718 0.2905875
vt 0.009627819 0.2373418
vt 0.02164936 0.2371471
vt 0.02176321 0.2922003
vt 0.01016176 0.2923247
vt 0.01019657 0.2356046
vt 0.007626295 0.2834463
vt 0.00761342 0.2447089
vt 0.02431154 0.244483
vt 0.02429247 0.2830077
vt 0.02241266 0.2590751
vt 0.0224191 0.268854
vt 0.009505868 0.26855
vt 0.009569287 0.2593711
vt 0.02169216 0.2579954
vt 0.02169526 0.2698176
vt 0.01022971 0.2699337
vt 0.01029956 0.2589261
vt 0.0227499 0.2590719
vt 0.0227499 0.2691802
vt 0.009175062 0.2687394
vt 0.009178162 0.2587491
vt 0.02235723 0.258937
vt 0.02241743 0.2689641
vt 0.009507537 0.2692782
vt 0.009510756 0.258651
vt 0.02162242 0.2591985
vt 0.02169526 0.2696703
vt 0.01022971 0.2695449
vt 0.01023591 0.2582589
vt 0.02274048 0.2593866
vt 0.02274525 0.2681221
vt 0.009179711 0.2685426
vt 0.009182811 0.2596894
vt 0.02228439 0.2353543
vt 0.0222497 0.2925749
vt 0.009640574 0.292075
vt 0.009650111 0.2362778
vt 0.0215559 0.2306758
vt 0.02161455 0.2972533
vt 0.01031041 0.296801
vt 0.01056397 0.2318801
vt 0.02248716 0.2351762
vt 0.02253771 0.2927567
vt 0.009390235 0.292729
vt 0.009387255 0.2351725
vt 0.02228439 0.2355142
vt 0.02228117 0.2928086
vt 0.009678483 0.2933237
vt 0.009640574 0.2346056
vt 0.02131343 0.2326588
vt 0.021613 0.2960042
vt 0.01031196 0.2964661
vt 0.01031518 0.2314631
vt 0.0225029 0.2365822
vt 0.02253771 0.2913161
vt 0.009387255 0.291347
vt 0.00940299 0.2365892
vt 0.009925604 0.298691
vt 0.009878039 0.2292839
vt 0.02204692 0.2292383
vt 0.02153063 0.2977569
vt 0.009767413 0.2979286
vt 0.009710073 0.2300006
vt 0.02221489 0.2301443
vt 0.02188838 0.2969611
vt 0.009254336 0.2957806
vt 0.009269834 0.2321485
vt 0.02267063 0.2322999
vt 0.02264237 0.2957048
vt 0.01038492 0.2984664
vt 0.009878039 0.2285331
vt 0.02204692 0.2285741
vt 0.02198982 0.2993961
vt 0.01006341 0.2966473
vt 0.009708762 0.2304293
vt 0.0222162 0.2303002
vt 0.02217519 0.2976289
vt 0.009269834 0.2947609
vt 0.009257317 0.2332262
vt 0.02266765 0.2330837
vt 0.02266455 0.2948454
vt 0.009922504 0.2699067
vt 0.009919405 0.2580224
vt 0.02200556 0.2581262
vt 0.02193272 0.2693189
vt 0.009710073 0.2700542
vt 0.009707093 0.2578751
vt 0.02221787 0.2581666
vt 0.02215755 0.2696377
vt 0.009125829 0.2695293
vt 0.009125829 0.258341
vt 0.02279913 0.2584357
vt 0.02279568 0.2695883
vt 0.009987593 0.2697124
vt 0.009919405 0.2577453
vt 0.02200556 0.257635
vt 0.02199936 0.2702942
vt 0.009760857 0.269312
vt 0.009707093 0.2584688
vt 0.02221787 0.258189
vt 0.02220535 0.2697403
vt 0.009121299 0.2689527
vt 0.009124517 0.2590679
vt 0.02280366 0.2589766
vt 0.02280366 0.2688974
vt 0.009935141 0.269384
vt 0.009931922 0.2585452
vt 0.02199304 0.2586392
vt 0.02188528 0.2686939
vt 0.009700656 0.2695724
vt 0.009694576 0.2583568
vt 0.02223039 0.2586259
vt 0.02212942 0.2690479
vt 0.006840587 0.2681461
vt 0.006843805 0.260414
vt 0.02508438 0.259783
vt 0.02508438 0.2674924
vt 0.01002407 0.2691427
vt 0.009933352 0.2582217
vt 0.02199161 0.2581122
vt 0.02198195 0.2698171
vt 0.009803891 0.2686792
vt 0.009692788 0.2589712
vt 0.02223217 0.2587138
vt 0.02222574 0.2692154
vt 0.02503037 0.26094
vt 0.02503347 0.2676245
vt 0.006897569 0.2670117
vt 0.006891489 0.2603047
vt 0.009995222 0.2769755
vt 0.009941578 0.2509536
vt 0.02198339 0.2509762
vt 0.02198029 0.2764586
vt 0.009686589 0.2767154
vt 0.009683251 0.2512139
vt 0.02224171 0.2513908
vt 0.02218151 0.2763407
vt 0.007737041 0.2739368
vt 0.007740259 0.254448
vt 0.0241847 0.2539924
vt 0.02418792 0.2734591
vt 0.009976506 0.2767707
vt 0.009941578 0.2506773
vt 0.02198339 0.2506482
vt 0.02196467 0.2772809
vt 0.009724498 0.2760963
vt 0.009683251 0.2516292
vt 0.02224171 0.2514555
vt 0.02221954 0.2764738
vt 0.02418303 0.2548677
vt 0.02417219 0.2735363
vt 0.007741928 0.2730831
vt 0.007748008 0.2543929
vt 0.01000166 0.2836774
vt 0.009998441 0.2442519
vt 0.02192652 0.2446745
vt 0.02187586 0.2828872
vt 0.00974977 0.2834664
vt 0.009730816 0.2444627
vt 0.02219415 0.2451905
vt 0.02215302 0.2827918
vt 0.008500218 0.2806356
vt 0.008512974 0.247561
vt 0.02342474 0.2472935
vt 0.02341199 0.2801631
vt 0.01002049 0.2837527
vt 0.009998441 0.2438119
vt 0.02192652 0.2433876
vt 0.02189493 0.2845415
vt 0.009768963 0.2823343
vt 0.009730816 0.2456447
vt 0.02219415 0.2449185
vt 0.02217197 0.2830106
vt 0.02342474 0.248839
vt 0.02340865 0.2795644
vt 0.008500218 0.2792951
vt 0.008519411 0.2483648
vt 0.02145767 0.254761
vt 0.02146423 0.2706999
vt 0.01046729 0.2731682
vt 0.01046073 0.2572972
vt 0.009662628 0.2709311
vt 0.009653091 0.2569456
vt 0.02226532 0.2570836
vt 0.02227187 0.2709835
vt 0.008888245 0.2703527
vt 0.008894801 0.2578556
vt 0.02303672 0.2575766
vt 0.02302718 0.2700506
vt 0.0104593 0.2706957
vt 0.01046729 0.2546972
vt 0.02146566 0.2571655
vt 0.021456 0.273232
vt 0.009653091 0.2709671
vt 0.009659648 0.2570998
vt 0.02227187 0.256962
vt 0.02226532 0.2709147
vt 0.02303016 0.2579429
vt 0.02303505 0.2702883
vt 0.008896351 0.2700098
vt 0.008889914 0.257641
vt 0.02143085 0.2241683
vt 0.02138317 0.3021238
vt 0.01049411 0.3037608
vt 0.01052904 0.226309
vt 0.009650111 0.2979641
vt 0.009647131 0.2299651
vt 0.02227783 0.2305494
vt 0.02223694 0.2976457
vt 0.009105086 0.295586
vt 0.00909555 0.2324688
vt 0.02282941 0.2323431
vt 0.02282286 0.2950353
vt 0.01051164 0.3024127
vt 0.01051474 0.2233742
vt 0.02140081 0.2250127
vt 0.02141333 0.304555
vt 0.009672284 0.2976602
vt 0.009645224 0.2305344
vt 0.02227974 0.22995
vt 0.02226055 0.2979792
vt 0.02279913 0.2335074
vt 0.02284014 0.2949723
vt 0.009108424 0.2948465
vt 0.009084821 0.2329568
vt 0.02130902 0.199702
vt 0.02132165 0.3277259
vt 0.01060331 0.3282272
vt 0.01067638 0.2011165
vt 0.009623051 0.3177286
vt 0.009540796 0.2102005
vt 0.02238417 0.210439
vt 0.02231109 0.3175256
vt 0.009298325 0.3158362
vt 0.009344697 0.2127293
vt 0.02257097 0.2120929
vt 0.02262664 0.3155124
vt 0.01063192 0.3268836
vt 0.01060331 0.1996336
vt 0.02132165 0.2001322
vt 0.02126765 0.3282955
vt 0.009662628 0.3169991
vt 0.009542465 0.210975
vt 0.0223825 0.2107317
vt 0.02235079 0.3171974
vt 0.02262485 0.2129956
vt 0.02256787 0.3152539
vt 0.00933969 0.3146212
vt 0.009300113 0.2126751
vt 0.02106333 0.2549663
vt 0.02107942 0.2727621
vt 0.01084554 0.2729629
vt 0.01120687 0.256842
vt 0.00952971 0.270995
vt 0.009523273 0.2574267
vt 0.02240169 0.2569342
vt 0.02239048 0.2709474
vt 0.009678483 0.2695016
vt 0.009377718 0.2580477
vt 0.02254725 0.2573823
vt 0.02253771 0.270547
vt 0.01125574 0.2696792
vt 0.01084089 0.256339
vt 0.02108407 0.2565733
vt 0.02107465 0.2715901
vt 0.00952673 0.2693997
vt 0.009510756 0.2584887
vt 0.02241421 0.2589755
vt 0.02241266 0.2694406
vt 0.02255344 0.2578067
vt 0.02255344 0.2701226
vt 0.009371519 0.2694901
vt 0.00971663 0.2588844
vt 0.0207957 0.2383934
vt 0.02084005 0.2895358
vt 0.01108491 0.2891505
vt 0.01134455 0.2400227
vt 0.008957863 0.2821324
vt 0.008957863 0.2471627
vt 0.0229671 0.2457969
vt 0.02295566 0.281296
vt 0.009691477 0.2813149
vt 0.009453893 0.2463022
vt 0.02247107 0.2454396
vt 0.02246344 0.2824895
vt 0.01135075 0.2861405
vt 0.0110817 0.240527
vt 0.02084327 0.240151
vt 0.0207957 0.2877783
vt 0.008943915 0.2796081
vt 0.008949995 0.2474833
vt 0.02298105 0.248851
vt 0.02296519 0.280446
vt 0.02246189 0.2459027
vt 0.02247453 0.2820264
vt 0.009450436 0.2811726
vt 0.009697556 0.2470858
vt 0.02083695 0.2533109
vt 0.0208528 0.2746184
vt 0.01107216 0.2736038
vt 0.01170421 0.2546151
vt 0.02256298 0.2570969
vt 0.02258825 0.2721
vt 0.00933671 0.2713262
vt 0.009349227 0.2558293
vt 0.009898901 0.2700636
vt 0.009445786 0.2572094
vt 0.02247918 0.2564467
vt 0.02247286 0.2714824
vt 0.01177514 0.2714444
vt 0.01105309 0.2561184
vt 0.02087188 0.2551431
vt 0.02086532 0.272786
vt 0.009390235 0.2702036
vt 0.009380698 0.258495
vt 0.02254426 0.2577257
vt 0.02251542 0.2689447
vt 0.02248716 0.2570447
vt 0.02249324 0.2708845
vt 0.00943172 0.2701746
vt 0.009963632 0.2585151
vt 0.01100898 0.2272604
vt 0.02089059 0.2269394
vt 0.02091599 0.3006689
vt 0.01103735 0.3009898
vt 0.009669185 0.2346822
vt 0.02226233 0.2352432
vt 0.02225578 0.2932471
vt 0.009662628 0.2926863
vt 0.009507537 0.2357454
vt 0.0224396 0.2367357
vt 0.02242053 0.2921838
vt 0.009485364 0.2911935
vt 0.01103735 0.2269399
vt 0.02091599 0.2272611
vt 0.02089059 0.3009892
vt 0.01100898 0.3006681
vt 0.02226233 0.2926862
vt 0.009669185 0.2932472
vt 0.009662628 0.2352434
vt 0.02225578 0.234682
vt 0.009485364 0.236736
vt 0.02242053 0.2357461
vt 0.0224396 0.2911934
vt 0.009504437 0.2921832
vt 0.01005065 0.2739962
vt 0.01006019 0.2539713
vt 0.02187431 0.2539329
vt 0.0218631 0.2739585
vt 0.01163137 0.2778483
vt 0.01164544 0.2507038
vt 0.02029359 0.2500809
vt 0.02027774 0.2772256
vt 0.02158451 0.2536319
vt 0.02159071 0.2744315
vt 0.01034391 0.2742973
vt 0.01033425 0.2534978
vt 0.01006019 0.2739582
vt 0.01005065 0.2539328
vt 0.0218631 0.253971
vt 0.02187431 0.2739966
vt 0.01164401 0.2772254
vt 0.01163137 0.2500809
vt 0.02027774 0.2507038
vt 0.02029359 0.2778485
vt 0.01033425 0.2744318
vt 0.01034391 0.253632
vt 0.02159071 0.2534974
vt 0.02158451 0.2742971
vt 0.01016319 0.295209
vt 0.01018524 0.2325993
vt 0.02176178 0.2326592
vt 0.02173972 0.2953299
vt 0.01168203 0.3066053
vt 0.01170564 0.2218925
vt 0.02024293 0.2213239
vt 0.02021456 0.3061122
vt 0.02153218 0.2310904
vt 0.0215162 0.2960083
vt 0.01039279 0.2968388
vt 0.01040876 0.2319265
vt 0.01018524 0.2953053
vt 0.01016319 0.2326835
vt 0.02174282 0.2326239
vt 0.02176178 0.2951844
vt 0.01171207 0.3061563
vt 0.01168036 0.2212789
vt 0.02021611 0.221847
vt 0.0202446 0.3066503
vt 0.01039433 0.2960632
vt 0.01040876 0.2310301
vt 0.02153063 0.2318602
vt 0.0215162 0.2968992
vt 0.01020133 0.2890182
vt 0.01046431 0.2383863
vt 0.02170479 0.238285
vt 0.02172363 0.2896442
vt 0.01161706 0.2985266
vt 0.01162004 0.2294025
vt 0.01982331 0.230219
vt 0.0203079 0.2983652
vt 0.02115822 0.2355999
vt 0.02121544 0.292194
vt 0.01070952 0.2923293
vt 0.0109185 0.2372724
vt 0.01019812 0.2907312
vt 0.01022661 0.237198
vt 0.02146721 0.2373114
vt 0.02172685 0.2901179
vt 0.01161528 0.2998339
vt 0.01206672 0.2287598
vt 0.02026355 0.2279391
vt 0.02030969 0.2999901
vt 0.01092482 0.2906502
vt 0.01071262 0.2356154
vt 0.02121234 0.2357421
vt 0.02117264 0.2923138
vt 0.02132607 0.2372703
vt 0.02132165 0.2927942
vt 0.0105989 0.2911532
vt 0.01062715 0.2351351
vt 0.02202606 0.2389575
vt 0.02201676 0.2882907
vt 0.009898901 0.2889716
vt 0.009901881 0.239738
vt 0.0102675 0.2903715
vt 0.01023281 0.2375578
vt 0.02169216 0.2375584
vt 0.02159071 0.289775
vt 0.01060331 0.293161
vt 0.01059711 0.2364085
vt 0.02132785 0.2347683
vt 0.02130902 0.2910269
vt 0.009898901 0.2886912
vt 0.009898901 0.2384559
vt 0.02202165 0.2391385
vt 0.02202606 0.2894734
vt 0.01026154 0.2899616
vt 0.01023281 0.2373718
vt 0.02169216 0.2373711
vt 0.02158451 0.2905582
vt 0.02115357 0.2305277
vt 0.02114093 0.2986529
vt 0.01079333 0.2978713
vt 0.01077139 0.2292762
vt 0.02164602 0.2326676
vt 0.02168095 0.2950957
vt 0.01024401 0.2952617
vt 0.01025677 0.2336405
vt 0.01024711 0.2958086
vt 0.01023757 0.2321207
vt 0.02168739 0.2325037
vt 0.02141809 0.2949283
vt 0.01077449 0.2997971
vt 0.01076818 0.228917
vt 0.02112198 0.2281321
vt 0.02115679 0.2985424
vt 0.01028681 0.2951294
vt 0.01023924 0.2318293
vt 0.02168262 0.2319929
vt 0.02168572 0.2960999
vt 0.01050043 0.2947319
vt 0.01023757 0.232697
vt 0.02168739 0.2323154
vt 0.0216682 0.2956139
vt 0.02111244 0.2261952
vt 0.02109683 0.3020669
vt 0.01081729 0.3015347
vt 0.01081252 0.2258622
vt 0.02153516 0.2288794
vt 0.02157485 0.2989799
vt 0.01035011 0.2990498
vt 0.01036429 0.2295178
vt 0.0101949 0.2980645
vt 0.01015997 0.2298647
vt 0.02176499 0.2300371
vt 0.02176499 0.2978563
vt 0.01082516 0.3025901
vt 0.01079977 0.2258739
vt 0.02107942 0.2253391
vt 0.0211252 0.302254
vt 0.01035011 0.2985151
vt 0.01035011 0.2287767
vt 0.02157485 0.2288452
vt 0.02152109 0.2991525
vt 0.01015997 0.2974926
vt 0.01016319 0.2304009
vt 0.02176499 0.2302286
vt 0.02173007 0.2977006
vt 0.02095091 0.2407589
vt 0.02090979 0.2871703
vt 0.01219022 0.2870602
vt 0.01097405 0.2415659
vt 0.02116013 0.241436
vt 0.02111244 0.2862272
vt 0.01189256 0.2864932
vt 0.01076484 0.2429801
vt 0.009662628 0.2837102
vt 0.0109266 0.244219
vt 0.02141023 0.2445036
vt 0.02226233 0.2837102
vt 0.01098514 0.287232
vt 0.01220775 0.2399386
vt 0.02092874 0.2398575
vt 0.02093983 0.2880716
vt 0.01075876 0.2846913
vt 0.01192081 0.2417294
vt 0.0211252 0.2419669
vt 0.02116621 0.2861998
vt 0.02222264 0.2450511
vt 0.02214026 0.2825958
vt 0.01172173 0.2828785
vt 0.009702325 0.2450508
vt 0.02159715 0.2376714
vt 0.02156854 0.2918454
vt 0.01032782 0.2906176
vt 0.01035953 0.2360838
vt 0.02179337 0.2372795
vt 0.02181864 0.289711
vt 0.01013768 0.2906497
vt 0.01010633 0.2384949
vt 0.01030898 0.2908208
vt 0.01017916 0.2371084
vt 0.0217458 0.2371106
vt 0.02171111 0.2901623
vt 0.0103265 0.2923244
vt 0.01035011 0.2368317
vt 0.02159846 0.2356048
vt 0.02157009 0.2907375
vt 0.01010633 0.2899316
vt 0.0101316 0.2367816
vt 0.02181864 0.2377203
vt 0.0217967 0.2911476
vt 0.01031828 0.2902018
vt 0.01017916 0.2370769
vt 0.0217458 0.2370718
vt 0.02172685 0.2908574
vt 0.02140391 0.2297007
vt 0.02131045 0.2990513
vt 0.01053226 0.2987043
vt 0.01052105 0.2288779
vt 0.0213784 0.2294168
vt 0.02148938 0.2978399
vt 0.01043558 0.2985123
vt 0.01045156 0.2306648
vt 0.01016939 0.2971898
vt 0.01016641 0.2307394
vt 0.02175856 0.2308446
vt 0.02143848 0.2962625
vt 0.01052105 0.2998965
vt 0.0105685 0.2283856
vt 0.02135003 0.2280327
vt 0.02140391 0.2990676
vt 0.0105083 0.2980308
vt 0.01043236 0.2286575
vt 0.0214926 0.2293233
vt 0.02144814 0.2992716
vt 0.01044822 0.2962064
vt 0.01016641 0.2308978
vt 0.02175856 0.2307942
vt 0.02171743 0.2971351
vt 0.02129936 0.2233945
vt 0.02116013 0.3046921
vt 0.01071131 0.304414
vt 0.0106256 0.223237
vt 0.02136266 0.223746
vt 0.02133429 0.303929
vt 0.01068902 0.3041833
vt 0.0105623 0.2246017
vt 0.0101949 0.3018171
vt 0.01027715 0.226182
vt 0.02164471 0.2261121
vt 0.02173007 0.3012963
vt 0.01062417 0.3052418
vt 0.01079822 0.2229628
vt 0.02124715 0.2226873
vt 0.02130079 0.3050872
vt 0.01056063 0.3035071
vt 0.01070631 0.2235703
vt 0.02135181 0.2238201
vt 0.02136433 0.3043588
vt 0.01019812 0.3009579
vt 0.01034689 0.2264464
vt 0.02171433 0.2265207
vt 0.02172685 0.3014828
vt 0.0208528 0.2271004
vt 0.02084637 0.3003633
vt 0.01107216 0.3008287
vt 0.0110817 0.2275654
vt 0.02166343 0.2324529
vt 0.02166688 0.2952114
vt 0.01026452 0.2954763
vt 0.01025808 0.2327178
vt 0.02166045 0.2324736
vt 0.02166688 0.2953064
vt 0.01026452 0.2954555
vt 0.01025808 0.2326221
vt 0.02084637 0.2275657
vt 0.0208528 0.3008291
vt 0.0110817 0.3003642
vt 0.01107216 0.2271001
vt 0.01025987 0.2952112
vt 0.01026297 0.2324529
vt 0.0216651 0.2327178
vt 0.021662 0.2954763
vt 0.02166688 0.232622
vt 0.02166045 0.2954554
vt 0.01025808 0.2953065
vt 0.01026452 0.2324738
vt 0.0207895 0.2689727
vt 0.01106739 0.269944
vt 0.01106429 0.2579854
vt 0.02086067 0.2581666
vt 0.02165437 0.269066
vt 0.01028025 0.2684039
vt 0.0102675 0.2591305
vt 0.02165747 0.2588632
vt 0.02151167 0.2700892
vt 0.01060009 0.2690819
vt 0.01040065 0.2587788
vt 0.02152431 0.2578401
vt 0.02084005 0.2716089
vt 0.01109123 0.2706798
vt 0.01107216 0.2565429
vt 0.0208528 0.2563203
vt 0.0102725 0.2580731
vt 0.02165079 0.2574081
vt 0.021662 0.270521
vt 0.01026297 0.2702561
vt 0.02130258 0.269093
vt 0.01040065 0.2701143
vt 0.01039743 0.2578149
vt 0.02152753 0.2587389
vt 0.02090824 0.2337011
vt 0.02095914 0.2958366
vt 0.01096582 0.2954584
vt 0.01179588 0.2320925
vt 0.02307951 0.2424854
vt 0.02311087 0.2854438
vt 0.008814096 0.285018
vt 0.009035587 0.2429167
vt 0.02161121 0.2360189
vt 0.02165556 0.2919104
vt 0.0102694 0.2917764
vt 0.01154554 0.2377834
vt 0.02014017 0.2305611
vt 0.02095914 0.2970326
vt 0.01096582 0.2973682
vt 0.01098514 0.2321291
vt 0.00909555 0.2863776
vt 0.00886786 0.2416078
vt 0.0230571 0.2411539
vt 0.02304769 0.2867754
vt 0.0203681 0.2376743
vt 0.02165747 0.2918794
vt 0.0102675 0.2920166
vt 0.01030254 0.2359125
vt 0.02084327 0.1832282
vt 0.02058995 0.345556
vt 0.01110065 0.344207
vt 0.0110817 0.1823732
vt 0.02381909 0.2135859
vt 0.02380943 0.3144027
vt 0.008105874 0.3141212
vt 0.008131504 0.2135265
vt 0.021613 0.1944179
vt 0.02155268 0.3328703
vt 0.01035011 0.3335112
vt 0.01031196 0.1948732
vt 0.02084327 0.1823433
vt 0.02068174 0.344238
vt 0.01119244 0.3455858
vt 0.0110817 0.1831967
vt 0.008090138 0.3141486
vt 0.008118868 0.21406
vt 0.02383482 0.2137806
vt 0.02378726 0.3140921
vt 0.02160668 0.1952023
vt 0.02161932 0.3331846
vt 0.01042283 0.3325404
vt 0.01030564 0.1947447
vt 0.01178002 0.2811633
vt 0.01178002 0.2471161
vt 0.02014494 0.246766
vt 0.02014494 0.2808134
vt 0.0218029 0.2524669
vt 0.02180457 0.2768421
vt 0.01012039 0.2754622
vt 0.01012039 0.251087
vt 0.02159071 0.251306
vt 0.02159071 0.2766042
vt 0.01033425 0.2766231
vt 0.01033425 0.2513248
vt 0.02014494 0.2471156
vt 0.02014494 0.2811637
vt 0.01178002 0.2808132
vt 0.01178002 0.2467656
vt 0.01011896 0.2768422
vt 0.01012206 0.2524672
vt 0.021806 0.2510869
vt 0.0218029 0.2754622
vt 0.01033425 0.2766042
vt 0.01033425 0.2513061
vt 0.02159071 0.2513248
vt 0.02159071 0.2766231
vt 0.01176906 0.2911943
vt 0.01243079 0.2369506
vt 0.02014017 0.2367349
vt 0.02015591 0.2910824
vt 0.02198982 0.2458127
vt 0.02099359 0.2835402
vt 0.009938121 0.2821521
vt 0.009935141 0.244389
vt 0.02156854 0.2435064
vt 0.02071977 0.2842834
vt 0.01040721 0.2844229
vt 0.01035643 0.2438418
vt 0.02015436 0.2366358
vt 0.0201149 0.2913751
vt 0.01240408 0.2911876
vt 0.01177061 0.2365541
vt 0.009913087 0.2836342
vt 0.009947896 0.2457262
vt 0.02103984 0.2442951
vt 0.02201188 0.2821644
vt 0.01035786 0.2840619
vt 0.01120687 0.2435024
vt 0.02152264 0.243669
vt 0.02156711 0.2844267
vt 0.01053059 0.248289
vt 0.0105623 0.2441346
vt 0.0105623 0.2441346
vt 0.02164149 0.2474488
vt 0.01028347 0.2832702
vt 0.02153695 0.2837946
vt 0.01365685 0.2400614
vt 0.01125896 0.2453725
vt 0.01124322 0.2402198
vt 0.02065003 0.2447259
vt 0.01136994 0.2874328
vt 0.02068174 0.2878678
vt 0.02165437 0.2445256
vt 0.0102706 0.2481622
vt 0.01372957 0.244044
vt 0.02165079 0.2488208
vt 0.01029301 0.2838852
vt 0.0216285 0.2838852
vt 0.02143085 0.244186
vt 0.01031995 0.24747
vt 0.02143085 0.244186
vt 0.02144969 0.2484045
vt 0.01035488 0.2837433
vt 0.02160501 0.2832192
vt 0.02066922 0.2394512
vt 0.01124966 0.2440923
vt 0.01810682 0.2393001
vt 0.02066922 0.2445313
vt 0.01136351 0.2886291
vt 0.0206753 0.2881961
vt 0.01818442 0.2433639
vt 0.0102725 0.2481514
vt 0.0102706 0.243861
vt 0.02165437 0.2474729
vt 0.01029646 0.2845653
vt 0.02163029 0.2845653
vt 0.02194536 0.25441
vt 0.02199936 0.2769038
vt 0.009925604 0.2744917
vt 0.01007938 0.2510255
vt 0.02277052 0.2532831
vt 0.02279437 0.2737687
vt 0.009130597 0.2746462
vt 0.009157419 0.2544799
vt 0.01030719 0.2765433
vt 0.01029468 0.2513858
vt 0.02163029 0.2519531
vt 0.02129304 0.2755557
vt 0.009982586 0.2774415
vt 0.009909749 0.2528995
vt 0.02197075 0.2504877
vt 0.02201521 0.2739366
vt 0.009054661 0.2740241
vt 0.009133935 0.2526464
vt 0.02279103 0.253522
vt 0.0228703 0.2752829
vt 0.01063824 0.2757222
vt 0.01026452 0.2517084
vt 0.02159715 0.2511395
vt 0.02166045 0.2767897
vt 0.01033092 0.2495069
vt 0.01033425 0.2454261
vt 0.01033425 0.2454261
vt 0.0216285 0.2487528
vt 0.01029646 0.2818676
vt 0.0215559 0.2825031
vt 0.01534796 0.2393959
vt 0.0116756 0.2451596
vt 0.01166761 0.239643
vt 0.02025735 0.2446051
vt 0.01173091 0.2880502
vt 0.02023041 0.2885332
vt 0.02153063 0.2452963
vt 0.01039433 0.248804
vt 0.01513433 0.2448086
vt 0.02152574 0.2496081
vt 0.01043236 0.2831206
vt 0.02148616 0.2831206
vt 0.02160335 0.2454516
vt 0.01030254 0.24877
vt 0.02160335 0.2454516
vt 0.02160668 0.249551
vt 0.01036263 0.2824777
vt 0.02162242 0.2818425
vt 0.02024782 0.2387546
vt 0.01165187 0.2437723
vt 0.01651692 0.2385187
vt 0.02025092 0.2442493
vt 0.01176906 0.2894105
vt 0.02027309 0.2889329
vt 0.01679718 0.2440993
vt 0.01039589 0.2489014
vt 0.0103898 0.2445923
vt 0.02153516 0.2480896
vt 0.01044023 0.2838299
vt 0.02149081 0.2838299
vt 0.02229714 0.2547182
vt 0.02232563 0.2758583
vt 0.009599328 0.2739971
vt 0.009650111 0.252071
vt 0.02259791 0.2528539
vt 0.02260756 0.2737562
vt 0.009317398 0.2750754
vt 0.009327054 0.2547307
vt 0.01039135 0.2763639
vt 0.01024878 0.2515652
vt 0.02167618 0.252181
vt 0.02152431 0.2753747
vt 0.009558201 0.2764302
vt 0.009602666 0.2533585
vt 0.0223192 0.2514991
vt 0.02236676 0.2737297
vt 0.00924778 0.273763
vt 0.009327054 0.2522489
vt 0.02260435 0.2535672
vt 0.02267718 0.2756804
vt 0.01052749 0.2754471
vt 0.01023924 0.2521021
vt 0.02166343 0.2514849
vt 0.02168572 0.2764442
vt 0.01076198 0.3011846
vt 0.02116299 0.30103
vt 0.02116013 0.2267447
vt 0.010993 0.2275656
vt 0.02234936 0.2339781
vt 0.009575605 0.2344879
vt 0.009594679 0.2939511
vt 0.02228272 0.2939154
vt 0.009384155 0.293368
vt 0.02246499 0.292679
vt 0.02255988 0.234861
vt 0.009365082 0.2345612
vt 0.01076198 0.3019622
vt 0.02116299 0.302129
vt 0.02113938 0.2266334
vt 0.01098037 0.2258002
vt 0.009577155 0.2942122
vt 0.02234781 0.2947322
vt 0.02230978 0.2332424
vt 0.009619951 0.233197
vt 0.00943172 0.2926907
vt 0.02250588 0.2933935
vt 0.02256298 0.2345356
vt 0.009361982 0.2348218
vt 0.01077139 0.2750061
vt 0.02115357 0.2751171
vt 0.02113473 0.2528122
vt 0.01094401 0.2536794
vt 0.02234936 0.2548281
vt 0.009575605 0.2550185
vt 0.009623051 0.2721714
vt 0.02233028 0.2731012
vt 0.02244115 0.2541534
vt 0.009483814 0.2550387
vt 0.009547234 0.2728103
vt 0.02242219 0.2737758
vt 0.02115357 0.2509369
vt 0.01077139 0.2510466
vt 0.01094544 0.2761239
vt 0.02113307 0.2769924
vt 0.009575605 0.2742283
vt 0.02234936 0.2744372
vt 0.02233028 0.2534919
vt 0.009607315 0.2544032
vt 0.009488344 0.2727114
vt 0.02243662 0.2736154
vt 0.02242053 0.2543137
vt 0.009532809 0.2552604
vt 0.01101828 0.274154
vt 0.0211823 0.2750173
vt 0.02119172 0.252912
vt 0.01073325 0.2529746
vt 0.008056998 0.2721795
vt 0.02374768 0.2695634
vt 0.0238775 0.2557497
vt 0.008047462 0.2574952
vt 0.02248085 0.2541731
vt 0.009776831 0.2553737
vt 0.009437799 0.2731086
vt 0.02248716 0.2737561
vt 0.0211823 0.2510288
vt 0.01100552 0.2518608
vt 0.01073968 0.2768068
vt 0.02118528 0.2769005
vt 0.02392185 0.2573631
vt 0.008094907 0.2547655
vt 0.007987261 0.2714424
vt 0.0239377 0.2731638
vt 0.009759307 0.2723654
vt 0.02246654 0.2735595
vt 0.02248561 0.2543698
vt 0.009439349 0.2550237
vt 0.01081896 0.2967845
vt 0.02111244 0.2974934
vt 0.02115357 0.2308327
vt 0.01077139 0.2304359
vt 0.02301598 0.2387819
vt 0.008915305 0.2405857
vt 0.008893013 0.2891473
vt 0.02303195 0.287613
vt 0.02252817 0.2375983
vt 0.009365082 0.2379485
vt 0.009358764 0.2901542
vt 0.0225662 0.290331
vt 0.02109337 0.2299197
vt 0.01079977 0.2306292
vt 0.01077139 0.2980096
vt 0.02115357 0.2976126
vt 0.02303016 0.2402361
vt 0.008922935 0.2384359
vt 0.008889914 0.2879624
vt 0.02303505 0.2894933
vt 0.009384155 0.2899649
vt 0.02255034 0.2903117
vt 0.0225662 0.2376174
vt 0.009358764 0.237798
vt 0.01079667 0.2973763
vt 0.0211252 0.2979398
vt 0.0211283 0.2303806
vt 0.01080298 0.2299895
vt 0.02291167 0.2382324
vt 0.008997679 0.239682
vt 0.009013295 0.2896968
vt 0.02292728 0.2883023
vt 0.0225662 0.2375067
vt 0.009355545 0.2375402
vt 0.009358764 0.2902636
vt 0.02256942 0.2904226
vt 0.02112353 0.2298288
vt 0.01079822 0.2303923
vt 0.01079977 0.2981004
vt 0.02112675 0.2977097
vt 0.02292728 0.2395267
vt 0.009013295 0.2380769
vt 0.008997679 0.2884579
vt 0.02291167 0.2898523
vt 0.009355545 0.2904279
vt 0.02256942 0.2904613
vt 0.02256942 0.2374679
vt 0.009358764 0.237627
vt 0.01082206 0.2702354
vt 0.02111244 0.2708116
vt 0.02110934 0.2575358
vt 0.01081252 0.2571176
vt 0.02279437 0.2583413
vt 0.009127498 0.2597087
vt 0.009130597 0.269588
vt 0.02279747 0.2683285
vt 0.02257276 0.2586847
vt 0.009358764 0.2587605
vt 0.009352207 0.2690853
vt 0.02256942 0.2692445
vt 0.02110934 0.2568955
vt 0.01081896 0.2574711
vt 0.01081562 0.2710338
vt 0.02110934 0.2706157
vt 0.02279913 0.2595359
vt 0.009132266 0.2581683
vt 0.009125829 0.268501
vt 0.0227927 0.2697608
vt 0.009355545 0.2691745
vt 0.02257276 0.2692502
vt 0.02257276 0.2586792
vt 0.009352207 0.2588381
vt 0.01091063 0.3185282
vt 0.02106798 0.3194598
vt 0.02107108 0.2097012
vt 0.01085389 0.2084694
vt 0.02247453 0.2202305
vt 0.009450436 0.2216426
vt 0.009501338 0.3076988
vt 0.02247107 0.3071869
vt 0.02259171 0.2208652
vt 0.009415507 0.2213551
vt 0.009327054 0.3068946
vt 0.02259791 0.3070641
vt 0.02100801 0.2074669
vt 0.01084733 0.2083973
vt 0.01085699 0.3204623
vt 0.02107763 0.3192324
vt 0.02246964 0.2214346
vt 0.009440899 0.2200255
vt 0.009517193 0.3073954
vt 0.02248406 0.3079038
vt 0.009417176 0.3060122
vt 0.02259314 0.3065018
vt 0.02259791 0.2214274
vt 0.009327054 0.2215972
vt 0.01074266 0.2829507
vt 0.02116966 0.2843478
vt 0.0211823 0.2454577
vt 0.01074588 0.2435814
vt 0.02219248 0.2468592
vt 0.009694576 0.2483577
vt 0.009678483 0.2810701
vt 0.02224648 0.2801642
vt 0.02278495 0.2485458
vt 0.009140015 0.2485347
vt 0.009140015 0.2791961
vt 0.02278495 0.2793944
vt 0.02116966 0.243101
vt 0.01074588 0.2444971
vt 0.01074743 0.2848283
vt 0.02117908 0.2829525
vt 0.02224779 0.2484572
vt 0.00974977 0.2469586
vt 0.009677172 0.2800649
vt 0.02224648 0.2809705
vt 0.009132266 0.2789365
vt 0.02277708 0.2789256
vt 0.0227927 0.2489928
vt 0.009143353 0.2491918
vt 0.01074588 0.2897844
vt 0.02117908 0.2919482
vt 0.02116489 0.2382698
vt 0.01076972 0.2359809
vt 0.02211189 0.2406289
vt 0.00981307 0.2418294
vt 0.009832382 0.2873002
vt 0.02206433 0.2870036
vt 0.02289426 0.2430389
vt 0.0090307 0.2431294
vt 0.009065509 0.2842861
vt 0.02287197 0.2848904
vt 0.02117908 0.2349755
vt 0.01074588 0.2371431
vt 0.01078081 0.2929537
vt 0.02117574 0.2906606
vt 0.0221101 0.2414793
vt 0.009814858 0.2402752
vt 0.009855866 0.2873542
vt 0.02208805 0.2876539
vt 0.0090307 0.2843563
vt 0.02289426 0.2844466
vt 0.02286863 0.2434826
vt 0.009064198 0.244087
vt 0.02233195 0.2438463
vt 0.00959301 0.243694
vt 0.009640574 0.2836251
vt 0.02233195 0.2842351
vt 0.02191246 0.2421103
vt 0.009974718 0.2429051
vt 0.009974718 0.2858188
vt 0.02195024 0.2856336
vt 0.02318227 0.2458406
vt 0.008755207 0.2459716
vt 0.00874269 0.2820886
vt 0.02317441 0.2820767
vt 0.02233195 0.2433461
vt 0.00959301 0.2435034
vt 0.009615183 0.2845831
vt 0.02230346 0.2839681
vt 0.02194536 0.2430848
vt 0.01000488 0.2422946
vt 0.009973049 0.2854542
vt 0.02195191 0.2856345
vt 0.00874126 0.281508
vt 0.02316797 0.2816353
vt 0.0231837 0.2463017
vt 0.008750558 0.2462939
vt 0.02229857 0.238
vt 0.009825706 0.2388122
vt 0.009570718 0.2890284
vt 0.02235425 0.2899293
vt 0.02175856 0.2345587
vt 0.01029301 0.2360874
vt 0.01016319 0.2932321
vt 0.02176178 0.2933704
vt 0.02429867 0.2436376
vt 0.007660985 0.2431972
vt 0.007626295 0.2845046
vt 0.02429247 0.2847319
vt 0.02210057 0.2381554
vt 0.009627819 0.2373418
vt 0.009570718 0.2905875
vt 0.02235425 0.2896885
vt 0.02164936 0.2371471
vt 0.01019657 0.2356046
vt 0.01016176 0.2923247
vt 0.02176321 0.2922003
vt 0.007626295 0.2834463
vt 0.02429247 0.2830077
vt 0.02431154 0.244483
vt 0.00761342 0.2447089
vt 0.02241266 0.2590751
vt 0.009569287 0.2593711
vt 0.009505868 0.26855
vt 0.0224191 0.268854
vt 0.02169216 0.2579954
vt 0.01029956 0.2589261
vt 0.01022971 0.2699337
vt 0.02169526 0.2698176
vt 0.0227499 0.2590719
vt 0.009178162 0.2587491
vt 0.009175062 0.2687394
vt 0.0227499 0.2691802
vt 0.02235723 0.258937
vt 0.009510756 0.258651
vt 0.009507537 0.2692782
vt 0.02241743 0.2689641
vt 0.02162242 0.2591985
vt 0.01023591 0.2582589
vt 0.01022971 0.2695449
vt 0.02169526 0.2696703
vt 0.02274048 0.2593866
vt 0.009182811 0.2596894
vt 0.009179711 0.2685426
vt 0.02274525 0.2681221
vt 0.02228439 0.2353543
vt 0.009650111 0.2362778
vt 0.009640574 0.292075
vt 0.0222497 0.2925749
vt 0.0215559 0.2306758
vt 0.01056397 0.2318801
vt 0.01031041 0.296801
vt 0.02161455 0.2972533
vt 0.02248716 0.2351762
vt 0.009387255 0.2351725
vt 0.009390235 0.292729
vt 0.02253771 0.2927567
vt 0.02228439 0.2355142
vt 0.009640574 0.2346056
vt 0.009678483 0.2933237
vt 0.02228117 0.2928086
vt 0.02131343 0.2326588
vt 0.01031518 0.2314631
vt 0.01031196 0.2964661
vt 0.021613 0.2960042
vt 0.0225029 0.2365822
vt 0.00940299 0.2365892
vt 0.009387255 0.291347
vt 0.02253771 0.2913161
vt 0.009925604 0.298691
vt 0.02153063 0.2977569
vt 0.02204692 0.2292383
vt 0.009878039 0.2292839
vt 0.009767413 0.2979286
vt 0.02188838 0.2969611
vt 0.02221489 0.2301443
vt 0.009710073 0.2300006
vt 0.009254336 0.2957806
vt 0.02264237 0.2957048
vt 0.02267063 0.2322999
vt 0.009269834 0.2321485
vt 0.01038492 0.2984664
vt 0.02198982 0.2993961
vt 0.02204692 0.2285741
vt 0.009878039 0.2285331
vt 0.01006341 0.2966473
vt 0.02217519 0.2976289
vt 0.0222162 0.2303002
vt 0.009708762 0.2304293
vt 0.009269834 0.2947609
vt 0.02266455 0.2948454
vt 0.02266765 0.2330837
vt 0.009257317 0.2332262
vt 0.009922504 0.2699067
vt 0.02193272 0.2693189
vt 0.02200556 0.2581262
vt 0.009919405 0.2580224
vt 0.009710073 0.2700542
vt 0.02215755 0.2696377
vt 0.02221787 0.2581666
vt 0.009707093 0.2578751
vt 0.009125829 0.2695293
vt 0.02279568 0.2695883
vt 0.02279913 0.2584357
vt 0.009125829 0.258341
vt 0.009987593 0.2697124
vt 0.02199936 0.2702942
vt 0.02200556 0.257635
vt 0.009919405 0.2577453
vt 0.009760857 0.269312
vt 0.02220535 0.2697403
vt 0.02221787 0.258189
vt 0.009707093 0.2584688
vt 0.009121299 0.2689527
vt 0.02280366 0.2688974
vt 0.02280366 0.2589766
vt 0.009124517 0.2590679
vt 0.009935141 0.269384
vt 0.02188528 0.2686939
vt 0.02199304 0.2586392
vt 0.009931922 0.2585452
vt 0.009700656 0.2695724
vt 0.02212942 0.2690479
vt 0.02223039 0.2586259
vt 0.009694576 0.2583568
vt 0.006840587 0.2681461
vt 0.02508438 0.2674924
vt 0.02508438 0.259783
vt 0.006843805 0.260414
vt 0.01002407 0.2691427
vt 0.02198195 0.2698171
vt 0.02199161 0.2581122
vt 0.009933352 0.2582217
vt 0.009803891 0.2686792
vt 0.02222574 0.2692154
vt 0.02223217 0.2587138
vt 0.009692788 0.2589712
vt 0.02503037 0.26094
vt 0.006891489 0.2603047
vt 0.006897569 0.2670117
vt 0.02503347 0.2676245
vt 0.009995222 0.2769755
vt 0.02198029 0.2764586
vt 0.02198339 0.2509762
vt 0.009941578 0.2509536
vt 0.009686589 0.2767154
vt 0.02218151 0.2763407
vt 0.02224171 0.2513908
vt 0.009683251 0.2512139
vt 0.007737041 0.2739368
vt 0.02418792 0.2734591
vt 0.0241847 0.2539924
vt 0.007740259 0.254448
vt 0.009976506 0.2767707
vt 0.02196467 0.2772809
vt 0.02198339 0.2506482
vt 0.009941578 0.2506773
vt 0.009724498 0.2760963
vt 0.02221954 0.2764738
vt 0.02224171 0.2514555
vt 0.009683251 0.2516292
vt 0.02418303 0.2548677
vt 0.007748008 0.2543929
vt 0.007741928 0.2730831
vt 0.02417219 0.2735363
vt 0.01000166 0.2836774
vt 0.02187586 0.2828872
vt 0.02192652 0.2446745
vt 0.009998441 0.2442519
vt 0.00974977 0.2834664
vt 0.02215302 0.2827918
vt 0.02219415 0.2451905
vt 0.009730816 0.2444627
vt 0.008500218 0.2806356
vt 0.02341199 0.2801631
vt 0.02342474 0.2472935
vt 0.008512974 0.247561
vt 0.01002049 0.2837527
vt 0.02189493 0.2845415
vt 0.02192652 0.2433876
vt 0.009998441 0.2438119
vt 0.009768963 0.2823343
vt 0.02217197 0.2830106
vt 0.02219415 0.2449185
vt 0.009730816 0.2456447
vt 0.02342474 0.248839
vt 0.008519411 0.2483648
vt 0.008500218 0.2792951
vt 0.02340865 0.2795644
vt 0.02145767 0.254761
vt 0.01046073 0.2572972
vt 0.01046729 0.2731682
vt 0.02146423 0.2706999
vt 0.009662628 0.2709311
vt 0.02227187 0.2709835
vt 0.02226532 0.2570836
vt 0.009653091 0.2569456
vt 0.008888245 0.2703527
vt 0.02302718 0.2700506
vt 0.02303672 0.2575766
vt 0.008894801 0.2578556
vt 0.0104593 0.2706957
vt 0.021456 0.273232
vt 0.02146566 0.2571655
vt 0.01046729 0.2546972
vt 0.009653091 0.2709671
vt 0.02226532 0.2709147
vt 0.02227187 0.256962
vt 0.009659648 0.2570998
vt 0.02303016 0.2579429
vt 0.008889914 0.257641
vt 0.008896351 0.2700098
vt 0.02303505 0.2702883
vt 0.02143085 0.2241683
vt 0.01052904 0.226309
vt 0.01049411 0.3037608
vt 0.02138317 0.3021238
vt 0.009650111 0.2979641
vt 0.02223694 0.2976457
vt 0.02227783 0.2305494
vt 0.009647131 0.2299651
vt 0.009105086 0.295586
vt 0.02282286 0.2950353
vt 0.02282941 0.2323431
vt 0.00909555 0.2324688
vt 0.01051164 0.3024127
vt 0.02141333 0.304555
vt 0.02140081 0.2250127
vt 0.01051474 0.2233742
vt 0.009672284 0.2976602
vt 0.02226055 0.2979792
vt 0.02227974 0.22995
vt 0.009645224 0.2305344
vt 0.02279913 0.2335074
vt 0.009084821 0.2329568
vt 0.009108424 0.2948465
vt 0.02284014 0.2949723
vt 0.02130902 0.199702
vt 0.01067638 0.2011165
vt 0.01060331 0.3282272
vt 0.02132165 0.3277259
vt 0.009623051 0.3177286
vt 0.02231109 0.3175256
vt 0.02238417 0.210439
vt 0.009540796 0.2102005
vt 0.009298325 0.3158362
vt 0.02262664 0.3155124
vt 0.02257097 0.2120929
vt 0.009344697 0.2127293
vt 0.01063192 0.3268836
vt 0.02126765 0.3282955
vt 0.02132165 0.2001322
vt 0.01060331 0.1996336
vt 0.009662628 0.3169991
vt 0.02235079 0.3171974
vt 0.0223825 0.2107317
vt 0.009542465 0.210975
vt 0.02262485 0.2129956
vt 0.009300113 0.2126751
vt 0.00933969 0.3146212
vt 0.02256787 0.3152539
vt 0.02106333 0.2549663
vt 0.01120687 0.256842
vt 0.01084554 0.2729629
vt 0.02107942 0.2727621
vt 0.00952971 0.270995
vt 0.02239048 0.2709474
vt 0.02240169 0.2569342
vt 0.009523273 0.2574267
vt 0.009678483 0.2695016
vt 0.02253771 0.270547
vt 0.02254725 0.2573823
vt 0.009377718 0.2580477
vt 0.01125574 0.2696792
vt 0.02107465 0.2715901
vt 0.02108407 0.2565733
vt 0.01084089 0.256339
vt 0.00952673 0.2693997
vt 0.02241266 0.2694406
vt 0.02241421 0.2589755
vt 0.009510756 0.2584887
vt 0.02255344 0.2578067
vt 0.00971663 0.2588844
vt 0.009371519 0.2694901
vt 0.02255344 0.2701226
vt 0.0207957 0.2383934
vt 0.01134455 0.2400227
vt 0.01108491 0.2891505
vt 0.02084005 0.2895358
vt 0.008957863 0.2821324
vt 0.02295566 0.281296
vt 0.0229671 0.2457969
vt 0.008957863 0.2471627
vt 0.009691477 0.2813149
vt 0.02246344 0.2824895
vt 0.02247107 0.2454396
vt 0.009453893 0.2463022
vt 0.01135075 0.2861405
vt 0.0207957 0.2877783
vt 0.02084327 0.240151
vt 0.0110817 0.240527
vt 0.008943915 0.2796081
vt 0.02296519 0.280446
vt 0.02298105 0.248851
vt 0.008949995 0.2474833
vt 0.02246189 0.2459027
vt 0.009697556 0.2470858
vt 0.009450436 0.2811726
vt 0.02247453 0.2820264
vt 0.02083695 0.2533109
vt 0.01170421 0.2546151
vt 0.01107216 0.2736038
vt 0.0208528 0.2746184
vt 0.02256298 0.2570969
vt 0.009349227 0.2558293
vt 0.00933671 0.2713262
vt 0.02258825 0.2721
vt 0.009898901 0.2700636
vt 0.02247286 0.2714824
vt 0.02247918 0.2564467
vt 0.009445786 0.2572094
vt 0.01177514 0.2714444
vt 0.02086532 0.272786
vt 0.02087188 0.2551431
vt 0.01105309 0.2561184
vt 0.009390235 0.2702036
vt 0.02251542 0.2689447
vt 0.02254426 0.2577257
vt 0.009380698 0.258495
vt 0.02248716 0.2570447
vt 0.009963632 0.2585151
vt 0.00943172 0.2701746
vt 0.02249324 0.2708845
vt 0.01100898 0.2272604
vt 0.01103735 0.3009898
vt 0.02091599 0.3006689
vt 0.02089059 0.2269394
vt 0.009669185 0.2346822
vt 0.009662628 0.2926863
vt 0.02225578 0.2932471
vt 0.02226233 0.2352432
vt 0.009507537 0.2357454
vt 0.009485364 0.2911935
vt 0.02242053 0.2921838
vt 0.0224396 0.2367357
vt 0.01103735 0.2269399
vt 0.01100898 0.3006681
vt 0.02089059 0.3009892
vt 0.02091599 0.2272611
vt 0.02226233 0.2926862
vt 0.02225578 0.234682
vt 0.009662628 0.2352434
vt 0.009669185 0.2932472
vt 0.009485364 0.236736
vt 0.009504437 0.2921832
vt 0.0224396 0.2911934
vt 0.02242053 0.2357461
vt 0.01005065 0.2739962
vt 0.0218631 0.2739585
vt 0.02187431 0.2539329
vt 0.01006019 0.2539713
vt 0.01163137 0.2778483
vt 0.02027774 0.2772256
vt 0.02029359 0.2500809
vt 0.01164544 0.2507038
vt 0.02158451 0.2536319
vt 0.01033425 0.2534978
vt 0.01034391 0.2742973
vt 0.02159071 0.2744315
vt 0.01006019 0.2739582
vt 0.02187431 0.2739966
vt 0.0218631 0.253971
vt 0.01005065 0.2539328
vt 0.01164401 0.2772254
vt 0.02029359 0.2778485
vt 0.02027774 0.2507038
vt 0.01163137 0.2500809
vt 0.01033425 0.2744318
vt 0.02158451 0.2742971
vt 0.02159071 0.2534974
vt 0.01034391 0.253632
vt 0.01016319 0.295209
vt 0.02173972 0.2953299
vt 0.02176178 0.2326592
vt 0.01018524 0.2325993
vt 0.01168203 0.3066053
vt 0.02021456 0.3061122
vt 0.02024293 0.2213239
vt 0.01170564 0.2218925
vt 0.02153218 0.2310904
vt 0.01040876 0.2319265
vt 0.01039279 0.2968388
vt 0.0215162 0.2960083
vt 0.01018524 0.2953053
vt 0.02176178 0.2951844
vt 0.02174282 0.2326239
vt 0.01016319 0.2326835
vt 0.01171207 0.3061563
vt 0.0202446 0.3066503
vt 0.02021611 0.221847
vt 0.01168036 0.2212789
vt 0.01039433 0.2960632
vt 0.0215162 0.2968992
vt 0.02153063 0.2318602
vt 0.01040876 0.2310301
vt 0.01020133 0.2890182
vt 0.02172363 0.2896442
vt 0.02170479 0.238285
vt 0.01046431 0.2383863
vt 0.01161706 0.2985266
vt 0.0203079 0.2983652
vt 0.01982331 0.230219
vt 0.01162004 0.2294025
vt 0.02115822 0.2355999
vt 0.0109185 0.2372724
vt 0.01070952 0.2923293
vt 0.02121544 0.292194
vt 0.01019812 0.2907312
vt 0.02172685 0.2901179
vt 0.02146721 0.2373114
vt 0.01022661 0.237198
vt 0.01161528 0.2998339
vt 0.02030969 0.2999901
vt 0.02026355 0.2279391
vt 0.01206672 0.2287598
vt 0.01092482 0.2906502
vt 0.02117264 0.2923138
vt 0.02121234 0.2357421
vt 0.01071262 0.2356154
vt 0.02132607 0.2372703
vt 0.01062715 0.2351351
vt 0.0105989 0.2911532
vt 0.02132165 0.2927942
vt 0.02202606 0.2389575
vt 0.009901881 0.239738
vt 0.009898901 0.2889716
vt 0.02201676 0.2882907
vt 0.0102675 0.2903715
vt 0.02159071 0.289775
vt 0.02169216 0.2375584
vt 0.01023281 0.2375578
vt 0.01060331 0.293161
vt 0.02130902 0.2910269
vt 0.02132785 0.2347683
vt 0.01059711 0.2364085
vt 0.009898901 0.2886912
vt 0.02202606 0.2894734
vt 0.02202165 0.2391385
vt 0.009898901 0.2384559
vt 0.01026154 0.2899616
vt 0.02158451 0.2905582
vt 0.02169216 0.2373711
vt 0.01023281 0.2373718
vt 0.02115357 0.2305277
vt 0.01077139 0.2292762
vt 0.01079333 0.2978713
vt 0.02114093 0.2986529
vt 0.02164602 0.2326676
vt 0.01025677 0.2336405
vt 0.01024401 0.2952617
vt 0.02168095 0.2950957
vt 0.01024711 0.2958086
vt 0.02141809 0.2949283
vt 0.02168739 0.2325037
vt 0.01023757 0.2321207
vt 0.01077449 0.2997971
vt 0.02115679 0.2985424
vt 0.02112198 0.2281321
vt 0.01076818 0.228917
vt 0.01028681 0.2951294
vt 0.02168572 0.2960999
vt 0.02168262 0.2319929
vt 0.01023924 0.2318293
vt 0.01050043 0.2947319
vt 0.0216682 0.2956139
vt 0.02168739 0.2323154
vt 0.01023757 0.232697
vt 0.02111244 0.2261952
vt 0.01081252 0.2258622
vt 0.01081729 0.3015347
vt 0.02109683 0.3020669
vt 0.02153516 0.2288794
vt 0.01036429 0.2295178
vt 0.01035011 0.2990498
vt 0.02157485 0.2989799
vt 0.0101949 0.2980645
vt 0.02176499 0.2978563
vt 0.02176499 0.2300371
vt 0.01015997 0.2298647
vt 0.01082516 0.3025901
vt 0.0211252 0.302254
vt 0.02107942 0.2253391
vt 0.01079977 0.2258739
vt 0.01035011 0.2985151
vt 0.02152109 0.2991525
vt 0.02157485 0.2288452
vt 0.01035011 0.2287767
vt 0.01015997 0.2974926
vt 0.02173007 0.2977006
vt 0.02176499 0.2302286
vt 0.01016319 0.2304009
vt 0.02095091 0.2407589
vt 0.01097405 0.2415659
vt 0.01219022 0.2870602
vt 0.02090979 0.2871703
vt 0.02116013 0.241436
vt 0.01076484 0.2429801
vt 0.01189256 0.2864932
vt 0.02111244 0.2862272
vt 0.009662628 0.2837102
vt 0.02226233 0.2837102
vt 0.02141023 0.2445036
vt 0.0109266 0.244219
vt 0.01098514 0.287232
vt 0.02093983 0.2880716
vt 0.02092874 0.2398575
vt 0.01220775 0.2399386
vt 0.01075876 0.2846913
vt 0.02116621 0.2861998
vt 0.0211252 0.2419669
vt 0.01192081 0.2417294
vt 0.02222264 0.2450511
vt 0.009702325 0.2450508
vt 0.01172173 0.2828785
vt 0.02214026 0.2825958
vt 0.02159715 0.2376714
vt 0.01035953 0.2360838
vt 0.01032782 0.2906176
vt 0.02156854 0.2918454
vt 0.02179337 0.2372795
vt 0.01010633 0.2384949
vt 0.01013768 0.2906497
vt 0.02181864 0.289711
vt 0.01030898 0.2908208
vt 0.02171111 0.2901623
vt 0.0217458 0.2371106
vt 0.01017916 0.2371084
vt 0.0103265 0.2923244
vt 0.02157009 0.2907375
vt 0.02159846 0.2356048
vt 0.01035011 0.2368317
vt 0.01010633 0.2899316
vt 0.0217967 0.2911476
vt 0.02181864 0.2377203
vt 0.0101316 0.2367816
vt 0.01031828 0.2902018
vt 0.02172685 0.2908574
vt 0.0217458 0.2370718
vt 0.01017916 0.2370769
vt 0.02140391 0.2297007
vt 0.01052105 0.2288779
vt 0.01053226 0.2987043
vt 0.02131045 0.2990513
vt 0.0213784 0.2294168
vt 0.01045156 0.2306648
vt 0.01043558 0.2985123
vt 0.02148938 0.2978399
vt 0.01016939 0.2971898
vt 0.02143848 0.2962625
vt 0.02175856 0.2308446
vt 0.01016641 0.2307394
vt 0.01052105 0.2998965
vt 0.02140391 0.2990676
vt 0.02135003 0.2280327
vt 0.0105685 0.2283856
vt 0.0105083 0.2980308
vt 0.02144814 0.2992716
vt 0.0214926 0.2293233
vt 0.01043236 0.2286575
vt 0.01044822 0.2962064
vt 0.02171743 0.2971351
vt 0.02175856 0.2307942
vt 0.01016641 0.2308978
vt 0.02129936 0.2233945
vt 0.0106256 0.223237
vt 0.01071131 0.304414
vt 0.02116013 0.3046921
vt 0.02136266 0.223746
vt 0.0105623 0.2246017
vt 0.01068902 0.3041833
vt 0.02133429 0.303929
vt 0.0101949 0.3018171
vt 0.02173007 0.3012963
vt 0.02164471 0.2261121
vt 0.01027715 0.226182
vt 0.01062417 0.3052418
vt 0.02130079 0.3050872
vt 0.02124715 0.2226873
vt 0.01079822 0.2229628
vt 0.01056063 0.3035071
vt 0.02136433 0.3043588
vt 0.02135181 0.2238201
vt 0.01070631 0.2235703
vt 0.01019812 0.3009579
vt 0.02172685 0.3014828
vt 0.02171433 0.2265207
vt 0.01034689 0.2264464
vt 0.0208528 0.2271004
vt 0.0110817 0.2275654
vt 0.01107216 0.3008287
vt 0.02084637 0.3003633
vt 0.02166343 0.2324529
vt 0.01025808 0.2327178
vt 0.01026452 0.2954763
vt 0.02166688 0.2952114
vt 0.02166045 0.2324736
vt 0.01025808 0.2326221
vt 0.01026452 0.2954555
vt 0.02166688 0.2953064
vt 0.02084637 0.2275657
vt 0.01107216 0.2271001
vt 0.0110817 0.3003642
vt 0.0208528 0.3008291
vt 0.01025987 0.2952112
vt 0.021662 0.2954763
vt 0.0216651 0.2327178
vt 0.01026297 0.2324529
vt 0.02166688 0.232622
vt 0.01026452 0.2324738
vt 0.01025808 0.2953065
vt 0.02166045 0.2954554
vt 0.0207895 0.2689727
vt 0.02086067 0.2581666
vt 0.01106429 0.2579854
vt 0.01106739 0.269944
vt 0.02165437 0.269066
vt 0.02165747 0.2588632
vt 0.0102675 0.2591305
vt 0.01028025 0.2684039
vt 0.02151167 0.2700892
vt 0.02152431 0.2578401
vt 0.01040065 0.2587788
vt 0.01060009 0.2690819
vt 0.02084005 0.2716089
vt 0.0208528 0.2563203
vt 0.01107216 0.2565429
vt 0.01109123 0.2706798
vt 0.0102725 0.2580731
vt 0.01026297 0.2702561
vt 0.021662 0.270521
vt 0.02165079 0.2574081
vt 0.02130258 0.269093
vt 0.02152753 0.2587389
vt 0.01039743 0.2578149
vt 0.01040065 0.2701143
vt 0.02090824 0.2337011
vt 0.01179588 0.2320925
vt 0.01096582 0.2954584
vt 0.02095914 0.2958366
vt 0.02307951 0.2424854
vt 0.009035587 0.2429167
vt 0.008814096 0.285018
vt 0.02311087 0.2854438
vt 0.02161121 0.2360189
vt 0.01154554 0.2377834
vt 0.0102694 0.2917764
vt 0.02165556 0.2919104
vt 0.02014017 0.2305611
vt 0.01098514 0.2321291
vt 0.01096582 0.2973682
vt 0.02095914 0.2970326
vt 0.00909555 0.2863776
vt 0.02304769 0.2867754
vt 0.0230571 0.2411539
vt 0.00886786 0.2416078
vt 0.0203681 0.2376743
vt 0.01030254 0.2359125
vt 0.0102675 0.2920166
vt 0.02165747 0.2918794
vt 0.02084327 0.1832282
vt 0.0110817 0.1823732
vt 0.01110065 0.344207
vt 0.02058995 0.345556
vt 0.02381909 0.2135859
vt 0.008131504 0.2135265
vt 0.008105874 0.3141212
vt 0.02380943 0.3144027
vt 0.021613 0.1944179
vt 0.01031196 0.1948732
vt 0.01035011 0.3335112
vt 0.02155268 0.3328703
vt 0.02084327 0.1823433
vt 0.0110817 0.1831967
vt 0.01119244 0.3455858
vt 0.02068174 0.344238
vt 0.008090138 0.3141486
vt 0.02378726 0.3140921
vt 0.02383482 0.2137806
vt 0.008118868 0.21406
vt 0.02160668 0.1952023
vt 0.01030564 0.1947447
vt 0.01042283 0.3325404
vt 0.02161932 0.3331846
vt 0.01178002 0.2811633
vt 0.02014494 0.2808134
vt 0.02014494 0.246766
vt 0.01178002 0.2471161
vt 0.0218029 0.2524669
vt 0.01012039 0.251087
vt 0.01012039 0.2754622
vt 0.02180457 0.2768421
vt 0.02159071 0.251306
vt 0.01033425 0.2513248
vt 0.01033425 0.2766231
vt 0.02159071 0.2766042
vt 0.02014494 0.2471156
vt 0.01178002 0.2467656
vt 0.01178002 0.2808132
vt 0.02014494 0.2811637
vt 0.01011896 0.2768422
vt 0.0218029 0.2754622
vt 0.021806 0.2510869
vt 0.01012206 0.2524672
vt 0.01033425 0.2766042
vt 0.02159071 0.2766231
vt 0.02159071 0.2513248
vt 0.01033425 0.2513061
vt 0.01176906 0.2911943
vt 0.02015591 0.2910824
vt 0.02014017 0.2367349
vt 0.01243079 0.2369506
vt 0.02198982 0.2458127
vt 0.009935141 0.244389
vt 0.009938121 0.2821521
vt 0.02099359 0.2835402
vt 0.02156854 0.2435064
vt 0.01035643 0.2438418
vt 0.01040721 0.2844229
vt 0.02071977 0.2842834
vt 0.02015436 0.2366358
vt 0.01177061 0.2365541
vt 0.01240408 0.2911876
vt 0.0201149 0.2913751
vt 0.009913087 0.2836342
vt 0.02201188 0.2821644
vt 0.02103984 0.2442951
vt 0.009947896 0.2457262
vt 0.01035786 0.2840619
vt 0.02156711 0.2844267
vt 0.02152264 0.243669
vt 0.01120687 0.2435024
vt 0.01053059 0.248289
vt 0.0105623 0.2441346
vt 0.0105623 0.2441346
vt 0.02164149 0.2474488
vt 0.01028347 0.2832702
vt 0.02153695 0.2837946
vt 0.01365685 0.2400614
vt 0.01124322 0.2402198
vt 0.01125896 0.2453725
vt 0.02065003 0.2447259
vt 0.01136994 0.2874328
vt 0.02068174 0.2878678
vt 0.02165437 0.2445256
vt 0.01372957 0.244044
vt 0.0102706 0.2481622
vt 0.02165079 0.2488208
vt 0.01029301 0.2838852
vt 0.0216285 0.2838852
vt 0.02143085 0.244186
vt 0.02143085 0.244186
vt 0.01031995 0.24747
vt 0.02144969 0.2484045
vt 0.01035488 0.2837433
vt 0.02160501 0.2832192
vt 0.02066922 0.2394512
vt 0.01810682 0.2393001
vt 0.01124966 0.2440923
vt 0.02066922 0.2445313
vt 0.01136351 0.2886291
vt 0.0206753 0.2881961
vt 0.01818442 0.2433639
vt 0.0102706 0.243861
vt 0.0102725 0.2481514
vt 0.02165437 0.2474729
vt 0.01029646 0.2845653
vt 0.02163029 0.2845653
vt 0.02194536 0.25441
vt 0.01007938 0.2510255
vt 0.009925604 0.2744917
vt 0.02199936 0.2769038
vt 0.02277052 0.2532831
vt 0.009157419 0.2544799
vt 0.009130597 0.2746462
vt 0.02279437 0.2737687
vt 0.01030719 0.2765433
vt 0.02129304 0.2755557
vt 0.02163029 0.2519531
vt 0.01029468 0.2513858
vt 0.009982586 0.2774415
vt 0.02201521 0.2739366
vt 0.02197075 0.2504877
vt 0.009909749 0.2528995
vt 0.009054661 0.2740241
vt 0.0228703 0.2752829
vt 0.02279103 0.253522
vt 0.009133935 0.2526464
vt 0.01063824 0.2757222
vt 0.02166045 0.2767897
vt 0.02159715 0.2511395
vt 0.01026452 0.2517084
vt 0.01033092 0.2495069
vt 0.01033425 0.2454261
vt 0.01033425 0.2454261
vt 0.0216285 0.2487528
vt 0.01029646 0.2818676
vt 0.0215559 0.2825031
vt 0.01534796 0.2393959
vt 0.01166761 0.239643
vt 0.0116756 0.2451596
vt 0.02025735 0.2446051
vt 0.01173091 0.2880502
vt 0.02023041 0.2885332
vt 0.02153063 0.2452963
vt 0.01513433 0.2448086
vt 0.01039433 0.248804
vt 0.02152574 0.2496081
vt 0.01043236 0.2831206
vt 0.02148616 0.2831206
vt 0.02160335 0.2454516
vt 0.02160335 0.2454516
vt 0.01030254 0.24877
vt 0.02160668 0.249551
vt 0.01036263 0.2824777
vt 0.02162242 0.2818425
vt 0.02024782 0.2387546
vt 0.01651692 0.2385187
vt 0.01165187 0.2437723
vt 0.02025092 0.2442493
vt 0.01176906 0.2894105
vt 0.02027309 0.2889329
vt 0.01679718 0.2440993
vt 0.0103898 0.2445923
vt 0.01039589 0.2489014
vt 0.02153516 0.2480896
vt 0.01044023 0.2838299
vt 0.02149081 0.2838299
vt 0.02229714 0.2547182
vt 0.009650111 0.252071
vt 0.009599328 0.2739971
vt 0.02232563 0.2758583
vt 0.02259791 0.2528539
vt 0.009327054 0.2547307
vt 0.009317398 0.2750754
vt 0.02260756 0.2737562
vt 0.01039135 0.2763639
vt 0.02152431 0.2753747
vt 0.02167618 0.252181
vt 0.01024878 0.2515652
vt 0.009558201 0.2764302
vt 0.02236676 0.2737297
vt 0.0223192 0.2514991
vt 0.009602666 0.2533585
vt 0.00924778 0.273763
vt 0.02267718 0.2756804
vt 0.02260435 0.2535672
vt 0.009327054 0.2522489
vt 0.01052749 0.2754471
vt 0.02168572 0.2764442
vt 0.02166343 0.2514849
vt 0.01023924 0.2521021
vt 0.7480094 0.2758272
vt 0.7451063 0.2679819
vt 0.7437307 0.2697633
vt 0.7492247 0.2664806
vt 0.7432072 0.2720741
vt 0.7437114 0.2811207
vt 0.7427907 0.2807565
vt 0.7539216 0.2746437
vt 0.7538635 0.266119
vt 0.7585055 0.2664264
vt 0.7431549 0.2871227
vt 0.7422227 0.2870645
vt 0.7429067 0.2933977
vt 0.7438226 0.2932297
vt 0.7450557 0.298778
vt 0.7458326 0.2982738
vt 0.749247 0.3017758
vt 0.7495838 0.3009305
vt 0.7598562 0.2757719
vt 0.7542067 0.3024288
vt 0.7542018 0.301636
vt 0.7588112 0.3008743
vt 0.7591467 0.3017156
vt 0.7626265 0.2678688
vt 0.7640271 0.2696291
vt 0.7645841 0.2719312
vt 0.7642481 0.2809885
vt 0.7651492 0.2806046
vt 0.7649695 0.2869776
vt 0.7658874 0.2868983
vt 0.7644202 0.2930832
vt 0.7653517 0.2932319
vt 0.762526 0.2981699
vt 0.7632995 0.2986612
vt 0.1403332 0.1683454
vt 0.1431537 0.1686463
vt 0.1440215 0.1601093
vt 0.1360974 0.1660249
vt 0.1454225 0.1687815
vt 0.1516776 0.1605353
vt 0.1521723 0.1664548
vt 0.1552417 0.1685981
vt 0.1585674 0.1680848
vt 0.136153 0.1607423
vt 0.1311691 0.1692681
vt 0.1269279 0.1694064
vt 0.1579094 0.1600046
vt 0.1610203 0.163012
vt 0.1632543 0.1601913
vt 0.1604047 0.15082
vt 0.1661885 0.158206
vt 0.1710927 0.1566
vt 0.1741157 0.1534805
vt 0.1749864 0.1499281
vt 0.1736648 0.1471176
vt 0.1699941 0.1451034
vt 0.1630907 0.144798
vt 0.1569424 0.1447649
vt 0.1445234 0.1510601
vt 0.1445675 0.1447644
vt 0.1251514 0.1520712
vt 0.1287498 0.1448471
vt 0.1208 0.1452872
vt 0.1123664 0.1465292
vt 0.1095738 0.1492555
vt 0.109031 0.1526456
vt 0.1101942 0.156096
vt 0.1132448 0.1586113
vt 0.1198847 0.1600575
vt 0.127744 0.1609683
vt 0.1230798 0.1617136
vt 0.1254952 0.1641464
vt 0.1403332 0.1683454
vt 0.1440215 0.1601093
vt 0.1431537 0.1686463
vt 0.1360974 0.1660249
vt 0.1454225 0.1687815
vt 0.1516776 0.1605353
vt 0.1521723 0.1664548
vt 0.1552417 0.1685981
vt 0.1585674 0.1680848
vt 0.136153 0.1607423
vt 0.1311691 0.1692681
vt 0.1269279 0.1694064
vt 0.1579094 0.1600046
vt 0.1610203 0.163012
vt 0.1632543 0.1601913
vt 0.1604047 0.15082
vt 0.1661885 0.158206
vt 0.1710927 0.1566
vt 0.1741157 0.1534805
vt 0.1749864 0.1499281
vt 0.1736648 0.1471176
vt 0.1699941 0.1451034
vt 0.1630907 0.144798
vt 0.1569424 0.1447649
vt 0.1445234 0.1510601
vt 0.1445675 0.1447644
vt 0.1251514 0.1520712
vt 0.1287498 0.1448471
vt 0.1208 0.1452872
vt 0.1123664 0.1465292
vt 0.1095738 0.1492555
vt 0.109031 0.1526456
vt 0.1101942 0.156096
vt 0.1132448 0.1586113
vt 0.1198847 0.1600575
vt 0.127744 0.1609683
vt 0.1230798 0.1617136
vt 0.1254952 0.1641464
vn -0.5452855 0.4435745 0.7112703
vn -0.4823399 0.6765004 0.5565029
vn -0.4823399 0.6765004 0.5565029
vn -0.5515448 0.4003498 0.7317911
vn -0.5524147 0.007642843 0.8335344
vn -0.5524147 0.007642842 0.8335344
vn -0.5208421 -0.3649188 -0.771724
vn -0.6862825 0.1325982 -0.7151462
vn -0.6862825 0.1325982 -0.7151462
vn -0.4044453 -0.5502414 -0.7305193
vn -0.9954442 0.09428726 -0.01417034
vn -0.9954442 0.09428728 -0.01417035
vn -0.9992392 0.006953424 0.03837461
vn -0.9993302 0.02116011 0.02985722
vn -0.9948108 -0.06281668 0.08003458
vn -0.9948108 -0.06281668 0.08003458
vn -0.5208421 -0.3649188 -0.771724
vn -0.4044453 -0.5502414 -0.7305193
vn -0.1878791 -0.7798004 -0.5971707
vn -0.1878791 -0.7798004 -0.5971707
vn 0.9900188 0.09383669 -0.1051538
vn 0.9900188 0.09383669 -0.1051538
vn 0.9900188 0.09383669 -0.1051538
vn 0.9900188 0.09383669 -0.1051538
vn -0.6453175 -0.5265732 0.5534311
vn -0.6453174 -0.5265732 0.5534311
vn -0.6453175 -0.5265732 0.5534311
vn -0.6453175 -0.5265732 0.5534311
vn -0.007082085 0.9235155 0.3834959
vn -0.007082085 0.9235155 0.3834959
vn -0.007082085 0.9235155 0.3834959
vn -0.007082085 0.9235155 0.3834959
vn 0.9963406 -0.06629359 -0.05394913
vn 0.9963406 -0.06629358 -0.05394913
vn 0.9963406 -0.06629358 -0.05394914
vn 0.9963406 -0.0662936 -0.05394913
vn 0.5452843 0.443575 0.7112708
vn 0.4823388 0.6765007 0.5565032
vn 0.4823388 0.6765007 0.5565034
vn 0.5515437 0.4003504 0.7317916
vn 0.5524136 0.007642824 0.8335351
vn 0.5524136 0.007642824 0.8335351
vn 0.5208412 -0.3649192 -0.7717243
vn 0.4044442 -0.5502412 -0.7305201
vn 0.6862831 0.1325984 -0.7151456
vn 0.6862829 0.1325984 -0.7151456
vn 0.9954442 0.09428763 -0.01417094
vn 0.9992392 0.006953399 0.03837443
vn 0.9954442 0.09428764 -0.01417094
vn 0.9993302 0.0211605 0.02985677
vn 0.9948108 -0.06281684 0.08003464
vn 0.9948108 -0.06281683 0.08003464
vn 0.5208412 -0.3649192 -0.7717243
vn 0.1878783 -0.7797992 -0.5971725
vn 0.1878783 -0.7797992 -0.5971725
vn 0.4044442 -0.5502412 -0.7305201
vn -0.9900188 0.09383675 -0.1051532
vn -0.9900188 0.09383672 -0.1051532
vn -0.9900188 0.09383672 -0.1051532
vn -0.9900188 0.09383672 -0.1051532
vn 0.6453167 -0.5265737 0.5534315
vn 0.6453168 -0.5265737 0.5534315
vn 0.6453167 -0.5265737 0.5534315
vn 0.6453167 -0.5265737 0.5534315
vn 0.007082012 0.9235159 0.3834947
vn 0.007082012 0.9235159 0.3834947
vn 0.007082012 0.9235159 0.3834947
vn 0.007082012 0.9235159 0.3834947
vn -0.9963406 -0.06629364 -0.05394892
vn -0.9963406 -0.06629364 -0.05394893
vn -0.9963406 -0.06629363 -0.05394892
vn -0.9963406 -0.06629364 -0.05394892
vn 0.9973536 -0.009516708 0.07207945
vn 0.9151554 0.1161452 0.3860064
vn 0.9981492 0.05723185 -0.02056014
vn 0.9950473 -0.0134488 0.09848829
vn 0.995352 -0.01339689 0.0953664
vn 0.9036869 -0.01257596 0.4280092
vn 0.9019801 -0.01251367 0.4315963
vn 0.4959307 -0.003036324 0.8683567
vn 0.4999196 -0.003108364 0.8660663
vn 0.1944717 -0.007442519 0.98088
vn 0.1947911 -0.007424233 0.9808167
vn 2.99872E-07 -0.01443815 0.9998958
vn 2.753872E-07 -0.01443815 0.9998958
vn -0.1947335 -0.007452728 0.9808279
vn -0.195054 -0.007434446 0.9807643
vn -0.4967501 -0.00304243 0.8678883
vn -0.5007343 -0.003114541 0.8655954
vn -0.9036911 -0.01257711 0.4280004
vn -0.9019844 -0.01251483 0.4315872
vn -0.9950473 -0.01344411 0.09848864
vn -0.995352 -0.01339209 0.09536685
vn -0.9973537 -0.009512242 0.07207776
vn -0.9153361 0.1155702 0.3857505
vn -0.9980635 0.06156869 -0.008860843
vn 0.9981492 0.05723185 -0.02056014
vn 0.9151554 0.1161452 0.3860064
vn 0.8960028 0.1997386 0.3965898
vn 0.9897264 0.142457 -0.01215033
vn 0.9601527 0.1178361 -0.2534191
vn 0.8997779 0.372866 -0.2266509
vn 0.9559073 0.03416828 -0.291674
vn 0.8012508 0.02652239 -0.5977405
vn 0.9203443 0.3905665 -0.02059515
vn 0.8483595 0.4064554 0.3392349
vn 0.709017 0.7045005 -0.03120911
vn 0.6885015 0.681159 0.2489742
vn 0.2741821 0.9304215 0.2431873
vn 0.7870793 0.1287096 -0.6032745
vn 0.3159092 0.9485525 -0.02120117
vn 0 0.9600564 0.2798065
vn 0.419758 -0.02143379 -0.9073829
vn 0.2796895 -0.1571792 -0.9471369
vn 2.767705E-06 -0.1781183 -0.9840091
vn 0.7058308 0.6858209 -0.1773486
vn 0 0.9999069 -0.0136457
vn -0.2743548 0.9303185 0.2433867
vn -0.3162685 0.9484283 -0.02140258
vn -0.6891807 0.680356 0.2492901
vn -0.7097646 0.7037393 -0.03138814
vn -0.8485451 0.4062066 0.3390686
vn 0.6210566 0.6369767 -0.4566723
vn 0.2747816 0.9350731 -0.2239048
vn 2.854932E-06 0.9656594 -0.2598113
vn -0.2747763 0.9349931 -0.2242452
vn 0.7300092 0.3783844 -0.5691326
vn 0.2980891 0.741568 -0.6010157
vn 0.3812114 0.4352011 -0.8156458
vn -1.947452E-07 0.7902889 -0.6127345
vn -0.7058804 0.6855465 -0.1782098
vn 0.4270655 0.1440202 -0.8926775
vn 4.267017E-06 0.1542667 -0.9880293
vn 6.506363E-06 0.4647193 -0.8854581
vn -0.3840404 0.4334874 -0.815231
vn -0.2988762 0.741253 -0.6010132
vn -0.6216863 0.6366477 -0.4562738
vn -0.8997008 0.3717379 -0.2288
vn -0.731019 0.3755463 -0.5697158
vn -3.319715E-06 -0.0487577 -0.9988106
vn -0.4254217 0.1463084 -0.8930903
vn -0.4152031 -0.02416721 -0.9094077
vn -0.2801637 -0.1571303 -0.947005
vn -0.7825179 0.02283876 -0.6222091
vn -0.7819138 0.128047 -0.610094
vn -0.9591508 0.1264717 -0.2530507
vn -0.956692 0.03495762 -0.2889954
vn -0.9980635 0.06156869 -0.008860843
vn -0.9204285 0.3903848 -0.02027177
vn -0.9891078 0.1469813 -0.007884177
vn -0.9153361 0.1155702 0.3857505
vn -0.8961861 0.1996434 0.3962235
vn 0.3072604 0.9485145 0.07688572
vn 0.1591952 0.9705356 0.1808798
vn 0.3299938 0.9427177 0.04885996
vn 0.197834 0.9659232 0.1668956
vn 0.09064743 0.9739 0.2080907
vn 0.07635864 0.9683462 0.2376447
vn -8.309612E-06 0.96995 0.243304
vn 0 0.96995 0.2433041
vn -0.0764567 0.9683498 0.2375983
vn -0.1593105 0.9705277 0.1808208
vn -0.09083455 0.9738961 0.2080278
vn -0.1978343 0.9659232 0.1668956
vn -0.3072604 0.9485144 0.0768858
vn -0.3299937 0.9427177 0.04885995
vn -0.8961861 0.1996434 0.3962235
vn -0.5330887 0.1651581 0.8297827
vn -0.9153361 0.1155702 0.3857505
vn -0.5126112 0.2505514 0.8212513
vn -0.468338 0.4607002 0.7539329
vn -0.8485451 0.4062066 0.3390686
vn -0.6891807 0.680356 0.2492901
vn 1.221992E-07 0.2689201 0.9631625
vn -2.182198E-06 0.1646644 0.9863496
vn 0.5117858 0.2506441 0.8217376
vn 0.5330786 0.1659407 0.8296329
vn 0.9151554 0.1161452 0.3860064
vn 0.8960028 0.1997386 0.3965898
vn 2.908613E-06 0.5044509 0.8634403
vn 0.4683482 0.4604594 0.7540737
vn 0.8483595 0.4064554 0.3392349
vn -0.3446111 0.7151667 0.6080951
vn -0.2743548 0.9303185 0.2433867
vn 0 0.9600564 0.2798065
vn 2.558863E-07 0.7561802 0.6543635
vn 0.3438791 0.7154496 0.6081768
vn 0.6885015 0.681159 0.2489742
vn 0.2741821 0.9304215 0.2431873
vn 0.02123855 0.2807117 0.9595572
vn -0.04865083 0.274386 0.9603881
vn 0.02123856 0.2807117 0.9595572
vn -0.1303842 0.265236 0.9553271
vn -0.1675307 0.319542 0.9326448
vn -0.01471432 0.4273863 0.9039493
vn 0.1215616 0.4340182 0.8926651
vn 0.1467366 0.3961026 0.9064056
vn 0.104368 0.2917487 0.950784
vn 0.09355595 0.2826331 0.9546549
vn -0.03385481 0.1719664 0.9845209
vn -0.03385481 0.1719664 0.9845209
vn -0.03402429 -0.3014737 -0.9528672
vn 0.1211926 -0.2651977 -0.9565472
vn -0.03402429 -0.3014737 -0.9528673
vn 0.03066308 -0.2872663 -0.9573599
vn 0.01296353 -0.4231782 -0.9059538
vn 0.1606698 -0.3113183 -0.9366249
vn -0.1479371 -0.4048896 -0.9023187
vn -0.1274891 -0.4363892 -0.8906801
vn -0.0999387 -0.2962523 -0.9498667
vn -0.09944717 -0.2958909 -0.9500309
vn 0.03849091 -0.191027 -0.9808298
vn 0.03849091 -0.191027 -0.9808298
vn 0.9849786 -0.1718984 -0.01636638
vn 0.9912805 -0.13167 0.005097497
vn 0.9849786 -0.1718984 -0.01636638
vn 0.9939196 -0.108747 0.01725724
vn 0.9795644 -0.1674921 0.1113552
vn 0.9781215 -0.1737268 0.1144433
vn 0.8642849 -0.4566107 0.2109931
vn 0.8794029 -0.4291304 0.2061497
vn 0.624109 -0.7436234 0.2398172
vn 0.6718609 -0.7013174 0.2382366
vn 0.3266944 -0.9163579 0.2314283
vn 0.3266944 -0.9163579 0.2314283
vn -0.9861423 0.1647338 0.01964944
vn -0.9949037 0.100079 -0.01228584
vn -0.9861423 0.1647338 0.01964944
vn -0.9922231 0.1244726 -0.0002752345
vn -0.979131 0.1688942 -0.1130362
vn -0.9809361 0.160926 -0.1089371
vn -0.8811352 0.4234523 -0.2104493
vn -0.8661287 0.450744 -0.2159881
vn -0.6705157 0.6993095 -0.2477393
vn -0.6261656 0.7386627 -0.2495877
vn -0.3258961 0.9137379 -0.2426411
vn -0.3258961 0.9137379 -0.2426411
vn -0.1689972 0.9422398 -0.2891782
vn -0.3726568 0.8981341 -0.2334141
vn -0.3337086 0.9067481 -0.2577721
vn -0.1647428 0.9453533 -0.2813661
vn 0.06150756 0.9576786 -0.2811915
vn 0.04763112 0.9543529 -0.2948592
vn 0.2628801 0.9409358 -0.2133867
vn -0.09288196 0.9549245 -0.2819435
vn -0.3035972 0.9119737 -0.2759215
vn 0.06006764 0.959635 -0.274759
vn 0.2976916 0.9307947 -0.2121338
vn 0.2185264 0.9424726 -0.2529657
vn 0.4604316 0.8659424 -0.1953113
vn 0.4655674 0.8737163 -0.1409494
vn 0.4698235 0.8794916 -0.07589688
vn 0.2057556 -0.9482292 0.2419215
vn 0.333146 -0.9069787 0.2576886
vn 0.3695345 -0.9002848 0.2300687
vn 0.1880646 -0.9395762 0.2860563
vn -0.05598361 -0.955933 0.2881975
vn -0.0243843 -0.9742796 0.2240193
vn -0.2745311 -0.94808 0.1605521
vn 0.11771 -0.9384556 0.3247235
vn 0.3044156 -0.9108413 0.2787458
vn -0.06204338 -0.9425447 0.3282682
vn -0.3134575 -0.923933 0.2192994
vn -0.2461873 -0.9235632 0.2939776
vn -0.4608353 -0.8631037 0.2065981
vn -0.4669821 -0.8717195 0.1484347
vn -0.4721207 -0.8779512 0.0793954
vn -0.2152707 0.5271697 0.8220406
vn -0.6289485 0.5422257 0.557149
vn -0.7088535 0.5301247 0.4652899
vn -0.2426526 0.530268 0.8123643
vn -0.1203071 0.5092242 0.8521836
vn -0.117576 0.5093333 0.8524996
vn -0.003608803 0.548566 0.8360994
vn -0.02356841 0.543218 0.8392608
vn 0.4157219 0.6273111 0.6585258
vn 0.4474669 0.629056 0.6356589
vn -0.6289485 0.5422257 0.557149
vn -0.9206249 0.2742851 -0.2778805
vn -0.7088535 0.5301247 0.4652899
vn -0.9300738 0.3329358 -0.1552953
vn -0.3734334 -0.2178447 -0.9017157
vn -0.3818523 -0.2133937 -0.8992508
vn 0.1694714 -0.4507892 -0.8763952
vn 0.6886857 -0.08015897 -0.7206154
vn 0.5792252 -0.1843523 -0.7940481
vn 0.1688797 -0.4508412 -0.8764827
vn 0.1355312 -0.440097 -0.8876632
vn 0.1317223 -0.4386042 -0.8889744
vn 0.1068927 -0.4237135 -0.899467
vn 0.1074891 -0.4226042 -0.8999177
vn -0.3818523 -0.2133937 -0.8992508
vn -0.3734334 -0.2178447 -0.9017157
vn 0.6886857 -0.08015897 -0.7206154
vn 0.8929738 0.4487311 -0.03518895
vn 0.5792252 -0.1843523 -0.7940481
vn 0.8562357 0.5077195 0.09529561
vn 0.4474669 0.629056 0.6356589
vn 0.4157219 0.6273111 0.6585258
vn 0.1301971 0.2440368 0.9609863
vn 0.2356075 0.1572173 0.9590474
vn 0.2356075 0.1572173 0.9590474
vn 0.1735027 0.2091624 0.9623658
vn -0.06553773 0.2430543 0.9677961
vn 0.02610206 0.2639952 0.9641707
vn -0.2533394 0.1698966 0.9523416
vn -0.2374904 0.1806474 0.9544447
vn -0.1902514 0.1111281 0.9754255
vn -0.1900236 0.111048 0.9754789
vn -0.09565091 0.07763016 0.9923833
vn -0.0956509 0.07763015 0.9923833
vn -0.165314 -0.2043106 -0.9648463
vn -0.2162266 -0.1846615 -0.9587212
vn -0.2162266 -0.1846614 -0.9587212
vn -0.1190038 -0.2214909 -0.9678739
vn 0.01324469 -0.2206648 -0.9752597
vn 0.09893293 -0.2018905 -0.9743986
vn 0.2800125 -0.1289302 -0.9512991
vn 0.2852025 -0.123888 -0.9504268
vn 0.2108887 -0.02563843 -0.9771738
vn 0.2276506 -0.03571267 -0.9730877
vn 0.1184359 0.02922184 -0.9925316
vn 0.1184359 0.02922184 -0.9925316
vn 0.9845017 0.1745707 -0.01677411
vn 0.9845017 0.1745707 -0.01677411
vn 0.991343 0.1183067 -0.05694313
vn 0.9893439 0.1394246 -0.04194622
vn 0.9651634 0.2398715 -0.104505
vn 0.9668773 0.2335329 -0.103008
vn 0.7888264 0.5982448 -0.1409117
vn 0.7838441 0.6051622 -0.1391662
vn 0.596735 0.7925713 -0.1254513
vn 0.5845675 0.8014935 -0.1260516
vn 0.4523264 0.882248 -0.1305343
vn 0.4523264 0.882248 -0.1305343
vn 0.08647203 -0.2945723 -0.9517089
vn 0.08647204 -0.2945723 -0.9517089
vn 0.08647203 -0.2945723 -0.9517089
vn 0.08647204 -0.2945723 -0.9517089
vn -0.0950906 0.3145962 0.9444507
vn -0.09509061 0.3145963 0.9444507
vn -0.09509059 0.3145962 0.9444507
vn -0.09509059 0.3145962 0.9444507
vn 0.9857983 0.1090924 0.1276733
vn 0.9857983 0.1090925 0.1276733
vn 0.9857983 0.1090924 0.1276733
vn 0.9857983 0.1090925 0.1276733
vn -0.9870396 -0.1449765 -0.06880848
vn -0.9849119 -0.1199762 -0.1247166
vn -0.9849119 -0.1199762 -0.1247166
vn -0.9869044 -0.1537019 -0.04894177
vn -0.9881202 -0.147141 0.04436285
vn -0.9906427 -0.1242144 0.0565501
vn -0.9653466 -0.2423256 0.09687276
vn -0.9634643 -0.2491555 0.09827574
vn -0.7788259 -0.6149173 0.1237209
vn -0.7840084 -0.6078621 0.1258346
vn -0.5868978 -0.8021804 0.109807
vn -0.5948623 -0.7963588 0.1093228
vn -0.4563284 -0.8822277 0.1159254
vn -0.4563285 -0.8822277 0.1159254
vn -0.2388218 -0.6284955 0.7402415
vn -0.2411827 -0.6577226 0.7136049
vn -0.2356119 -0.9309607 -0.2789255
vn -0.233987 -0.911906 -0.3371609
vn -0.171832 -0.9828079 0.06754619
vn -0.1637545 -0.9769636 0.1368451
vn 0.00719859 -0.9454776 -0.3256077
vn -0.04353645 -0.972474 0.2289082
vn -0.05007799 -0.9415928 0.3330093
vn 0.007123554 -0.9466438 -0.3222031
vn 1.198656E-05 -1 -2.848948E-06
vn 1.0779E-05 -1 -3.223141E-06
vn -0.05787714 -0.8275058 0.5584659
vn -0.05393471 -0.8522028 0.5204242
vn -0.1637545 -0.9769636 0.1368451
vn -0.171832 -0.9828079 0.06754619
vn -0.1620912 -0.204621 0.9653273
vn -0.2411827 -0.6577226 0.7136049
vn -0.2388218 -0.6284955 0.7402415
vn -0.1614456 -0.2152141 0.9631295
vn -0.1126279 -0.6646318 0.7386336
vn -0.1143361 -0.6544245 0.7474329
vn -0.0273148 -0.9368187 0.3487473
vn -0.02513563 -0.9402738 0.3394898
vn -0.04217196 -0.9039462 0.4255619
vn -0.04953341 -0.8874571 0.4582208
vn -0.1525169 -0.5526053 0.8193693
vn -0.1443558 -0.5853086 0.7978566
vn -0.2739618 0.06414334 0.9595992
vn -0.2700354 0.03842309 0.9620835
vn -0.3158318 0.7315769 0.60419
vn -0.3144978 0.7517905 0.5795706
vn -0.2358851 0.9594513 0.1543102
vn -0.2222586 0.9689717 0.108143
vn -0.1366141 0.9900276 -0.03438022
vn -0.1436456 0.9891039 -0.03224031
vn -0.05445865 0.9938798 -0.09611057
vn -0.05839055 0.9940519 -0.09193169
vn -0.02181334 0.9910257 -0.1318787
vn -0.02298978 0.9911788 -0.1305224
vn -0.02261191 0.9860968 -0.1646263
vn -0.02180221 0.9864508 -0.1626022
vn -0.09995782 0.9628783 -0.2507466
vn -0.09686885 0.9638308 -0.2482873
vn -0.1977402 0.8552086 -0.4790795
vn -0.189916 0.8766487 -0.442062
vn -0.2060776 0.3279019 -0.9219611
vn -0.1901281 0.2381348 -0.9524406
vn -0.09272233 -0.300781 -0.9491751
vn -0.09345139 -0.2959644 -0.9506166
vn -0.0284865 -0.7509362 -0.6597601
vn -0.03420415 -0.7136341 -0.6996831
vn 0.02395478 -0.9903521 -0.1364878
vn 0.02700115 -0.9952906 -0.09309889
vn 0.03242359 -0.9993869 -0.0132068
vn 0.03174397 -0.9992238 -0.02332836
vn 0.001130756 -0.8687273 -0.4952895
vn 0.002443987 -0.8803455 -0.4743268
vn -0.04449986 -0.3765542 -0.9253252
vn -0.04442521 -0.3775061 -0.9249409
vn -0.02711668 -0.7471038 -0.6641541
vn -0.02647701 -0.7540833 -0.6562449
vn -0.03861226 -0.8364523 0.5466778
vn -0.02647701 -0.7540833 -0.6562449
vn -0.02711668 -0.7471038 -0.6641541
vn -0.02678245 -0.8837237 0.4672421
vn -0.04353645 -0.972474 0.2289082
vn -0.05007799 -0.9415928 0.3330093
vn 0.2388263 -0.6285065 0.7402307
vn 0.2356109 -0.9309573 -0.2789373
vn 0.2411873 -0.6577345 0.7135924
vn 0.2339862 -0.9119031 -0.3371692
vn 0.171831 -0.9828076 0.06755283
vn 0.1637536 -0.9769632 0.1368489
vn -0.007198645 -0.945481 -0.3255975
vn 0.05007713 -0.9415927 0.3330096
vn 0.04353563 -0.9724736 0.2289101
vn -0.007123608 -0.9466473 -0.3221928
vn -1.198654E-05 -1 6.261591E-06
vn -1.077902E-05 -1 5.630797E-06
vn 0.05787767 -0.8275117 0.5584574
vn 0.05393518 -0.8522074 0.5204167
vn 0.1637536 -0.9769632 0.1368489
vn 0.171831 -0.9828076 0.06755283
vn 0.1620909 -0.2046199 0.9653276
vn 0.2388263 -0.6285065 0.7402307
vn 0.2411873 -0.6577345 0.7135924
vn 0.1614452 -0.215213 0.9631296
vn 0.1126292 -0.6646354 0.7386302
vn 0.1143374 -0.654427 0.7474304
vn 0.02731499 -0.9368149 0.3487574
vn 0.02513585 -0.9402694 0.3395019
vn 0.04217215 -0.9039385 0.4255779
vn 0.04953375 -0.8874501 0.4582345
vn 0.1525167 -0.5526034 0.8193707
vn 0.1443558 -0.5853077 0.7978573
vn 0.2739611 0.06414685 0.9595991
vn 0.2700346 0.03842729 0.9620835
vn 0.315834 0.73158 0.6041851
vn 0.3144999 0.7517937 0.5795654
vn 0.2358851 0.9594499 0.1543185
vn 0.2222584 0.9689706 0.1081539
vn 0.1366145 0.9900274 -0.03438435
vn 0.1436459 0.9891039 -0.03224099
vn 0.05445873 0.9938792 -0.09611683
vn 0.05839063 0.9940512 -0.09193913
vn 0.02181319 0.9910257 -0.1318787
vn 0.02298965 0.9911788 -0.1305224
vn 0.02261164 0.9860963 -0.1646294
vn 0.02180192 0.9864503 -0.162605
vn 0.09995734 0.9628779 -0.2507483
vn 0.09686828 0.9638304 -0.2482893
vn 0.1977408 0.8552105 -0.4790759
vn 0.1899164 0.8766505 -0.4420585
vn 0.2060778 0.3279074 -0.9219591
vn 0.1901277 0.2381395 -0.9524395
vn 0.09272014 -0.3007763 -0.9491768
vn 0.09344916 -0.29596 -0.9506182
vn 0.02848571 -0.7509265 -0.6597712
vn 0.0342032 -0.7136249 -0.6996925
vn -0.02395463 -0.9903505 -0.1364993
vn -0.027001 -0.9952898 -0.09310831
vn -0.03242366 -0.999387 -0.01320353
vn -0.03174405 -0.9992238 -0.02332491
vn -0.00113137 -0.8687231 -0.4952969
vn -0.002444617 -0.8803424 -0.4743325
vn 0.04449869 -0.3765434 -0.9253296
vn 0.04442403 -0.3774953 -0.9249453
vn 0.02711533 -0.7470969 -0.6641619
vn 0.02647558 -0.7540774 -0.6562517
vn 0.03861197 -0.8364567 0.5466711
vn 0.02711533 -0.7470969 -0.6641619
vn 0.02647558 -0.7540774 -0.6562517
vn 0.0267821 -0.8837292 0.4672315
vn 0.04353563 -0.9724736 0.2289101
vn 0.05007713 -0.9415927 0.3330096
vn -0.9225334 0.1792459 -0.3417647
vn -0.1212915 0.458467 -0.8803956
vn -0.1536996 0.2924688 -0.9438423
vn -0.949773 0.09403273 -0.2984777
vn -0.7815518 -0.2863295 0.5542492
vn -0.9225334 0.1792459 -0.3417647
vn -0.949773 0.09403273 -0.2984777
vn -0.7547211 -0.1920794 0.6272971
vn 0.1567445 -0.4547228 0.8767316
vn -0.7815518 -0.2863295 0.5542492
vn -0.7547211 -0.1920794 0.6272971
vn 0.1363829 -0.2914841 0.9468035
vn 0.9311681 -0.1688195 0.3231497
vn 0.1567445 -0.4547228 0.8767316
vn 0.1363829 -0.2914841 0.9468035
vn 0.9070294 -0.1246936 0.4021805
vn 0.7896204 0.2823417 -0.5447777
vn 0.9311681 -0.1688195 0.3231497
vn 0.9070294 -0.1246936 0.4021805
vn 0.8162566 0.1696737 -0.5522101
vn -0.1212915 0.458467 -0.8803956
vn 0.7896204 0.2823417 -0.5447777
vn 0.8162566 0.1696737 -0.5522101
vn -0.1536996 0.2924688 -0.9438423
vn -0.949773 0.09403273 -0.2984777
vn -0.1536996 0.2924688 -0.9438423
vn -0.1492324 0.005373033 -0.9887875
vn -0.9400365 -0.003528555 -0.3410555
vn -0.7547211 -0.1920794 0.6272971
vn -0.949773 0.09403273 -0.2984777
vn -0.9400365 -0.003528555 -0.3410555
vn -0.7657848 -0.008264725 0.6430439
vn 0.1363829 -0.2914841 0.9468035
vn -0.7547211 -0.1920794 0.6272971
vn -0.7657848 -0.008264725 0.6430439
vn 0.1429185 -0.004937243 0.9897222
vn 0.9070294 -0.1246936 0.4021805
vn 0.1363829 -0.2914841 0.9468035
vn 0.1429185 -0.004937243 0.9897222
vn 0.9182652 0.001365745 0.3959636
vn 0.8162566 0.1696737 -0.5522101
vn 0.9070294 -0.1246936 0.4021805
vn 0.9182652 0.001365745 0.3959636
vn 0.798519 0.007107919 -0.6019276
vn -0.1536996 0.2924688 -0.9438423
vn 0.8162566 0.1696737 -0.5522101
vn 0.798519 0.007107919 -0.6019276
vn -0.1492324 0.005373033 -0.9887875
vn -0.9400365 -0.003528555 -0.3410555
vn -0.1492324 0.005373033 -0.9887875
vn -0.1456903 -0.07934581 -0.9861433
vn -0.9390978 -0.0355104 -0.3418101
vn -0.7657848 -0.008264725 0.6430439
vn -0.9400365 -0.003528555 -0.3410555
vn -0.9390978 -0.0355104 -0.3418101
vn -0.7660205 0.04395229 0.6413118
vn 0.1429185 -0.004937243 0.9897222
vn -0.7657848 -0.008264725 0.6430439
vn -0.7660205 0.04395229 0.6413118
vn 0.1432903 0.07955129 0.9864783
vn 0.9182652 0.001365745 0.3959636
vn 0.1429185 -0.004937243 0.9897222
vn 0.1432903 0.07955129 0.9864783
vn 0.9174069 0.03970192 0.395965
vn 0.798519 0.007107919 -0.6019276
vn 0.9182652 0.001365745 0.3959636
vn 0.9174069 0.03970192 0.395965
vn 0.8008317 -0.0400664 -0.5975477
vn -0.1492324 0.005373033 -0.9887875
vn 0.798519 0.007107919 -0.6019276
vn 0.8008317 -0.0400664 -0.5975477
vn -0.1456903 -0.07934581 -0.9861433
vn -0.7246518 -0.1472317 -0.6732032
vn -0.7299316 -0.01624922 -0.683327
vn 0.2695142 0.02308361 -0.9627197
vn 0.233668 -0.03647201 -0.9716322
vn -0.9463379 -0.106428 0.3051518
vn -0.941377 -0.03711907 0.3353081
vn -0.7299316 -0.01624922 -0.683327
vn -0.7246518 -0.1472317 -0.6732032
vn -0.2180763 0.04281734 0.974992
vn -0.1802518 -0.01753175 0.9834643
vn -0.941377 -0.03711907 0.3353081
vn -0.9463379 -0.106428 0.3051518
vn 0.7180957 0.1501891 0.6795454
vn 0.7337597 0.01896006 0.6791444
vn -0.1802518 -0.01753175 0.9834643
vn -0.2180763 0.04281734 0.974992
vn 0.9530627 0.1129288 -0.2809247
vn 0.9666892 0.03854517 -0.2530339
vn 0.7337597 0.01896006 0.6791444
vn 0.7180957 0.1501891 0.6795454
vn 0.233668 -0.03647201 -0.9716322
vn 0.2695142 0.02308361 -0.9627197
vn 0.9666892 0.03854517 -0.2530339
vn 0.9530627 0.1129288 -0.2809247
vn -0.7299316 -0.01624922 -0.683327
vn -0.6999598 0.284408 -0.6551095
vn 0.2692596 0.1196879 -0.9556015
vn 0.2695142 0.02308361 -0.9627197
vn -0.941377 -0.03711907 0.3353081
vn -0.9283994 0.1405938 0.343959
vn -0.6999598 0.284408 -0.6551095
vn -0.7299316 -0.01624922 -0.683327
vn -0.1802518 -0.01753175 0.9834643
vn -0.1891571 -0.147098 0.9708665
vn -0.9283994 0.1405938 0.343959
vn -0.941377 -0.03711907 0.3353081
vn 0.7337597 0.01896006 0.6791444
vn 0.7160506 -0.2764986 0.6409525
vn -0.1891571 -0.147098 0.9708665
vn -0.1802518 -0.01753175 0.9834643
vn 0.9666892 0.03854517 -0.2530339
vn 0.9463605 -0.1541764 -0.2839565
vn 0.7160506 -0.2764986 0.6409525
vn 0.7337597 0.01896006 0.6791444
vn 0.2695142 0.02308361 -0.9627197
vn 0.2692596 0.1196879 -0.9556015
vn 0.9463605 -0.1541764 -0.2839565
vn 0.9666892 0.03854517 -0.2530339
vn -0.6999598 0.284408 -0.6551095
vn -0.6956977 0.3873425 -0.6049548
vn 0.2304303 0.1647103 -0.9590476
vn 0.2692596 0.1196879 -0.9556015
vn -0.9283994 0.1405938 0.343959
vn -0.9124744 0.2203887 0.3447016
vn -0.6956977 0.3873425 -0.6049548
vn -0.6999598 0.284408 -0.6551095
vn -0.1891571 -0.147098 0.9708665
vn -0.2374147 -0.161195 0.9579407
vn -0.9124744 0.2203887 0.3447016
vn -0.9283994 0.1405938 0.343959
vn 0.7160506 -0.2764986 0.6409525
vn 0.6693531 -0.3837019 0.6361911
vn -0.2374147 -0.161195 0.9579407
vn -0.1891571 -0.147098 0.9708665
vn 0.9463605 -0.1541764 -0.2839565
vn 0.9213508 -0.2293346 -0.3138763
vn 0.6693531 -0.3837019 0.6361911
vn 0.7160506 -0.2764986 0.6409525
vn 0.2692596 0.1196879 -0.9556015
vn 0.2304303 0.1647103 -0.9590476
vn 0.9213508 -0.2293346 -0.3138763
vn 0.9463605 -0.1541764 -0.2839565
vn 0.7246569 -0.1472324 -0.6731974
vn -0.2336696 -0.03647172 -0.9716318
vn -0.2695141 0.02308374 -0.9627198
vn 0.7299351 -0.01624955 -0.6833233
vn 0.9463372 -0.1064281 0.3051543
vn 0.7246569 -0.1472324 -0.6731974
vn 0.7299351 -0.01624955 -0.6833233
vn 0.9413772 -0.0371193 0.3353074
vn 0.2180752 0.04281759 0.9749922
vn 0.9463372 -0.1064281 0.3051543
vn 0.9413772 -0.0371193 0.3353074
vn 0.1802516 -0.01753207 0.9834643
vn -0.7180945 0.1501887 0.6795467
vn 0.2180752 0.04281759 0.9749922
vn 0.1802516 -0.01753207 0.9834643
vn -0.7337605 0.01895944 0.6791437
vn -0.9530627 0.1129286 -0.2809246
vn -0.7180945 0.1501887 0.6795467
vn -0.7337605 0.01895944 0.6791437
vn -0.9666888 0.03854482 -0.2530357
vn -0.2336696 -0.03647172 -0.9716318
vn -0.9530627 0.1129286 -0.2809246
vn -0.9666888 0.03854482 -0.2530357
vn -0.2695141 0.02308374 -0.9627198
vn 0.7299351 -0.01624955 -0.6833233
vn -0.2695141 0.02308374 -0.9627198
vn -0.269258 0.1196881 -0.9556018
vn 0.699962 0.284408 -0.6551071
vn 0.9413772 -0.0371193 0.3353074
vn 0.7299351 -0.01624955 -0.6833233
vn 0.699962 0.284408 -0.6551071
vn 0.9284 0.1405936 0.3439578
vn 0.1802516 -0.01753207 0.9834643
vn 0.9413772 -0.0371193 0.3353074
vn 0.9284 0.1405936 0.3439578
vn 0.1891596 -0.1470984 0.970866
vn -0.7337605 0.01895944 0.6791437
vn 0.1802516 -0.01753207 0.9834643
vn 0.1891596 -0.1470984 0.970866
vn -0.716053 -0.2764992 0.6409496
vn -0.9666888 0.03854482 -0.2530357
vn -0.7337605 0.01895944 0.6791437
vn -0.716053 -0.2764992 0.6409496
vn -0.9463603 -0.1541764 -0.2839575
vn -0.2695141 0.02308374 -0.9627198
vn -0.9666888 0.03854482 -0.2530357
vn -0.9463603 -0.1541764 -0.2839575
vn -0.269258 0.1196881 -0.9556018
vn 0.699962 0.284408 -0.6551071
vn -0.269258 0.1196881 -0.9556018
vn -0.2304293 0.164711 -0.9590478
vn 0.6957008 0.3873433 -0.6049509
vn 0.9284 0.1405936 0.3439578
vn 0.699962 0.284408 -0.6551071
vn 0.6957008 0.3873433 -0.6049509
vn 0.9124741 0.2203882 0.3447029
vn 0.1891596 -0.1470984 0.970866
vn 0.9284 0.1405936 0.3439578
vn 0.9124741 0.2203882 0.3447029
vn 0.2374183 -0.1611944 0.9579399
vn -0.716053 -0.2764992 0.6409496
vn 0.1891596 -0.1470984 0.970866
vn 0.2374183 -0.1611944 0.9579399
vn -0.669355 -0.3837017 0.6361893
vn -0.9463603 -0.1541764 -0.2839575
vn -0.716053 -0.2764992 0.6409496
vn -0.669355 -0.3837017 0.6361893
vn -0.9213515 -0.2293347 -0.3138742
vn -0.269258 0.1196881 -0.9556018
vn -0.9463603 -0.1541764 -0.2839575
vn -0.9213515 -0.2293347 -0.3138742
vn -0.2304293 0.164711 -0.9590478
vn -0.1200773 -0.08852895 0.9888094
vn -0.1310462 -0.02869328 0.9909609
vn -0.9314514 -0.09763547 0.3505217
vn -0.9304634 -0.1255849 0.3441893
vn 0.8169364 0.04307032 0.5751172
vn 0.8107458 0.06791068 0.5814461
vn -0.1310462 -0.02869328 0.9909609
vn -0.1200773 -0.08852895 0.9888094
vn 0.8988731 0.1284733 -0.4189533
vn 0.9030362 0.09236849 -0.4195162
vn 0.8107458 0.06791068 0.5814461
vn 0.8169364 0.04307032 0.5751172
vn 0.12982 0.09024499 -0.9874222
vn 0.1253179 0.02550071 -0.9917888
vn 0.9030362 0.09236849 -0.4195162
vn 0.8988731 0.1284733 -0.4189533
vn -0.761901 -0.03140376 -0.6469318
vn -0.7685388 -0.06882311 -0.6360908
vn 0.1253179 0.02550071 -0.9917888
vn 0.12982 0.09024499 -0.9874222
vn -0.9304634 -0.1255849 0.3441893
vn -0.9314514 -0.09763547 0.3505217
vn -0.7685388 -0.06882311 -0.6360908
vn -0.761901 -0.03140376 -0.6469318
vn -0.1310462 -0.02869328 0.9909609
vn -0.1331614 0.4087043 0.9029003
vn -0.9578536 0.111518 0.2647268
vn -0.9314514 -0.09763547 0.3505217
vn 0.8107458 0.06791068 0.5814461
vn 0.8411822 0.227436 0.490597
vn -0.1331614 0.4087043 0.9029003
vn -0.1310462 -0.02869328 0.9909609
vn 0.9030362 0.09236849 -0.4195162
vn 0.8970412 -0.1728401 -0.4067472
vn 0.8411822 0.227436 0.490597
vn 0.8107458 0.06791068 0.5814461
vn 0.1253179 0.02550071 -0.9917888
vn 0.1564407 -0.4007608 -0.9027276
vn 0.8970412 -0.1728401 -0.4067472
vn 0.9030362 0.09236849 -0.4195162
vn -0.7685388 -0.06882311 -0.6360908
vn -0.7250265 -0.2885614 -0.6253549
vn 0.1564407 -0.4007608 -0.9027276
vn 0.1253179 0.02550071 -0.9917888
vn -0.9314514 -0.09763547 0.3505217
vn -0.9578536 0.111518 0.2647268
vn -0.7250265 -0.2885614 -0.6253549
vn -0.7685388 -0.06882311 -0.6360908
vn -0.1331614 0.4087043 0.9029003
vn -0.1303337 0.7391242 0.6608392
vn -0.9327304 0.3169138 0.1719872
vn -0.9578536 0.111518 0.2647268
vn 0.8411822 0.227436 0.490597
vn 0.8100992 0.3785388 0.4477138
vn -0.1303337 0.7391242 0.6608392
vn -0.1331614 0.4087043 0.9029003
vn 0.8970412 -0.1728401 -0.4067472
vn 0.9096304 -0.354112 -0.217203
vn 0.8100992 0.3785388 0.4477138
vn 0.8411822 0.227436 0.490597
vn 0.1564407 -0.4007608 -0.9027276
vn 0.1386069 -0.7339752 -0.6648823
vn 0.9096304 -0.354112 -0.217203
vn 0.8970412 -0.1728401 -0.4067472
vn -0.7250265 -0.2885614 -0.6253549
vn -0.7667362 -0.4189074 -0.4864485
vn 0.1386069 -0.7339752 -0.6648823
vn 0.1564407 -0.4007608 -0.9027276
vn -0.9578536 0.111518 0.2647268
vn -0.9327304 0.3169138 0.1719872
vn -0.7667362 -0.4189074 -0.4864485
vn -0.7250265 -0.2885614 -0.6253549
vn -0.1303337 0.7391242 0.6608392
vn -0.1305707 0.7882864 0.601295
vn -0.9226825 0.3526157 0.1559467
vn -0.9327304 0.3169138 0.1719872
vn 0.8100992 0.3785388 0.4477138
vn 0.796321 0.4211056 0.4342154
vn -0.1305707 0.7882864 0.601295
vn -0.1303337 0.7391242 0.6608392
vn 0.9096304 -0.354112 -0.217203
vn 0.9161563 -0.3645699 -0.1665729
vn 0.796321 0.4211056 0.4342154
vn 0.8100992 0.3785388 0.4477138
vn 0.1386069 -0.7339752 -0.6648823
vn 0.1269605 -0.7883453 -0.6019906
vn 0.9161563 -0.3645699 -0.1665729
vn 0.9096304 -0.354112 -0.217203
vn -0.7667362 -0.4189074 -0.4864485
vn -0.7880705 -0.4300449 -0.4404613
vn 0.1269605 -0.7883453 -0.6019906
vn 0.1386069 -0.7339752 -0.6648823
vn -0.9327304 0.3169138 0.1719872
vn -0.9226825 0.3526157 0.1559467
vn -0.7880705 -0.4300449 -0.4404613
vn -0.7667362 -0.4189074 -0.4864485
vn -0.1305707 0.7882864 0.601295
vn -0.1274622 0.8069872 0.57665
vn -0.9229529 0.3561143 0.1460842
vn -0.9226825 0.3526157 0.1559467
vn 0.796321 0.4211056 0.4342154
vn 0.7996417 0.4319621 0.4171113
vn -0.1274622 0.8069872 0.57665
vn -0.1305707 0.7882864 0.601295
vn 0.9161563 -0.3645699 -0.1665729
vn 0.9150199 -0.3711526 -0.1580643
vn 0.7996417 0.4319621 0.4171113
vn 0.796321 0.4211056 0.4342154
vn 0.1269605 -0.7883453 -0.6019906
vn 0.1256246 -0.8072149 -0.5767345
vn 0.9150199 -0.3711526 -0.1580643
vn 0.9161563 -0.3645699 -0.1665729
vn -0.7880705 -0.4300449 -0.4404613
vn -0.7882498 -0.4449082 -0.4251104
vn 0.1256246 -0.8072149 -0.5767345
vn 0.1269605 -0.7883453 -0.6019906
vn -0.9226825 0.3526157 0.1559467
vn -0.9229529 0.3561143 0.1460842
vn -0.7882498 -0.4449082 -0.4251104
vn -0.7880705 -0.4300449 -0.4404613
vn -0.1274622 0.8069872 0.57665
vn -0.09750389 0.8977079 0.4296669
vn -0.9161789 0.3979882 0.04713371
vn -0.9229529 0.3561143 0.1460842
vn 0.7996417 0.4319621 0.4171113
vn 0.8221615 0.4438429 0.3564464
vn -0.09750389 0.8977079 0.4296669
vn -0.1274622 0.8069872 0.57665
vn 0.9150199 -0.3711526 -0.1580643
vn 0.8959187 -0.4385446 -0.07076971
vn 0.8221615 0.4438429 0.3564464
vn 0.7996417 0.4319621 0.4171113
vn 0.1256246 -0.8072149 -0.5767345
vn 0.1191842 -0.8963576 -0.4270107
vn 0.8959187 -0.4385446 -0.07076971
vn 0.9150199 -0.3711526 -0.1580643
vn -0.7882498 -0.4449082 -0.4251104
vn -0.7799689 -0.4998311 -0.3765863
vn 0.1191842 -0.8963576 -0.4270107
vn 0.1256246 -0.8072149 -0.5767345
vn -0.9229529 0.3561143 0.1460842
vn -0.9161789 0.3979882 0.04713371
vn -0.7799689 -0.4998311 -0.3765863
vn -0.7882498 -0.4449082 -0.4251104
vn -0.09750389 0.8977079 0.4296669
vn -0.06697473 0.910083 0.4089783
vn -0.8917006 0.4525981 0.005008301
vn -0.9161789 0.3979882 0.04713371
vn 0.8221615 0.4438429 0.3564464
vn 0.8094776 0.4371304 0.3919986
vn -0.06697473 0.910083 0.4089783
vn -0.09750389 0.8977079 0.4296669
vn 0.8959187 -0.4385446 -0.07076971
vn 0.8983979 -0.4391671 0.003682689
vn 0.8094776 0.4371304 0.3919986
vn 0.8221615 0.4438429 0.3564464
vn 0.1191842 -0.8963576 -0.4270107
vn 0.13844 -0.9091321 -0.3928272
vn 0.8983979 -0.4391671 0.003682689
vn 0.8959187 -0.4385446 -0.07076971
vn -0.7799689 -0.4998311 -0.3765863
vn -0.7779296 -0.4807465 -0.4046088
vn 0.13844 -0.9091321 -0.3928272
vn 0.1191842 -0.8963576 -0.4270107
vn -0.9161789 0.3979882 0.04713371
vn -0.8917006 0.4525981 0.005008301
vn -0.7779296 -0.4807465 -0.4046088
vn -0.7799689 -0.4998311 -0.3765863
vn -0.06697473 0.910083 0.4089783
vn -0.0644476 0.9380764 0.340381
vn -0.8356854 0.519115 -0.1793032
vn -0.8917006 0.4525981 0.005008301
vn 0.8094776 0.4371304 0.3919986
vn 0.7673432 0.3922319 0.5072854
vn -0.0644476 0.9380764 0.340381
vn -0.06697473 0.910083 0.4089783
vn 0.8983979 -0.4391671 0.003682689
vn 0.8322702 -0.526087 0.1748108
vn 0.7673432 0.3922319 0.5072854
vn 0.8094776 0.4371304 0.3919986
vn 0.13844 -0.9091321 -0.3928272
vn 0.0924917 -0.9401805 -0.3278811
vn 0.8322702 -0.526087 0.1748108
vn 0.8983979 -0.4391671 0.003682689
vn -0.7779296 -0.4807465 -0.4046088
vn -0.7469736 -0.4257457 -0.5106574
vn 0.0924917 -0.9401805 -0.3278811
vn 0.13844 -0.9091321 -0.3928272
vn -0.8917006 0.4525981 0.005008301
vn -0.8356854 0.519115 -0.1793032
vn -0.7469736 -0.4257457 -0.5106574
vn -0.7779296 -0.4807465 -0.4046088
vn -0.0644476 0.9380764 0.340381
vn -0.0151903 0.9634367 0.2675049
vn -0.7841716 0.549069 -0.289133
vn -0.8356854 0.519115 -0.1793032
vn 0.7673432 0.3922319 0.5072854
vn 0.7581862 0.3706483 0.5364453
vn -0.0151903 0.9634367 0.2675049
vn -0.0644476 0.9380764 0.340381
vn 0.8322702 -0.526087 0.1748108
vn 0.7754742 -0.5653854 0.2810323
vn 0.7581862 0.3706483 0.5364453
vn 0.7673432 0.3922319 0.5072854
vn 0.0924917 -0.9401805 -0.3278811
vn 0.0575802 -0.9682547 -0.2432435
vn 0.7754742 -0.5653854 0.2810323
vn 0.8322702 -0.526087 0.1748108
vn -0.7469736 -0.4257457 -0.5106574
vn -0.7250649 -0.4302651 -0.5377293
vn 0.0575802 -0.9682547 -0.2432435
vn 0.0924917 -0.9401805 -0.3278811
vn -0.8356854 0.519115 -0.1793032
vn -0.7841716 0.549069 -0.289133
vn -0.7250649 -0.4302651 -0.5377293
vn -0.7469736 -0.4257457 -0.5106574
vn -0.0151903 0.9634367 0.2675049
vn 0.0237923 0.9656293 0.258832
vn -0.6310295 0.6270266 -0.4567706
vn -0.7841716 0.549069 -0.289133
vn 0.7581862 0.3706483 0.5364453
vn 0.6358072 0.3486232 0.6886299
vn 0.0237923 0.9656293 0.258832
vn -0.0151903 0.9634367 0.2675049
vn 0.7754742 -0.5653854 0.2810323
vn 0.6572635 -0.5675564 0.4958674
vn 0.6358072 0.3486232 0.6886299
vn 0.7581862 0.3706483 0.5364453
vn 0.0575802 -0.9682547 -0.2432435
vn 0.0599923 -0.9835975 -0.1701083
vn 0.6572635 -0.5675564 0.4958674
vn 0.7754742 -0.5653854 0.2810323
vn -0.7250649 -0.4302651 -0.5377293
vn -0.6145184 -0.3885154 -0.6866025
vn 0.0599923 -0.9835975 -0.1701083
vn 0.0575802 -0.9682547 -0.2432435
vn -0.7841716 0.549069 -0.289133
vn -0.6310295 0.6270266 -0.4567706
vn -0.6145184 -0.3885154 -0.6866025
vn -0.7250649 -0.4302651 -0.5377293
vn 0.0237923 0.9656293 0.258832
vn 0.008070552 0.961113 0.2760374
vn -0.5259387 0.6391309 -0.5611595
vn -0.6310295 0.6270266 -0.4567706
vn 0.6358072 0.3486232 0.6886299
vn 0.5114564 0.3074045 0.8024431
vn 0.008070552 0.961113 0.2760374
vn 0.0237923 0.9656293 0.258832
vn 0.6572635 -0.5675564 0.4958674
vn 0.5398743 -0.5980796 0.5923145
vn 0.5114564 0.3074045 0.8024431
vn 0.6358072 0.3486232 0.6886299
vn 0.0599923 -0.9835975 -0.1701083
vn 0.06329935 -0.9810058 -0.1833599
vn 0.5398743 -0.5980796 0.5923145
vn 0.6572635 -0.5675564 0.4958674
vn -0.6145184 -0.3885154 -0.6866025
vn -0.4916864 -0.3640151 -0.7910357
vn 0.06329935 -0.9810058 -0.1833599
vn 0.0599923 -0.9835975 -0.1701083
vn -0.6310295 0.6270266 -0.4567706
vn -0.5259387 0.6391309 -0.5611595
vn -0.4916864 -0.3640151 -0.7910357
vn -0.6145184 -0.3885154 -0.6866025
vn 0.008070552 0.961113 0.2760374
vn 0.02527603 0.9574868 0.2873676
vn -0.1239178 0.6811596 -0.7215719
vn -0.5259387 0.6391309 -0.5611595
vn 0.5114564 0.3074045 0.8024431
vn 0.1487927 0.2560337 0.9551479
vn 0.02527603 0.9574868 0.2873676
vn 0.008070552 0.961113 0.2760374
vn 0.5398743 -0.5980796 0.5923145
vn 0.1370454 -0.633065 0.7618709
vn 0.1487927 0.2560337 0.9551479
vn 0.5114564 0.3074045 0.8024431
vn 0.06329935 -0.9810058 -0.1833599
vn -0.003619508 -0.9909599 -0.1341103
vn 0.1370454 -0.633065 0.7618709
vn 0.5398743 -0.5980796 0.5923145
vn -0.4916864 -0.3640151 -0.7910357
vn -0.1389683 -0.3395087 -0.9302804
vn -0.003619508 -0.9909599 -0.1341103
vn 0.06329935 -0.9810058 -0.1833599
vn -0.5259387 0.6391309 -0.5611595
vn -0.1239178 0.6811596 -0.7215719
vn -0.1389683 -0.3395087 -0.9302804
vn -0.4916864 -0.3640151 -0.7910357
vn 0.02527603 0.9574868 0.2873676
vn 2.486514E-07 0.967396 0.2532687
vn -1.85878E-07 0.6770861 -0.7359038
vn -0.1239178 0.6811596 -0.7215719
vn 0.1487927 0.2560337 0.9551479
vn 8.220474E-07 0.2822058 0.9593539
vn 2.486514E-07 0.967396 0.2532687
vn 0.02527603 0.9574868 0.2873676
vn 0.1370454 -0.633065 0.7618709
vn 5.878705E-07 -0.6378981 0.7701207
vn 8.220474E-07 0.2822058 0.9593539
vn 0.1487927 0.2560337 0.9551479
vn -0.003619508 -0.9909599 -0.1341103
vn 1.637906E-07 -0.9862638 -0.165178
vn 5.878705E-07 -0.6378981 0.7701207
vn 0.1370454 -0.633065 0.7618709
vn -0.1389683 -0.3395087 -0.9302804
vn 0 -0.3149912 -0.9490947
vn 1.637906E-07 -0.9862638 -0.165178
vn -0.003619508 -0.9909599 -0.1341103
vn -0.1239178 0.6811596 -0.7215719
vn -1.85878E-07 0.6770861 -0.7359038
vn 0 -0.3149912 -0.9490947
vn -0.1389683 -0.3395087 -0.9302804
vn -2.463193E-07 -0.9998767 0.01570386
vn -0.0314464 -0.9985677 -0.04328654
vn -0.2327663 -0.4360779 -0.8692847
vn 1.619412E-06 -0.4672412 -0.8841298
vn -2.382759E-06 -0.5088654 0.860846
vn 0.1982561 -0.5315652 0.8234884
vn -0.0314464 -0.9985677 -0.04328654
vn -2.463193E-07 -0.9998767 0.01570386
vn -2.364604E-06 0.4160645 0.9093352
vn 0.2301373 0.4332861 0.8713782
vn 0.1982561 -0.5315652 0.8234884
vn -2.382759E-06 -0.5088654 0.860846
vn -5.666536E-07 0.9904502 0.1378707
vn 0.03899223 0.9966174 0.07234208
vn 0.2301373 0.4332861 0.8713782
vn -2.364604E-06 0.4160645 0.9093352
vn 1.220165E-06 0.5895358 -0.8077422
vn -0.1970351 0.5531362 -0.8094552
vn 0.03899223 0.9966174 0.07234208
vn -5.666536E-07 0.9904502 0.1378707
vn 1.619412E-06 -0.4672412 -0.8841298
vn -0.2327663 -0.4360779 -0.8692847
vn -0.1970351 0.5531362 -0.8094552
vn 1.220165E-06 0.5895358 -0.8077422
vn -0.0314464 -0.9985677 -0.04328654
vn -0.03638935 -0.9993375 0.0006286305
vn -0.4047966 -0.4590747 -0.790816
vn -0.2327663 -0.4360779 -0.8692847
vn 0.1982561 -0.5315652 0.8234884
vn 0.3536915 -0.5272712 0.7725849
vn -0.03638935 -0.9993375 0.0006286305
vn -0.0314464 -0.9985677 -0.04328654
vn 0.2301373 0.4332861 0.8713782
vn 0.4077571 0.419302 0.8111226
vn 0.3536915 -0.5272712 0.7725849
vn 0.1982561 -0.5315652 0.8234884
vn 0.03899223 0.9966174 0.07234208
vn 0.0806503 0.992932 0.08707327
vn 0.4077571 0.419302 0.8111226
vn 0.2301373 0.4332861 0.8713782
vn -0.1970351 0.5531362 -0.8094552
vn -0.3435715 0.5712382 -0.7454163
vn 0.0806503 0.992932 0.08707327
vn 0.03899223 0.9966174 0.07234208
vn -0.2327663 -0.4360779 -0.8692847
vn -0.4047966 -0.4590747 -0.790816
vn -0.3435715 0.5712382 -0.7454163
vn -0.1970351 0.5531362 -0.8094552
vn -0.03638935 -0.9993375 0.0006286305
vn -0.04452698 -0.9989761 -0.008006478
vn -0.5588247 -0.4474835 -0.698193
vn -0.4047966 -0.4590747 -0.790816
vn 0.3536915 -0.5272712 0.7725849
vn 0.5000249 -0.5373642 0.679128
vn -0.04452698 -0.9989761 -0.008006478
vn -0.03638935 -0.9993375 0.0006286305
vn 0.4077571 0.419302 0.8111226
vn 0.5626978 0.4168713 0.7138553
vn 0.5000249 -0.5373642 0.679128
vn 0.3536915 -0.5272712 0.7725849
vn 0.0806503 0.992932 0.08707327
vn 0.09050526 0.9934937 0.06913055
vn 0.5626978 0.4168713 0.7138553
vn 0.4077571 0.419302 0.8111226
vn -0.3435715 0.5712382 -0.7454163
vn -0.4893753 0.5715375 -0.6586781
vn 0.09050526 0.9934937 0.06913055
vn 0.0806503 0.992932 0.08707327
vn -0.4047966 -0.4590747 -0.790816
vn -0.5588247 -0.4474835 -0.698193
vn -0.4893753 0.5715375 -0.6586781
vn -0.3435715 0.5712382 -0.7454163
vn -0.04452698 -0.9989761 -0.008006478
vn -0.0494431 -0.9987693 0.003892532
vn -0.6687325 -0.440374 -0.5990555
vn -0.5588247 -0.4474835 -0.698193
vn 0.5000249 -0.5373642 0.679128
vn 0.6030201 -0.5343925 0.5922765
vn -0.0494431 -0.9987693 0.003892532
vn -0.04452698 -0.9989761 -0.008006478
vn 0.5626978 0.4168713 0.7138553
vn 0.6755844 0.4118145 0.6115509
vn 0.6030201 -0.5343925 0.5922765
vn 0.5000249 -0.5373642 0.679128
vn 0.09050526 0.9934937 0.06913055
vn 0.1174404 0.9916036 0.05413117
vn 0.6755844 0.4118145 0.6115509
vn 0.5626978 0.4168713 0.7138553
vn -0.4893753 0.5715375 -0.6586781
vn -0.5798 0.5804929 -0.5717167
vn 0.1174404 0.9916036 0.05413117
vn 0.09050526 0.9934937 0.06913055
vn -0.5588247 -0.4474835 -0.698193
vn -0.6687325 -0.440374 -0.5990555
vn -0.5798 0.5804929 -0.5717167
vn -0.4893753 0.5715375 -0.6586781
vn -0.0494431 -0.9987693 0.003892532
vn -0.06363363 -0.997852 0.01556675
vn -0.7400818 -0.4334197 -0.5142239
vn -0.6687325 -0.440374 -0.5990555
vn 0.6030201 -0.5343925 0.5922765
vn 0.6643385 -0.5385368 0.5182976
vn -0.06363363 -0.997852 0.01556675
vn -0.0494431 -0.9987693 0.003892532
vn 0.6755844 0.4118145 0.6115509
vn 0.7490084 0.4073705 0.5225282
vn 0.6643385 -0.5385368 0.5182976
vn 0.6030201 -0.5343925 0.5922765
vn 0.1174404 0.9916036 0.05413117
vn 0.1289712 0.9909769 0.03648462
vn 0.7490084 0.4073705 0.5225282
vn 0.6755844 0.4118145 0.6115509
vn -0.5798 0.5804929 -0.5717167
vn -0.6398948 0.5820963 -0.5016958
vn 0.1289712 0.9909769 0.03648462
vn 0.1174404 0.9916036 0.05413117
vn -0.6687325 -0.440374 -0.5990555
vn -0.7400818 -0.4334197 -0.5142239
vn -0.6398948 0.5820963 -0.5016958
vn -0.5798 0.5804929 -0.5717167
vn -0.06363363 -0.997852 0.01556675
vn -0.1073593 -0.9919258 0.06750695
vn -0.8481165 -0.4067632 -0.3394734
vn -0.7400818 -0.4334197 -0.5142239
vn 0.6643385 -0.5385368 0.5182976
vn 0.7360215 -0.545636 0.4006917
vn -0.1073593 -0.9919258 0.06750695
vn -0.06363363 -0.997852 0.01556675
vn 0.7490084 0.4073705 0.5225282
vn 0.8459078 0.4113898 0.3394089
vn 0.7360215 -0.545636 0.4006917
vn 0.6643385 -0.5385368 0.5182976
vn 0.1289712 0.9909769 0.03648462
vn 0.1587448 0.986351 -0.04372592
vn 0.8459078 0.4113898 0.3394089
vn 0.7490084 0.4073705 0.5225282
vn -0.6398948 0.5820963 -0.5016958
vn -0.7016691 0.5952476 -0.3915875
vn 0.1587448 0.986351 -0.04372592
vn 0.1289712 0.9909769 0.03648462
vn -0.7400818 -0.4334197 -0.5142239
vn -0.8481165 -0.4067632 -0.3394734
vn -0.7016691 0.5952476 -0.3915875
vn -0.6398948 0.5820963 -0.5016958
vn -0.1073593 -0.9919258 0.06750695
vn -0.1255049 -0.9854456 0.1146528
vn -0.8939657 -0.3931557 -0.2150675
vn -0.8481165 -0.4067632 -0.3394734
vn 0.7360215 -0.545636 0.4006917
vn 0.7582195 -0.5659157 0.323794
vn -0.1255049 -0.9854456 0.1146528
vn -0.1073593 -0.9919258 0.06750695
vn 0.8459078 0.4113898 0.3394089
vn 0.8969833 0.3837818 0.2193912
vn 0.7582195 -0.5659157 0.323794
vn 0.7360215 -0.545636 0.4006917
vn 0.1587448 0.986351 -0.04372592
vn 0.1840344 0.9782231 -0.0959731
vn 0.8969833 0.3837818 0.2193912
vn 0.8459078 0.4113898 0.3394089
vn -0.7016691 0.5952476 -0.3915875
vn -0.7279275 0.6061262 -0.3205194
vn 0.1840344 0.9782231 -0.0959731
vn 0.1587448 0.986351 -0.04372592
vn -0.8481165 -0.4067632 -0.3394734
vn -0.8939657 -0.3931557 -0.2150675
vn -0.7279275 0.6061262 -0.3205194
vn -0.7016691 0.5952476 -0.3915875
vn -0.1255049 -0.9854456 0.1146528
vn -0.141276 -0.9852308 0.09675409
vn -0.8971192 -0.4146798 -0.1523739
vn -0.8939657 -0.3931557 -0.2150675
vn 0.7582195 -0.5659157 0.323794
vn 0.743375 -0.6206964 0.2492579
vn -0.141276 -0.9852308 0.09675409
vn -0.1255049 -0.9854456 0.1146528
vn 0.8969833 0.3837818 0.2193912
vn 0.9285721 0.3323056 0.165308
vn 0.743375 -0.6206964 0.2492579
vn 0.7582195 -0.5659157 0.323794
vn 0.1840344 0.9782231 -0.0959731
vn 0.1761075 0.9801616 -0.09093622
vn 0.9285721 0.3323056 0.165308
vn 0.8969833 0.3837818 0.2193912
vn -0.7279275 0.6061262 -0.3205194
vn -0.7762951 0.5763447 -0.2553284
vn 0.1761075 0.9801616 -0.09093622
vn 0.1840344 0.9782231 -0.0959731
vn -0.8939657 -0.3931557 -0.2150675
vn -0.8971192 -0.4146798 -0.1523739
vn -0.7762951 0.5763447 -0.2553284
vn -0.7279275 0.6061262 -0.3205194
vn -0.141276 -0.9852308 0.09675409
vn -0.04099845 -0.8715203 -0.4886425
vn -0.8470109 -0.4103502 -0.3379135
vn -0.8971192 -0.4146798 -0.1523739
vn 0.743375 -0.6206964 0.2492579
vn 0.7824663 -0.5794598 -0.2279755
vn -0.04099845 -0.8715203 -0.4886425
vn -0.141276 -0.9852308 0.09675409
vn 0.9285721 0.3323056 0.165308
vn 0.9302523 0.25809 0.2608069
vn 0.7824663 -0.5794598 -0.2279755
vn 0.743375 -0.6206964 0.2492579
vn 0.1761075 0.9801616 -0.09093622
vn 0.08865622 0.8542376 0.5122678
vn 0.9302523 0.25809 0.2608069
vn 0.9285721 0.3323056 0.165308
vn -0.7762951 0.5763447 -0.2553284
vn -0.8604844 0.4787837 0.1741636
vn 0.08865622 0.8542376 0.5122678
vn 0.1761075 0.9801616 -0.09093622
vn -0.8971192 -0.4146798 -0.1523739
vn -0.8470109 -0.4103502 -0.3379135
vn -0.8604844 0.4787837 0.1741636
vn -0.7762951 0.5763447 -0.2553284
vn -0.04099845 -0.8715203 -0.4886425
vn -0.02505717 -0.7257283 -0.687525
vn -0.845252 -0.3507586 -0.4031344
vn -0.8470109 -0.4103502 -0.3379135
vn 0.7824663 -0.5794598 -0.2279755
vn 0.8008016 -0.461211 -0.3821007
vn -0.02505717 -0.7257283 -0.687525
vn -0.04099845 -0.8715203 -0.4886425
vn 0.9302523 0.25809 0.2608069
vn 0.9272681 0.2410029 0.2865161
vn 0.8008016 -0.461211 -0.3821007
vn 0.7824663 -0.5794598 -0.2279755
vn 0.08865622 0.8542376 0.5122678
vn 0.07692599 0.7210931 0.6885543
vn 0.9272681 0.2410029 0.2865161
vn 0.9302523 0.25809 0.2608069
vn -0.8604844 0.4787837 0.1741636
vn -0.8714586 0.3880188 0.3000019
vn 0.07692599 0.7210931 0.6885543
vn 0.08865622 0.8542376 0.5122678
vn -0.8470109 -0.4103502 -0.3379135
vn -0.845252 -0.3507586 -0.4031344
vn -0.8714586 0.3880188 0.3000019
vn -0.8604844 0.4787837 0.1741636
vn -0.02505717 -0.7257283 -0.687525
vn -0.06569795 -0.1483303 -0.9867532
vn -0.8655653 -0.1316665 -0.4831775
vn -0.845252 -0.3507586 -0.4031344
vn 0.8008016 -0.461211 -0.3821007
vn 0.7834991 -0.03251527 -0.6205416
vn -0.06569795 -0.1483303 -0.9867532
vn -0.02505717 -0.7257283 -0.687525
vn 0.9272681 0.2410029 0.2865161
vn 0.9249921 0.1127825 0.3628633
vn 0.7834991 -0.03251527 -0.6205416
vn 0.8008016 -0.461211 -0.3821007
vn 0.07692599 0.7210931 0.6885543
vn 0.08600021 0.1288027 0.9879341
vn 0.9249921 0.1127825 0.3628633
vn 0.9272681 0.2410029 0.2865161
vn -0.8714586 0.3880188 0.3000019
vn -0.8486418 0.004826959 0.5289457
vn 0.08600021 0.1288027 0.9879341
vn 0.07692599 0.7210931 0.6885543
vn -0.845252 -0.3507586 -0.4031344
vn -0.8655653 -0.1316665 -0.4831775
vn -0.8486418 0.004826959 0.5289457
vn -0.8714586 0.3880188 0.3000019
vn -0.8655653 -0.1316665 -0.4831775
vn -0.06569795 -0.1483303 -0.9867532
vn -0.08757638 -0.06929626 -0.9937447
vn -0.9235458 -0.09656291 -0.3711317
vn -0.06569795 -0.1483303 -0.9867532
vn 0.7834991 -0.03251527 -0.6205416
vn 0.8426064 0.03313268 -0.5375096
vn -0.08757638 -0.06929626 -0.9937447
vn 0.7834991 -0.03251527 -0.6205416
vn 0.9249921 0.1127825 0.3628633
vn 0.8694135 0.09934889 0.4839938
vn 0.8426064 0.03313268 -0.5375096
vn 0.9249921 0.1127825 0.3628633
vn 0.08600021 0.1288027 0.9879341
vn 0.07897 0.06866122 0.9945096
vn 0.8694135 0.09934889 0.4839938
vn 0.08600021 0.1288027 0.9879341
vn -0.8486418 0.004826959 0.5289457
vn -0.7754338 -0.02193453 0.6310478
vn 0.07897 0.06866122 0.9945096
vn -0.8486418 0.004826959 0.5289457
vn -0.8655653 -0.1316665 -0.4831775
vn -0.9235458 -0.09656291 -0.3711317
vn -0.7754338 -0.02193453 0.6310478
vn -0.8642995 0.3697302 -0.3410072
vn -0.8826373 0.2136773 -0.4186807
vn -0.822715 -0.06926274 0.5642186
vn -0.8271964 0.07646652 0.5566858
vn -0.09301207 0.3240093 -0.9414704
vn -0.01937942 0.2716593 -0.9621984
vn -0.8826373 0.2136773 -0.4186807
vn -0.8642995 0.3697302 -0.3410072
vn 0.7975745 -0.05359802 -0.6008345
vn 0.8486096 0.05691662 -0.5259489
vn -0.01937942 0.2716593 -0.9621984
vn -0.09301207 0.3240093 -0.9414704
vn 0.8467877 -0.3756156 0.3766479
vn 0.8891541 -0.2098975 0.4066302
vn 0.8486096 0.05691662 -0.5259489
vn 0.7975745 -0.05359802 -0.6008345
vn -0.002726944 -0.2989363 0.9542692
vn 0.08078649 -0.2791003 0.9568577
vn 0.8891541 -0.2098975 0.4066302
vn 0.8467877 -0.3756156 0.3766479
vn -0.8271964 0.07646652 0.5566858
vn -0.822715 -0.06926274 0.5642186
vn 0.08078649 -0.2791003 0.9568577
vn -0.002726944 -0.2989363 0.9542692
vn -0.8826373 0.2136773 -0.4186807
vn -0.8921729 0.03452193 -0.4503728
vn -0.8207933 -0.1536242 0.5501799
vn -0.822715 -0.06926274 0.5642186
vn -0.01937942 0.2716593 -0.9621984
vn -0.02536296 0.2054573 -0.9783373
vn -0.8921729 0.03452193 -0.4503728
vn -0.8826373 0.2136773 -0.4186807
vn 0.8486096 0.05691662 -0.5259489
vn 0.8574591 0.1548847 -0.490688
vn -0.02536296 0.2054573 -0.9783373
vn -0.01937942 0.2716593 -0.9621984
vn 0.8891541 -0.2098975 0.4066302
vn 0.8892367 -0.05149101 0.4545399
vn 0.8574591 0.1548847 -0.490688
vn 0.8486096 0.05691662 -0.5259489
vn 0.08078649 -0.2791003 0.9568577
vn 0.08565763 -0.1904459 0.9779536
vn 0.8892367 -0.05149101 0.4545399
vn 0.8891541 -0.2098975 0.4066302
vn -0.822715 -0.06926274 0.5642186
vn -0.8207933 -0.1536242 0.5501799
vn 0.08565763 -0.1904459 0.9779536
vn 0.08078649 -0.2791003 0.9568577
vn -0.8921729 0.03452193 -0.4503728
vn -0.875244 -0.09896652 -0.4734487
vn -0.8281612 -0.2149742 0.5176245
vn -0.8207933 -0.1536242 0.5501799
vn -0.02536296 0.2054573 -0.9783373
vn -0.04576357 0.1191565 -0.9918202
vn -0.875244 -0.09896652 -0.4734487
vn -0.8921729 0.03452193 -0.4503728
vn 0.8574591 0.1548847 -0.490688
vn 0.8436953 0.2164332 -0.4912584
vn -0.04576357 0.1191565 -0.9918202
vn -0.02536296 0.2054573 -0.9783373
vn 0.8892367 -0.05149101 0.4545399
vn 0.8746846 0.09748237 0.4747885
vn 0.8436953 0.2164332 -0.4912584
vn 0.8574591 0.1548847 -0.490688
vn 0.08565763 -0.1904459 0.9779536
vn 0.07383074 -0.1117192 0.9909933
vn 0.8746846 0.09748237 0.4747885
vn 0.8892367 -0.05149101 0.4545399
vn -0.8207933 -0.1536242 0.5501799
vn -0.8281612 -0.2149742 0.5176245
vn 0.07383074 -0.1117192 0.9909933
vn 0.08565763 -0.1904459 0.9779536
vn -0.7696857 0.212104 -0.6021592
vn -0.9093806 0.1937024 -0.3681118
vn -0.2790738 0.9575233 -0.07257245
vn -0.2087635 0.964257 -0.1631751
vn -0.5091315 -0.7632011 -0.3978811
vn -0.5751305 -0.7679672 -0.2818712
vn -0.9093806 0.1937024 -0.3681118
vn -0.7696857 0.212104 -0.6021592
vn 0.285767 -0.9317411 0.2240438
vn 0.3432931 -0.9340528 0.09846377
vn -0.5751305 -0.7679672 -0.2818712
vn -0.5091315 -0.7632011 -0.3978811
vn 0.7701024 -0.1895218 0.6091173
vn 0.9037896 -0.2045748 0.375917
vn 0.3432931 -0.9340528 0.09846377
vn 0.285767 -0.9317411 0.2240438
vn 0.5508912 0.7101545 0.4384056
vn 0.6354506 0.7121179 0.2984805
vn 0.9037896 -0.2045748 0.375917
vn 0.7701024 -0.1895218 0.6091173
vn -0.2087635 0.964257 -0.1631751
vn -0.2790738 0.9575233 -0.07257245
vn 0.6354506 0.7121179 0.2984805
vn 0.5508912 0.7101545 0.4384056
vn -0.9093806 0.1937024 -0.3681118
vn -0.9675511 0.168373 -0.1884022
vn -0.339811 0.9381118 0.06689215
vn -0.2790738 0.9575233 -0.07257245
vn -0.5751305 -0.7679672 -0.2818712
vn -0.5950883 -0.7647863 -0.2469248
vn -0.9675511 0.168373 -0.1884022
vn -0.9093806 0.1937024 -0.3681118
vn 0.3432931 -0.9340528 0.09846377
vn 0.3712717 -0.9268789 -0.05525257
vn -0.5950883 -0.7647863 -0.2469248
vn -0.5751305 -0.7679672 -0.2818712
vn 0.9037896 -0.2045748 0.375917
vn 0.9621355 -0.2009563 0.1841517
vn 0.3712717 -0.9268789 -0.05525257
vn 0.3432931 -0.9340528 0.09846377
vn 0.6354506 0.7121179 0.2984805
vn 0.646925 0.719883 0.2515084
vn 0.9621355 -0.2009563 0.1841517
vn 0.9037896 -0.2045748 0.375917
vn -0.2790738 0.9575233 -0.07257245
vn -0.339811 0.9381118 0.06689215
vn 0.646925 0.719883 0.2515084
vn 0.6354506 0.7121179 0.2984805
vn -0.9675511 0.168373 -0.1884022
vn -0.9874855 0.1219092 -0.1000528
vn -0.3962439 0.8784187 0.2671542
vn -0.339811 0.9381118 0.06689215
vn -0.5950883 -0.7647863 -0.2469248
vn -0.5789472 -0.7370051 -0.3487742
vn -0.9874855 0.1219092 -0.1000528
vn -0.9675511 0.168373 -0.1884022
vn 0.3712717 -0.9268789 -0.05525257
vn 0.3742225 -0.8878731 -0.2676543
vn -0.5789472 -0.7370051 -0.3487742
vn -0.5950883 -0.7647863 -0.2469248
vn 0.9621355 -0.2009563 0.1841517
vn 0.9786181 -0.2013102 0.0421988
vn 0.3742225 -0.8878731 -0.2676543
vn 0.3712717 -0.9268789 -0.05525257
vn 0.646925 0.719883 0.2515084
vn 0.6380061 0.6966206 0.3281281
vn 0.9786181 -0.2013102 0.0421988
vn 0.9621355 -0.2009563 0.1841517
vn -0.339811 0.9381118 0.06689215
vn -0.3962439 0.8784187 0.2671542
vn 0.6380061 0.6966206 0.3281281
vn 0.646925 0.719883 0.2515084
vn -0.9874855 0.1219092 -0.1000528
vn -0.9885489 0.1503022 -0.0134221
vn -0.4008223 0.7842374 0.473617
vn -0.3962439 0.8784187 0.2671542
vn -0.5789472 -0.7370051 -0.3487742
vn -0.5782205 -0.6413772 -0.5042781
vn -0.9885489 0.1503022 -0.0134221
vn -0.9874855 0.1219092 -0.1000528
vn 0.3742225 -0.8878731 -0.2676543
vn 0.4014074 -0.7713907 -0.4937899
vn -0.5782205 -0.6413772 -0.5042781
vn -0.5789472 -0.7370051 -0.3487742
vn 0.9786181 -0.2013102 0.0421988
vn 0.9917767 -0.1278369 -0.00604733
vn 0.4014074 -0.7713907 -0.4937899
vn 0.3742225 -0.8878731 -0.2676543
vn 0.6380061 0.6966206 0.3281281
vn 0.5723717 0.6613063 0.4848345
vn 0.9917767 -0.1278369 -0.00604733
vn 0.9786181 -0.2013102 0.0421988
vn -0.3962439 0.8784187 0.2671542
vn -0.4008223 0.7842374 0.473617
vn 0.5723717 0.6613063 0.4848345
vn 0.6380061 0.6966206 0.3281281
vn -0.7960123 0.07497748 -0.6006187
vn -0.9358941 0.05637591 -0.3477414
vn -0.4078096 0.9082015 -0.09413476
vn -0.3174073 0.9194109 -0.2322418
vn -0.4189743 -0.8482125 -0.3240311
vn -0.4718236 -0.8481795 -0.2407778
vn -0.9358941 0.05637591 -0.3477414
vn -0.7960123 0.07497748 -0.6006187
vn 0.3897757 -0.8740821 0.289923
vn 0.462531 -0.8785909 0.1189258
vn -0.4718236 -0.8481795 -0.2407778
vn -0.4189743 -0.8482125 -0.3240311
vn 0.7927217 -0.06994965 0.6055569
vn 0.9311925 -0.0820222 0.3551802
vn 0.462531 -0.8785909 0.1189258
vn 0.3897757 -0.8740821 0.289923
vn 0.480872 0.792729 0.3746236
vn 0.5476748 0.796152 0.2572826
vn 0.9311925 -0.0820222 0.3551802
vn 0.7927217 -0.06994965 0.6055569
vn -0.3174073 0.9194109 -0.2322418
vn -0.4078096 0.9082015 -0.09413476
vn 0.5476748 0.796152 0.2572826
vn 0.480872 0.792729 0.3746236
vn -0.9358941 0.05637591 -0.3477414
vn -0.9848203 0.05000684 -0.1662172
vn -0.452816 0.890666 0.04088629
vn -0.4078096 0.9082015 -0.09413476
vn -0.4718236 -0.8481795 -0.2407778
vn -0.5010524 -0.8409843 -0.2041857
vn -0.9848203 0.05000684 -0.1662172
vn -0.9358941 0.05637591 -0.3477414
vn 0.462531 -0.8785909 0.1189258
vn 0.4876471 -0.8725753 -0.02850766
vn -0.5010524 -0.8409843 -0.2041857
vn -0.4718236 -0.8481795 -0.2407778
vn 0.9311925 -0.0820222 0.3551802
vn 0.9836416 -0.06909385 0.1663584
vn 0.4876471 -0.8725753 -0.02850766
vn 0.462531 -0.8785909 0.1189258
vn 0.5476748 0.796152 0.2572826
vn 0.5523618 0.8084888 0.203082
vn 0.9836416 -0.06909385 0.1663584
vn 0.9311925 -0.0820222 0.3551802
vn -0.4078096 0.9082015 -0.09413476
vn -0.452816 0.890666 0.04088629
vn 0.5523618 0.8084888 0.203082
vn 0.5476748 0.796152 0.2572826
vn -0.9848203 0.05000684 -0.1662172
vn -0.9941784 0.05337936 -0.09359407
vn -0.4792077 0.8731694 0.08908005
vn -0.452816 0.890666 0.04088629
vn -0.5010524 -0.8409843 -0.2041857
vn -0.5364926 -0.8230678 -0.186373
vn -0.9941784 0.05337936 -0.09359407
vn -0.9848203 0.05000684 -0.1662172
vn 0.4876471 -0.8725753 -0.02850766
vn 0.4688028 -0.8784539 -0.09242674
vn -0.5364926 -0.8230678 -0.186373
vn -0.5010524 -0.8409843 -0.2041857
vn 0.9836416 -0.06909385 0.1663584
vn 0.9943321 -0.05317459 0.09206657
vn 0.4688028 -0.8784539 -0.09242674
vn 0.4876471 -0.8725753 -0.02850766
vn 0.5523618 0.8084888 0.203082
vn 0.5265234 0.8299341 0.1843435
vn 0.9943321 -0.05317459 0.09206657
vn 0.9836416 -0.06909385 0.1663584
vn -0.452816 0.890666 0.04088629
vn -0.4792077 0.8731694 0.08908005
vn 0.5265234 0.8299341 0.1843435
vn 0.5523618 0.8084888 0.203082
vn -0.2467077 -0.09814162 0.9641076
vn -0.2783395 -0.07451148 0.9575883
vn -0.967357 -0.1027487 0.231653
vn -0.9620258 -0.1080598 0.250658
vn 0.7107798 0.01029243 0.7033393
vn 0.7016677 0.02709994 0.7119888
vn -0.2783395 -0.07451148 0.9575883
vn -0.2467077 -0.09814162 0.9641076
vn 0.9638254 0.1076901 -0.2438103
vn 0.9593036 0.09818395 -0.2647575
vn 0.7016677 0.02709994 0.7119888
vn 0.7107798 0.01029243 0.7033393
vn 0.276292 0.1002146 -0.9558346
vn 0.253236 0.06826849 -0.9649927
vn 0.9593036 0.09818395 -0.2647575
vn 0.9638254 0.1076901 -0.2438103
vn -0.6940951 -0.007466487 -0.7198446
vn -0.6956957 -0.03224356 -0.7176126
vn 0.253236 0.06826849 -0.9649927
vn 0.276292 0.1002146 -0.9558346
vn -0.9620258 -0.1080598 0.250658
vn -0.967357 -0.1027487 0.231653
vn -0.6956957 -0.03224356 -0.7176126
vn -0.6940951 -0.007466487 -0.7198446
vn -0.2951947 0.6736417 0.6775447
vn -0.9919757 0.1244732 0.02214757
vn -0.967357 -0.1027487 0.231653
vn -0.2783395 -0.07451148 0.9575883
vn 0.7624425 0.394696 0.5127343
vn -0.2951947 0.6736417 0.6775447
vn -0.2783395 -0.07451148 0.9575883
vn 0.7016677 0.02709994 0.7119888
vn 0.9282215 -0.2945215 -0.2272923
vn 0.7624425 0.394696 0.5127343
vn 0.7016677 0.02709994 0.7119888
vn 0.9593036 0.09818395 -0.2647575
vn 0.2830117 -0.6436921 -0.7110309
vn 0.9282215 -0.2945215 -0.2272923
vn 0.9593036 0.09818395 -0.2647575
vn 0.253236 0.06826849 -0.9649927
vn -0.57275 -0.5123819 -0.639861
vn 0.2830117 -0.6436921 -0.7110309
vn 0.253236 0.06826849 -0.9649927
vn -0.6956957 -0.03224356 -0.7176126
vn -0.9919757 0.1244732 0.02214757
vn -0.57275 -0.5123819 -0.639861
vn -0.6956957 -0.03224356 -0.7176126
vn -0.967357 -0.1027487 0.231653
vn -0.2951947 0.6736417 0.6775447
vn -0.2625458 0.8123453 0.5207348
vn -0.9667535 0.2538382 0.03088325
vn -0.9919757 0.1244732 0.02214757
vn 0.7624425 0.394696 0.5127343
vn 0.7105017 0.5238621 0.4698466
vn -0.2625458 0.8123453 0.5207348
vn -0.2951947 0.6736417 0.6775447
vn 0.9282215 -0.2945215 -0.2272923
vn 0.950502 -0.3031064 -0.06835411
vn 0.7105017 0.5238621 0.4698466
vn 0.7624425 0.394696 0.5127343
vn 0.2830117 -0.6436921 -0.7110309
vn 0.2573188 -0.809136 -0.5282859
vn 0.950502 -0.3031064 -0.06835411
vn 0.9282215 -0.2945215 -0.2272923
vn -0.57275 -0.5123819 -0.639861
vn -0.6699361 -0.5580673 -0.4896392
vn 0.2573188 -0.809136 -0.5282859
vn 0.2830117 -0.6436921 -0.7110309
vn -0.9919757 0.1244732 0.02214757
vn -0.9667535 0.2538382 0.03088325
vn -0.6699361 -0.5580673 -0.4896392
vn -0.57275 -0.5123819 -0.639861
vn -0.2625458 0.8123453 0.5207348
vn -0.2161904 0.8391429 0.4991001
vn -0.9381105 0.3390441 0.07069434
vn -0.9667535 0.2538382 0.03088325
vn 0.7105017 0.5238621 0.4698466
vn 0.6734378 0.5728387 0.4672658
vn -0.2161904 0.8391429 0.4991001
vn -0.2625458 0.8123453 0.5207348
vn 0.950502 -0.3031064 -0.06835411
vn 0.9736143 -0.2281387 0.005286651
vn 0.6734378 0.5728387 0.4672658
vn 0.7105017 0.5238621 0.4698466
vn 0.2573188 -0.809136 -0.5282859
vn 0.285096 -0.8288271 -0.4814208
vn 0.9736143 -0.2281387 0.005286651
vn 0.950502 -0.3031064 -0.06835411
vn -0.6699361 -0.5580673 -0.4896392
vn -0.7200015 -0.5308292 -0.4470104
vn 0.285096 -0.8288271 -0.4814208
vn 0.2573188 -0.809136 -0.5282859
vn -0.9667535 0.2538382 0.03088325
vn -0.9381105 0.3390441 0.07069434
vn -0.7200015 -0.5308292 -0.4470104
vn -0.6699361 -0.5580673 -0.4896392
vn -0.06027445 0.7994534 -0.5976966
vn -0.06409398 0.7696893 -0.6351931
vn -0.9015554 0.3742635 -0.2170822
vn -0.8947263 0.3950948 -0.2082426
vn 0.8351982 0.3951038 -0.3825402
vn 0.8401061 0.3742999 -0.3925828
vn -0.06409398 0.7696893 -0.6351931
vn -0.06027445 0.7994534 -0.5976966
vn 0.8920129 -0.3993532 0.2117309
vn 0.8885045 -0.3887162 0.2438433
vn 0.8401061 0.3742999 -0.3925828
vn 0.8351982 0.3951038 -0.3825402
vn 0.06035791 -0.7994532 0.5976885
vn 0.06472465 -0.764551 0.6413053
vn 0.8885045 -0.3887162 0.2438433
vn 0.8920129 -0.3993532 0.2117309
vn -0.831797 -0.3994198 0.3854576
vn -0.8219677 -0.3887598 0.4162149
vn 0.06472465 -0.764551 0.6413053
vn 0.06035791 -0.7994532 0.5976885
vn -0.8947263 0.3950948 -0.2082426
vn -0.9015554 0.3742635 -0.2170822
vn -0.8219677 -0.3887598 0.4162149
vn -0.831797 -0.3994198 0.3854576
vn -0.06409398 0.7696893 -0.6351931
vn -0.06645364 0.7500067 -0.6580833
vn -0.8900021 0.3841151 -0.2456662
vn -0.9015554 0.3742635 -0.2170822
vn 0.8401061 0.3742999 -0.3925828
vn 0.8230498 0.3841844 -0.4183197
vn -0.06645364 0.7500067 -0.6580833
vn -0.06409398 0.7696893 -0.6351931
vn 0.8885045 -0.3887162 0.2438433
vn 0.9018384 -0.3580424 0.2418541
vn 0.8230498 0.3841844 -0.4183197
vn 0.8401061 0.3742999 -0.3925828
vn 0.06472465 -0.764551 0.6413053
vn 0.06751722 -0.7397903 0.6694413
vn 0.9018384 -0.3580424 0.2418541
vn 0.8885045 -0.3887162 0.2438433
vn -0.8219677 -0.3887598 0.4162149
vn -0.8354596 -0.358055 0.4168977
vn 0.06751722 -0.7397903 0.6694413
vn 0.06472465 -0.764551 0.6413053
vn -0.9015554 0.3742635 -0.2170822
vn -0.8900021 0.3841151 -0.2456662
vn -0.8354596 -0.358055 0.4168977
vn -0.8219677 -0.3887598 0.4162149
vn -0.05094881 0.969833 -0.2383869
vn -0.1430103 0.9720455 -0.1862136
vn 0.4499534 0.6920869 0.564409
vn 0.1421403 0.6850886 0.7144576
vn 0 0.9631845 -0.2688412
vn -4.578575E-07 0.7023088 0.7118725
vn -0.1430103 0.9720455 -0.1862136
vn -0.1892017 0.2188929 -0.9572296
vn -0.6132316 0.2232219 -0.7577064
vn -0.05094881 0.969833 -0.2383869
vn -1.367127E-06 0.2187042 -0.9757912
vn 0 0.9631845 -0.2688412
vn -0.6132316 0.2232219 -0.7577064
vn -0.1273485 -0.7746834 -0.6193933
vn -0.4021673 -0.767493 -0.4992154
vn -0.1892017 0.2188929 -0.9572296
vn -1.294988E-06 -0.7558357 -0.6547613
vn -1.367127E-06 0.2187042 -0.9757912
vn -0.4021673 -0.767493 -0.4992154
vn 0.07460562 -0.9228787 0.3777946
vn 0.2500618 -0.9205847 0.2999883
vn -0.1273485 -0.7746834 -0.6193933
vn -6.689111E-07 -0.9318275 0.3629012
vn -1.294988E-06 -0.7558357 -0.6547613
vn 0.2500618 -0.9205847 0.2999883
vn 0.1971666 -0.2073019 0.9582021
vn 0.6118664 -0.1736816 0.7716568
vn 0.07460562 -0.9228787 0.3777946
vn -9.990401E-07 -0.1999513 0.9798059
vn -6.689111E-07 -0.9318275 0.3629012
vn 0.6118664 -0.1736816 0.7716568
vn 0.1421403 0.6850886 0.7144576
vn 0.4499534 0.6920869 0.564409
vn 0.1971666 -0.2073019 0.9582021
vn -4.578575E-07 0.7023088 0.7118725
vn -9.990401E-07 -0.1999513 0.9798059
vn -0.6132316 0.2232219 -0.7577064
vn -0.7696857 0.212104 -0.6021592
vn -0.2087635 0.964257 -0.1631751
vn -0.1430103 0.9720455 -0.1862136
vn -0.4021673 -0.767493 -0.4992154
vn -0.5091315 -0.7632011 -0.3978811
vn -0.7696857 0.212104 -0.6021592
vn -0.6132316 0.2232219 -0.7577064
vn 0.2500618 -0.9205847 0.2999883
vn 0.285767 -0.9317411 0.2240438
vn -0.5091315 -0.7632011 -0.3978811
vn -0.4021673 -0.767493 -0.4992154
vn 0.6118664 -0.1736816 0.7716568
vn 0.7701024 -0.1895218 0.6091173
vn 0.285767 -0.9317411 0.2240438
vn 0.2500618 -0.9205847 0.2999883
vn 0.4499534 0.6920869 0.564409
vn 0.5508912 0.7101545 0.4384056
vn 0.7701024 -0.1895218 0.6091173
vn 0.6118664 -0.1736816 0.7716568
vn -0.1430103 0.9720455 -0.1862136
vn -0.2087635 0.964257 -0.1631751
vn 0.5508912 0.7101545 0.4384056
vn 0.4499534 0.6920869 0.564409
vn -0.08968841 0.9241978 -0.3712336
vn -0.2348995 0.9263341 -0.2944954
vn 0.3948005 0.7795622 0.4862256
vn 0.1417529 0.7762177 0.6143225
vn 5.111376E-07 0.9198019 -0.3923829
vn 9.444677E-07 0.7853776 0.619017
vn -0.2348995 0.9263341 -0.2944954
vn -0.2248221 0.07909118 -0.9711846
vn -0.6309686 0.08064502 -0.7716055
vn -0.08968841 0.9241978 -0.3712336
vn 7.426955E-07 0.08010749 -0.9967862
vn 5.111376E-07 0.9198019 -0.3923829
vn -0.6309686 0.08064502 -0.7716055
vn -0.1216727 -0.8520499 -0.5091235
vn -0.3279099 -0.8521193 -0.4078822
vn -0.2248221 0.07909118 -0.9711846
vn 1.939212E-07 -0.845344 -0.5342224
vn 7.426955E-07 0.08010749 -0.9967862
vn -0.3279099 -0.8521193 -0.4078822
vn 0.1134668 -0.8628538 0.4925534
vn 0.3220549 -0.8627037 0.3899013
vn -0.1216727 -0.8520499 -0.5091235
vn -1.34496E-06 -0.8696129 0.493734
vn 1.939212E-07 -0.845344 -0.5342224
vn 0.3220549 -0.8627037 0.3899013
vn 0.2308044 -0.07429489 0.9701596
vn 0.6238784 -0.06413528 0.7788854
vn 0.1134668 -0.8628538 0.4925534
vn -3.431631E-07 -0.07157963 0.9974349
vn -1.34496E-06 -0.8696129 0.493734
vn 0.6238784 -0.06413528 0.7788854
vn 0.1417529 0.7762177 0.6143225
vn 0.3948005 0.7795622 0.4862256
vn 0.2308044 -0.07429489 0.9701596
vn 9.444677E-07 0.7853776 0.619017
vn -3.431631E-07 -0.07157963 0.9974349
vn -0.6309686 0.08064502 -0.7716055
vn -0.7960123 0.07497748 -0.6006187
vn -0.3174073 0.9194109 -0.2322418
vn -0.2348995 0.9263341 -0.2944954
vn -0.3279099 -0.8521193 -0.4078822
vn -0.4189743 -0.8482125 -0.3240311
vn -0.7960123 0.07497748 -0.6006187
vn -0.6309686 0.08064502 -0.7716055
vn 0.3220549 -0.8627037 0.3899013
vn 0.3897757 -0.8740821 0.289923
vn -0.4189743 -0.8482125 -0.3240311
vn -0.3279099 -0.8521193 -0.4078822
vn 0.6238784 -0.06413528 0.7788854
vn 0.7927217 -0.06994965 0.6055569
vn 0.3897757 -0.8740821 0.289923
vn 0.3220549 -0.8627037 0.3899013
vn 0.3948005 0.7795622 0.4862256
vn 0.480872 0.792729 0.3746236
vn 0.7927217 -0.06994965 0.6055569
vn 0.6238784 -0.06413528 0.7788854
vn -0.2348995 0.9263341 -0.2944954
vn -0.3174073 0.9194109 -0.2322418
vn 0.480872 0.792729 0.3746236
vn 0.3948005 0.7795622 0.4862256
vn 0.1200772 -0.08852887 0.9888094
vn 0.9304631 -0.1255847 0.3441902
vn 0.931451 -0.09763525 0.3505232
vn 0.1310468 -0.02869339 0.9909608
vn -0.8169371 0.04307052 0.5751163
vn 0.1200772 -0.08852887 0.9888094
vn 0.1310468 -0.02869339 0.9909608
vn -0.8107463 0.0679106 0.5814453
vn -0.8988722 0.1284728 -0.4189553
vn -0.8169371 0.04307052 0.5751163
vn -0.8107463 0.0679106 0.5814453
vn -0.9030353 0.09236845 -0.4195181
vn -0.1298193 0.09024419 -0.9874223
vn -0.8988722 0.1284728 -0.4189553
vn -0.9030353 0.09236845 -0.4195181
vn -0.1253166 0.02550046 -0.991789
vn 0.7619011 -0.03140392 -0.6469315
vn -0.1298193 0.09024419 -0.9874223
vn -0.1253166 0.02550046 -0.991789
vn 0.7685385 -0.06882311 -0.6360912
vn 0.9304631 -0.1255847 0.3441902
vn 0.7619011 -0.03140392 -0.6469315
vn 0.7685385 -0.06882311 -0.6360912
vn 0.931451 -0.09763525 0.3505232
vn 0.1310468 -0.02869339 0.9909608
vn 0.931451 -0.09763525 0.3505232
vn 0.957853 0.1115175 0.2647293
vn 0.1331626 0.4087016 0.9029012
vn -0.8107463 0.0679106 0.5814453
vn 0.1310468 -0.02869339 0.9909608
vn 0.1331626 0.4087016 0.9029012
vn -0.8411821 0.2274352 0.4905976
vn -0.9030353 0.09236845 -0.4195181
vn -0.8107463 0.0679106 0.5814453
vn -0.8411821 0.2274352 0.4905976
vn -0.8970402 -0.1728396 -0.4067496
vn -0.1253166 0.02550046 -0.991789
vn -0.9030353 0.09236845 -0.4195181
vn -0.8970402 -0.1728396 -0.4067496
vn -0.156439 -0.4007584 -0.902729
vn 0.7685385 -0.06882311 -0.6360912
vn -0.1253166 0.02550046 -0.991789
vn -0.156439 -0.4007584 -0.902729
vn 0.7250257 -0.2885603 -0.6253564
vn 0.931451 -0.09763525 0.3505232
vn 0.7685385 -0.06882311 -0.6360912
vn 0.7250257 -0.2885603 -0.6253564
vn 0.957853 0.1115175 0.2647293
vn 0.1331626 0.4087016 0.9029012
vn 0.957853 0.1115175 0.2647293
vn 0.9327301 0.3169149 0.1719867
vn 0.1303342 0.7391226 0.6608409
vn -0.8411821 0.2274352 0.4905976
vn 0.1331626 0.4087016 0.9029012
vn 0.1303342 0.7391226 0.6608409
vn -0.8100989 0.378538 0.447715
vn -0.8970402 -0.1728396 -0.4067496
vn -0.8411821 0.2274352 0.4905976
vn -0.8100989 0.378538 0.447715
vn -0.9096302 -0.3541115 -0.2172046
vn -0.156439 -0.4007584 -0.902729
vn -0.8970402 -0.1728396 -0.4067496
vn -0.9096302 -0.3541115 -0.2172046
vn -0.1386071 -0.7339751 -0.6648824
vn 0.7250257 -0.2885603 -0.6253564
vn -0.156439 -0.4007584 -0.902729
vn -0.1386071 -0.7339751 -0.6648824
vn 0.766736 -0.4189073 -0.4864491
vn 0.957853 0.1115175 0.2647293
vn 0.7250257 -0.2885603 -0.6253564
vn 0.766736 -0.4189073 -0.4864491
vn 0.9327301 0.3169149 0.1719867
vn 0.1303342 0.7391226 0.6608409
vn 0.9327301 0.3169149 0.1719867
vn 0.922682 0.3526173 0.1559456
vn 0.1305719 0.7882861 0.6012951
vn -0.8100989 0.378538 0.447715
vn 0.1303342 0.7391226 0.6608409
vn 0.1305719 0.7882861 0.6012951
vn -0.7963206 0.4211047 0.434217
vn -0.9096302 -0.3541115 -0.2172046
vn -0.8100989 0.378538 0.447715
vn -0.7963206 0.4211047 0.434217
vn -0.9161563 -0.3645695 -0.1665734
vn -0.1386071 -0.7339751 -0.6648824
vn -0.9096302 -0.3541115 -0.2172046
vn -0.9161563 -0.3645695 -0.1665734
vn -0.1269612 -0.7883453 -0.6019904
vn 0.766736 -0.4189073 -0.4864491
vn -0.1386071 -0.7339751 -0.6648824
vn -0.1269612 -0.7883453 -0.6019904
vn 0.7880707 -0.4300448 -0.4404611
vn 0.9327301 0.3169149 0.1719867
vn 0.766736 -0.4189073 -0.4864491
vn 0.7880707 -0.4300448 -0.4404611
vn 0.922682 0.3526173 0.1559456
vn 0.1305719 0.7882861 0.6012951
vn 0.922682 0.3526173 0.1559456
vn 0.9229526 0.3561158 0.1460827
vn 0.127464 0.806988 0.5766483
vn -0.7963206 0.4211047 0.434217
vn 0.1305719 0.7882861 0.6012951
vn 0.127464 0.806988 0.5766483
vn -0.7996409 0.4319615 0.4171135
vn -0.9161563 -0.3645695 -0.1665734
vn -0.7963206 0.4211047 0.434217
vn -0.7996409 0.4319615 0.4171135
vn -0.9150201 -0.3711521 -0.1580639
vn -0.1269612 -0.7883453 -0.6019904
vn -0.9161563 -0.3645695 -0.1665734
vn -0.9150201 -0.3711521 -0.1580639
vn -0.125625 -0.8072138 -0.5767358
vn 0.7880707 -0.4300448 -0.4404611
vn -0.1269612 -0.7883453 -0.6019904
vn -0.125625 -0.8072138 -0.5767358
vn 0.7882503 -0.4449076 -0.4251102
vn 0.922682 0.3526173 0.1559456
vn 0.7880707 -0.4300448 -0.4404611
vn 0.7882503 -0.4449076 -0.4251102
vn 0.9229526 0.3561158 0.1460827
vn 0.127464 0.806988 0.5766483
vn 0.9229526 0.3561158 0.1460827
vn 0.9161799 0.3979861 0.04713312
vn 0.09750469 0.8977055 0.4296716
vn -0.7996409 0.4319615 0.4171135
vn 0.127464 0.806988 0.5766483
vn 0.09750469 0.8977055 0.4296716
vn -0.8221582 0.4438438 0.3564528
vn -0.9150201 -0.3711521 -0.1580639
vn -0.7996409 0.4319615 0.4171135
vn -0.8221582 0.4438438 0.3564528
vn -0.8959192 -0.4385437 -0.07076813
vn -0.125625 -0.8072138 -0.5767358
vn -0.9150201 -0.3711521 -0.1580639
vn -0.8959192 -0.4385437 -0.07076813
vn -0.1191838 -0.8963576 -0.4270108
vn 0.7882503 -0.4449076 -0.4251102
vn -0.125625 -0.8072138 -0.5767358
vn -0.1191838 -0.8963576 -0.4270108
vn 0.7799672 -0.4998335 -0.3765867
vn 0.9229526 0.3561158 0.1460827
vn 0.7882503 -0.4449076 -0.4251102
vn 0.7799672 -0.4998335 -0.3765867
vn 0.9161799 0.3979861 0.04713312
vn 0.09750469 0.8977055 0.4296716
vn 0.9161799 0.3979861 0.04713312
vn 0.8917013 0.4525965 0.005007318
vn 0.0669749 0.9100823 0.40898
vn -0.8221582 0.4438438 0.3564528
vn 0.09750469 0.8977055 0.4296716
vn 0.0669749 0.9100823 0.40898
vn -0.8094751 0.437132 0.3920021
vn -0.8959192 -0.4385437 -0.07076813
vn -0.8221582 0.4438438 0.3564528
vn -0.8094751 0.437132 0.3920021
vn -0.8983981 -0.4391667 0.00368367
vn -0.1191838 -0.8963576 -0.4270108
vn -0.8959192 -0.4385437 -0.07076813
vn -0.8983981 -0.4391667 0.00368367
vn -0.1384396 -0.9091322 -0.3928273
vn 0.7799672 -0.4998335 -0.3765867
vn -0.1191838 -0.8963576 -0.4270108
vn -0.1384396 -0.9091322 -0.3928273
vn 0.7779282 -0.4807488 -0.4046086
vn 0.9161799 0.3979861 0.04713312
vn 0.7799672 -0.4998335 -0.3765867
vn 0.7779282 -0.4807488 -0.4046086
vn 0.8917013 0.4525965 0.005007318
vn 0.0669749 0.9100823 0.40898
vn 0.8917013 0.4525965 0.005007318
vn 0.8356854 0.5191146 -0.179304
vn 0.0644465 0.9380777 0.3403775
vn -0.8094751 0.437132 0.3920021
vn 0.0669749 0.9100823 0.40898
vn 0.0644465 0.9380777 0.3403775
vn -0.7673455 0.3922342 0.5072801
vn -0.8983981 -0.4391667 0.00368367
vn -0.8094751 0.437132 0.3920021
vn -0.7673455 0.3922342 0.5072801
vn -0.83227 -0.5260877 0.1748091
vn -0.1384396 -0.9091322 -0.3928273
vn -0.8983981 -0.4391667 0.00368367
vn -0.83227 -0.5260877 0.1748091
vn -0.09249155 -0.9401788 -0.3278857
vn 0.7779282 -0.4807488 -0.4046086
vn -0.1384396 -0.9091322 -0.3928273
vn -0.09249155 -0.9401788 -0.3278857
vn 0.7469708 -0.4257438 -0.5106631
vn 0.8917013 0.4525965 0.005007318
vn 0.7779282 -0.4807488 -0.4046086
vn 0.7469708 -0.4257438 -0.5106631
vn 0.8356854 0.5191146 -0.179304
vn 0.0644465 0.9380777 0.3403775
vn 0.8356854 0.5191146 -0.179304
vn 0.7841717 0.5490692 -0.2891325
vn 0.01518949 0.9634362 0.2675072
vn -0.7673455 0.3922342 0.5072801
vn 0.0644465 0.9380777 0.3403775
vn 0.01518949 0.9634362 0.2675072
vn -0.7581868 0.37065 0.5364432
vn -0.83227 -0.5260877 0.1748091
vn -0.7673455 0.3922342 0.5072801
vn -0.7581868 0.37065 0.5364432
vn -0.775473 -0.565384 0.2810384
vn -0.09249155 -0.9401788 -0.3278857
vn -0.83227 -0.5260877 0.1748091
vn -0.775473 -0.565384 0.2810384
vn -0.05758081 -0.9682549 -0.2432427
vn 0.7469708 -0.4257438 -0.5106631
vn -0.09249155 -0.9401788 -0.3278857
vn -0.05758081 -0.9682549 -0.2432427
vn 0.725061 -0.4302621 -0.537737
vn 0.8356854 0.5191146 -0.179304
vn 0.7469708 -0.4257438 -0.5106631
vn 0.725061 -0.4302621 -0.537737
vn 0.7841717 0.5490692 -0.2891325
vn 0.01518949 0.9634362 0.2675072
vn 0.7841717 0.5490692 -0.2891325
vn 0.6310303 0.627027 -0.4567689
vn -0.02379825 0.9656326 0.258819
vn -0.7581868 0.37065 0.5364432
vn 0.01518949 0.9634362 0.2675072
vn -0.02379825 0.9656326 0.258819
vn -0.6358112 0.3486352 0.6886202
vn -0.775473 -0.565384 0.2810384
vn -0.7581868 0.37065 0.5364432
vn -0.6358112 0.3486352 0.6886202
vn -0.6572623 -0.5675551 0.4958705
vn -0.05758081 -0.9682549 -0.2432427
vn -0.775473 -0.565384 0.2810384
vn -0.6572623 -0.5675551 0.4958705
vn -0.05999289 -0.9835967 -0.1701131
vn 0.725061 -0.4302621 -0.537737
vn -0.05758081 -0.9682549 -0.2432427
vn -0.05999289 -0.9835967 -0.1701131
vn 0.6145156 -0.3885102 -0.6866078
vn 0.7841717 0.5490692 -0.2891325
vn 0.725061 -0.4302621 -0.537737
vn 0.6145156 -0.3885102 -0.6866078
vn 0.6310303 0.627027 -0.4567689
vn -0.02379825 0.9656326 0.258819
vn 0.6310303 0.627027 -0.4567689
vn 0.5259396 0.6391299 -0.56116
vn -0.008078892 0.9611195 0.2760144
vn -0.6358112 0.3486352 0.6886202
vn -0.02379825 0.9656326 0.258819
vn -0.008078892 0.9611195 0.2760144
vn -0.5114664 0.3074215 0.8024302
vn -0.6572623 -0.5675551 0.4958705
vn -0.6358112 0.3486352 0.6886202
vn -0.5114664 0.3074215 0.8024302
vn -0.5398763 -0.5980815 0.5923108
vn -0.05999289 -0.9835967 -0.1701131
vn -0.6572623 -0.5675551 0.4958705
vn -0.5398763 -0.5980815 0.5923108
vn -0.06329909 -0.9810034 -0.1833726
vn 0.6145156 -0.3885102 -0.6866078
vn -0.05999289 -0.9835967 -0.1701131
vn -0.06329909 -0.9810034 -0.1833726
vn 0.4916841 -0.364011 -0.791039
vn 0.6310303 0.627027 -0.4567689
vn 0.6145156 -0.3885102 -0.6866078
vn 0.4916841 -0.364011 -0.791039
vn 0.5259396 0.6391299 -0.56116
vn -0.008078892 0.9611195 0.2760144
vn 0.5259396 0.6391299 -0.56116
vn 0.1239164 0.6811594 -0.7215723
vn -0.02527551 0.9574854 0.2873722
vn -0.5114664 0.3074215 0.8024302
vn -0.008078892 0.9611195 0.2760144
vn -0.02527551 0.9574854 0.2873722
vn -0.1487904 0.2560311 0.9551489
vn -0.5398763 -0.5980815 0.5923108
vn -0.5114664 0.3074215 0.8024302
vn -0.1487904 0.2560311 0.9551489
vn -0.1370445 -0.6330665 0.7618697
vn -0.06329909 -0.9810034 -0.1833726
vn -0.5398763 -0.5980815 0.5923108
vn -0.1370445 -0.6330665 0.7618697
vn 0.003620331 -0.9909596 -0.1341116
vn 0.4916841 -0.364011 -0.791039
vn -0.06329909 -0.9810034 -0.1833726
vn 0.003620331 -0.9909596 -0.1341116
vn 0.1389679 -0.3395156 -0.9302779
vn 0.5259396 0.6391299 -0.56116
vn 0.4916841 -0.364011 -0.791039
vn 0.1389679 -0.3395156 -0.9302779
vn 0.1239164 0.6811594 -0.7215723
vn -0.02527551 0.9574854 0.2873722
vn 0.1239164 0.6811594 -0.7215723
vn -1.85878E-07 0.6770861 -0.7359038
vn 2.486514E-07 0.967396 0.2532687
vn -0.1487904 0.2560311 0.9551489
vn -0.02527551 0.9574854 0.2873722
vn 2.486514E-07 0.967396 0.2532687
vn 8.220474E-07 0.2822058 0.9593539
vn -0.1370445 -0.6330665 0.7618697
vn -0.1487904 0.2560311 0.9551489
vn 8.220474E-07 0.2822058 0.9593539
vn 5.878705E-07 -0.6378981 0.7701207
vn 0.003620331 -0.9909596 -0.1341116
vn -0.1370445 -0.6330665 0.7618697
vn 5.878705E-07 -0.6378981 0.7701207
vn 1.637906E-07 -0.9862638 -0.165178
vn 0.1389679 -0.3395156 -0.9302779
vn 0.003620331 -0.9909596 -0.1341116
vn 1.637906E-07 -0.9862638 -0.165178
vn 0 -0.3149912 -0.9490947
vn 0.1239164 0.6811594 -0.7215723
vn 0.1389679 -0.3395156 -0.9302779
vn 0 -0.3149912 -0.9490947
vn -1.85878E-07 0.6770861 -0.7359038
vn -2.463193E-07 -0.9998767 0.01570386
vn 1.619412E-06 -0.4672412 -0.8841298
vn 0.2327669 -0.4360715 -0.8692878
vn 0.03144558 -0.9985677 -0.04328567
vn -2.382759E-06 -0.5088654 0.860846
vn -2.463193E-07 -0.9998767 0.01570386
vn 0.03144558 -0.9985677 -0.04328567
vn -0.198256 -0.5315614 0.8234907
vn -2.364604E-06 0.4160645 0.9093352
vn -2.382759E-06 -0.5088654 0.860846
vn -0.198256 -0.5315614 0.8234907
vn -0.2301366 0.4332813 0.8713808
vn -5.666536E-07 0.9904502 0.1378707
vn -2.364604E-06 0.4160645 0.9093352
vn -0.2301366 0.4332813 0.8713808
vn -0.03899349 0.996617 0.07234719
vn 1.220165E-06 0.5895358 -0.8077422
vn -5.666536E-07 0.9904502 0.1378707
vn -0.03899349 0.996617 0.07234719
vn 0.1970368 0.5531274 -0.8094607
vn 1.619412E-06 -0.4672412 -0.8841298
vn 1.220165E-06 0.5895358 -0.8077422
vn 0.1970368 0.5531274 -0.8094607
vn 0.2327669 -0.4360715 -0.8692878
vn 0.03144558 -0.9985677 -0.04328567
vn 0.2327669 -0.4360715 -0.8692878
vn 0.404794 -0.459062 -0.7908248
vn 0.03638728 -0.9993375 0.0006270709
vn -0.198256 -0.5315614 0.8234907
vn 0.03144558 -0.9985677 -0.04328567
vn 0.03638728 -0.9993375 0.0006270709
vn -0.3536901 -0.5272712 0.7725856
vn -0.2301366 0.4332813 0.8713808
vn -0.198256 -0.5315614 0.8234907
vn -0.3536901 -0.5272712 0.7725856
vn -0.4077534 0.4192989 0.8111262
vn -0.03899349 0.996617 0.07234719
vn -0.2301366 0.4332813 0.8713808
vn -0.4077534 0.4192989 0.8111262
vn -0.08064713 0.9929304 0.08709422
vn 0.1970368 0.5531274 -0.8094607
vn -0.03899349 0.996617 0.07234719
vn -0.08064713 0.9929304 0.08709422
vn 0.3435762 0.5712439 -0.7454097
vn 0.2327669 -0.4360715 -0.8692878
vn 0.1970368 0.5531274 -0.8094607
vn 0.3435762 0.5712439 -0.7454097
vn 0.404794 -0.459062 -0.7908248
vn 0.03638728 -0.9993375 0.0006270709
vn 0.404794 -0.459062 -0.7908248
vn 0.5588179 -0.4474784 -0.6982017
vn 0.04452437 -0.9989762 -0.008008396
vn -0.3536901 -0.5272712 0.7725856
vn 0.03638728 -0.9993375 0.0006270709
vn 0.04452437 -0.9989762 -0.008008396
vn -0.500024 -0.5373629 0.6791297
vn -0.4077534 0.4192989 0.8111262
vn -0.3536901 -0.5272712 0.7725856
vn -0.500024 -0.5373629 0.6791297
vn -0.5626935 0.4168641 0.713863
vn -0.08064713 0.9929304 0.08709422
vn -0.4077534 0.4192989 0.8111262
vn -0.5626935 0.4168641 0.713863
vn -0.09050266 0.9934921 0.06915748
vn 0.3435762 0.5712439 -0.7454097
vn -0.08064713 0.9929304 0.08709422
vn -0.09050266 0.9934921 0.06915748
vn 0.4893752 0.5715472 -0.6586697
vn 0.404794 -0.459062 -0.7908248
vn 0.3435762 0.5712439 -0.7454097
vn 0.4893752 0.5715472 -0.6586697
vn 0.5588179 -0.4474784 -0.6982017
vn 0.04452437 -0.9989762 -0.008008396
vn 0.5588179 -0.4474784 -0.6982017
vn 0.6687347 -0.440376 -0.5990517
vn 0.04944182 -0.9987695 0.003884513
vn -0.500024 -0.5373629 0.6791297
vn 0.04452437 -0.9989762 -0.008008396
vn 0.04944182 -0.9987695 0.003884513
vn -0.6030214 -0.5343952 0.5922726
vn -0.5626935 0.4168641 0.713863
vn -0.500024 -0.5373629 0.6791297
vn -0.6030214 -0.5343952 0.5922726
vn -0.6755801 0.4118085 0.6115599
vn -0.09050266 0.9934921 0.06915748
vn -0.5626935 0.4168641 0.713863
vn -0.6755801 0.4118085 0.6115599
vn -0.1174388 0.9916028 0.05414664
vn 0.4893752 0.5715472 -0.6586697
vn -0.09050266 0.9934921 0.06915748
vn -0.1174388 0.9916028 0.05414664
vn 0.5798032 0.5804973 -0.571709
vn 0.5588179 -0.4474784 -0.6982017
vn 0.4893752 0.5715472 -0.6586697
vn 0.5798032 0.5804973 -0.571709
vn 0.6687347 -0.440376 -0.5990517
vn 0.04944182 -0.9987695 0.003884513
vn 0.6687347 -0.440376 -0.5990517
vn 0.7400855 -0.4334224 -0.5142164
vn 0.06363364 -0.997852 0.01556044
vn -0.6030214 -0.5343952 0.5922726
vn 0.04944182 -0.9987695 0.003884513
vn 0.06363364 -0.997852 0.01556044
vn -0.6643413 -0.5385392 0.5182916
vn -0.6755801 0.4118085 0.6115599
vn -0.6030214 -0.5343952 0.5922726
vn -0.6643413 -0.5385392 0.5182916
vn -0.7490072 0.4073665 0.522533
vn -0.1174388 0.9916028 0.05414664
vn -0.6755801 0.4118085 0.6115599
vn -0.7490072 0.4073665 0.522533
vn -0.1289695 0.9909769 0.03649159
vn 0.5798032 0.5804973 -0.571709
vn -0.1174388 0.9916028 0.05414664
vn -0.1289695 0.9909769 0.03649159
vn 0.6398975 0.5820987 -0.5016896
vn 0.6687347 -0.440376 -0.5990517
vn 0.5798032 0.5804973 -0.571709
vn 0.6398975 0.5820987 -0.5016896
vn 0.7400855 -0.4334224 -0.5142164
vn 0.06363364 -0.997852 0.01556044
vn 0.7400855 -0.4334224 -0.5142164
vn 0.8481157 -0.4067636 -0.339475
vn 0.1073602 -0.9919253 0.06751208
vn -0.6643413 -0.5385392 0.5182916
vn 0.06363364 -0.997852 0.01556044
vn 0.1073602 -0.9919253 0.06751208
vn -0.7360194 -0.5456343 0.4006976
vn -0.7490072 0.4073665 0.522533
vn -0.6643413 -0.5385392 0.5182916
vn -0.7360194 -0.5456343 0.4006976
vn -0.8459091 0.4113915 0.3394038
vn -0.1289695 0.9909769 0.03649159
vn -0.7490072 0.4073665 0.522533
vn -0.8459091 0.4113915 0.3394038
vn -0.1587465 0.98635 -0.04373986
vn 0.6398975 0.5820987 -0.5016896
vn -0.1289695 0.9909769 0.03649159
vn -0.1587465 0.98635 -0.04373986
vn 0.7016662 0.5952457 -0.3915956
vn 0.7400855 -0.4334224 -0.5142164
vn 0.6398975 0.5820987 -0.5016896
vn 0.7016662 0.5952457 -0.3915956
vn 0.8481157 -0.4067636 -0.339475
vn 0.1073602 -0.9919253 0.06751208
vn 0.8481157 -0.4067636 -0.339475
vn 0.893966 -0.3931545 -0.2150684
vn 0.1255056 -0.9854453 0.1146552
vn -0.7360194 -0.5456343 0.4006976
vn 0.1073602 -0.9919253 0.06751208
vn 0.1255056 -0.9854453 0.1146552
vn -0.7582192 -0.5659148 0.3237963
vn -0.8459091 0.4113915 0.3394038
vn -0.7360194 -0.5456343 0.4006976
vn -0.7582192 -0.5659148 0.3237963
vn -0.8969842 0.3837816 0.2193882
vn -0.1587465 0.98635 -0.04373986
vn -0.8459091 0.4113915 0.3394038
vn -0.8969842 0.3837816 0.2193882
vn -0.1840351 0.9782226 -0.0959778
vn 0.7016662 0.5952457 -0.3915956
vn -0.1587465 0.98635 -0.04373986
vn -0.1840351 0.9782226 -0.0959778
vn 0.7279259 0.6061271 -0.3205211
vn 0.8481157 -0.4067636 -0.339475
vn 0.7016662 0.5952457 -0.3915956
vn 0.7279259 0.6061271 -0.3205211
vn 0.893966 -0.3931545 -0.2150684
vn 0.1255056 -0.9854453 0.1146552
vn 0.893966 -0.3931545 -0.2150684
vn 0.8971199 -0.4146781 -0.1523744
vn 0.1412768 -0.9852307 0.09675398
vn -0.7582192 -0.5659148 0.3237963
vn 0.1255056 -0.9854453 0.1146552
vn 0.1412768 -0.9852307 0.09675398
vn -0.7433756 -0.6206961 0.2492569
vn -0.8969842 0.3837816 0.2193882
vn -0.7582192 -0.5659148 0.3237963
vn -0.7433756 -0.6206961 0.2492569
vn -0.928573 0.3323046 0.1653057
vn -0.1840351 0.9782226 -0.0959778
vn -0.8969842 0.3837816 0.2193882
vn -0.928573 0.3323046 0.1653057
vn -0.1761078 0.9801617 -0.09093514
vn 0.7279259 0.6061271 -0.3205211
vn -0.1840351 0.9782226 -0.0959778
vn -0.1761078 0.9801617 -0.09093514
vn 0.7762939 0.5763475 -0.255326
vn 0.893966 -0.3931545 -0.2150684
vn 0.7279259 0.6061271 -0.3205211
vn 0.7762939 0.5763475 -0.255326
vn 0.8971199 -0.4146781 -0.1523744
vn 0.1412768 -0.9852307 0.09675398
vn 0.8971199 -0.4146781 -0.1523744
vn 0.8470117 -0.4103476 -0.3379142
vn 0.04099806 -0.8715191 -0.4886449
vn -0.7433756 -0.6206961 0.2492569
vn 0.1412768 -0.9852307 0.09675398
vn 0.04099806 -0.8715191 -0.4886449
vn -0.782464 -0.5794622 -0.2279771
vn -0.928573 0.3323046 0.1653057
vn -0.7433756 -0.6206961 0.2492569
vn -0.782464 -0.5794622 -0.2279771
vn -0.930253 0.2580904 0.2608036
vn -0.1761078 0.9801617 -0.09093514
vn -0.928573 0.3323046 0.1653057
vn -0.930253 0.2580904 0.2608036
vn -0.08865763 0.8542384 0.512266
vn 0.7762939 0.5763475 -0.255326
vn -0.1761078 0.9801617 -0.09093514
vn -0.08865763 0.8542384 0.512266
vn 0.8604839 0.478783 0.1741672
vn 0.8971199 -0.4146781 -0.1523744
vn 0.7762939 0.5763475 -0.255326
vn 0.8604839 0.478783 0.1741672
vn 0.8470117 -0.4103476 -0.3379142
vn 0.04099806 -0.8715191 -0.4886449
vn 0.8470117 -0.4103476 -0.3379142
vn 0.8452527 -0.3507564 -0.4031352
vn 0.02505721 -0.7257272 -0.6875262
vn -0.782464 -0.5794622 -0.2279771
vn 0.04099806 -0.8715191 -0.4886449
vn 0.02505721 -0.7257272 -0.6875262
vn -0.8007997 -0.4612139 -0.3821016
vn -0.930253 0.2580904 0.2608036
vn -0.782464 -0.5794622 -0.2279771
vn -0.8007997 -0.4612139 -0.3821016
vn -0.9272684 0.2410027 0.2865153
vn -0.08865763 0.8542384 0.512266
vn -0.930253 0.2580904 0.2608036
vn -0.9272684 0.2410027 0.2865153
vn -0.07692748 0.7210937 0.6885536
vn 0.8604839 0.478783 0.1741672
vn -0.08865763 0.8542384 0.512266
vn -0.07692748 0.7210937 0.6885536
vn 0.8714585 0.3880181 0.3000036
vn 0.8470117 -0.4103476 -0.3379142
vn 0.8604839 0.478783 0.1741672
vn 0.8714585 0.3880181 0.3000036
vn 0.8452527 -0.3507564 -0.4031352
vn 0.02505721 -0.7257272 -0.6875262
vn 0.8452527 -0.3507564 -0.4031352
vn 0.8655651 -0.1316665 -0.4831778
vn 0.0656984 -0.1483298 -0.9867532
vn -0.8007997 -0.4612139 -0.3821016
vn 0.02505721 -0.7257272 -0.6875262
vn 0.0656984 -0.1483298 -0.9867532
vn -0.7834988 -0.03251496 -0.620542
vn -0.9272684 0.2410027 0.2865153
vn -0.8007997 -0.4612139 -0.3821016
vn -0.7834988 -0.03251496 -0.620542
vn -0.9249924 0.1127832 0.3628623
vn -0.07692748 0.7210937 0.6885536
vn -0.9272684 0.2410027 0.2865153
vn -0.9249924 0.1127832 0.3628623
vn -0.08600111 0.1288042 0.9879339
vn 0.8714585 0.3880181 0.3000036
vn -0.07692748 0.7210937 0.6885536
vn -0.08600111 0.1288042 0.9879339
vn 0.8486428 0.004827237 0.5289444
vn 0.8452527 -0.3507564 -0.4031352
vn 0.8714585 0.3880181 0.3000036
vn 0.8486428 0.004827237 0.5289444
vn 0.8655651 -0.1316665 -0.4831778
vn 0.8655651 -0.1316665 -0.4831778
vn 0.9235457 -0.09656291 -0.3711321
vn 0.08757633 -0.06929614 -0.9937447
vn 0.0656984 -0.1483298 -0.9867532
vn 0.0656984 -0.1483298 -0.9867532
vn 0.08757633 -0.06929614 -0.9937447
vn -0.8426065 0.03313293 -0.5375096
vn -0.7834988 -0.03251496 -0.620542
vn -0.7834988 -0.03251496 -0.620542
vn -0.8426065 0.03313293 -0.5375096
vn -0.8694142 0.09934922 0.4839925
vn -0.9249924 0.1127832 0.3628623
vn -0.9249924 0.1127832 0.3628623
vn -0.8694142 0.09934922 0.4839925
vn -0.07897038 0.0686616 0.9945095
vn -0.08600111 0.1288042 0.9879339
vn -0.08600111 0.1288042 0.9879339
vn -0.07897038 0.0686616 0.9945095
vn 0.7754347 -0.02193452 0.6310468
vn 0.8486428 0.004827237 0.5289444
vn 0.8486428 0.004827237 0.5289444
vn 0.7754347 -0.02193452 0.6310468
vn 0.9235457 -0.09656291 -0.3711321
vn 0.8655651 -0.1316665 -0.4831778
vn 0.8642999 0.3697313 -0.3410051
vn 0.8271969 0.0764673 0.5566849
vn 0.8227155 -0.06926278 0.564218
vn 0.8826376 0.2136778 -0.4186797
vn 0.09301379 0.3240112 -0.9414697
vn 0.8642999 0.3697313 -0.3410051
vn 0.8826376 0.2136778 -0.4186797
vn 0.01937986 0.2716593 -0.9621984
vn -0.797577 -0.05359879 -0.6008313
vn 0.09301379 0.3240112 -0.9414697
vn 0.01937986 0.2716593 -0.9621984
vn -0.84861 0.05691646 -0.5259482
vn -0.846786 -0.3756162 0.376651
vn -0.797577 -0.05359879 -0.6008313
vn -0.84861 0.05691646 -0.5259482
vn -0.8891537 -0.2098972 0.4066311
vn 0.002729448 -0.2989364 0.9542692
vn -0.846786 -0.3756162 0.376651
vn -0.8891537 -0.2098972 0.4066311
vn -0.08078451 -0.2791007 0.9568577
vn 0.8271969 0.0764673 0.5566849
vn 0.002729448 -0.2989364 0.9542692
vn -0.08078451 -0.2791007 0.9568577
vn 0.8227155 -0.06926278 0.564218
vn 0.8826376 0.2136778 -0.4186797
vn 0.8227155 -0.06926278 0.564218
vn 0.820794 -0.1536243 0.5501789
vn 0.8921736 0.03452223 -0.4503715
vn 0.01937986 0.2716593 -0.9621984
vn 0.8826376 0.2136778 -0.4186797
vn 0.8921736 0.03452223 -0.4503715
vn 0.02536624 0.2054567 -0.9783373
vn -0.84861 0.05691646 -0.5259482
vn 0.01937986 0.2716593 -0.9621984
vn 0.02536624 0.2054567 -0.9783373
vn -0.8574591 0.1548843 -0.4906882
vn -0.8891537 -0.2098972 0.4066311
vn -0.84861 0.05691646 -0.5259482
vn -0.8574591 0.1548843 -0.4906882
vn -0.8892375 -0.05149081 0.4545387
vn -0.08078451 -0.2791007 0.9568577
vn -0.8891537 -0.2098972 0.4066311
vn -0.8892375 -0.05149081 0.4545387
vn -0.0856572 -0.1904467 0.9779534
vn 0.8227155 -0.06926278 0.564218
vn -0.08078451 -0.2791007 0.9568577
vn -0.0856572 -0.1904467 0.9779534
vn 0.820794 -0.1536243 0.5501789
vn 0.8921736 0.03452223 -0.4503715
vn 0.820794 -0.1536243 0.5501789
vn 0.828162 -0.2149741 0.5176232
vn 0.8752451 -0.09896579 -0.4734468
vn 0.02536624 0.2054567 -0.9783373
vn 0.8921736 0.03452223 -0.4503715
vn 0.8752451 -0.09896579 -0.4734468
vn 0.04577078 0.1191557 -0.99182
vn -0.8574591 0.1548843 -0.4906882
vn 0.02536624 0.2054567 -0.9783373
vn 0.04577078 0.1191557 -0.99182
vn -0.8436953 0.2164325 -0.4912588
vn -0.8892375 -0.05149081 0.4545387
vn -0.8574591 0.1548843 -0.4906882
vn -0.8436953 0.2164325 -0.4912588
vn -0.8746865 0.09748203 0.4747851
vn -0.0856572 -0.1904467 0.9779534
vn -0.8892375 -0.05149081 0.4545387
vn -0.8746865 0.09748203 0.4747851
vn -0.07383179 -0.1117199 0.9909932
vn 0.820794 -0.1536243 0.5501789
vn -0.0856572 -0.1904467 0.9779534
vn -0.07383179 -0.1117199 0.9909932
vn 0.828162 -0.2149741 0.5176232
vn 0.7696847 0.2121041 -0.6021606
vn 0.2087647 0.9642567 -0.1631758
vn 0.2790728 0.957523 -0.07258199
vn 0.9093771 0.1937023 -0.3681206
vn 0.5091321 -0.7631996 -0.397883
vn 0.7696847 0.2121041 -0.6021606
vn 0.9093771 0.1937023 -0.3681206
vn 0.5751302 -0.7679695 -0.2818654
vn -0.28577 -0.931742 0.2240367
vn 0.5091321 -0.7631996 -0.397883
vn 0.5751302 -0.7679695 -0.2818654
vn -0.343294 -0.9340517 0.09847222
vn -0.770105 -0.1895265 0.6091126
vn -0.28577 -0.931742 0.2240367
vn -0.343294 -0.9340517 0.09847222
vn -0.9037901 -0.2045743 0.3759162
vn -0.55089 0.7101544 0.4384075
vn -0.770105 -0.1895265 0.6091126
vn -0.9037901 -0.2045743 0.3759162
vn -0.6354514 0.7121192 0.2984757
vn 0.2087647 0.9642567 -0.1631758
vn -0.55089 0.7101544 0.4384075
vn -0.6354514 0.7121192 0.2984757
vn 0.2790728 0.957523 -0.07258199
vn 0.9093771 0.1937023 -0.3681206
vn 0.2790728 0.957523 -0.07258199
vn 0.339812 0.9381118 0.06688786
vn 0.9675505 0.1683729 -0.188405
vn 0.5751302 -0.7679695 -0.2818654
vn 0.9093771 0.1937023 -0.3681206
vn 0.9675505 0.1683729 -0.188405
vn 0.5950887 -0.7647883 -0.2469178
vn -0.343294 -0.9340517 0.09847222
vn 0.5751302 -0.7679695 -0.2818654
vn 0.5950887 -0.7647883 -0.2469178
vn -0.3712715 -0.9268795 -0.05524401
vn -0.9037901 -0.2045743 0.3759162
vn -0.343294 -0.9340517 0.09847222
vn -0.3712715 -0.9268795 -0.05524401
vn -0.9621359 -0.2009556 0.1841503
vn -0.6354514 0.7121192 0.2984757
vn -0.9037901 -0.2045743 0.3759162
vn -0.9621359 -0.2009556 0.1841503
vn -0.6469268 0.719883 0.2515041
vn 0.2790728 0.957523 -0.07258199
vn -0.6354514 0.7121192 0.2984757
vn -0.6469268 0.719883 0.2515041
vn 0.339812 0.9381118 0.06688786
vn 0.9675505 0.1683729 -0.188405
vn 0.339812 0.9381118 0.06688786
vn 0.3962461 0.8784176 0.2671548
vn 0.9874856 0.1219092 -0.100052
vn 0.5950887 -0.7647883 -0.2469178
vn 0.9675505 0.1683729 -0.188405
vn 0.9874856 0.1219092 -0.100052
vn 0.5789475 -0.7370051 -0.348774
vn -0.3712715 -0.9268795 -0.05524401
vn 0.5950887 -0.7647883 -0.2469178
vn 0.5789475 -0.7370051 -0.348774
vn -0.3742214 -0.8878735 -0.2676544
vn -0.9621359 -0.2009556 0.1841503
vn -0.3712715 -0.9268795 -0.05524401
vn -0.3742214 -0.8878735 -0.2676544
vn -0.9786184 -0.2013096 0.04219747
vn -0.6469268 0.719883 0.2515041
vn -0.9621359 -0.2009556 0.1841503
vn -0.9786184 -0.2013096 0.04219747
vn -0.638006 0.6966213 0.3281266
vn 0.339812 0.9381118 0.06688786
vn -0.6469268 0.719883 0.2515041
vn -0.638006 0.6966213 0.3281266
vn 0.3962461 0.8784176 0.2671548
vn 0.9874856 0.1219092 -0.100052
vn 0.3962461 0.8784176 0.2671548
vn 0.4008235 0.7842352 0.4736199
vn 0.9885491 0.150302 -0.01342064
vn 0.5789475 -0.7370051 -0.348774
vn 0.9874856 0.1219092 -0.100052
vn 0.9885491 0.150302 -0.01342064
vn 0.5782198 -0.6413761 -0.5042802
vn -0.3742214 -0.8878735 -0.2676544
vn 0.5789475 -0.7370051 -0.348774
vn 0.5782198 -0.6413761 -0.5042802
vn -0.4014067 -0.7713904 -0.4937909
vn -0.9786184 -0.2013096 0.04219747
vn -0.3742214 -0.8878735 -0.2676544
vn -0.4014067 -0.7713904 -0.4937909
vn -0.9917773 -0.1278333 -0.006046061
vn -0.638006 0.6966213 0.3281266
vn -0.9786184 -0.2013096 0.04219747
vn -0.9917773 -0.1278333 -0.006046061
vn -0.5723704 0.6613072 0.484835
vn 0.3962461 0.8784176 0.2671548
vn -0.638006 0.6966213 0.3281266
vn -0.5723704 0.6613072 0.484835
vn 0.4008235 0.7842352 0.4736199
vn 0.7960141 0.07497866 -0.600616
vn 0.3174081 0.9194118 -0.2322369
vn 0.4078095 0.9082018 -0.09413319
vn 0.9358936 0.05637539 -0.3477426
vn 0.4189744 -0.8482116 -0.3240333
vn 0.7960141 0.07497866 -0.600616
vn 0.9358936 0.05637539 -0.3477426
vn 0.471824 -0.848179 -0.2407788
vn -0.3897776 -0.8740829 0.2899178
vn 0.4189744 -0.8482116 -0.3240333
vn 0.471824 -0.848179 -0.2407788
vn -0.462531 -0.8785903 0.1189287
vn -0.7927219 -0.06995286 0.6055565
vn -0.3897776 -0.8740829 0.2899178
vn -0.462531 -0.8785903 0.1189287
vn -0.9311931 -0.0820226 0.3551784
vn -0.4808716 0.7927268 0.3746287
vn -0.7927219 -0.06995286 0.6055565
vn -0.9311931 -0.0820226 0.3551784
vn -0.5476766 0.7961515 0.2572806
vn 0.3174081 0.9194118 -0.2322369
vn -0.4808716 0.7927268 0.3746287
vn -0.5476766 0.7961515 0.2572806
vn 0.4078095 0.9082018 -0.09413319
vn 0.9358936 0.05637539 -0.3477426
vn 0.4078095 0.9082018 -0.09413319
vn 0.4528152 0.8906663 0.04088711
vn 0.98482 0.050008 -0.1662193
vn 0.471824 -0.848179 -0.2407788
vn 0.9358936 0.05637539 -0.3477426
vn 0.98482 0.050008 -0.1662193
vn 0.5010532 -0.8409831 -0.204189
vn -0.462531 -0.8785903 0.1189287
vn 0.471824 -0.848179 -0.2407788
vn 0.5010532 -0.8409831 -0.204189
vn -0.4876477 -0.8725749 -0.02850956
vn -0.9311931 -0.0820226 0.3551784
vn -0.462531 -0.8785903 0.1189287
vn -0.4876477 -0.8725749 -0.02850956
vn -0.9836417 -0.0690928 0.1663579
vn -0.5476766 0.7961515 0.2572806
vn -0.9311931 -0.0820226 0.3551784
vn -0.9836417 -0.0690928 0.1663579
vn -0.5523625 0.808488 0.2030833
vn 0.4078095 0.9082018 -0.09413319
vn -0.5476766 0.7961515 0.2572806
vn -0.5523625 0.808488 0.2030833
vn 0.4528152 0.8906663 0.04088711
vn 0.98482 0.050008 -0.1662193
vn 0.4528152 0.8906663 0.04088711
vn 0.4792053 0.8731709 0.08907869
vn 0.9941779 0.05338334 -0.09359726
vn 0.5010532 -0.8409831 -0.204189
vn 0.98482 0.050008 -0.1662193
vn 0.9941779 0.05338334 -0.09359726
vn 0.5364934 -0.8230669 -0.1863749
vn -0.4876477 -0.8725749 -0.02850956
vn 0.5010532 -0.8409831 -0.204189
vn 0.5364934 -0.8230669 -0.1863749
vn -0.4688037 -0.8784531 -0.09242903
vn -0.9836417 -0.0690928 0.1663579
vn -0.4876477 -0.8725749 -0.02850956
vn -0.4688037 -0.8784531 -0.09242903
vn -0.9943322 -0.05317429 0.09206538
vn -0.5523625 0.808488 0.2030833
vn -0.9836417 -0.0690928 0.1663579
vn -0.9943322 -0.05317429 0.09206538
vn -0.5265234 0.8299338 0.1843449
vn 0.4528152 0.8906663 0.04088711
vn -0.5523625 0.808488 0.2030833
vn -0.5265234 0.8299338 0.1843449
vn 0.4792053 0.8731709 0.08907869
vn 0.246709 -0.0981422 0.9641072
vn 0.9620259 -0.1080604 0.2506575
vn 0.9673569 -0.1027492 0.2316535
vn 0.2783401 -0.07451205 0.957588
vn -0.7107806 0.01029237 0.7033384
vn 0.246709 -0.0981422 0.9641072
vn 0.2783401 -0.07451205 0.957588
vn -0.7016684 0.02709981 0.711988
vn -0.963824 0.1076895 -0.2438157
vn -0.7107806 0.01029237 0.7033384
vn -0.7016684 0.02709981 0.711988
vn -0.9593024 0.09818339 -0.2647621
vn -0.2762882 0.1002138 -0.9558358
vn -0.963824 0.1076895 -0.2438157
vn -0.9593024 0.09818339 -0.2647621
vn -0.2532334 0.0682682 -0.9649935
vn 0.6940957 -0.00746659 -0.7198441
vn -0.2762882 0.1002138 -0.9558358
vn -0.2532334 0.0682682 -0.9649935
vn 0.6956967 -0.03224334 -0.7176117
vn 0.9620259 -0.1080604 0.2506575
vn 0.6940957 -0.00746659 -0.7198441
vn 0.6956967 -0.03224334 -0.7176117
vn 0.9673569 -0.1027492 0.2316535
vn 0.2951928 0.6736394 0.6775479
vn 0.2783401 -0.07451205 0.957588
vn 0.9673569 -0.1027492 0.2316535
vn 0.9919756 0.124474 0.02215026
vn -0.7624426 0.3946957 0.5127344
vn -0.7016684 0.02709981 0.711988
vn 0.2783401 -0.07451205 0.957588
vn 0.2951928 0.6736394 0.6775479
vn -0.9282222 -0.2945204 -0.227291
vn -0.9593024 0.09818339 -0.2647621
vn -0.7016684 0.02709981 0.711988
vn -0.7624426 0.3946957 0.5127344
vn -0.2830127 -0.643693 -0.7110297
vn -0.2532334 0.0682682 -0.9649935
vn -0.9593024 0.09818339 -0.2647621
vn -0.9282222 -0.2945204 -0.227291
vn 0.5727506 -0.5123823 -0.6398603
vn 0.6956967 -0.03224334 -0.7176117
vn -0.2532334 0.0682682 -0.9649935
vn -0.2830127 -0.643693 -0.7110297
vn 0.9919756 0.124474 0.02215026
vn 0.9673569 -0.1027492 0.2316535
vn 0.6956967 -0.03224334 -0.7176117
vn 0.5727506 -0.5123823 -0.6398603
vn 0.2951928 0.6736394 0.6775479
vn 0.9919756 0.124474 0.02215026
vn 0.9667532 0.253839 0.03088253
vn 0.2625468 0.8123451 0.5207347
vn -0.7624426 0.3946957 0.5127344
vn 0.2951928 0.6736394 0.6775479
vn 0.2625468 0.8123451 0.5207347
vn -0.710501 0.5238615 0.4698482
vn -0.9282222 -0.2945204 -0.227291
vn -0.7624426 0.3946957 0.5127344
vn -0.710501 0.5238615 0.4698482
vn -0.9505023 -0.3031064 -0.06835037
vn -0.2830127 -0.643693 -0.7110297
vn -0.9282222 -0.2945204 -0.227291
vn -0.9505023 -0.3031064 -0.06835037
vn -0.2573199 -0.8091358 -0.5282856
vn 0.5727506 -0.5123823 -0.6398603
vn -0.2830127 -0.643693 -0.7110297
vn -0.2573199 -0.8091358 -0.5282856
vn 0.6699364 -0.5580652 -0.489641
vn 0.9919756 0.124474 0.02215026
vn 0.5727506 -0.5123823 -0.6398603
vn 0.6699364 -0.5580652 -0.489641
vn 0.9667532 0.253839 0.03088253
vn 0.2625468 0.8123451 0.5207347
vn 0.9667532 0.253839 0.03088253
vn 0.9381105 0.339045 0.070692
vn 0.2161922 0.8391431 0.499099
vn -0.710501 0.5238615 0.4698482
vn 0.2625468 0.8123451 0.5207347
vn 0.2161922 0.8391431 0.499099
vn -0.673437 0.5728379 0.4672678
vn -0.9505023 -0.3031064 -0.06835037
vn -0.710501 0.5238615 0.4698482
vn -0.673437 0.5728379 0.4672678
vn -0.9736143 -0.2281387 0.00529148
vn -0.2573199 -0.8091358 -0.5282856
vn -0.9505023 -0.3031064 -0.06835037
vn -0.9736143 -0.2281387 0.00529148
vn -0.2850974 -0.8288268 -0.4814204
vn 0.6699364 -0.5580652 -0.489641
vn -0.2573199 -0.8091358 -0.5282856
vn -0.2850974 -0.8288268 -0.4814204
vn 0.720002 -0.5308265 -0.4470127
vn 0.9667532 0.253839 0.03088253
vn 0.6699364 -0.5580652 -0.489641
vn 0.720002 -0.5308265 -0.4470127
vn 0.9381105 0.339045 0.070692
vn 0.06027464 0.7994533 -0.5976965
vn 0.8947268 0.3950936 -0.2082427
vn 0.9015556 0.3742634 -0.2170813
vn 0.06409411 0.7696892 -0.6351932
vn -0.835198 0.3951054 -0.3825392
vn 0.06027464 0.7994533 -0.5976965
vn 0.06409411 0.7696892 -0.6351932
vn -0.8401059 0.3743006 -0.3925826
vn -0.8920133 -0.3993519 0.2117318
vn -0.835198 0.3951054 -0.3825392
vn -0.8401059 0.3743006 -0.3925826
vn -0.8885044 -0.3887161 0.2438434
vn -0.06035767 -0.7994547 0.5976864
vn -0.8920133 -0.3993519 0.2117318
vn -0.8885044 -0.3887161 0.2438434
vn -0.06472481 -0.7645522 0.6413038
vn 0.8317977 -0.3994211 0.3854549
vn -0.06035767 -0.7994547 0.5976864
vn -0.06472481 -0.7645522 0.6413038
vn 0.8219674 -0.3887607 0.4162147
vn 0.8947268 0.3950936 -0.2082427
vn 0.8317977 -0.3994211 0.3854549
vn 0.8219674 -0.3887607 0.4162147
vn 0.9015556 0.3742634 -0.2170813
vn 0.06409411 0.7696892 -0.6351932
vn 0.9015556 0.3742634 -0.2170813
vn 0.8900023 0.3841156 -0.2456648
vn 0.06645382 0.7500067 -0.6580835
vn -0.8401059 0.3743006 -0.3925826
vn 0.06409411 0.7696892 -0.6351932
vn 0.06645382 0.7500067 -0.6580835
vn -0.8230494 0.3841847 -0.41832
vn -0.8885044 -0.3887161 0.2438434
vn -0.8401059 0.3743006 -0.3925826
vn -0.8230494 0.3841847 -0.41832
vn -0.9018379 -0.3580433 0.2418537
vn -0.06472481 -0.7645522 0.6413038
vn -0.8885044 -0.3887161 0.2438434
vn -0.9018379 -0.3580433 0.2418537
vn -0.06751762 -0.7397913 0.6694403
vn 0.8219674 -0.3887607 0.4162147
vn -0.06472481 -0.7645522 0.6413038
vn -0.06751762 -0.7397913 0.6694403
vn 0.8354588 -0.3580554 0.4168993
vn 0.9015556 0.3742634 -0.2170813
vn 0.8219674 -0.3887607 0.4162147
vn 0.8354588 -0.3580554 0.4168993
vn 0.8900023 0.3841156 -0.2456648
vn 0.05094754 0.9698321 -0.2383906
vn -0.4499538 0.6920849 0.5644114
vn 0.1430114 0.9720461 -0.1862102
vn -0.1421412 0.6850876 0.7144586
vn 0 0.9631845 -0.2688412
vn -4.578575E-07 0.7023088 0.7118725
vn 0.1430114 0.9720461 -0.1862102
vn 0.6132384 0.2232184 -0.7577019
vn 0.1892027 0.2188969 -0.9572285
vn 0.05094754 0.9698321 -0.2383906
vn -1.367127E-06 0.2187042 -0.9757912
vn 0 0.9631845 -0.2688412
vn 0.6132384 0.2232184 -0.7577019
vn 0.4021717 -0.7674934 -0.4992113
vn 0.1273498 -0.7746896 -0.6193852
vn 0.1892027 0.2188969 -0.9572285
vn -1.294988E-06 -0.7558357 -0.6547613
vn -1.367127E-06 0.2187042 -0.9757912
vn 0.4021717 -0.7674934 -0.4992113
vn -0.2500648 -0.920586 0.2999816
vn -0.07460449 -0.9228754 0.377803
vn 0.1273498 -0.7746896 -0.6193852
vn -6.689111E-07 -0.9318275 0.3629012
vn -1.294988E-06 -0.7558357 -0.6547613
vn -0.2500648 -0.920586 0.2999816
vn -0.611869 -0.1736813 0.7716548
vn -0.1971647 -0.207299 0.9582031
vn -0.07460449 -0.9228754 0.377803
vn -9.990401E-07 -0.1999513 0.9798059
vn -6.689111E-07 -0.9318275 0.3629012
vn -0.611869 -0.1736813 0.7716548
vn -0.4499538 0.6920849 0.5644114
vn -0.1421412 0.6850876 0.7144586
vn -0.1971647 -0.207299 0.9582031
vn -4.578575E-07 0.7023088 0.7118725
vn -9.990401E-07 -0.1999513 0.9798059
vn 0.6132384 0.2232184 -0.7577019
vn 0.1430114 0.9720461 -0.1862102
vn 0.2087647 0.9642567 -0.1631758
vn 0.7696847 0.2121041 -0.6021606
vn 0.4021717 -0.7674934 -0.4992113
vn 0.6132384 0.2232184 -0.7577019
vn 0.7696847 0.2121041 -0.6021606
vn 0.5091321 -0.7631996 -0.397883
vn -0.2500648 -0.920586 0.2999816
vn 0.4021717 -0.7674934 -0.4992113
vn 0.5091321 -0.7631996 -0.397883
vn -0.28577 -0.931742 0.2240367
vn -0.611869 -0.1736813 0.7716548
vn -0.2500648 -0.920586 0.2999816
vn -0.28577 -0.931742 0.2240367
vn -0.770105 -0.1895265 0.6091126
vn -0.4499538 0.6920849 0.5644114
vn -0.611869 -0.1736813 0.7716548
vn -0.770105 -0.1895265 0.6091126
vn -0.55089 0.7101544 0.4384075
vn 0.1430114 0.9720461 -0.1862102
vn -0.4499538 0.6920849 0.5644114
vn -0.55089 0.7101544 0.4384075
vn 0.2087647 0.9642567 -0.1631758
vn 0.08969039 0.9241958 -0.3712384
vn -0.3947991 0.77956 0.4862303
vn 0.2349033 0.9263347 -0.2944902
vn -0.1417539 0.7762227 0.6143159
vn 5.111376E-07 0.9198019 -0.3923829
vn 9.444677E-07 0.7853776 0.619017
vn 0.2349033 0.9263347 -0.2944902
vn 0.6309761 0.08064782 -0.7715991
vn 0.2248242 0.07909444 -0.971184
vn 0.08969039 0.9241958 -0.3712384
vn 7.426955E-07 0.08010749 -0.9967862
vn 5.111376E-07 0.9198019 -0.3923829
vn 0.6309761 0.08064782 -0.7715991
vn 0.3279099 -0.8521125 -0.4078964
vn 0.1216731 -0.8520469 -0.5091285
vn 0.2248242 0.07909444 -0.971184
vn 1.939212E-07 -0.845344 -0.5342224
vn 7.426955E-07 0.08010749 -0.9967862
vn 0.3279099 -0.8521125 -0.4078964
vn -0.3220594 -0.8627095 0.3898848
vn -0.1134681 -0.8628525 0.4925551
vn 0.1216731 -0.8520469 -0.5091285
vn -1.34496E-06 -0.8696129 0.493734
vn 1.939212E-07 -0.845344 -0.5342224
vn -0.3220594 -0.8627095 0.3898848
vn -0.6238775 -0.06413762 0.778886
vn -0.2308056 -0.07430496 0.9701585
vn -0.1134681 -0.8628525 0.4925551
vn -3.431631E-07 -0.07157963 0.9974349
vn -1.34496E-06 -0.8696129 0.493734
vn -0.6238775 -0.06413762 0.778886
vn -0.3947991 0.77956 0.4862303
vn -0.1417539 0.7762227 0.6143159
vn -0.2308056 -0.07430496 0.9701585
vn 9.444677E-07 0.7853776 0.619017
vn -3.431631E-07 -0.07157963 0.9974349
vn 0.6309761 0.08064782 -0.7715991
vn 0.2349033 0.9263347 -0.2944902
vn 0.3174081 0.9194118 -0.2322369
vn 0.7960141 0.07497866 -0.600616
vn 0.3279099 -0.8521125 -0.4078964
vn 0.6309761 0.08064782 -0.7715991
vn 0.7960141 0.07497866 -0.600616
vn 0.4189744 -0.8482116 -0.3240333
vn -0.3220594 -0.8627095 0.3898848
vn 0.3279099 -0.8521125 -0.4078964
vn 0.4189744 -0.8482116 -0.3240333
vn -0.3897776 -0.8740829 0.2899178
vn -0.6238775 -0.06413762 0.778886
vn -0.3220594 -0.8627095 0.3898848
vn -0.3897776 -0.8740829 0.2899178
vn -0.7927219 -0.06995286 0.6055565
vn -0.3947991 0.77956 0.4862303
vn -0.6238775 -0.06413762 0.778886
vn -0.7927219 -0.06995286 0.6055565
vn -0.4808716 0.7927268 0.3746287
vn 0.2349033 0.9263347 -0.2944902
vn -0.3947991 0.77956 0.4862303
vn -0.4808716 0.7927268 0.3746287
vn 0.3174081 0.9194118 -0.2322369
vn -0.06582556 -0.9896645 -0.1274016
vn -0.05759775 -0.9907191 -0.1231181
vn -0.1124784 -0.9885451 -0.100634
vn -0.04255582 -0.989733 -0.1364459
vn -0.1768011 -0.9815359 -0.07299836
vn -0.1678333 -0.9858152 -0.0006668228
vn -0.1851611 -0.9825759 0.01612177
vn 0 -0.9902647 -0.1391974
vn 0 -0.9902647 -0.1391974
vn 0.04258366 -0.9897306 -0.1364554
vn -0.0896028 -0.9540147 0.2860548
vn -0.1079736 -0.976123 0.1884822
vn -0.02467282 -0.9287964 0.3697683
vn -0.01293972 -0.9490163 0.3149616
vn 0.03079614 -0.9817789 0.1875152
vn 0.03335457 -0.9783788 0.2041138
vn 0.0311755 -0.9609433 0.2749835
vn 0.02822975 -0.9604959 0.276859
vn 0.06588489 -0.9896561 -0.1274363
vn 1.632115E-06 -0.9583572 0.285572
vn 0 -0.9583572 0.285572
vn -0.02833748 -0.9605271 0.2767391
vn -0.03120403 -0.960965 0.2749043
vn 0.05772787 -0.9907081 -0.1231458
vn 0.1126031 -0.9885211 -0.1007303
vn 0.1771072 -0.9814734 -0.07309659
vn 0.168364 -0.9857246 -0.0007677941
vn 0.1857832 -0.98246 0.01603043
vn 0.06944624 -0.9776067 0.1986519
vn 0.09756377 -0.9857713 0.1368808
vn -0.03187098 -0.9429551 0.331391
vn -0.01955106 -0.9437833 0.3299861
vn -0.05602865 -0.9515403 0.302377
vn -0.05911926 -0.9486187 0.3108496
vn 0.9983991 0.001765432 -0.05653462
vn 0.997182 0.02844956 -0.06941579
vn 0.9978854 0.03122047 -0.05700894
vn 0.9997604 -0.01113015 -0.01884587
vn 0.9978588 0.01915173 -0.06253672
vn 0.9959824 0.08229666 -0.03530266
vn 0.9949524 0.01155812 -0.09967996
vn 0.9948123 0.1006465 -0.01479556
vn 0.9946642 0.1025112 -0.01159851
vn 0.9953945 0.05571906 -0.07800715
vn 0.9946377 0.03189205 -0.09838115
vn 0.9942656 0.03378966 -0.1014603
vn 0.9929395 0.1180743 -0.01138833
vn 0.9928249 0.1001191 -0.06538282
vn 0.9903415 0.1386238 -0.002652949
vn 0.9965192 0.08299477 0.007828879
vn 0.9856017 0.1637238 0.04223504
vn 0.9924991 0.1108112 0.0516377
vn 0.9926097 0.1135676 0.0427588
vn 0.9941465 0.09665889 0.04826817
vn 0.9964464 0.06998631 0.04686622
vn 0.9941099 0.09975687 0.04235911
vn 0.9961007 0.04405772 0.07643586
vn 0.9994474 0.03258395 -0.006561182
vn 0.9956442 0.07274219 -0.05831935
vn 0.9966214 0.05759677 -0.05855393
vn 0.9901603 0.08014176 -0.1147157
vn 0.9922501 0.08008946 -0.09500296
vn 0.9858536 0.05125733 -0.1595791
vn 0.982414 0.01903993 -0.1857428
vn 0.982145 0.02327289 -0.186681
vn 0.9776371 0.07289588 -0.1972612
vn 0.9663037 0.138711 -0.2168326
vn 0.963827 0.1543766 -0.2172682
vn 0.9872989 0.08356006 -0.1351245
vn 0.9933688 0.05019663 -0.1034344
vn 0.9929004 0.06773024 -0.09778265
vn 0.9982215 0.04747889 -0.03604899
vn -0.9983991 0.001764401 -0.05653408
vn -0.9978854 0.03122023 -0.05700773
vn -0.9971823 0.02844921 -0.06941362
vn -0.9997604 -0.01113155 -0.01884471
vn -0.9978589 0.01915024 -0.06253579
vn -0.9959825 0.08229582 -0.03530258
vn -0.9949524 0.01155713 -0.09968004
vn -0.9948125 0.1006439 -0.01479766
vn -0.9946644 0.1025088 -0.01160043
vn -0.9953945 0.05571852 -0.07800767
vn -0.9946375 0.03189252 -0.09838159
vn -0.9942655 0.03379007 -0.1014609
vn -0.9929395 0.1180736 -0.01139165
vn -0.992825 0.1001181 -0.06538278
vn -0.9903414 0.138624 -0.002655678
vn -0.9965192 0.08299495 0.00782921
vn -0.9856012 0.1637266 0.0422355
vn -0.9924994 0.1108091 0.05163673
vn -0.9926093 0.1135715 0.04275851
vn -0.9941462 0.0966614 0.04826657
vn -0.9964469 0.06998228 0.04686199
vn -0.9941099 0.09975635 0.04235801
vn -0.9961003 0.04405902 0.07643884
vn -0.9994475 0.03258381 -0.006559988
vn -0.9956443 0.07274123 -0.05831908
vn -0.9966214 0.05759531 -0.05855379
vn -0.9901603 0.08014036 -0.1147165
vn -0.9922502 0.08008678 -0.09500391
vn -0.985853 0.05125562 -0.159583
vn -0.9824143 0.01903931 -0.1857404
vn -0.9821469 0.02327282 -0.1866703
vn -0.977638 0.07289436 -0.1972573
vn -0.9663031 0.1387108 -0.2168359
vn -0.963827 0.1543813 -0.2172648
vn -0.9872988 0.08356045 -0.1351253
vn -0.9933688 0.05019609 -0.1034351
vn -0.9929001 0.06773116 -0.09778423
vn -0.9982216 0.04747763 -0.03604895
g Helmet04_0
f 3/3/3 2/2/2 1/1/1
f 4/4/4 3/3/3 1/1/1
f 4/4/4 1/1/1 5/5/5
f 1/1/1 6/6/6 5/5/5
f 9/9/9 8/8/8 7/7/7
f 10/10/10 9/9/9 7/7/7
f 13/13/13 12/12/12 11/11/11
f 14/14/14 13/13/13 11/11/11
f 13/13/13 14/14/14 15/15/15
f 16/16/16 13/13/13 15/15/15
f 19/19/19 18/18/18 17/17/17
f 20/20/20 19/19/19 17/17/17
f 23/23/23 22/22/22 21/21/21
f 24/24/24 23/23/23 21/21/21
f 27/27/27 26/26/26 25/25/25
f 28/28/28 27/27/27 25/25/25
f 31/31/31 30/30/30 29/29/29
f 32/32/32 31/31/31 29/29/29
f 35/35/35 34/34/34 33/33/33
f 36/36/36 35/35/35 33/33/33
f 39/39/39 38/38/38 37/37/37
f 38/38/38 40/40/40 37/37/37
f 37/37/37 40/40/40 41/41/41
f 42/42/42 37/37/37 41/41/41
f 45/45/45 44/44/44 43/43/43
f 46/46/46 45/45/45 43/43/43
f 49/49/49 48/48/48 47/47/47
f 48/48/48 50/50/50 47/47/47
f 50/50/50 48/48/48 51/51/51
f 48/48/48 52/52/52 51/51/51
f 55/55/55 54/54/54 53/53/53
f 56/56/56 55/55/55 53/53/53
f 59/59/59 58/58/58 57/57/57
f 60/60/60 59/59/59 57/57/57
f 63/63/63 62/62/62 61/61/61
f 64/64/64 63/63/63 61/61/61
f 67/67/67 66/66/66 65/65/65
f 68/68/68 67/67/67 65/65/65
f 71/71/71 70/70/70 69/69/69
f 72/72/72 71/71/71 69/69/69
f 75/75/75 74/74/74 73/73/73
f 76/76/76 73/73/73 74/74/74
f 77/77/77 76/76/76 74/74/74
f 76/76/76 77/77/77 78/78/78
f 79/79/79 76/76/76 78/78/78
f 80/80/80 79/79/79 78/78/78
f 81/81/81 80/80/80 78/78/78
f 80/80/80 81/81/81 82/82/82
f 83/83/83 80/80/80 82/82/82
f 84/84/84 83/83/83 82/82/82
f 85/85/85 84/84/84 82/82/82
f 85/85/85 86/86/86 84/84/84
f 86/86/86 87/87/87 84/84/84
f 87/87/87 86/86/86 88/88/88
f 86/86/86 89/89/89 88/88/88
f 89/89/89 90/90/90 88/88/88
f 90/90/90 91/91/91 88/88/88
f 92/92/92 91/91/91 90/90/90
f 93/93/93 92/92/92 90/90/90
f 94/94/94 92/92/92 93/93/93
f 95/95/95 94/94/94 93/93/93
f 94/94/94 95/95/95 96/96/96
f 99/99/99 98/98/98 97/97/97
f 100/100/100 99/99/99 97/97/97
f 100/100/100 97/97/97 101/101/101
f 100/100/100 101/101/101 102/102/102
f 97/97/97 103/103/103 101/101/101
f 101/101/101 103/103/103 104/104/104
f 100/100/100 105/105/105 99/99/99
f 105/105/105 100/100/100 102/102/102
f 105/105/105 106/106/106 99/99/99
f 105/105/105 107/107/107 106/106/106
f 105/105/105 102/102/102 107/107/107
f 107/107/107 108/108/108 106/106/106
f 108/108/108 107/107/107 109/109/109
f 110/110/110 101/101/101 104/104/104
f 102/102/102 101/101/101 110/110/110
f 107/107/107 111/111/111 109/109/109
f 109/109/109 111/111/111 112/112/112
f 104/104/104 113/113/113 110/110/110
f 114/114/114 113/113/113 104/104/104
f 113/113/113 114/114/114 115/115/115
f 102/102/102 116/116/116 107/107/107
f 107/107/107 116/116/116 111/111/111
f 111/111/111 117/117/117 112/112/112
f 112/112/112 117/117/117 118/118/118
f 117/117/117 119/119/119 118/118/118
f 120/120/120 118/118/118 119/119/119
f 121/121/121 120/120/120 119/119/119
f 120/120/120 121/121/121 122/122/122
f 123/123/123 116/116/116 102/102/102
f 116/116/116 124/124/124 111/111/111
f 116/116/116 123/123/123 124/124/124
f 125/125/125 117/117/117 111/111/111
f 124/124/124 125/125/125 111/111/111
f 126/126/126 119/119/119 117/117/117
f 125/125/125 126/126/126 117/117/117
f 127/127/127 123/123/123 102/102/102
f 127/127/127 102/102/102 110/110/110
f 124/124/124 123/123/123 128/128/128
f 124/124/124 128/128/128 125/125/125
f 123/123/123 127/127/127 128/128/128
f 129/129/129 127/127/127 110/110/110
f 127/127/127 129/129/129 128/128/128
f 128/128/128 130/130/130 125/125/125
f 126/126/126 125/125/125 130/130/130
f 130/130/130 128/128/128 129/129/129
f 121/121/121 119/119/119 131/131/131
f 119/119/119 126/126/126 131/131/131
f 132/132/132 129/129/129 110/110/110
f 113/113/113 132/132/132 110/110/110
f 132/132/132 133/133/133 129/129/129
f 132/132/132 113/113/113 133/133/133
f 134/134/134 130/130/130 129/129/129
f 133/133/133 134/134/134 129/129/129
f 134/134/134 135/135/135 130/130/130
f 134/134/134 133/133/133 135/135/135
f 136/136/136 126/126/126 130/130/130
f 135/135/135 136/136/136 130/130/130
f 126/126/126 137/137/137 131/131/131
f 136/136/136 137/137/137 126/126/126
f 131/131/131 138/138/138 121/121/121
f 138/138/138 131/131/131 137/137/137
f 139/139/139 137/137/137 136/136/136
f 135/135/135 139/139/139 136/136/136
f 139/139/139 138/138/138 137/137/137
f 113/113/113 140/140/140 133/133/133
f 140/140/140 113/113/113 115/115/115
f 133/133/133 141/141/141 135/135/135
f 135/135/135 141/141/141 139/139/139
f 141/141/141 133/133/133 140/140/140
f 140/140/140 115/115/115 142/142/142
f 142/142/142 141/141/141 140/140/140
f 115/115/115 143/143/143 142/142/142
f 144/144/144 142/142/142 143/143/143
f 141/141/141 145/145/145 139/139/139
f 145/145/145 141/141/141 142/142/142
f 144/144/144 145/145/145 142/142/142
f 139/139/139 145/145/145 138/138/138
f 145/145/145 144/144/144 146/146/146
f 145/145/145 146/146/146 138/138/138
f 144/144/144 147/147/147 146/146/146
f 146/146/146 147/147/147 148/148/148
f 149/149/149 138/138/138 146/146/146
f 138/138/138 149/149/149 121/121/121
f 121/121/121 149/149/149 122/122/122
f 150/150/150 146/146/146 148/148/148
f 150/150/150 149/149/149 146/146/146
f 149/149/149 150/150/150 122/122/122
f 150/150/150 148/148/148 151/151/151
f 150/150/150 152/152/152 122/122/122
f 152/152/152 150/150/150 151/151/151
f 155/155/155 154/154/154 153/153/153
f 153/153/153 154/154/154 156/156/156
f 156/156/156 154/154/154 157/157/157
f 154/154/154 158/158/158 157/157/157
f 158/158/158 154/154/154 159/159/159
f 160/160/160 158/158/158 159/159/159
f 160/160/160 159/159/159 161/161/161
f 159/159/159 162/162/162 161/161/161
f 163/163/163 161/161/161 162/162/162
f 163/163/163 162/162/162 164/164/164
f 164/164/164 162/162/162 165/165/165
f 165/165/165 162/162/162 166/166/166
f 169/169/169 168/168/168 167/167/167
f 168/168/168 170/170/170 167/167/167
f 167/167/167 170/170/170 171/171/171
f 172/172/172 167/167/167 171/171/171
f 173/173/173 172/172/172 171/171/171
f 174/174/174 170/170/170 168/168/168
f 170/170/170 174/174/174 171/171/171
f 175/175/175 174/174/174 168/168/168
f 176/176/176 174/174/174 175/175/175
f 177/177/177 176/176/176 175/175/175
f 177/177/177 178/178/178 176/176/176
f 178/178/178 179/179/179 176/176/176
f 174/174/174 176/176/176 180/180/180
f 174/174/174 180/180/180 171/171/171
f 176/176/176 179/179/179 181/181/181
f 176/176/176 181/181/181 180/180/180
f 179/179/179 182/182/182 181/181/181
f 183/183/183 173/173/173 171/171/171
f 184/184/184 173/173/173 183/183/183
f 185/185/185 184/184/184 183/183/183
f 171/171/171 180/180/180 186/186/186
f 183/183/183 171/171/171 186/186/186
f 186/186/186 180/180/180 181/181/181
f 186/186/186 185/185/185 183/183/183
f 187/187/187 181/181/181 182/182/182
f 187/187/187 186/186/186 181/181/181
f 186/186/186 187/187/187 185/185/185
f 188/188/188 187/187/187 182/182/182
f 187/187/187 189/189/189 185/185/185
f 187/187/187 188/188/188 189/189/189
f 192/192/192 191/191/191 190/190/190
f 191/191/191 193/193/193 190/190/190
f 191/191/191 194/194/194 193/193/193
f 194/194/194 195/195/195 193/193/193
f 195/195/195 194/194/194 196/196/196
f 197/197/197 195/195/195 196/196/196
f 197/197/197 196/196/196 198/198/198
f 199/199/199 197/197/197 198/198/198
f 198/198/198 200/200/200 199/199/199
f 200/200/200 201/201/201 199/199/199
f 204/204/204 203/203/203 202/202/202
f 203/203/203 205/205/205 202/202/202
f 203/203/203 206/206/206 205/205/205
f 206/206/206 207/207/207 205/205/205
f 207/207/207 206/206/206 208/208/208
f 209/209/209 207/207/207 208/208/208
f 209/209/209 208/208/208 210/210/210
f 211/211/211 209/209/209 210/210/210
f 210/210/210 212/212/212 211/211/211
f 212/212/212 213/213/213 211/211/211
f 216/216/216 215/215/215 214/214/214
f 215/215/215 217/217/217 214/214/214
f 215/215/215 218/218/218 217/217/217
f 218/218/218 219/219/219 217/217/217
f 219/219/219 218/218/218 220/220/220
f 221/221/221 219/219/219 220/220/220
f 221/221/221 220/220/220 222/222/222
f 223/223/223 221/221/221 222/222/222
f 222/222/222 224/224/224 223/223/223
f 224/224/224 225/225/225 223/223/223
f 228/228/228 227/227/227 226/226/226
f 227/227/227 229/229/229 226/226/226
f 227/227/227 230/230/230 229/229/229
f 230/230/230 231/231/231 229/229/229
f 231/231/231 230/230/230 232/232/232
f 233/233/233 231/231/231 232/232/232
f 233/233/233 232/232/232 234/234/234
f 235/235/235 233/233/233 234/234/234
f 234/234/234 236/236/236 235/235/235
f 236/236/236 237/237/237 235/235/235
f 240/240/240 239/239/239 238/238/238
f 241/241/241 240/240/240 238/238/238
f 242/242/242 241/241/241 238/238/238
f 243/243/243 242/242/242 238/238/238
f 242/242/242 243/243/243 244/244/244
f 240/240/240 241/241/241 245/245/245
f 245/245/245 241/241/241 242/242/242
f 246/246/246 240/240/240 245/245/245
f 247/247/247 245/245/245 242/242/242
f 247/247/247 242/242/242 248/248/248
f 248/248/248 242/242/242 244/244/244
f 249/249/249 247/247/247 248/248/248
f 250/250/250 249/249/249 248/248/248
f 251/251/251 250/250/250 248/248/248
f 251/251/251 248/248/248 244/244/244
f 252/252/252 251/251/251 244/244/244
f 255/255/255 254/254/254 253/253/253
f 254/254/254 256/256/256 253/253/253
f 256/256/256 257/257/257 253/253/253
f 257/257/257 258/258/258 253/253/253
f 258/258/258 257/257/257 259/259/259
f 256/256/256 254/254/254 260/260/260
f 256/256/256 260/260/260 257/257/257
f 254/254/254 261/261/261 260/260/260
f 260/260/260 262/262/262 257/257/257
f 257/257/257 262/262/262 263/263/263
f 257/257/257 263/263/263 259/259/259
f 262/262/262 264/264/264 263/263/263
f 264/264/264 265/265/265 263/263/263
f 265/265/265 266/266/266 263/263/263
f 263/263/263 266/266/266 259/259/259
f 266/266/266 267/267/267 259/259/259
f 270/270/270 269/269/269 268/268/268
f 271/271/271 270/270/270 268/268/268
f 271/271/271 268/268/268 272/272/272
f 273/273/273 271/271/271 272/272/272
f 273/273/273 272/272/272 274/274/274
f 275/275/275 273/273/273 274/274/274
f 275/275/275 274/274/274 276/276/276
f 277/277/277 275/275/275 276/276/276
f 280/280/280 279/279/279 278/278/278
f 279/279/279 281/281/281 278/278/278
f 279/279/279 282/282/282 281/281/281
f 282/282/282 283/283/283 281/281/281
f 286/286/286 285/285/285 284/284/284
f 287/287/287 286/286/286 284/284/284
f 287/287/287 284/284/284 288/288/288
f 289/289/289 287/287/287 288/288/288
f 289/289/289 288/288/288 290/290/290
f 291/291/291 289/289/289 290/290/290
f 291/291/291 290/290/290 292/292/292
f 293/293/293 291/291/291 292/292/292
f 296/296/296 295/295/295 294/294/294
f 295/295/295 297/297/297 294/294/294
f 295/295/295 298/298/298 297/297/297
f 298/298/298 299/299/299 297/297/297
f 302/302/302 301/301/301 300/300/300
f 303/303/303 302/302/302 300/300/300
f 303/303/303 300/300/300 304/304/304
f 305/305/305 303/303/303 304/304/304
f 304/304/304 306/306/306 305/305/305
f 306/306/306 307/307/307 305/305/305
f 306/306/306 308/308/308 307/307/307
f 308/308/308 309/309/309 307/307/307
f 308/308/308 310/310/310 309/309/309
f 310/310/310 311/311/311 309/309/309
f 314/314/314 313/313/313 312/312/312
f 315/315/315 314/314/314 312/312/312
f 315/315/315 312/312/312 316/316/316
f 317/317/317 315/315/315 316/316/316
f 316/316/316 318/318/318 317/317/317
f 318/318/318 319/319/319 317/317/317
f 318/318/318 320/320/320 319/319/319
f 320/320/320 321/321/321 319/319/319
f 320/320/320 322/322/322 321/321/321
f 322/322/322 323/323/323 321/321/321
f 326/326/326 325/325/325 324/324/324
f 327/327/327 326/326/326 324/324/324
f 326/326/326 327/327/327 328/328/328
f 329/329/329 326/326/326 328/328/328
f 330/330/330 329/329/329 328/328/328
f 331/331/331 330/330/330 328/328/328
f 331/331/331 332/332/332 330/330/330
f 332/332/332 333/333/333 330/330/330
f 332/332/332 334/334/334 333/333/333
f 334/334/334 335/335/335 333/333/333
f 338/338/338 337/337/337 336/336/336
f 339/339/339 338/338/338 336/336/336
f 342/342/342 341/341/341 340/340/340
f 343/343/343 342/342/342 340/340/340
f 346/346/346 345/345/345 344/344/344
f 347/347/347 346/346/346 344/344/344
f 350/350/350 349/349/349 348/348/348
f 349/349/349 351/351/351 348/348/348
f 352/352/352 348/348/348 351/351/351
f 353/353/353 352/352/352 351/351/351
f 352/352/352 353/353/353 354/354/354
f 355/355/355 352/352/352 354/354/354
f 356/356/356 355/355/355 354/354/354
f 357/357/357 356/356/356 354/354/354
f 357/357/357 358/358/358 356/356/356
f 358/358/358 359/359/359 356/356/356
f 358/358/358 360/360/360 359/359/359
f 360/360/360 361/361/361 359/359/359
f 364/364/364 363/363/363 362/362/362
f 365/365/365 364/364/364 362/362/362
f 365/365/365 366/366/366 364/364/364
f 366/366/366 367/367/367 364/364/364
f 370/370/370 369/369/369 368/368/368
f 371/371/371 370/370/370 368/368/368
f 371/371/371 368/368/368 372/372/372
f 368/368/368 373/373/373 372/372/372
f 372/372/372 373/373/373 374/374/374
f 375/375/375 372/372/372 374/374/374
f 375/375/375 374/374/374 376/376/376
f 377/377/377 375/375/375 376/376/376
f 380/380/380 379/379/379 378/378/378
f 379/379/379 381/381/381 378/378/378
f 378/378/378 381/381/381 382/382/382
f 383/383/383 378/378/378 382/382/382
f 383/383/383 382/382/382 384/384/384
f 382/382/382 385/385/385 384/384/384
f 384/384/384 385/385/385 386/386/386
f 385/385/385 387/387/387 386/386/386
f 386/386/386 387/387/387 388/388/388
f 389/389/389 386/386/386 388/388/388
f 389/389/389 388/388/388 390/390/390
f 391/391/391 389/389/389 390/390/390
f 391/391/391 390/390/390 392/392/392
f 393/393/393 391/391/391 392/392/392
f 393/393/393 392/392/392 394/394/394
f 395/395/395 393/393/393 394/394/394
f 395/395/395 394/394/394 396/396/396
f 394/394/394 397/397/397 396/396/396
f 396/396/396 397/397/397 398/398/398
f 397/397/397 399/399/399 398/398/398
f 398/398/398 399/399/399 400/400/400
f 399/399/399 401/401/401 400/400/400
f 400/400/400 401/401/401 402/402/402
f 401/401/401 403/403/403 402/402/402
f 402/402/402 403/403/403 404/404/404
f 403/403/403 405/405/405 404/404/404
f 404/404/404 405/405/405 406/406/406
f 405/405/405 407/407/407 406/406/406
f 406/406/406 407/407/407 408/408/408
f 409/409/409 406/406/406 408/408/408
f 409/409/409 408/408/408 410/410/410
f 408/408/408 411/411/411 410/410/410
f 410/410/410 411/411/411 412/412/412
f 413/413/413 410/410/410 412/412/412
f 413/413/413 412/412/412 414/414/414
f 412/412/412 415/415/415 414/414/414
f 414/414/414 415/415/415 416/416/416
f 415/415/415 417/417/417 416/416/416
f 416/416/416 417/417/417 418/418/418
f 419/419/419 416/416/416 418/418/418
f 419/419/419 418/418/418 420/420/420
f 421/421/421 419/419/419 420/420/420
f 421/421/421 420/420/420 422/422/422
f 420/420/420 423/423/423 422/422/422
f 426/426/426 425/425/425 424/424/424
f 427/427/427 426/426/426 424/424/424
f 427/427/427 424/424/424 428/428/428
f 429/429/429 427/427/427 428/428/428
f 432/432/432 431/431/431 430/430/430
f 431/431/431 433/433/433 430/430/430
f 434/434/434 433/433/433 431/431/431
f 435/435/435 434/434/434 431/431/431
f 438/438/438 437/437/437 436/436/436
f 437/437/437 439/439/439 436/436/436
f 436/436/436 439/439/439 440/440/440
f 441/441/441 436/436/436 440/440/440
f 441/441/441 440/440/440 442/442/442
f 440/440/440 443/443/443 442/442/442
f 442/442/442 443/443/443 444/444/444
f 443/443/443 445/445/445 444/444/444
f 448/448/448 447/447/447 446/446/446
f 449/449/449 448/448/448 446/446/446
f 449/449/449 446/446/446 450/450/450
f 446/446/446 451/451/451 450/450/450
f 450/450/450 451/451/451 452/452/452
f 453/453/453 450/450/450 452/452/452
f 453/453/453 452/452/452 454/454/454
f 455/455/455 453/453/453 454/454/454
f 455/455/455 454/454/454 456/456/456
f 454/454/454 457/457/457 456/456/456
f 456/456/456 457/457/457 458/458/458
f 457/457/457 459/459/459 458/458/458
f 458/458/458 459/459/459 460/460/460
f 459/459/459 461/461/461 460/460/460
f 460/460/460 461/461/461 462/462/462
f 461/461/461 463/463/463 462/462/462
f 462/462/462 463/463/463 464/464/464
f 465/465/465 462/462/462 464/464/464
f 465/465/465 464/464/464 466/466/466
f 467/467/467 465/465/465 466/466/466
f 467/467/467 466/466/466 468/468/468
f 469/469/469 467/467/467 468/468/468
f 469/469/469 468/468/468 470/470/470
f 471/471/471 469/469/469 470/470/470
f 471/471/471 470/470/470 472/472/472
f 473/473/473 471/471/471 472/472/472
f 473/473/473 472/472/472 474/474/474
f 475/475/475 473/473/473 474/474/474
f 475/475/475 474/474/474 476/476/476
f 474/474/474 477/477/477 476/476/476
f 476/476/476 477/477/477 478/478/478
f 479/479/479 476/476/476 478/478/478
f 479/479/479 478/478/478 480/480/480
f 478/478/478 481/481/481 480/480/480
f 480/480/480 481/481/481 482/482/482
f 483/483/483 480/480/480 482/482/482
f 483/483/483 482/482/482 484/484/484
f 485/485/485 483/483/483 484/484/484
f 485/485/485 484/484/484 486/486/486
f 484/484/484 487/487/487 486/486/486
f 486/486/486 487/487/487 488/488/488
f 487/487/487 489/489/489 488/488/488
f 488/488/488 489/489/489 490/490/490
f 491/491/491 488/488/488 490/490/490
f 494/494/494 493/493/493 492/492/492
f 493/493/493 495/495/495 492/492/492
f 492/492/492 495/495/495 496/496/496
f 495/495/495 497/497/497 496/496/496
f 500/500/500 499/499/499 498/498/498
f 501/501/501 500/500/500 498/498/498
f 504/504/504 503/503/503 502/502/502
f 505/505/505 504/504/504 502/502/502
f 508/508/508 507/507/507 506/506/506
f 509/509/509 508/508/508 506/506/506
f 512/512/512 511/511/511 510/510/510
f 513/513/513 512/512/512 510/510/510
f 516/516/516 515/515/515 514/514/514
f 517/517/517 516/516/516 514/514/514
f 520/520/520 519/519/519 518/518/518
f 521/521/521 520/520/520 518/518/518
f 524/524/524 523/523/523 522/522/522
f 525/525/525 524/524/524 522/522/522
f 528/528/528 527/527/527 526/526/526
f 529/529/529 528/528/528 526/526/526
f 532/532/532 531/531/531 530/530/530
f 533/533/533 532/532/532 530/530/530
f 536/536/536 535/535/535 534/534/534
f 537/537/537 536/536/536 534/534/534
f 540/540/540 539/539/539 538/538/538
f 541/541/541 540/540/540 538/538/538
f 544/544/544 543/543/543 542/542/542
f 545/545/545 544/544/544 542/542/542
f 548/548/548 547/547/547 546/546/546
f 549/549/549 548/548/548 546/546/546
f 552/552/552 551/551/551 550/550/550
f 553/553/553 552/552/552 550/550/550
f 556/556/556 555/555/555 554/554/554
f 557/557/557 556/556/556 554/554/554
f 560/560/560 559/559/559 558/558/558
f 561/561/561 560/560/560 558/558/558
f 564/564/564 563/563/563 562/562/562
f 565/565/565 564/564/564 562/562/562
f 568/568/568 567/567/567 566/566/566
f 569/569/569 568/568/568 566/566/566
f 572/572/572 571/571/571 570/570/570
f 573/573/573 572/572/572 570/570/570
f 576/576/576 575/575/575 574/574/574
f 577/577/577 576/576/576 574/574/574
f 580/580/580 579/579/579 578/578/578
f 581/581/581 580/580/580 578/578/578
f 584/584/584 583/583/583 582/582/582
f 585/585/585 584/584/584 582/582/582
f 588/588/588 587/587/587 586/586/586
f 589/589/589 588/588/588 586/586/586
f 592/592/592 591/591/591 590/590/590
f 593/593/593 592/592/592 590/590/590
f 596/596/596 595/595/595 594/594/594
f 597/597/597 596/596/596 594/594/594
f 600/600/600 599/599/599 598/598/598
f 601/601/601 600/600/600 598/598/598
f 604/604/604 603/603/603 602/602/602
f 605/605/605 604/604/604 602/602/602
f 608/608/608 607/607/607 606/606/606
f 609/609/609 608/608/608 606/606/606
f 612/612/612 611/611/611 610/610/610
f 613/613/613 612/612/612 610/610/610
f 616/616/616 615/615/615 614/614/614
f 617/617/617 616/616/616 614/614/614
f 620/620/620 619/619/619 618/618/618
f 621/621/621 620/620/620 618/618/618
f 624/624/624 623/623/623 622/622/622
f 625/625/625 624/624/624 622/622/622
f 628/628/628 627/627/627 626/626/626
f 629/629/629 628/628/628 626/626/626
f 632/632/632 631/631/631 630/630/630
f 633/633/633 632/632/632 630/630/630
f 636/636/636 635/635/635 634/634/634
f 637/637/637 636/636/636 634/634/634
f 640/640/640 639/639/639 638/638/638
f 641/641/641 640/640/640 638/638/638
f 644/644/644 643/643/643 642/642/642
f 645/645/645 644/644/644 642/642/642
f 648/648/648 647/647/647 646/646/646
f 649/649/649 648/648/648 646/646/646
f 652/652/652 651/651/651 650/650/650
f 653/653/653 652/652/652 650/650/650
f 656/656/656 655/655/655 654/654/654
f 657/657/657 656/656/656 654/654/654
f 660/660/660 659/659/659 658/658/658
f 661/661/661 660/660/660 658/658/658
f 664/664/664 663/663/663 662/662/662
f 665/665/665 664/664/664 662/662/662
f 668/668/668 667/667/667 666/666/666
f 669/669/669 668/668/668 666/666/666
f 672/672/672 671/671/671 670/670/670
f 673/673/673 672/672/672 670/670/670
f 676/676/676 675/675/675 674/674/674
f 677/677/677 676/676/676 674/674/674
f 680/680/680 679/679/679 678/678/678
f 681/681/681 680/680/680 678/678/678
f 684/684/684 683/683/683 682/682/682
f 685/685/685 684/684/684 682/682/682
f 688/688/688 687/687/687 686/686/686
f 689/689/689 688/688/688 686/686/686
f 692/692/692 691/691/691 690/690/690
f 693/693/693 692/692/692 690/690/690
f 696/696/696 695/695/695 694/694/694
f 697/697/697 696/696/696 694/694/694
f 700/700/700 699/699/699 698/698/698
f 701/701/701 700/700/700 698/698/698
f 704/704/704 703/703/703 702/702/702
f 705/705/705 704/704/704 702/702/702
f 708/708/708 707/707/707 706/706/706
f 709/709/709 708/708/708 706/706/706
f 712/712/712 711/711/711 710/710/710
f 713/713/713 712/712/712 710/710/710
f 716/716/716 715/715/715 714/714/714
f 717/717/717 716/716/716 714/714/714
f 720/720/720 719/719/719 718/718/718
f 721/721/721 720/720/720 718/718/718
f 724/724/724 723/723/723 722/722/722
f 725/725/725 724/724/724 722/722/722
f 728/728/728 727/727/727 726/726/726
f 729/729/729 728/728/728 726/726/726
f 732/732/732 731/731/731 730/730/730
f 733/733/733 732/732/732 730/730/730
f 736/736/736 735/735/735 734/734/734
f 737/737/737 736/736/736 734/734/734
f 740/740/740 739/739/739 738/738/738
f 741/741/741 740/740/740 738/738/738
f 744/744/744 743/743/743 742/742/742
f 745/745/745 744/744/744 742/742/742
f 748/748/748 747/747/747 746/746/746
f 749/749/749 748/748/748 746/746/746
f 752/752/752 751/751/751 750/750/750
f 753/753/753 752/752/752 750/750/750
f 756/756/756 755/755/755 754/754/754
f 757/757/757 756/756/756 754/754/754
f 760/760/760 759/759/759 758/758/758
f 761/761/761 760/760/760 758/758/758
f 764/764/764 763/763/763 762/762/762
f 765/765/765 764/764/764 762/762/762
f 768/768/768 767/767/767 766/766/766
f 769/769/769 768/768/768 766/766/766
f 772/772/772 771/771/771 770/770/770
f 773/773/773 772/772/772 770/770/770
f 776/776/776 775/775/775 774/774/774
f 777/777/777 776/776/776 774/774/774
f 780/780/780 779/779/779 778/778/778
f 781/781/781 780/780/780 778/778/778
f 784/784/784 783/783/783 782/782/782
f 785/785/785 784/784/784 782/782/782
f 788/788/788 787/787/787 786/786/786
f 789/789/789 788/788/788 786/786/786
f 792/792/792 791/791/791 790/790/790
f 793/793/793 792/792/792 790/790/790
f 796/796/796 795/795/795 794/794/794
f 797/797/797 796/796/796 794/794/794
f 800/800/800 799/799/799 798/798/798
f 801/801/801 800/800/800 798/798/798
f 804/804/804 803/803/803 802/802/802
f 805/805/805 804/804/804 802/802/802
f 808/808/808 807/807/807 806/806/806
f 809/809/809 808/808/808 806/806/806
f 812/812/812 811/811/811 810/810/810
f 813/813/813 812/812/812 810/810/810
f 816/816/816 815/815/815 814/814/814
f 817/817/817 816/816/816 814/814/814
f 820/820/820 819/819/819 818/818/818
f 821/821/821 820/820/820 818/818/818
f 824/824/824 823/823/823 822/822/822
f 825/825/825 824/824/824 822/822/822
f 828/828/828 827/827/827 826/826/826
f 829/829/829 828/828/828 826/826/826
f 832/832/832 831/831/831 830/830/830
f 833/833/833 832/832/832 830/830/830
f 836/836/836 835/835/835 834/834/834
f 837/837/837 836/836/836 834/834/834
f 840/840/840 839/839/839 838/838/838
f 841/841/841 840/840/840 838/838/838
f 844/844/844 843/843/843 842/842/842
f 845/845/845 844/844/844 842/842/842
f 848/848/848 847/847/847 846/846/846
f 849/849/849 848/848/848 846/846/846
f 852/852/852 851/851/851 850/850/850
f 853/853/853 852/852/852 850/850/850
f 856/856/856 855/855/855 854/854/854
f 857/857/857 856/856/856 854/854/854
f 860/860/860 859/859/859 858/858/858
f 861/861/861 860/860/860 858/858/858
f 864/864/864 863/863/863 862/862/862
f 865/865/865 864/864/864 862/862/862
f 868/868/868 867/867/867 866/866/866
f 869/869/869 868/868/868 866/866/866
f 872/872/872 871/871/871 870/870/870
f 873/873/873 872/872/872 870/870/870
f 876/876/876 875/875/875 874/874/874
f 877/877/877 876/876/876 874/874/874
f 880/880/880 879/879/879 878/878/878
f 881/881/881 880/880/880 878/878/878
f 884/884/884 883/883/883 882/882/882
f 885/885/885 884/884/884 882/882/882
f 888/888/888 887/887/887 886/886/886
f 889/889/889 888/888/888 886/886/886
f 892/892/892 891/891/891 890/890/890
f 893/893/893 892/892/892 890/890/890
f 896/896/896 895/895/895 894/894/894
f 897/897/897 896/896/896 894/894/894
f 900/900/900 899/899/899 898/898/898
f 901/901/901 900/900/900 898/898/898
f 904/904/904 903/903/903 902/902/902
f 905/905/905 904/904/904 902/902/902
f 908/908/908 907/907/907 906/906/906
f 909/909/909 908/908/908 906/906/906
f 912/912/912 911/911/911 910/910/910
f 913/913/913 912/912/912 910/910/910
f 916/916/916 915/915/915 914/914/914
f 917/917/917 916/916/916 914/914/914
f 920/920/920 919/919/919 918/918/918
f 921/921/921 920/920/920 918/918/918
f 924/924/924 923/923/923 922/922/922
f 925/925/925 924/924/924 922/922/922
f 928/928/928 927/927/927 926/926/926
f 929/929/929 928/928/928 926/926/926
f 932/932/932 931/931/931 930/930/930
f 933/933/933 932/932/932 930/930/930
f 936/936/936 935/935/935 934/934/934
f 937/937/937 936/936/936 934/934/934
f 940/940/940 939/939/939 938/938/938
f 941/941/941 940/940/940 938/938/938
f 944/944/944 943/943/943 942/942/942
f 945/945/945 944/944/944 942/942/942
f 948/948/948 947/947/947 946/946/946
f 949/949/949 948/948/948 946/946/946
f 952/952/952 951/951/951 950/950/950
f 953/953/953 952/952/952 950/950/950
f 956/956/956 955/955/955 954/954/954
f 957/957/957 956/956/956 954/954/954
f 960/960/960 959/959/959 958/958/958
f 961/961/961 960/960/960 958/958/958
f 964/964/964 963/963/963 962/962/962
f 965/965/965 964/964/964 962/962/962
f 968/968/968 967/967/967 966/966/966
f 969/969/969 968/968/968 966/966/966
f 972/972/972 971/971/971 970/970/970
f 973/973/973 972/972/972 970/970/970
f 976/976/976 975/975/975 974/974/974
f 977/977/977 976/976/976 974/974/974
f 980/980/980 979/979/979 978/978/978
f 981/981/981 980/980/980 978/978/978
f 984/984/984 983/983/983 982/982/982
f 985/985/985 984/984/984 982/982/982
f 988/988/988 987/987/987 986/986/986
f 989/989/989 988/988/988 986/986/986
f 992/992/992 991/991/991 990/990/990
f 993/993/993 992/992/992 990/990/990
f 996/996/996 995/995/995 994/994/994
f 997/997/997 996/996/996 994/994/994
f 1000/1000/1000 999/999/999 998/998/998
f 1001/1001/1001 1000/1000/1000 998/998/998
f 1004/1004/1004 1003/1003/1003 1002/1002/1002
f 1005/1005/1005 1004/1004/1004 1002/1002/1002
f 1008/1008/1008 1007/1007/1007 1006/1006/1006
f 1009/1009/1009 1008/1008/1008 1006/1006/1006
f 1012/1012/1012 1011/1011/1011 1010/1010/1010
f 1013/1013/1013 1012/1012/1012 1010/1010/1010
f 1016/1016/1016 1015/1015/1015 1014/1014/1014
f 1017/1017/1017 1016/1016/1016 1014/1014/1014
f 1020/1020/1020 1019/1019/1019 1018/1018/1018
f 1021/1021/1021 1020/1020/1020 1018/1018/1018
f 1024/1024/1024 1023/1023/1023 1022/1022/1022
f 1025/1025/1025 1024/1024/1024 1022/1022/1022
f 1028/1028/1028 1027/1027/1027 1026/1026/1026
f 1029/1029/1029 1028/1028/1028 1026/1026/1026
f 1032/1032/1032 1031/1031/1031 1030/1030/1030
f 1033/1033/1033 1032/1032/1032 1030/1030/1030
f 1036/1036/1036 1035/1035/1035 1034/1034/1034
f 1037/1037/1037 1036/1036/1036 1034/1034/1034
f 1040/1040/1040 1039/1039/1039 1038/1038/1038
f 1041/1041/1041 1040/1040/1040 1038/1038/1038
f 1044/1044/1044 1043/1043/1043 1042/1042/1042
f 1045/1045/1045 1044/1044/1044 1042/1042/1042
f 1048/1048/1048 1047/1047/1047 1046/1046/1046
f 1049/1049/1049 1048/1048/1048 1046/1046/1046
f 1052/1052/1052 1051/1051/1051 1050/1050/1050
f 1053/1053/1053 1052/1052/1052 1050/1050/1050
f 1056/1056/1056 1055/1055/1055 1054/1054/1054
f 1057/1057/1057 1056/1056/1056 1054/1054/1054
f 1060/1060/1060 1059/1059/1059 1058/1058/1058
f 1061/1061/1061 1060/1060/1060 1058/1058/1058
f 1064/1064/1064 1063/1063/1063 1062/1062/1062
f 1065/1065/1065 1064/1064/1064 1062/1062/1062
f 1068/1068/1068 1067/1067/1067 1066/1066/1066
f 1069/1069/1069 1068/1068/1068 1066/1066/1066
f 1072/1072/1072 1071/1071/1071 1070/1070/1070
f 1073/1073/1073 1072/1072/1072 1070/1070/1070
f 1076/1076/1076 1075/1075/1075 1074/1074/1074
f 1077/1077/1077 1076/1076/1076 1074/1074/1074
f 1080/1080/1080 1079/1079/1079 1078/1078/1078
f 1081/1081/1081 1080/1080/1080 1078/1078/1078
f 1084/1084/1084 1083/1083/1083 1082/1082/1082
f 1085/1085/1085 1084/1084/1084 1082/1082/1082
f 1088/1088/1088 1087/1087/1087 1086/1086/1086
f 1089/1089/1089 1088/1088/1088 1086/1086/1086
f 1092/1092/1092 1091/1091/1091 1090/1090/1090
f 1093/1093/1093 1092/1092/1092 1090/1090/1090
f 1096/1096/1096 1095/1095/1095 1094/1094/1094
f 1097/1097/1097 1096/1096/1096 1094/1094/1094
f 1100/1100/1100 1099/1099/1099 1098/1098/1098
f 1101/1101/1101 1100/1100/1100 1098/1098/1098
f 1104/1104/1104 1103/1103/1103 1102/1102/1102
f 1105/1105/1105 1104/1104/1104 1102/1102/1102
f 1108/1108/1108 1107/1107/1107 1106/1106/1106
f 1109/1109/1109 1108/1108/1108 1106/1106/1106
f 1112/1112/1112 1111/1111/1111 1110/1110/1110
f 1113/1113/1113 1112/1112/1112 1110/1110/1110
f 1116/1116/1116 1115/1115/1115 1114/1114/1114
f 1117/1117/1117 1116/1116/1116 1114/1114/1114
f 1120/1120/1120 1119/1119/1119 1118/1118/1118
f 1121/1121/1121 1120/1120/1120 1118/1118/1118
f 1124/1124/1124 1123/1123/1123 1122/1122/1122
f 1125/1125/1125 1124/1124/1124 1122/1122/1122
f 1128/1128/1128 1127/1127/1127 1126/1126/1126
f 1129/1129/1129 1128/1128/1128 1126/1126/1126
f 1132/1132/1132 1131/1131/1131 1130/1130/1130
f 1133/1133/1133 1132/1132/1132 1130/1130/1130
f 1136/1136/1136 1135/1135/1135 1134/1134/1134
f 1137/1137/1137 1136/1136/1136 1134/1134/1134
f 1140/1140/1140 1139/1139/1139 1138/1138/1138
f 1141/1141/1141 1140/1140/1140 1138/1138/1138
f 1144/1144/1144 1143/1143/1143 1142/1142/1142
f 1145/1145/1145 1144/1144/1144 1142/1142/1142
f 1148/1148/1148 1147/1147/1147 1146/1146/1146
f 1149/1149/1149 1148/1148/1148 1146/1146/1146
f 1152/1152/1152 1151/1151/1151 1150/1150/1150
f 1153/1153/1153 1152/1152/1152 1150/1150/1150
f 1156/1156/1156 1155/1155/1155 1154/1154/1154
f 1157/1157/1157 1156/1156/1156 1154/1154/1154
f 1160/1160/1160 1159/1159/1159 1158/1158/1158
f 1161/1161/1161 1160/1160/1160 1158/1158/1158
f 1164/1164/1164 1163/1163/1163 1162/1162/1162
f 1165/1165/1165 1164/1164/1164 1162/1162/1162
f 1168/1168/1168 1167/1167/1167 1166/1166/1166
f 1169/1169/1169 1168/1168/1168 1166/1166/1166
f 1172/1172/1172 1171/1171/1171 1170/1170/1170
f 1173/1173/1173 1172/1172/1172 1170/1170/1170
f 1176/1176/1176 1175/1175/1175 1174/1174/1174
f 1177/1177/1177 1176/1176/1176 1174/1174/1174
f 1180/1180/1180 1179/1179/1179 1178/1178/1178
f 1181/1181/1181 1180/1180/1180 1178/1178/1178
f 1184/1184/1184 1183/1183/1183 1182/1182/1182
f 1185/1185/1185 1184/1184/1184 1182/1182/1182
f 1188/1188/1188 1187/1187/1187 1186/1186/1186
f 1189/1189/1189 1188/1188/1188 1186/1186/1186
f 1192/1192/1192 1191/1191/1191 1190/1190/1190
f 1193/1193/1193 1192/1192/1192 1190/1190/1190
f 1196/1196/1196 1195/1195/1195 1194/1194/1194
f 1197/1197/1197 1196/1196/1196 1194/1194/1194
f 1200/1200/1200 1199/1199/1199 1198/1198/1198
f 1201/1201/1201 1200/1200/1200 1198/1198/1198
f 1204/1204/1204 1203/1203/1203 1202/1202/1202
f 1205/1205/1205 1204/1204/1204 1202/1202/1202
f 1208/1208/1208 1207/1207/1207 1206/1206/1206
f 1209/1209/1209 1208/1208/1208 1206/1206/1206
f 1212/1212/1212 1211/1211/1211 1210/1210/1210
f 1213/1213/1213 1212/1212/1212 1210/1210/1210
f 1216/1216/1216 1215/1215/1215 1214/1214/1214
f 1217/1217/1217 1216/1216/1216 1214/1214/1214
f 1220/1220/1220 1219/1219/1219 1218/1218/1218
f 1221/1221/1221 1220/1220/1220 1218/1218/1218
f 1224/1224/1224 1223/1223/1223 1222/1222/1222
f 1225/1225/1225 1224/1224/1224 1222/1222/1222
f 1228/1228/1228 1227/1227/1227 1226/1226/1226
f 1229/1229/1229 1228/1228/1228 1226/1226/1226
f 1232/1232/1232 1231/1231/1231 1230/1230/1230
f 1233/1233/1233 1232/1232/1232 1230/1230/1230
f 1236/1236/1236 1235/1235/1235 1234/1234/1234
f 1237/1237/1237 1236/1236/1236 1234/1234/1234
f 1240/1240/1240 1239/1239/1239 1238/1238/1238
f 1241/1241/1241 1240/1240/1240 1238/1238/1238
f 1244/1244/1244 1243/1243/1243 1242/1242/1242
f 1245/1245/1245 1244/1244/1244 1242/1242/1242
f 1248/1248/1248 1247/1247/1247 1246/1246/1246
f 1249/1249/1249 1248/1248/1248 1246/1246/1246
f 1252/1252/1252 1251/1251/1251 1250/1250/1250
f 1253/1253/1253 1252/1252/1252 1250/1250/1250
f 1256/1256/1256 1255/1255/1255 1254/1254/1254
f 1257/1257/1257 1256/1256/1256 1254/1254/1254
f 1260/1260/1260 1259/1259/1259 1258/1258/1258
f 1261/1261/1261 1260/1260/1260 1258/1258/1258
f 1264/1264/1264 1263/1263/1263 1262/1262/1262
f 1265/1265/1265 1264/1264/1264 1262/1262/1262
f 1268/1268/1268 1267/1267/1267 1266/1266/1266
f 1269/1269/1269 1268/1268/1268 1266/1266/1266
f 1272/1272/1272 1271/1271/1271 1270/1270/1270
f 1273/1273/1273 1272/1272/1272 1270/1270/1270
f 1276/1276/1276 1275/1275/1275 1274/1274/1274
f 1277/1277/1277 1276/1276/1276 1274/1274/1274
f 1280/1280/1280 1279/1279/1279 1278/1278/1278
f 1281/1281/1281 1280/1280/1280 1278/1278/1278
f 1284/1284/1284 1283/1283/1283 1282/1282/1282
f 1285/1285/1285 1284/1284/1284 1282/1282/1282
f 1288/1288/1288 1287/1287/1287 1286/1286/1286
f 1289/1289/1289 1288/1288/1288 1286/1286/1286
f 1292/1292/1292 1291/1291/1291 1290/1290/1290
f 1293/1293/1293 1292/1292/1292 1290/1290/1290
f 1296/1296/1296 1295/1295/1295 1294/1294/1294
f 1297/1297/1297 1296/1296/1296 1294/1294/1294
f 1300/1300/1300 1299/1299/1299 1298/1298/1298
f 1301/1301/1301 1300/1300/1300 1298/1298/1298
f 1304/1304/1304 1303/1303/1303 1302/1302/1302
f 1305/1305/1305 1304/1304/1304 1302/1302/1302
f 1308/1308/1308 1307/1307/1307 1306/1306/1306
f 1309/1309/1309 1308/1308/1308 1306/1306/1306
f 1312/1312/1312 1311/1311/1311 1310/1310/1310
f 1313/1313/1313 1312/1312/1312 1310/1310/1310
f 1316/1316/1316 1315/1315/1315 1314/1314/1314
f 1317/1317/1317 1316/1316/1316 1314/1314/1314
f 1320/1320/1320 1319/1319/1319 1318/1318/1318
f 1321/1321/1321 1320/1320/1320 1318/1318/1318
f 1324/1324/1324 1323/1323/1323 1322/1322/1322
f 1325/1325/1325 1324/1324/1324 1322/1322/1322
f 1328/1328/1328 1327/1327/1327 1326/1326/1326
f 1329/1329/1329 1328/1328/1328 1326/1326/1326
f 1332/1332/1332 1331/1331/1331 1330/1330/1330
f 1333/1333/1333 1332/1332/1332 1330/1330/1330
f 1336/1336/1336 1335/1335/1335 1334/1334/1334
f 1337/1337/1337 1336/1336/1336 1334/1334/1334
f 1340/1340/1340 1339/1339/1339 1338/1338/1338
f 1341/1341/1341 1340/1340/1340 1338/1338/1338
f 1344/1344/1344 1343/1343/1343 1342/1342/1342
f 1345/1345/1345 1344/1344/1344 1342/1342/1342
f 1348/1348/1348 1347/1347/1347 1346/1346/1346
f 1349/1349/1349 1348/1348/1348 1346/1346/1346
f 1352/1352/1352 1351/1351/1351 1350/1350/1350
f 1353/1353/1353 1352/1352/1352 1350/1350/1350
f 1356/1356/1356 1355/1355/1355 1354/1354/1354
f 1357/1357/1357 1356/1356/1356 1354/1354/1354
f 1360/1360/1360 1359/1359/1359 1358/1358/1358
f 1361/1361/1361 1360/1360/1360 1358/1358/1358
f 1364/1364/1364 1363/1363/1363 1362/1362/1362
f 1365/1365/1365 1364/1364/1364 1362/1362/1362
f 1368/1368/1368 1367/1367/1367 1366/1366/1366
f 1369/1369/1369 1368/1368/1368 1366/1366/1366
f 1372/1372/1372 1371/1371/1371 1370/1370/1370
f 1373/1373/1373 1372/1372/1372 1370/1370/1370
f 1376/1376/1376 1375/1375/1375 1374/1374/1374
f 1377/1377/1377 1376/1376/1376 1374/1374/1374
f 1380/1380/1380 1379/1379/1379 1378/1378/1378
f 1381/1381/1381 1380/1380/1380 1378/1378/1378
f 1384/1384/1384 1383/1383/1383 1382/1382/1382
f 1385/1385/1385 1384/1384/1384 1382/1382/1382
f 1388/1388/1388 1387/1387/1387 1386/1386/1386
f 1389/1389/1389 1388/1388/1388 1386/1386/1386
f 1392/1392/1392 1391/1391/1391 1390/1390/1390
f 1393/1393/1393 1392/1392/1392 1390/1390/1390
f 1396/1396/1396 1395/1395/1395 1394/1394/1394
f 1397/1397/1397 1396/1396/1396 1394/1394/1394
f 1400/1400/1400 1399/1399/1399 1398/1398/1398
f 1401/1401/1401 1400/1400/1400 1398/1398/1398
f 1404/1404/1404 1403/1403/1403 1402/1402/1402
f 1405/1405/1405 1404/1404/1404 1402/1402/1402
f 1408/1408/1408 1407/1407/1407 1406/1406/1406
f 1409/1409/1409 1408/1408/1408 1406/1406/1406
f 1412/1412/1412 1411/1411/1411 1410/1410/1410
f 1413/1413/1413 1412/1412/1412 1410/1410/1410
f 1416/1416/1416 1415/1415/1415 1414/1414/1414
f 1417/1417/1417 1416/1416/1416 1414/1414/1414
f 1420/1420/1420 1419/1419/1419 1418/1418/1418
f 1421/1421/1421 1420/1420/1420 1418/1418/1418
f 1424/1424/1424 1423/1423/1423 1422/1422/1422
f 1425/1425/1425 1424/1424/1424 1422/1422/1422
f 1428/1428/1428 1427/1427/1427 1426/1426/1426
f 1429/1429/1429 1428/1428/1428 1426/1426/1426
f 1432/1432/1432 1431/1431/1431 1430/1430/1430
f 1433/1433/1433 1432/1432/1432 1430/1430/1430
f 1436/1436/1436 1435/1435/1435 1434/1434/1434
f 1437/1437/1437 1436/1436/1436 1434/1434/1434
f 1440/1440/1440 1439/1439/1439 1438/1438/1438
f 1441/1441/1441 1440/1440/1440 1438/1438/1438
f 1444/1444/1444 1443/1443/1443 1442/1442/1442
f 1445/1445/1445 1444/1444/1444 1442/1442/1442
f 1448/1448/1448 1447/1447/1447 1446/1446/1446
f 1449/1449/1449 1448/1448/1448 1446/1446/1446
f 1452/1452/1452 1451/1451/1451 1450/1450/1450
f 1453/1453/1453 1452/1452/1452 1450/1450/1450
f 1456/1456/1456 1455/1455/1455 1454/1454/1454
f 1457/1457/1457 1456/1456/1456 1454/1454/1454
f 1460/1460/1460 1459/1459/1459 1458/1458/1458
f 1461/1461/1461 1460/1460/1460 1458/1458/1458
f 1464/1464/1464 1463/1463/1463 1462/1462/1462
f 1465/1465/1465 1464/1464/1464 1462/1462/1462
f 1468/1468/1468 1467/1467/1467 1466/1466/1466
f 1469/1469/1469 1468/1468/1468 1466/1466/1466
f 1472/1472/1472 1471/1471/1471 1470/1470/1470
f 1473/1473/1473 1472/1472/1472 1470/1470/1470
f 1476/1476/1476 1475/1475/1475 1474/1474/1474
f 1477/1477/1477 1476/1476/1476 1474/1474/1474
f 1480/1480/1480 1479/1479/1479 1478/1478/1478
f 1481/1481/1481 1480/1480/1480 1478/1478/1478
f 1484/1484/1484 1483/1483/1483 1482/1482/1482
f 1485/1485/1485 1484/1484/1484 1482/1482/1482
f 1488/1488/1488 1487/1487/1487 1486/1486/1486
f 1489/1489/1489 1488/1488/1488 1486/1486/1486
f 1492/1492/1492 1491/1491/1491 1490/1490/1490
f 1493/1493/1493 1492/1492/1492 1490/1490/1490
f 1496/1496/1496 1495/1495/1495 1494/1494/1494
f 1497/1497/1497 1496/1496/1496 1494/1494/1494
f 1500/1500/1500 1499/1499/1499 1498/1498/1498
f 1501/1501/1501 1500/1500/1500 1498/1498/1498
f 1504/1504/1504 1503/1503/1503 1502/1502/1502
f 1505/1505/1505 1504/1504/1504 1502/1502/1502
f 1508/1508/1508 1507/1507/1507 1506/1506/1506
f 1509/1509/1509 1508/1508/1508 1506/1506/1506
f 1512/1512/1512 1511/1511/1511 1510/1510/1510
f 1513/1513/1513 1512/1512/1512 1510/1510/1510
f 1516/1516/1516 1515/1515/1515 1514/1514/1514
f 1517/1517/1517 1516/1516/1516 1514/1514/1514
f 1520/1520/1520 1519/1519/1519 1518/1518/1518
f 1521/1521/1521 1520/1520/1520 1518/1518/1518
f 1524/1524/1524 1523/1523/1523 1522/1522/1522
f 1525/1525/1525 1524/1524/1524 1522/1522/1522
f 1528/1528/1528 1527/1527/1527 1526/1526/1526
f 1529/1529/1529 1528/1528/1528 1526/1526/1526
f 1532/1532/1532 1531/1531/1531 1530/1530/1530
f 1533/1533/1533 1532/1532/1532 1530/1530/1530
f 1536/1536/1536 1535/1535/1535 1534/1534/1534
f 1537/1537/1537 1536/1536/1536 1534/1534/1534
f 1540/1540/1540 1539/1539/1539 1538/1538/1538
f 1541/1541/1541 1540/1540/1540 1538/1538/1538
f 1544/1544/1544 1543/1543/1543 1542/1542/1542
f 1545/1545/1545 1544/1544/1544 1542/1542/1542
f 1548/1548/1548 1547/1547/1547 1546/1546/1546
f 1549/1549/1549 1548/1548/1548 1546/1546/1546
f 1552/1552/1552 1551/1551/1551 1550/1550/1550
f 1553/1553/1553 1552/1552/1552 1550/1550/1550
f 1556/1556/1556 1555/1555/1555 1554/1554/1554
f 1557/1557/1557 1556/1556/1556 1554/1554/1554
f 1560/1560/1560 1559/1559/1559 1558/1558/1558
f 1561/1561/1561 1560/1560/1560 1558/1558/1558
f 1564/1564/1564 1563/1563/1563 1562/1562/1562
f 1565/1565/1565 1564/1564/1564 1562/1562/1562
f 1568/1568/1568 1567/1567/1567 1566/1566/1566
f 1569/1569/1569 1568/1568/1568 1566/1566/1566
f 1572/1572/1572 1571/1571/1571 1570/1570/1570
f 1573/1573/1573 1572/1572/1572 1570/1570/1570
f 1576/1576/1576 1575/1575/1575 1574/1574/1574
f 1577/1577/1577 1576/1576/1576 1574/1574/1574
f 1580/1580/1580 1579/1579/1579 1578/1578/1578
f 1581/1581/1581 1580/1580/1580 1578/1578/1578
f 1584/1584/1584 1583/1583/1583 1582/1582/1582
f 1585/1585/1585 1584/1584/1584 1582/1582/1582
f 1588/1588/1588 1587/1587/1587 1586/1586/1586
f 1589/1589/1589 1588/1588/1588 1586/1586/1586
f 1592/1592/1592 1591/1591/1591 1590/1590/1590
f 1593/1593/1593 1592/1592/1592 1590/1590/1590
f 1596/1596/1596 1595/1595/1595 1594/1594/1594
f 1597/1597/1597 1596/1596/1596 1594/1594/1594
f 1600/1600/1600 1599/1599/1599 1598/1598/1598
f 1601/1601/1601 1600/1600/1600 1598/1598/1598
f 1604/1604/1604 1603/1603/1603 1602/1602/1602
f 1605/1605/1605 1604/1604/1604 1602/1602/1602
f 1608/1608/1608 1607/1607/1607 1606/1606/1606
f 1609/1609/1609 1608/1608/1608 1606/1606/1606
f 1612/1612/1612 1611/1611/1611 1610/1610/1610
f 1613/1613/1613 1612/1612/1612 1610/1610/1610
f 1616/1616/1616 1615/1615/1615 1614/1614/1614
f 1617/1617/1617 1616/1616/1616 1614/1614/1614
f 1620/1620/1620 1619/1619/1619 1618/1618/1618
f 1621/1621/1621 1620/1620/1620 1618/1618/1618
f 1624/1624/1624 1623/1623/1623 1622/1622/1622
f 1625/1625/1625 1624/1624/1624 1622/1622/1622
f 1628/1628/1628 1627/1627/1627 1626/1626/1626
f 1629/1629/1629 1628/1628/1628 1626/1626/1626
f 1632/1632/1632 1631/1631/1631 1630/1630/1630
f 1633/1633/1633 1632/1632/1632 1630/1630/1630
f 1636/1636/1636 1635/1635/1635 1634/1634/1634
f 1637/1637/1637 1636/1636/1636 1634/1634/1634
f 1640/1640/1640 1639/1639/1639 1638/1638/1638
f 1641/1641/1641 1640/1640/1640 1638/1638/1638
f 1644/1644/1644 1643/1643/1643 1642/1642/1642
f 1645/1645/1645 1644/1644/1644 1642/1642/1642
f 1648/1648/1648 1647/1647/1647 1646/1646/1646
f 1649/1649/1649 1648/1648/1648 1646/1646/1646
f 1652/1652/1652 1651/1651/1651 1650/1650/1650
f 1653/1653/1653 1652/1652/1652 1650/1650/1650
f 1656/1656/1656 1655/1655/1655 1654/1654/1654
f 1657/1657/1657 1656/1656/1656 1654/1654/1654
f 1660/1660/1660 1659/1659/1659 1658/1658/1658
f 1661/1661/1661 1660/1660/1660 1658/1658/1658
f 1664/1664/1664 1663/1663/1663 1662/1662/1662
f 1665/1665/1665 1664/1664/1664 1662/1662/1662
f 1668/1668/1668 1667/1667/1667 1666/1666/1666
f 1669/1669/1669 1668/1668/1668 1666/1666/1666
f 1672/1672/1672 1671/1671/1671 1670/1670/1670
f 1673/1673/1673 1672/1672/1672 1670/1670/1670
f 1676/1676/1676 1675/1675/1675 1674/1674/1674
f 1677/1677/1677 1676/1676/1676 1674/1674/1674
f 1680/1680/1680 1679/1679/1679 1678/1678/1678
f 1681/1681/1681 1680/1680/1680 1678/1678/1678
f 1684/1684/1684 1683/1683/1683 1682/1682/1682
f 1685/1685/1685 1684/1684/1684 1682/1682/1682
f 1688/1688/1688 1687/1687/1687 1686/1686/1686
f 1689/1689/1689 1688/1688/1688 1686/1686/1686
f 1692/1692/1692 1691/1691/1691 1690/1690/1690
f 1693/1693/1693 1692/1692/1692 1690/1690/1690
f 1696/1696/1696 1695/1695/1695 1694/1694/1694
f 1697/1697/1697 1696/1696/1696 1694/1694/1694
f 1700/1700/1700 1699/1699/1699 1698/1698/1698
f 1701/1701/1701 1700/1700/1700 1698/1698/1698
f 1701/1701/1701 1698/1698/1698 1702/1702/1702
f 1703/1703/1703 1701/1701/1701 1702/1702/1702
f 1706/1706/1706 1705/1705/1705 1704/1704/1704
f 1705/1705/1705 1707/1707/1707 1704/1704/1704
f 1707/1707/1707 1705/1705/1705 1708/1708/1708
f 1709/1709/1709 1707/1707/1707 1708/1708/1708
f 1712/1712/1712 1711/1711/1711 1710/1710/1710
f 1711/1711/1711 1713/1713/1713 1710/1710/1710
f 1713/1713/1713 1711/1711/1711 1714/1714/1714
f 1715/1715/1715 1713/1713/1713 1714/1714/1714
f 1718/1718/1718 1717/1717/1717 1716/1716/1716
f 1717/1717/1717 1719/1719/1719 1716/1716/1716
f 1719/1719/1719 1717/1717/1717 1720/1720/1720
f 1721/1721/1721 1719/1719/1719 1720/1720/1720
f 1724/1724/1724 1723/1723/1723 1722/1722/1722
f 1723/1723/1723 1725/1725/1725 1722/1722/1722
f 1725/1725/1725 1723/1723/1723 1726/1726/1726
f 1727/1727/1727 1725/1725/1725 1726/1726/1726
f 1730/1730/1730 1729/1729/1729 1728/1728/1728
f 1729/1729/1729 1731/1731/1731 1728/1728/1728
f 1731/1731/1731 1729/1729/1729 1732/1732/1732
f 1733/1733/1733 1731/1731/1731 1732/1732/1732
f 1736/1736/1736 1735/1735/1735 1734/1734/1734
f 1737/1737/1737 1736/1736/1736 1734/1734/1734
f 1740/1740/1740 1739/1739/1739 1738/1738/1738
f 1741/1741/1741 1740/1740/1740 1738/1738/1738
f 1744/1744/1744 1743/1743/1743 1742/1742/1742
f 1745/1745/1745 1744/1744/1744 1742/1742/1742
f 1748/1748/1748 1747/1747/1747 1746/1746/1746
f 1749/1749/1749 1748/1748/1748 1746/1746/1746
f 1752/1752/1752 1751/1751/1751 1750/1750/1750
f 1753/1753/1753 1752/1752/1752 1750/1750/1750
f 1756/1756/1756 1755/1755/1755 1754/1754/1754
f 1757/1757/1757 1756/1756/1756 1754/1754/1754
f 1760/1760/1760 1759/1759/1759 1758/1758/1758
f 1761/1761/1761 1760/1760/1760 1758/1758/1758
f 1761/1761/1761 1758/1758/1758 1762/1762/1762
f 1763/1763/1763 1761/1761/1761 1762/1762/1762
f 1766/1766/1766 1765/1765/1765 1764/1764/1764
f 1765/1765/1765 1767/1767/1767 1764/1764/1764
f 1767/1767/1767 1765/1765/1765 1768/1768/1768
f 1769/1769/1769 1767/1767/1767 1768/1768/1768
f 1772/1772/1772 1771/1771/1771 1770/1770/1770
f 1771/1771/1771 1773/1773/1773 1770/1770/1770
f 1773/1773/1773 1771/1771/1771 1774/1774/1774
f 1775/1775/1775 1773/1773/1773 1774/1774/1774
f 1778/1778/1778 1777/1777/1777 1776/1776/1776
f 1777/1777/1777 1779/1779/1779 1776/1776/1776
f 1779/1779/1779 1777/1777/1777 1780/1780/1780
f 1781/1781/1781 1779/1779/1779 1780/1780/1780
f 1784/1784/1784 1783/1783/1783 1782/1782/1782
f 1783/1783/1783 1785/1785/1785 1782/1782/1782
f 1785/1785/1785 1783/1783/1783 1786/1786/1786
f 1787/1787/1787 1785/1785/1785 1786/1786/1786
f 1790/1790/1790 1789/1789/1789 1788/1788/1788
f 1789/1789/1789 1791/1791/1791 1788/1788/1788
f 1791/1791/1791 1789/1789/1789 1792/1792/1792
f 1793/1793/1793 1791/1791/1791 1792/1792/1792
f 1796/1796/1796 1795/1795/1795 1794/1794/1794
f 1797/1797/1797 1796/1796/1796 1794/1794/1794
f 1800/1800/1800 1799/1799/1799 1798/1798/1798
f 1801/1801/1801 1800/1800/1800 1798/1798/1798
f 1804/1804/1804 1803/1803/1803 1802/1802/1802
f 1805/1805/1805 1804/1804/1804 1802/1802/1802
f 1808/1808/1808 1807/1807/1807 1806/1806/1806
f 1809/1809/1809 1808/1808/1808 1806/1806/1806
f 1812/1812/1812 1811/1811/1811 1810/1810/1810
f 1813/1813/1813 1812/1812/1812 1810/1810/1810
f 1816/1816/1816 1815/1815/1815 1814/1814/1814
f 1817/1817/1817 1816/1816/1816 1814/1814/1814
f 1820/1820/1820 1819/1819/1819 1818/1818/1818
f 1821/1821/1821 1820/1820/1820 1818/1818/1818
f 1824/1824/1824 1823/1823/1823 1822/1822/1822
f 1825/1825/1825 1824/1824/1824 1822/1822/1822
f 1828/1828/1828 1827/1827/1827 1826/1826/1826
f 1829/1829/1829 1828/1828/1828 1826/1826/1826
f 1832/1832/1832 1831/1831/1831 1830/1830/1830
f 1833/1833/1833 1832/1832/1832 1830/1830/1830
f 1836/1836/1836 1835/1835/1835 1834/1834/1834
f 1837/1837/1837 1836/1836/1836 1834/1834/1834
f 1840/1840/1840 1839/1839/1839 1838/1838/1838
f 1841/1841/1841 1840/1840/1840 1838/1838/1838
f 1844/1844/1844 1843/1843/1843 1842/1842/1842
f 1845/1845/1845 1844/1844/1844 1842/1842/1842
f 1848/1848/1848 1847/1847/1847 1846/1846/1846
f 1849/1849/1849 1848/1848/1848 1846/1846/1846
f 1852/1852/1852 1851/1851/1851 1850/1850/1850
f 1853/1853/1853 1852/1852/1852 1850/1850/1850
f 1856/1856/1856 1855/1855/1855 1854/1854/1854
f 1857/1857/1857 1856/1856/1856 1854/1854/1854
f 1860/1860/1860 1859/1859/1859 1858/1858/1858
f 1861/1861/1861 1860/1860/1860 1858/1858/1858
f 1864/1864/1864 1863/1863/1863 1862/1862/1862
f 1865/1865/1865 1864/1864/1864 1862/1862/1862
f 1868/1868/1868 1867/1867/1867 1866/1866/1866
f 1869/1869/1869 1868/1868/1868 1866/1866/1866
f 1872/1872/1872 1871/1871/1871 1870/1870/1870
f 1873/1873/1873 1872/1872/1872 1870/1870/1870
f 1876/1876/1876 1875/1875/1875 1874/1874/1874
f 1877/1877/1877 1876/1876/1876 1874/1874/1874
f 1880/1880/1880 1879/1879/1879 1878/1878/1878
f 1881/1881/1881 1880/1880/1880 1878/1878/1878
f 1884/1884/1884 1883/1883/1883 1882/1882/1882
f 1885/1885/1885 1884/1884/1884 1882/1882/1882
f 1888/1888/1888 1887/1887/1887 1886/1886/1886
f 1889/1889/1889 1888/1888/1888 1886/1886/1886
f 1892/1892/1892 1891/1891/1891 1890/1890/1890
f 1893/1893/1893 1892/1892/1892 1890/1890/1890
f 1896/1896/1896 1895/1895/1895 1894/1894/1894
f 1897/1897/1897 1896/1896/1896 1894/1894/1894
f 1900/1900/1900 1899/1899/1899 1898/1898/1898
f 1901/1901/1901 1900/1900/1900 1898/1898/1898
f 1904/1904/1904 1903/1903/1903 1902/1902/1902
f 1905/1905/1905 1904/1904/1904 1902/1902/1902
f 1908/1908/1908 1907/1907/1907 1906/1906/1906
f 1909/1909/1909 1908/1908/1908 1906/1906/1906
f 1912/1912/1912 1911/1911/1911 1910/1910/1910
f 1913/1913/1913 1912/1912/1912 1910/1910/1910
f 1916/1916/1916 1915/1915/1915 1914/1914/1914
f 1917/1917/1917 1916/1916/1916 1914/1914/1914
f 1920/1920/1920 1919/1919/1919 1918/1918/1918
f 1921/1921/1921 1920/1920/1920 1918/1918/1918
f 1924/1924/1924 1923/1923/1923 1922/1922/1922
f 1925/1925/1925 1924/1924/1924 1922/1922/1922
f 1928/1928/1928 1927/1927/1927 1926/1926/1926
f 1929/1929/1929 1928/1928/1928 1926/1926/1926
f 1932/1932/1932 1931/1931/1931 1930/1930/1930
f 1933/1933/1933 1932/1932/1932 1930/1930/1930
f 1936/1936/1936 1935/1935/1935 1934/1934/1934
f 1937/1937/1937 1936/1936/1936 1934/1934/1934
f 1940/1940/1940 1939/1939/1939 1938/1938/1938
f 1941/1941/1941 1940/1940/1940 1938/1938/1938
f 1944/1944/1944 1943/1943/1943 1942/1942/1942
f 1945/1945/1945 1944/1944/1944 1942/1942/1942
f 1948/1948/1948 1947/1947/1947 1946/1946/1946
f 1949/1949/1949 1948/1948/1948 1946/1946/1946
f 1952/1952/1952 1951/1951/1951 1950/1950/1950
f 1953/1953/1953 1952/1952/1952 1950/1950/1950
f 1956/1956/1956 1955/1955/1955 1954/1954/1954
f 1957/1957/1957 1956/1956/1956 1954/1954/1954
f 1960/1960/1960 1959/1959/1959 1958/1958/1958
f 1961/1961/1961 1960/1960/1960 1958/1958/1958
f 1964/1964/1964 1963/1963/1963 1962/1962/1962
f 1965/1965/1965 1964/1964/1964 1962/1962/1962
f 1968/1968/1968 1967/1967/1967 1966/1966/1966
f 1969/1969/1969 1968/1968/1968 1966/1966/1966
f 1972/1972/1972 1971/1971/1971 1970/1970/1970
f 1973/1973/1973 1972/1972/1972 1970/1970/1970
f 1976/1976/1976 1975/1975/1975 1974/1974/1974
f 1977/1977/1977 1976/1976/1976 1974/1974/1974
f 1980/1980/1980 1979/1979/1979 1978/1978/1978
f 1981/1981/1981 1980/1980/1980 1978/1978/1978
f 1984/1984/1984 1983/1983/1983 1982/1982/1982
f 1985/1985/1985 1984/1984/1984 1982/1982/1982
f 1988/1988/1988 1987/1987/1987 1986/1986/1986
f 1989/1989/1989 1988/1988/1988 1986/1986/1986
f 1992/1992/1992 1991/1991/1991 1990/1990/1990
f 1993/1993/1993 1992/1992/1992 1990/1990/1990
f 1996/1996/1996 1995/1995/1995 1994/1994/1994
f 1997/1997/1997 1996/1996/1996 1994/1994/1994
f 2000/2000/2000 1999/1999/1999 1998/1998/1998
f 2001/2001/2001 2000/2000/2000 1998/1998/1998
f 2004/2004/2004 2003/2003/2003 2002/2002/2002
f 2005/2005/2005 2004/2004/2004 2002/2002/2002
f 2008/2008/2008 2007/2007/2007 2006/2006/2006
f 2009/2009/2009 2008/2008/2008 2006/2006/2006
f 2012/2012/2012 2011/2011/2011 2010/2010/2010
f 2013/2013/2013 2012/2012/2012 2010/2010/2010
f 2016/2016/2016 2015/2015/2015 2014/2014/2014
f 2017/2017/2017 2016/2016/2016 2014/2014/2014
f 2020/2020/2020 2019/2019/2019 2018/2018/2018
f 2021/2021/2021 2020/2020/2020 2018/2018/2018
f 2024/2024/2024 2023/2023/2023 2022/2022/2022
f 2025/2025/2025 2024/2024/2024 2022/2022/2022
f 2028/2028/2028 2027/2027/2027 2026/2026/2026
f 2029/2029/2029 2028/2028/2028 2026/2026/2026
f 2032/2032/2032 2031/2031/2031 2030/2030/2030
f 2033/2033/2033 2032/2032/2032 2030/2030/2030
f 2036/2036/2036 2035/2035/2035 2034/2034/2034
f 2037/2037/2037 2036/2036/2036 2034/2034/2034
f 2040/2040/2040 2039/2039/2039 2038/2038/2038
f 2041/2041/2041 2040/2040/2040 2038/2038/2038
f 2044/2044/2044 2043/2043/2043 2042/2042/2042
f 2045/2045/2045 2044/2044/2044 2042/2042/2042
f 2048/2048/2048 2047/2047/2047 2046/2046/2046
f 2049/2049/2049 2048/2048/2048 2046/2046/2046
f 2052/2052/2052 2051/2051/2051 2050/2050/2050
f 2053/2053/2053 2052/2052/2052 2050/2050/2050
f 2056/2056/2056 2055/2055/2055 2054/2054/2054
f 2057/2057/2057 2056/2056/2056 2054/2054/2054
f 2060/2060/2060 2059/2059/2059 2058/2058/2058
f 2061/2061/2061 2060/2060/2060 2058/2058/2058
f 2064/2064/2064 2063/2063/2063 2062/2062/2062
f 2065/2065/2065 2064/2064/2064 2062/2062/2062
f 2068/2068/2068 2067/2067/2067 2066/2066/2066
f 2069/2069/2069 2068/2068/2068 2066/2066/2066
f 2072/2072/2072 2071/2071/2071 2070/2070/2070
f 2073/2073/2073 2072/2072/2072 2070/2070/2070
f 2076/2076/2076 2075/2075/2075 2074/2074/2074
f 2077/2077/2077 2076/2076/2076 2074/2074/2074
f 2080/2080/2080 2079/2079/2079 2078/2078/2078
f 2081/2081/2081 2080/2080/2080 2078/2078/2078
f 2084/2084/2084 2083/2083/2083 2082/2082/2082
f 2085/2085/2085 2084/2084/2084 2082/2082/2082
f 2088/2088/2088 2087/2087/2087 2086/2086/2086
f 2089/2089/2089 2088/2088/2088 2086/2086/2086
f 2092/2092/2092 2091/2091/2091 2090/2090/2090
f 2093/2093/2093 2092/2092/2092 2090/2090/2090
f 2096/2096/2096 2095/2095/2095 2094/2094/2094
f 2097/2097/2097 2096/2096/2096 2094/2094/2094
f 2100/2100/2100 2099/2099/2099 2098/2098/2098
f 2101/2101/2101 2100/2100/2100 2098/2098/2098
f 2104/2104/2104 2103/2103/2103 2102/2102/2102
f 2105/2105/2105 2104/2104/2104 2102/2102/2102
f 2108/2108/2108 2107/2107/2107 2106/2106/2106
f 2109/2109/2109 2108/2108/2108 2106/2106/2106
f 2112/2112/2112 2111/2111/2111 2110/2110/2110
f 2113/2113/2113 2112/2112/2112 2110/2110/2110
f 2116/2116/2116 2115/2115/2115 2114/2114/2114
f 2117/2117/2117 2116/2116/2116 2114/2114/2114
f 2120/2120/2120 2119/2119/2119 2118/2118/2118
f 2121/2121/2121 2120/2120/2120 2118/2118/2118
f 2124/2124/2124 2123/2123/2123 2122/2122/2122
f 2125/2125/2125 2124/2124/2124 2122/2122/2122
f 2128/2128/2128 2127/2127/2127 2126/2126/2126
f 2129/2129/2129 2128/2128/2128 2126/2126/2126
f 2132/2132/2132 2131/2131/2131 2130/2130/2130
f 2133/2133/2133 2132/2132/2132 2130/2130/2130
f 2136/2136/2136 2135/2135/2135 2134/2134/2134
f 2137/2137/2137 2136/2136/2136 2134/2134/2134
f 2140/2140/2140 2139/2139/2139 2138/2138/2138
f 2141/2141/2141 2140/2140/2140 2138/2138/2138
f 2144/2144/2144 2143/2143/2143 2142/2142/2142
f 2145/2145/2145 2144/2144/2144 2142/2142/2142
f 2148/2148/2148 2147/2147/2147 2146/2146/2146
f 2149/2149/2149 2148/2148/2148 2146/2146/2146
f 2152/2152/2152 2151/2151/2151 2150/2150/2150
f 2153/2153/2153 2152/2152/2152 2150/2150/2150
f 2156/2156/2156 2155/2155/2155 2154/2154/2154
f 2157/2157/2157 2156/2156/2156 2154/2154/2154
f 2160/2160/2160 2159/2159/2159 2158/2158/2158
f 2161/2161/2161 2160/2160/2160 2158/2158/2158
f 2164/2164/2164 2163/2163/2163 2162/2162/2162
f 2165/2165/2165 2164/2164/2164 2162/2162/2162
f 2168/2168/2168 2167/2167/2167 2166/2166/2166
f 2169/2169/2169 2168/2168/2168 2166/2166/2166
f 2172/2172/2172 2171/2171/2171 2170/2170/2170
f 2173/2173/2173 2172/2172/2172 2170/2170/2170
f 2176/2176/2176 2175/2175/2175 2174/2174/2174
f 2177/2177/2177 2176/2176/2176 2174/2174/2174
f 2180/2180/2180 2179/2179/2179 2178/2178/2178
f 2181/2181/2181 2180/2180/2180 2178/2178/2178
f 2184/2184/2184 2183/2183/2183 2182/2182/2182
f 2185/2185/2185 2184/2184/2184 2182/2182/2182
f 2188/2188/2188 2187/2187/2187 2186/2186/2186
f 2189/2189/2189 2188/2188/2188 2186/2186/2186
f 2192/2192/2192 2191/2191/2191 2190/2190/2190
f 2193/2193/2193 2192/2192/2192 2190/2190/2190
f 2196/2196/2196 2195/2195/2195 2194/2194/2194
f 2197/2197/2197 2196/2196/2196 2194/2194/2194
f 2200/2200/2200 2199/2199/2199 2198/2198/2198
f 2201/2201/2201 2200/2200/2200 2198/2198/2198
f 2204/2204/2204 2203/2203/2203 2202/2202/2202
f 2205/2205/2205 2204/2204/2204 2202/2202/2202
f 2208/2208/2208 2207/2207/2207 2206/2206/2206
f 2209/2209/2209 2208/2208/2208 2206/2206/2206
f 2212/2212/2212 2211/2211/2211 2210/2210/2210
f 2213/2213/2213 2212/2212/2212 2210/2210/2210
f 2216/2216/2216 2215/2215/2215 2214/2214/2214
f 2217/2217/2217 2216/2216/2216 2214/2214/2214
f 2220/2220/2220 2219/2219/2219 2218/2218/2218
f 2221/2221/2221 2220/2220/2220 2218/2218/2218
f 2224/2224/2224 2223/2223/2223 2222/2222/2222
f 2225/2225/2225 2224/2224/2224 2222/2222/2222
f 2228/2228/2228 2227/2227/2227 2226/2226/2226
f 2229/2229/2229 2228/2228/2228 2226/2226/2226
f 2232/2232/2232 2231/2231/2231 2230/2230/2230
f 2233/2233/2233 2232/2232/2232 2230/2230/2230
f 2236/2236/2236 2235/2235/2235 2234/2234/2234
f 2237/2237/2237 2236/2236/2236 2234/2234/2234
f 2240/2240/2240 2239/2239/2239 2238/2238/2238
f 2241/2241/2241 2240/2240/2240 2238/2238/2238
f 2244/2244/2244 2243/2243/2243 2242/2242/2242
f 2245/2245/2245 2244/2244/2244 2242/2242/2242
f 2248/2248/2248 2247/2247/2247 2246/2246/2246
f 2249/2249/2249 2248/2248/2248 2246/2246/2246
f 2252/2252/2252 2251/2251/2251 2250/2250/2250
f 2253/2253/2253 2252/2252/2252 2250/2250/2250
f 2256/2256/2256 2255/2255/2255 2254/2254/2254
f 2257/2257/2257 2256/2256/2256 2254/2254/2254
f 2260/2260/2260 2259/2259/2259 2258/2258/2258
f 2261/2261/2261 2260/2260/2260 2258/2258/2258
f 2264/2264/2264 2263/2263/2263 2262/2262/2262
f 2265/2265/2265 2264/2264/2264 2262/2262/2262
f 2268/2268/2268 2267/2267/2267 2266/2266/2266
f 2269/2269/2269 2268/2268/2268 2266/2266/2266
f 2272/2272/2272 2271/2271/2271 2270/2270/2270
f 2273/2273/2273 2272/2272/2272 2270/2270/2270
f 2276/2276/2276 2275/2275/2275 2274/2274/2274
f 2277/2277/2277 2276/2276/2276 2274/2274/2274
f 2280/2280/2280 2279/2279/2279 2278/2278/2278
f 2281/2281/2281 2280/2280/2280 2278/2278/2278
f 2284/2284/2284 2283/2283/2283 2282/2282/2282
f 2285/2285/2285 2284/2284/2284 2282/2282/2282
f 2288/2288/2288 2287/2287/2287 2286/2286/2286
f 2289/2289/2289 2288/2288/2288 2286/2286/2286
f 2292/2292/2292 2291/2291/2291 2290/2290/2290
f 2293/2293/2293 2292/2292/2292 2290/2290/2290
f 2296/2296/2296 2295/2295/2295 2294/2294/2294
f 2297/2297/2297 2296/2296/2296 2294/2294/2294
f 2300/2300/2300 2299/2299/2299 2298/2298/2298
f 2301/2301/2301 2300/2300/2300 2298/2298/2298
f 2304/2304/2304 2303/2303/2303 2302/2302/2302
f 2305/2305/2305 2304/2304/2304 2302/2302/2302
f 2308/2308/2308 2307/2307/2307 2306/2306/2306
f 2309/2309/2309 2308/2308/2308 2306/2306/2306
f 2312/2312/2312 2311/2311/2311 2310/2310/2310
f 2313/2313/2313 2312/2312/2312 2310/2310/2310
f 2316/2316/2316 2315/2315/2315 2314/2314/2314
f 2317/2317/2317 2316/2316/2316 2314/2314/2314
f 2320/2320/2320 2319/2319/2319 2318/2318/2318
f 2321/2321/2321 2320/2320/2320 2318/2318/2318
f 2324/2324/2324 2323/2323/2323 2322/2322/2322
f 2325/2325/2325 2324/2324/2324 2322/2322/2322
f 2328/2328/2328 2327/2327/2327 2326/2326/2326
f 2329/2329/2329 2328/2328/2328 2326/2326/2326
f 2332/2332/2332 2331/2331/2331 2330/2330/2330
f 2333/2333/2333 2332/2332/2332 2330/2330/2330
f 2336/2336/2336 2335/2335/2335 2334/2334/2334
f 2337/2337/2337 2336/2336/2336 2334/2334/2334
f 2340/2340/2340 2339/2339/2339 2338/2338/2338
f 2341/2341/2341 2340/2340/2340 2338/2338/2338
f 2344/2344/2344 2343/2343/2343 2342/2342/2342
f 2345/2345/2345 2344/2344/2344 2342/2342/2342
f 2348/2348/2348 2347/2347/2347 2346/2346/2346
f 2349/2349/2349 2348/2348/2348 2346/2346/2346
f 2352/2352/2352 2351/2351/2351 2350/2350/2350
f 2353/2353/2353 2352/2352/2352 2350/2350/2350
f 2356/2356/2356 2355/2355/2355 2354/2354/2354
f 2357/2357/2357 2356/2356/2356 2354/2354/2354
f 2360/2360/2360 2359/2359/2359 2358/2358/2358
f 2361/2361/2361 2360/2360/2360 2358/2358/2358
f 2364/2364/2364 2363/2363/2363 2362/2362/2362
f 2365/2365/2365 2364/2364/2364 2362/2362/2362
f 2368/2368/2368 2367/2367/2367 2366/2366/2366
f 2369/2369/2369 2368/2368/2368 2366/2366/2366
f 2372/2372/2372 2371/2371/2371 2370/2370/2370
f 2373/2373/2373 2372/2372/2372 2370/2370/2370
f 2376/2376/2376 2375/2375/2375 2374/2374/2374
f 2377/2377/2377 2376/2376/2376 2374/2374/2374
f 2380/2380/2380 2379/2379/2379 2378/2378/2378
f 2381/2381/2381 2380/2380/2380 2378/2378/2378
f 2384/2384/2384 2383/2383/2383 2382/2382/2382
f 2385/2385/2385 2384/2384/2384 2382/2382/2382
f 2388/2388/2388 2387/2387/2387 2386/2386/2386
f 2389/2389/2389 2388/2388/2388 2386/2386/2386
f 2392/2392/2392 2391/2391/2391 2390/2390/2390
f 2393/2393/2393 2392/2392/2392 2390/2390/2390
f 2396/2396/2396 2395/2395/2395 2394/2394/2394
f 2397/2397/2397 2396/2396/2396 2394/2394/2394
f 2400/2400/2400 2399/2399/2399 2398/2398/2398
f 2401/2401/2401 2400/2400/2400 2398/2398/2398
f 2404/2404/2404 2403/2403/2403 2402/2402/2402
f 2405/2405/2405 2404/2404/2404 2402/2402/2402
f 2408/2408/2408 2407/2407/2407 2406/2406/2406
f 2409/2409/2409 2408/2408/2408 2406/2406/2406
f 2412/2412/2412 2411/2411/2411 2410/2410/2410
f 2413/2413/2413 2412/2412/2412 2410/2410/2410
f 2416/2416/2416 2415/2415/2415 2414/2414/2414
f 2417/2417/2417 2416/2416/2416 2414/2414/2414
f 2420/2420/2420 2419/2419/2419 2418/2418/2418
f 2421/2421/2421 2420/2420/2420 2418/2418/2418
f 2424/2424/2424 2423/2423/2423 2422/2422/2422
f 2425/2425/2425 2424/2424/2424 2422/2422/2422
f 2428/2428/2428 2427/2427/2427 2426/2426/2426
f 2429/2429/2429 2428/2428/2428 2426/2426/2426
f 2432/2432/2432 2431/2431/2431 2430/2430/2430
f 2433/2433/2433 2432/2432/2432 2430/2430/2430
f 2436/2436/2436 2435/2435/2435 2434/2434/2434
f 2437/2437/2437 2436/2436/2436 2434/2434/2434
f 2440/2440/2440 2439/2439/2439 2438/2438/2438
f 2441/2441/2441 2440/2440/2440 2438/2438/2438
f 2444/2444/2444 2443/2443/2443 2442/2442/2442
f 2445/2445/2445 2444/2444/2444 2442/2442/2442
f 2448/2448/2448 2447/2447/2447 2446/2446/2446
f 2449/2449/2449 2448/2448/2448 2446/2446/2446
f 2452/2452/2452 2451/2451/2451 2450/2450/2450
f 2453/2453/2453 2452/2452/2452 2450/2450/2450
f 2456/2456/2456 2455/2455/2455 2454/2454/2454
f 2457/2457/2457 2456/2456/2456 2454/2454/2454
f 2460/2460/2460 2459/2459/2459 2458/2458/2458
f 2461/2461/2461 2460/2460/2460 2458/2458/2458
f 2464/2464/2464 2463/2463/2463 2462/2462/2462
f 2465/2465/2465 2464/2464/2464 2462/2462/2462
f 2468/2468/2468 2467/2467/2467 2466/2466/2466
f 2469/2469/2469 2468/2468/2468 2466/2466/2466
f 2472/2472/2472 2471/2471/2471 2470/2470/2470
f 2473/2473/2473 2472/2472/2472 2470/2470/2470
f 2476/2476/2476 2475/2475/2475 2474/2474/2474
f 2477/2477/2477 2476/2476/2476 2474/2474/2474
f 2480/2480/2480 2479/2479/2479 2478/2478/2478
f 2481/2481/2481 2480/2480/2480 2478/2478/2478
f 2484/2484/2484 2483/2483/2483 2482/2482/2482
f 2485/2485/2485 2484/2484/2484 2482/2482/2482
f 2488/2488/2488 2487/2487/2487 2486/2486/2486
f 2489/2489/2489 2488/2488/2488 2486/2486/2486
f 2492/2492/2492 2491/2491/2491 2490/2490/2490
f 2493/2493/2493 2492/2492/2492 2490/2490/2490
f 2496/2496/2496 2495/2495/2495 2494/2494/2494
f 2497/2497/2497 2496/2496/2496 2494/2494/2494
f 2500/2500/2500 2499/2499/2499 2498/2498/2498
f 2501/2501/2501 2500/2500/2500 2498/2498/2498
f 2504/2504/2504 2503/2503/2503 2502/2502/2502
f 2505/2505/2505 2504/2504/2504 2502/2502/2502
f 2508/2508/2508 2507/2507/2507 2506/2506/2506
f 2509/2509/2509 2508/2508/2508 2506/2506/2506
f 2512/2512/2512 2511/2511/2511 2510/2510/2510
f 2513/2513/2513 2512/2512/2512 2510/2510/2510
f 2516/2516/2516 2515/2515/2515 2514/2514/2514
f 2517/2517/2517 2516/2516/2516 2514/2514/2514
f 2520/2520/2520 2519/2519/2519 2518/2518/2518
f 2521/2521/2521 2520/2520/2520 2518/2518/2518
f 2524/2524/2524 2523/2523/2523 2522/2522/2522
f 2525/2525/2525 2524/2524/2524 2522/2522/2522
f 2528/2528/2528 2527/2527/2527 2526/2526/2526
f 2529/2529/2529 2528/2528/2528 2526/2526/2526
f 2532/2532/2532 2531/2531/2531 2530/2530/2530
f 2533/2533/2533 2532/2532/2532 2530/2530/2530
f 2536/2536/2536 2535/2535/2535 2534/2534/2534
f 2537/2537/2537 2536/2536/2536 2534/2534/2534
f 2540/2540/2540 2539/2539/2539 2538/2538/2538
f 2541/2541/2541 2540/2540/2540 2538/2538/2538
f 2544/2544/2544 2543/2543/2543 2542/2542/2542
f 2545/2545/2545 2544/2544/2544 2542/2542/2542
f 2548/2548/2548 2547/2547/2547 2546/2546/2546
f 2549/2549/2549 2548/2548/2548 2546/2546/2546
f 2552/2552/2552 2551/2551/2551 2550/2550/2550
f 2553/2553/2553 2552/2552/2552 2550/2550/2550
f 2556/2556/2556 2555/2555/2555 2554/2554/2554
f 2557/2557/2557 2556/2556/2556 2554/2554/2554
f 2560/2560/2560 2559/2559/2559 2558/2558/2558
f 2561/2561/2561 2560/2560/2560 2558/2558/2558
f 2564/2564/2564 2563/2563/2563 2562/2562/2562
f 2565/2565/2565 2564/2564/2564 2562/2562/2562
f 2568/2568/2568 2567/2567/2567 2566/2566/2566
f 2569/2569/2569 2568/2568/2568 2566/2566/2566
f 2572/2572/2572 2571/2571/2571 2570/2570/2570
f 2573/2573/2573 2572/2572/2572 2570/2570/2570
f 2576/2576/2576 2575/2575/2575 2574/2574/2574
f 2577/2577/2577 2576/2576/2576 2574/2574/2574
f 2580/2580/2580 2579/2579/2579 2578/2578/2578
f 2581/2581/2581 2580/2580/2580 2578/2578/2578
f 2584/2584/2584 2583/2583/2583 2582/2582/2582
f 2585/2585/2585 2584/2584/2584 2582/2582/2582
f 2588/2588/2588 2587/2587/2587 2586/2586/2586
f 2589/2589/2589 2588/2588/2588 2586/2586/2586
f 2592/2592/2592 2591/2591/2591 2590/2590/2590
f 2593/2593/2593 2592/2592/2592 2590/2590/2590
f 2596/2596/2596 2595/2595/2595 2594/2594/2594
f 2597/2597/2597 2596/2596/2596 2594/2594/2594
f 2600/2600/2600 2599/2599/2599 2598/2598/2598
f 2601/2601/2601 2600/2600/2600 2598/2598/2598
f 2604/2604/2604 2603/2603/2603 2602/2602/2602
f 2605/2605/2605 2604/2604/2604 2602/2602/2602
f 2608/2608/2608 2607/2607/2607 2606/2606/2606
f 2609/2609/2609 2608/2608/2608 2606/2606/2606
f 2612/2612/2612 2611/2611/2611 2610/2610/2610
f 2613/2613/2613 2612/2612/2612 2610/2610/2610
f 2616/2616/2616 2615/2615/2615 2614/2614/2614
f 2617/2617/2617 2616/2616/2616 2614/2614/2614
f 2620/2620/2620 2619/2619/2619 2618/2618/2618
f 2621/2621/2621 2620/2620/2620 2618/2618/2618
f 2624/2624/2624 2623/2623/2623 2622/2622/2622
f 2625/2625/2625 2624/2624/2624 2622/2622/2622
f 2628/2628/2628 2627/2627/2627 2626/2626/2626
f 2629/2629/2629 2628/2628/2628 2626/2626/2626
f 2632/2632/2632 2631/2631/2631 2630/2630/2630
f 2633/2633/2633 2632/2632/2632 2630/2630/2630
f 2636/2636/2636 2635/2635/2635 2634/2634/2634
f 2637/2637/2637 2636/2636/2636 2634/2634/2634
f 2640/2640/2640 2639/2639/2639 2638/2638/2638
f 2641/2641/2641 2640/2640/2640 2638/2638/2638
f 2644/2644/2644 2643/2643/2643 2642/2642/2642
f 2645/2645/2645 2644/2644/2644 2642/2642/2642
f 2648/2648/2648 2647/2647/2647 2646/2646/2646
f 2649/2649/2649 2648/2648/2648 2646/2646/2646
f 2652/2652/2652 2651/2651/2651 2650/2650/2650
f 2653/2653/2653 2652/2652/2652 2650/2650/2650
f 2656/2656/2656 2655/2655/2655 2654/2654/2654
f 2657/2657/2657 2656/2656/2656 2654/2654/2654
f 2660/2660/2660 2659/2659/2659 2658/2658/2658
f 2661/2661/2661 2660/2660/2660 2658/2658/2658
f 2664/2664/2664 2663/2663/2663 2662/2662/2662
f 2665/2665/2665 2664/2664/2664 2662/2662/2662
f 2668/2668/2668 2667/2667/2667 2666/2666/2666
f 2669/2669/2669 2668/2668/2668 2666/2666/2666
f 2672/2672/2672 2671/2671/2671 2670/2670/2670
f 2673/2673/2673 2672/2672/2672 2670/2670/2670
f 2676/2676/2676 2675/2675/2675 2674/2674/2674
f 2677/2677/2677 2676/2676/2676 2674/2674/2674
f 2680/2680/2680 2679/2679/2679 2678/2678/2678
f 2681/2681/2681 2680/2680/2680 2678/2678/2678
f 2684/2684/2684 2683/2683/2683 2682/2682/2682
f 2685/2685/2685 2684/2684/2684 2682/2682/2682
f 2688/2688/2688 2687/2687/2687 2686/2686/2686
f 2689/2689/2689 2688/2688/2688 2686/2686/2686
f 2692/2692/2692 2691/2691/2691 2690/2690/2690
f 2693/2693/2693 2692/2692/2692 2690/2690/2690
f 2696/2696/2696 2695/2695/2695 2694/2694/2694
f 2697/2697/2697 2696/2696/2696 2694/2694/2694
f 2700/2700/2700 2699/2699/2699 2698/2698/2698
f 2701/2701/2701 2700/2700/2700 2698/2698/2698
f 2704/2704/2704 2703/2703/2703 2702/2702/2702
f 2705/2705/2705 2704/2704/2704 2702/2702/2702
f 2708/2708/2708 2707/2707/2707 2706/2706/2706
f 2709/2709/2709 2708/2708/2708 2706/2706/2706
f 2712/2712/2712 2711/2711/2711 2710/2710/2710
f 2713/2713/2713 2712/2712/2712 2710/2710/2710
f 2716/2716/2716 2715/2715/2715 2714/2714/2714
f 2717/2717/2717 2716/2716/2716 2714/2714/2714
f 2720/2720/2720 2719/2719/2719 2718/2718/2718
f 2721/2721/2721 2720/2720/2720 2718/2718/2718
f 2724/2724/2724 2723/2723/2723 2722/2722/2722
f 2725/2725/2725 2724/2724/2724 2722/2722/2722
f 2728/2728/2728 2727/2727/2727 2726/2726/2726
f 2729/2729/2729 2728/2728/2728 2726/2726/2726
f 2732/2732/2732 2731/2731/2731 2730/2730/2730
f 2733/2733/2733 2732/2732/2732 2730/2730/2730
f 2736/2736/2736 2735/2735/2735 2734/2734/2734
f 2737/2737/2737 2736/2736/2736 2734/2734/2734
f 2740/2740/2740 2739/2739/2739 2738/2738/2738
f 2741/2741/2741 2740/2740/2740 2738/2738/2738
f 2744/2744/2744 2743/2743/2743 2742/2742/2742
f 2745/2745/2745 2744/2744/2744 2742/2742/2742
f 2748/2748/2748 2747/2747/2747 2746/2746/2746
f 2749/2749/2749 2748/2748/2748 2746/2746/2746
f 2752/2752/2752 2751/2751/2751 2750/2750/2750
f 2753/2753/2753 2752/2752/2752 2750/2750/2750
f 2756/2756/2756 2755/2755/2755 2754/2754/2754
f 2757/2757/2757 2756/2756/2756 2754/2754/2754
f 2760/2760/2760 2759/2759/2759 2758/2758/2758
f 2761/2761/2761 2760/2760/2760 2758/2758/2758
f 2764/2764/2764 2763/2763/2763 2762/2762/2762
f 2765/2765/2765 2764/2764/2764 2762/2762/2762
f 2768/2768/2768 2767/2767/2767 2766/2766/2766
f 2769/2769/2769 2768/2768/2768 2766/2766/2766
f 2772/2772/2772 2771/2771/2771 2770/2770/2770
f 2773/2773/2773 2772/2772/2772 2770/2770/2770
f 2776/2776/2776 2775/2775/2775 2774/2774/2774
f 2777/2777/2777 2776/2776/2776 2774/2774/2774
f 2780/2780/2780 2779/2779/2779 2778/2778/2778
f 2781/2781/2781 2780/2780/2780 2778/2778/2778
f 2784/2784/2784 2783/2783/2783 2782/2782/2782
f 2785/2785/2785 2784/2784/2784 2782/2782/2782
f 2788/2788/2788 2787/2787/2787 2786/2786/2786
f 2789/2789/2789 2788/2788/2788 2786/2786/2786
f 2792/2792/2792 2791/2791/2791 2790/2790/2790
f 2793/2793/2793 2792/2792/2792 2790/2790/2790
f 2796/2796/2796 2795/2795/2795 2794/2794/2794
f 2797/2797/2797 2796/2796/2796 2794/2794/2794
f 2800/2800/2800 2799/2799/2799 2798/2798/2798
f 2801/2801/2801 2800/2800/2800 2798/2798/2798
f 2804/2804/2804 2803/2803/2803 2802/2802/2802
f 2803/2803/2803 2805/2805/2805 2802/2802/2802
f 2802/2802/2802 2805/2805/2805 2806/2806/2806
f 2805/2805/2805 2807/2807/2807 2806/2806/2806
f 2810/2810/2810 2809/2809/2809 2808/2808/2808
f 2811/2811/2811 2810/2810/2810 2808/2808/2808
f 2810/2810/2810 2811/2811/2811 2812/2812/2812
f 2811/2811/2811 2813/2813/2813 2812/2812/2812
f 2816/2816/2816 2815/2815/2815 2814/2814/2814
f 2817/2817/2817 2816/2816/2816 2814/2814/2814
f 2816/2816/2816 2817/2817/2817 2818/2818/2818
f 2817/2817/2817 2819/2819/2819 2818/2818/2818
f 2822/2822/2822 2821/2821/2821 2820/2820/2820
f 2823/2823/2823 2822/2822/2822 2820/2820/2820
f 2822/2822/2822 2823/2823/2823 2824/2824/2824
f 2823/2823/2823 2825/2825/2825 2824/2824/2824
f 2828/2828/2828 2827/2827/2827 2826/2826/2826
f 2829/2829/2829 2828/2828/2828 2826/2826/2826
f 2828/2828/2828 2829/2829/2829 2830/2830/2830
f 2829/2829/2829 2831/2831/2831 2830/2830/2830
f 2834/2834/2834 2833/2833/2833 2832/2832/2832
f 2835/2835/2835 2834/2834/2834 2832/2832/2832
f 2834/2834/2834 2835/2835/2835 2836/2836/2836
f 2835/2835/2835 2837/2837/2837 2836/2836/2836
f 2840/2840/2840 2839/2839/2839 2838/2838/2838
f 2841/2841/2841 2840/2840/2840 2838/2838/2838
f 2844/2844/2844 2843/2843/2843 2842/2842/2842
f 2845/2845/2845 2844/2844/2844 2842/2842/2842
f 2848/2848/2848 2847/2847/2847 2846/2846/2846
f 2849/2849/2849 2848/2848/2848 2846/2846/2846
f 2852/2852/2852 2851/2851/2851 2850/2850/2850
f 2853/2853/2853 2852/2852/2852 2850/2850/2850
f 2856/2856/2856 2855/2855/2855 2854/2854/2854
f 2857/2857/2857 2856/2856/2856 2854/2854/2854
f 2860/2860/2860 2859/2859/2859 2858/2858/2858
f 2861/2861/2861 2860/2860/2860 2858/2858/2858
f 2864/2864/2864 2863/2863/2863 2862/2862/2862
f 2863/2863/2863 2865/2865/2865 2862/2862/2862
f 2862/2862/2862 2865/2865/2865 2866/2866/2866
f 2865/2865/2865 2867/2867/2867 2866/2866/2866
f 2870/2870/2870 2869/2869/2869 2868/2868/2868
f 2871/2871/2871 2870/2870/2870 2868/2868/2868
f 2870/2870/2870 2871/2871/2871 2872/2872/2872
f 2871/2871/2871 2873/2873/2873 2872/2872/2872
f 2876/2876/2876 2875/2875/2875 2874/2874/2874
f 2877/2877/2877 2876/2876/2876 2874/2874/2874
f 2876/2876/2876 2877/2877/2877 2878/2878/2878
f 2877/2877/2877 2879/2879/2879 2878/2878/2878
f 2882/2882/2882 2881/2881/2881 2880/2880/2880
f 2883/2883/2883 2882/2882/2882 2880/2880/2880
f 2882/2882/2882 2883/2883/2883 2884/2884/2884
f 2883/2883/2883 2885/2885/2885 2884/2884/2884
f 2888/2888/2888 2887/2887/2887 2886/2886/2886
f 2889/2889/2889 2888/2888/2888 2886/2886/2886
f 2888/2888/2888 2889/2889/2889 2890/2890/2890
f 2889/2889/2889 2891/2891/2891 2890/2890/2890
f 2894/2894/2894 2893/2893/2893 2892/2892/2892
f 2895/2895/2895 2894/2894/2894 2892/2892/2892
f 2894/2894/2894 2895/2895/2895 2896/2896/2896
f 2895/2895/2895 2897/2897/2897 2896/2896/2896
f 2900/2900/2900 2899/2899/2899 2898/2898/2898
f 2901/2901/2901 2900/2900/2900 2898/2898/2898
f 2904/2904/2904 2903/2903/2903 2902/2902/2902
f 2905/2905/2905 2904/2904/2904 2902/2902/2902
f 2908/2908/2908 2907/2907/2907 2906/2906/2906
f 2909/2909/2909 2908/2908/2908 2906/2906/2906
f 2912/2912/2912 2911/2911/2911 2910/2910/2910
f 2913/2913/2913 2912/2912/2912 2910/2910/2910
f 2916/2916/2916 2915/2915/2915 2914/2914/2914
f 2917/2917/2917 2916/2916/2916 2914/2914/2914
f 2920/2920/2920 2919/2919/2919 2918/2918/2918
f 2921/2921/2921 2920/2920/2920 2918/2918/2918
f 2924/2924/2924 2923/2923/2923 2922/2922/2922
f 2923/2923/2923 2925/2925/2925 2922/2922/2922
f 2926/2926/2926 2924/2924/2924 2922/2922/2922
f 2927/2927/2927 2926/2926/2926 2922/2922/2922
f 2928/2928/2928 2926/2926/2926 2927/2927/2927
f 2922/2922/2922 2925/2925/2925 2929/2929/2929
f 2925/2925/2925 2930/2930/2930 2929/2929/2929
f 2929/2929/2929 2930/2930/2930 2931/2931/2931
f 2927/2927/2927 2932/2932/2932 2928/2928/2928
f 2932/2932/2932 2933/2933/2933 2928/2928/2928
f 2933/2933/2933 2932/2932/2932 2934/2934/2934
f 2932/2932/2932 2935/2935/2935 2934/2934/2934
f 2936/2936/2936 2934/2934/2934 2935/2935/2935
f 2937/2937/2937 2936/2936/2936 2935/2935/2935
f 2938/2938/2938 2936/2936/2936 2937/2937/2937
f 2939/2939/2939 2938/2938/2938 2937/2937/2937
f 2940/2940/2940 2929/2929/2929 2931/2931/2931
f 2941/2941/2941 2938/2938/2938 2939/2939/2939
f 2942/2942/2942 2941/2941/2941 2939/2939/2939
f 2942/2942/2942 2943/2943/2943 2941/2941/2941
f 2943/2943/2943 2944/2944/2944 2941/2941/2941
f 2940/2940/2940 2931/2931/2931 2945/2945/2945
f 2940/2940/2940 2945/2945/2945 2946/2946/2946
f 2940/2940/2940 2946/2946/2946 2947/2947/2947
f 2940/2940/2940 2947/2947/2947 2948/2948/2948
f 2948/2948/2948 2947/2947/2947 2949/2949/2949
f 2950/2950/2950 2948/2948/2948 2949/2949/2949
f 2951/2951/2951 2950/2950/2950 2949/2949/2949
f 2952/2952/2952 2950/2950/2950 2951/2951/2951
f 2953/2953/2953 2952/2952/2952 2951/2951/2951
f 2944/2944/2944 2943/2943/2943 2954/2954/2954
f 2952/2952/2952 2953/2953/2953 2954/2954/2954
f 2955/2955/2955 2944/2944/2944 2954/2954/2954
f 2953/2953/2953 2955/2955/2955 2954/2954/2954
f 2958/2958/2958 2957/2957/2957 2956/2956/2956
f 2956/2956/2956 2959/2959/2959 2958/2958/2958
f 2960/2960/2960 2957/2957/2957 2958/2958/2958
f 2958/2958/2958 2961/2961/2961 2960/2960/2960
f 2961/2961/2961 2962/2962/2962 2960/2960/2960
f 2963/2963/2963 2962/2962/2962 2961/2961/2961
f 2963/2963/2963 2961/2961/2961 2964/2964/2964
f 2959/2959/2959 2965/2965/2965 2958/2958/2958
f 2959/2959/2959 2966/2966/2966 2965/2965/2965
f 2966/2966/2966 2967/2967/2967 2965/2965/2965
f 2961/2961/2961 2968/2968/2968 2964/2964/2964
f 2968/2968/2968 2969/2969/2969 2964/2964/2964
f 2968/2968/2968 2970/2970/2970 2969/2969/2969
f 2968/2968/2968 2971/2971/2971 2970/2970/2970
f 2961/2961/2961 2971/2971/2971 2968/2968/2968
f 2971/2971/2971 2972/2972/2972 2970/2970/2970
f 2973/2973/2973 2972/2972/2972 2971/2971/2971
f 2974/2974/2974 2973/2973/2973 2971/2971/2971
f 2975/2975/2975 2974/2974/2974 2971/2971/2971
f 2976/2976/2976 2975/2975/2975 2971/2971/2971
f 2976/2976/2976 2971/2971/2971 2977/2977/2977
f 2971/2971/2971 2978/2978/2978 2977/2977/2977
f 2971/2971/2971 2979/2979/2979 2978/2978/2978
f 2961/2961/2961 2980/2980/2980 2971/2971/2971
f 2971/2971/2971 2980/2980/2980 2979/2979/2979
f 2961/2961/2961 2958/2958/2958 2980/2980/2980
f 2980/2980/2980 2981/2981/2981 2979/2979/2979
f 2980/2980/2980 2958/2958/2958 2965/2965/2965
f 2980/2980/2980 2982/2982/2982 2981/2981/2981
f 2980/2980/2980 2965/2965/2965 2982/2982/2982
f 2982/2982/2982 2983/2983/2983 2981/2981/2981
f 2982/2982/2982 2984/2984/2984 2983/2983/2983
f 2982/2982/2982 2985/2985/2985 2984/2984/2984
f 2982/2982/2982 2986/2986/2986 2985/2985/2985
f 2982/2982/2982 2987/2987/2987 2986/2986/2986
f 2982/2982/2982 2988/2988/2988 2987/2987/2987
f 2982/2982/2982 2989/2989/2989 2988/2988/2988
f 2982/2982/2982 2990/2990/2990 2989/2989/2989
f 2965/2965/2965 2991/2991/2991 2982/2982/2982
f 2982/2982/2982 2991/2991/2991 2990/2990/2990
f 2967/2967/2967 2991/2991/2991 2965/2965/2965
f 2991/2991/2991 2992/2992/2992 2990/2990/2990
f 2993/2993/2993 2991/2991/2991 2967/2967/2967
f 2991/2991/2991 2993/2993/2993 2992/2992/2992
f 2996/2996/2996 2995/2995/2995 2994/2994/2994
f 2997/2997/2997 2994/2994/2994 2995/2995/2995
f 2996/2996/2996 2998/2998/2998 2995/2995/2995
f 2999/2999/2999 2995/2995/2995 2998/2998/2998
f 3000/3000/3000 2999/2999/2999 2998/2998/2998
f 3000/3000/3000 3001/3001/3001 2999/2999/2999
f 2999/2999/2999 3001/3001/3001 3002/3002/3002
f 3003/3003/3003 2997/2997/2997 2995/2995/2995
f 3004/3004/3004 2997/2997/2997 3003/3003/3003
f 3005/3005/3005 3004/3004/3004 3003/3003/3003
f 3006/3006/3006 2999/2999/2999 3002/3002/3002
f 3007/3007/3007 3006/3006/3006 3002/3002/3002
f 3008/3008/3008 3006/3006/3006 3007/3007/3007
f 3009/3009/3009 3006/3006/3006 3008/3008/3008
f 3009/3009/3009 2999/2999/2999 3006/3006/3006
f 3010/3010/3010 3009/3009/3009 3008/3008/3008
f 3010/3010/3010 3011/3011/3011 3009/3009/3009
f 3011/3011/3011 3012/3012/3012 3009/3009/3009
f 3012/3012/3012 3013/3013/3013 3009/3009/3009
f 3013/3013/3013 3014/3014/3014 3009/3009/3009
f 3009/3009/3009 3014/3014/3014 3015/3015/3015
f 3016/3016/3016 3009/3009/3009 3015/3015/3015
f 3017/3017/3017 3009/3009/3009 3016/3016/3016
f 3018/3018/3018 2999/2999/2999 3009/3009/3009
f 3018/3018/3018 3009/3009/3009 3017/3017/3017
f 2995/2995/2995 2999/2999/2999 3018/3018/3018
f 3019/3019/3019 3018/3018/3018 3017/3017/3017
f 2995/2995/2995 3018/3018/3018 3003/3003/3003
f 3020/3020/3020 3018/3018/3018 3019/3019/3019
f 3003/3003/3003 3018/3018/3018 3020/3020/3020
f 3021/3021/3021 3020/3020/3020 3019/3019/3019
f 3022/3022/3022 3020/3020/3020 3021/3021/3021
f 3023/3023/3023 3020/3020/3020 3022/3022/3022
f 3024/3024/3024 3020/3020/3020 3023/3023/3023
f 3025/3025/3025 3020/3020/3020 3024/3024/3024
f 3026/3026/3026 3020/3020/3020 3025/3025/3025
f 3027/3027/3027 3020/3020/3020 3026/3026/3026
f 3028/3028/3028 3020/3020/3020 3027/3027/3027
f 3029/3029/3029 3003/3003/3003 3020/3020/3020
f 3029/3029/3029 3020/3020/3020 3028/3028/3028
f 3029/3029/3029 3005/3005/3005 3003/3003/3003
f 3030/3030/3030 3029/3029/3029 3028/3028/3028
f 3029/3029/3029 3031/3031/3031 3005/3005/3005
f 3031/3031/3031 3029/3029/3029 3030/3030/3030
